question_id,context_id,title,context,question,answer,question_type
17224,1,庵野秀明,"庵野秀明は幼い頃よりアニメや特撮、そして大規模建造物等に夢中でよく絵を描いていたという。また、漫画少年でもあり、中学生の頃は特に少女漫画を大量に読んでいた。

山口県立宇部高等学校での高校生時代には、美術部で部長を務めるほどの画力を有していた。アマチュア映像制作グループ「グループSHADO」にも所属し、自主制作の映像作品『ナカムライダー』が、文化祭で上映された。",庵野秀明が中学生時代から大量で読んだ漫画とは何か。,少女漫画,Syntactic variation
17225,1,庵野秀明,"庵野秀明は幼い頃よりアニメや特撮、そして大規模建造物等に夢中でよく絵を描いていたという。また、漫画少年でもあり、中学生の頃は特に少女漫画を大量に読んでいた。

山口県立宇部高等学校での高校生時代には、美術部で部長を務めるほどの画力を有していた。アマチュア映像制作グループ「グループSHADO」にも所属し、自主制作の映像作品『ナカムライダー』が、文化祭で上映された。",庵野秀明の出身高校はどこですか?,山口県立宇部高等学校,Lexical variation (world knowledge)
17226,1,庵野秀明,"庵野秀明は幼い頃よりアニメや特撮、そして大規模建造物等に夢中でよく絵を描いていたという。また、漫画少年でもあり、中学生の頃は特に少女漫画を大量に読んでいた。

山口県立宇部高等学校での高校生時代には、美術部で部長を務めるほどの画力を有していた。アマチュア映像制作グループ「グループSHADO」にも所属し、自主制作の映像作品『ナカムライダー』が、文化祭で上映された。",秀明が通った高校はなんですか?,山口県立宇部高等学校,Lexical variation (world knowledge)
17227,1,庵野秀明,"庵野秀明は幼い頃よりアニメや特撮、そして大規模建造物等に夢中でよく絵を描いていたという。また、漫画少年でもあり、中学生の頃は特に少女漫画を大量に読んでいた。

山口県立宇部高等学校での高校生時代には、美術部で部長を務めるほどの画力を有していた。アマチュア映像制作グループ「グループSHADO」にも所属し、自主制作の映像作品『ナカムライダー』が、文化祭で上映された。",庵野秀明が所属していたアマチュア映像制作グループの名は?,「グループSHADO」,Syntactic variation
17228,1,庵野秀明,"庵野秀明は幼い頃よりアニメや特撮、そして大規模建造物等に夢中でよく絵を描いていたという。また、漫画少年でもあり、中学生の頃は特に少女漫画を大量に読んでいた。

山口県立宇部高等学校での高校生時代には、美術部で部長を務めるほどの画力を有していた。アマチュア映像制作グループ「グループSHADO」にも所属し、自主制作の映像作品『ナカムライダー』が、文化祭で上映された。",山口県立宇部高等学校の文化祭で庵野が所属していた「グループSHADO」で上映した作品名はなんですか?,『ナカムライダー』,Multiple sentence reasoning
17229,1,庵野秀明,"庵野秀明は幼い頃よりアニメや特撮、そして大規模建造物等に夢中でよく絵を描いていたという。また、漫画少年でもあり、中学生の頃は特に少女漫画を大量に読んでいた。

山口県立宇部高等学校での高校生時代には、美術部で部長を務めるほどの画力を有していた。アマチュア映像制作グループ「グループSHADO」にも所属し、自主制作の映像作品『ナカムライダー』が、文化祭で上映された。",「グループSHADO」で庵野秀明が自主制作した作品のタイトルは?,『ナカムライダー』,Multiple sentence reasoning
17230,2,庵野秀明,"庵野秀明は高校卒業後は就職せず、遊んでばかりいたために親に心配され、一浪を経て、当時、入試が実技のみであった大阪芸術大学映像計画学科に進学する。受験対策は宮崎駿らの絵コンテ等を見て勉強したという。

同じ学科の同級生には南雅彦・西森明良などの同業者、広告デザイナーの碇義彦や漫画家の島本和彦および士郎正宗等も在籍していた。士郎とは学生時代の面識・交流の有無は不明だが、後に『アップルシード』『蒼きウル(未発表)』にて互いにスタッフとして参加している。

サークルはSF研究会に所属していた。入学当初、同級生の山賀博之、赤井孝美らと班を作る。なお、この頃の庵野について、画力は「特にメカの描写は圧倒的であった」と後に山賀が語っており、学生生活の様子は島本和彦の漫画作品『アオイホノオ』に詳しく描かれている。",庵野秀明の出身大学はどこですか?,大阪芸術大学,Lexical variation (world knowledge)
17231,2,庵野秀明,"庵野秀明は高校卒業後は就職せず、遊んでばかりいたために親に心配され、一浪を経て、当時、入試が実技のみであった大阪芸術大学映像計画学科に進学する。受験対策は宮崎駿らの絵コンテ等を見て勉強したという。

同じ学科の同級生には南雅彦・西森明良などの同業者、広告デザイナーの碇義彦や漫画家の島本和彦および士郎正宗等も在籍していた。士郎とは学生時代の面識・交流の有無は不明だが、後に『アップルシード』『蒼きウル(未発表)』にて互いにスタッフとして参加している。

サークルはSF研究会に所属していた。入学当初、同級生の山賀博之、赤井孝美らと班を作る。なお、この頃の庵野について、画力は「特にメカの描写は圧倒的であった」と後に山賀が語っており、学生生活の様子は島本和彦の漫画作品『アオイホノオ』に詳しく描かれている。",庵野秀明が進学した大学名は?,大阪芸術大学,Syntactic variation
17232,2,庵野秀明,"庵野秀明は高校卒業後は就職せず、遊んでばかりいたために親に心配され、一浪を経て、当時、入試が実技のみであった大阪芸術大学映像計画学科に進学する。受験対策は宮崎駿らの絵コンテ等を見て勉強したという。

同じ学科の同級生には南雅彦・西森明良などの同業者、広告デザイナーの碇義彦や漫画家の島本和彦および士郎正宗等も在籍していた。士郎とは学生時代の面識・交流の有無は不明だが、後に『アップルシード』『蒼きウル(未発表)』にて互いにスタッフとして参加している。

サークルはSF研究会に所属していた。入学当初、同級生の山賀博之、赤井孝美らと班を作る。なお、この頃の庵野について、画力は「特にメカの描写は圧倒的であった」と後に山賀が語っており、学生生活の様子は島本和彦の漫画作品『アオイホノオ』に詳しく描かれている。",庵野秀明の大学学科は?,映像計画学科,Syntactic variation
17233,2,庵野秀明,"庵野秀明は高校卒業後は就職せず、遊んでばかりいたために親に心配され、一浪を経て、当時、入試が実技のみであった大阪芸術大学映像計画学科に進学する。受験対策は宮崎駿らの絵コンテ等を見て勉強したという。

同じ学科の同級生には南雅彦・西森明良などの同業者、広告デザイナーの碇義彦や漫画家の島本和彦および士郎正宗等も在籍していた。士郎とは学生時代の面識・交流の有無は不明だが、後に『アップルシード』『蒼きウル(未発表)』にて互いにスタッフとして参加している。

サークルはSF研究会に所属していた。入学当初、同級生の山賀博之、赤井孝美らと班を作る。なお、この頃の庵野について、画力は「特にメカの描写は圧倒的であった」と後に山賀が語っており、学生生活の様子は島本和彦の漫画作品『アオイホノオ』に詳しく描かれている。",庵野秀明が大学受験対策として見た絵コンテは誰のものですか?,宮崎駿,Syntactic variation
17234,2,庵野秀明,"庵野秀明は高校卒業後は就職せず、遊んでばかりいたために親に心配され、一浪を経て、当時、入試が実技のみであった大阪芸術大学映像計画学科に進学する。受験対策は宮崎駿らの絵コンテ等を見て勉強したという。

同じ学科の同級生には南雅彦・西森明良などの同業者、広告デザイナーの碇義彦や漫画家の島本和彦および士郎正宗等も在籍していた。士郎とは学生時代の面識・交流の有無は不明だが、後に『アップルシード』『蒼きウル(未発表)』にて互いにスタッフとして参加している。

サークルはSF研究会に所属していた。入学当初、同級生の山賀博之、赤井孝美らと班を作る。なお、この頃の庵野について、画力は「特にメカの描写は圧倒的であった」と後に山賀が語っており、学生生活の様子は島本和彦の漫画作品『アオイホノオ』に詳しく描かれている。",大阪芸術大学映像計画学科の同級生で広告デザイナーの方は誰ですか?,碇義彦,Syntactic variation
17235,2,庵野秀明,"庵野秀明は高校卒業後は就職せず、遊んでばかりいたために親に心配され、一浪を経て、当時、入試が実技のみであった大阪芸術大学映像計画学科に進学する。受験対策は宮崎駿らの絵コンテ等を見て勉強したという。

同じ学科の同級生には南雅彦・西森明良などの同業者、広告デザイナーの碇義彦や漫画家の島本和彦および士郎正宗等も在籍していた。士郎とは学生時代の面識・交流の有無は不明だが、後に『アップルシード』『蒼きウル(未発表)』にて互いにスタッフとして参加している。

サークルはSF研究会に所属していた。入学当初、同級生の山賀博之、赤井孝美らと班を作る。なお、この頃の庵野について、画力は「特にメカの描写は圧倒的であった」と後に山賀が語っており、学生生活の様子は島本和彦の漫画作品『アオイホノオ』に詳しく描かれている。",大阪芸術大学映像計画学科に在籍していた同級生島本和彦の職業は?,漫画家,Syntactic variation
17236,2,庵野秀明,"庵野秀明は高校卒業後は就職せず、遊んでばかりいたために親に心配され、一浪を経て、当時、入試が実技のみであった大阪芸術大学映像計画学科に進学する。受験対策は宮崎駿らの絵コンテ等を見て勉強したという。

同じ学科の同級生には南雅彦・西森明良などの同業者、広告デザイナーの碇義彦や漫画家の島本和彦および士郎正宗等も在籍していた。士郎とは学生時代の面識・交流の有無は不明だが、後に『アップルシード』『蒼きウル(未発表)』にて互いにスタッフとして参加している。

サークルはSF研究会に所属していた。入学当初、同級生の山賀博之、赤井孝美らと班を作る。なお、この頃の庵野について、画力は「特にメカの描写は圧倒的であった」と後に山賀が語っており、学生生活の様子は島本和彦の漫画作品『アオイホノオ』に詳しく描かれている。",『アップルシード』『蒼きウル(未発表)』で一緒にスタッフとして参加した秀明の大学同級生は誰ですか?,士郎正宗,Multiple sentence reasoning
17237,2,庵野秀明,"庵野秀明は高校卒業後は就職せず、遊んでばかりいたために親に心配され、一浪を経て、当時、入試が実技のみであった大阪芸術大学映像計画学科に進学する。受験対策は宮崎駿らの絵コンテ等を見て勉強したという。

同じ学科の同級生には南雅彦・西森明良などの同業者、広告デザイナーの碇義彦や漫画家の島本和彦および士郎正宗等も在籍していた。士郎とは学生時代の面識・交流の有無は不明だが、後に『アップルシード』『蒼きウル(未発表)』にて互いにスタッフとして参加している。

サークルはSF研究会に所属していた。入学当初、同級生の山賀博之、赤井孝美らと班を作る。なお、この頃の庵野について、画力は「特にメカの描写は圧倒的であった」と後に山賀が語っており、学生生活の様子は島本和彦の漫画作品『アオイホノオ』に詳しく描かれている。",庵野秀明が所属した大学サークルはなんですか?,SF研究会,Syntactic variation
17238,2,庵野秀明,"庵野秀明は高校卒業後は就職せず、遊んでばかりいたために親に心配され、一浪を経て、当時、入試が実技のみであった大阪芸術大学映像計画学科に進学する。受験対策は宮崎駿らの絵コンテ等を見て勉強したという。

同じ学科の同級生には南雅彦・西森明良などの同業者、広告デザイナーの碇義彦や漫画家の島本和彦および士郎正宗等も在籍していた。士郎とは学生時代の面識・交流の有無は不明だが、後に『アップルシード』『蒼きウル(未発表)』にて互いにスタッフとして参加している。

サークルはSF研究会に所属していた。入学当初、同級生の山賀博之、赤井孝美らと班を作る。なお、この頃の庵野について、画力は「特にメカの描写は圧倒的であった」と後に山賀が語っており、学生生活の様子は島本和彦の漫画作品『アオイホノオ』に詳しく描かれている。",庵野秀明の大学時代画力について「特にメカの描写は圧倒的であった」と言った人の名前は?,山賀博之,Multiple sentence reasoning
17239,2,庵野秀明,"庵野秀明は高校卒業後は就職せず、遊んでばかりいたために親に心配され、一浪を経て、当時、入試が実技のみであった大阪芸術大学映像計画学科に進学する。受験対策は宮崎駿らの絵コンテ等を見て勉強したという。

同じ学科の同級生には南雅彦・西森明良などの同業者、広告デザイナーの碇義彦や漫画家の島本和彦および士郎正宗等も在籍していた。士郎とは学生時代の面識・交流の有無は不明だが、後に『アップルシード』『蒼きウル(未発表)』にて互いにスタッフとして参加している。

サークルはSF研究会に所属していた。入学当初、同級生の山賀博之、赤井孝美らと班を作る。なお、この頃の庵野について、画力は「特にメカの描写は圧倒的であった」と後に山賀が語っており、学生生活の様子は島本和彦の漫画作品『アオイホノオ』に詳しく描かれている。",庵野秀明の学生生活の様子が描かれた島本和彦の漫画作品のタイトルはなんですか?,『アオイホノオ』,Syntactic variation
17240,2,庵野秀明,"庵野秀明は高校卒業後は就職せず、遊んでばかりいたために親に心配され、一浪を経て、当時、入試が実技のみであった大阪芸術大学映像計画学科に進学する。受験対策は宮崎駿らの絵コンテ等を見て勉強したという。

同じ学科の同級生には南雅彦・西森明良などの同業者、広告デザイナーの碇義彦や漫画家の島本和彦および士郎正宗等も在籍していた。士郎とは学生時代の面識・交流の有無は不明だが、後に『アップルシード』『蒼きウル(未発表)』にて互いにスタッフとして参加している。

サークルはSF研究会に所属していた。入学当初、同級生の山賀博之、赤井孝美らと班を作る。なお、この頃の庵野について、画力は「特にメカの描写は圧倒的であった」と後に山賀が語っており、学生生活の様子は島本和彦の漫画作品『アオイホノオ』に詳しく描かれている。",『アオイホノオ』を描いたのは誰?,島本和彦,Syntactic variation
17241,3,庵野秀明,"その頃、庵野秀明は2回生に誘われた自主制作アニメに熱中し、山賀達との自主製作映画グループである「DAICONFILM」の主要メンバーとして参加し、大阪で開催のSF大会では異例であったオープニングアニメーションや、特撮作品等を製作し、プロも驚かせ高い評価を受けた。この時、スタジオぬえのメンバーに誘われ山賀達と『超時空要塞マクロス』の制作に参加し、アマチュアのアルバイトであるが、数話分の動画から原画までを担当した。この時に描いた爆発シーンが各所で評価され、仕事が来るようになったという。また、『アニメージュ』に掲載された、劇場アニメ『風の谷のナウシカ』の人手不足のための作画スタッフの募集告知を見て上京し、原画担当として採用される。

学校生活では、共同実習にしか出席せず、学費も未納状態であったため、3回生時に除籍処分を受けるが、通学しなくなったのは、単位さえ取れればそれでいいという、周囲のやる気のない学生に付き合って在籍し続けるよりも、自分の作品を作り続ける方が意義があるとの考えからとのことである。なお、この時にはすでに『風の谷のナウシカ』への参加に伴う上京が決まっていた。また、漫画家を目指そうとした時期もあったが、漫画の才能は無いとの考えから断念している。",庵野秀明が重要メンバーとして参加した自主製作映画グループの名は?,「DAICONFILM」,Syntactic variation
17242,3,庵野秀明,"その頃、庵野秀明は2回生に誘われた自主制作アニメに熱中し、山賀達との自主製作映画グループである「DAICONFILM」の主要メンバーとして参加し、大阪で開催のSF大会では異例であったオープニングアニメーションや、特撮作品等を製作し、プロも驚かせ高い評価を受けた。この時、スタジオぬえのメンバーに誘われ山賀達と『超時空要塞マクロス』の制作に参加し、アマチュアのアルバイトであるが、数話分の動画から原画までを担当した。この時に描いた爆発シーンが各所で評価され、仕事が来るようになったという。また、『アニメージュ』に掲載された、劇場アニメ『風の谷のナウシカ』の人手不足のための作画スタッフの募集告知を見て上京し、原画担当として採用される。

学校生活では、共同実習にしか出席せず、学費も未納状態であったため、3回生時に除籍処分を受けるが、通学しなくなったのは、単位さえ取れればそれでいいという、周囲のやる気のない学生に付き合って在籍し続けるよりも、自分の作品を作り続ける方が意義があるとの考えからとのことである。なお、この時にはすでに『風の谷のナウシカ』への参加に伴う上京が決まっていた。また、漫画家を目指そうとした時期もあったが、漫画の才能は無いとの考えから断念している。",庵野秀明が「DAICONFILM」で活動していた頃、彼をメンバーに誘ったスタジオはどこですか?,スタジオぬえ,Syntactic variation
17243,3,庵野秀明,"その頃、庵野秀明は2回生に誘われた自主制作アニメに熱中し、山賀達との自主製作映画グループである「DAICONFILM」の主要メンバーとして参加し、大阪で開催のSF大会では異例であったオープニングアニメーションや、特撮作品等を製作し、プロも驚かせ高い評価を受けた。この時、スタジオぬえのメンバーに誘われ山賀達と『超時空要塞マクロス』の制作に参加し、アマチュアのアルバイトであるが、数話分の動画から原画までを担当した。この時に描いた爆発シーンが各所で評価され、仕事が来るようになったという。また、『アニメージュ』に掲載された、劇場アニメ『風の谷のナウシカ』の人手不足のための作画スタッフの募集告知を見て上京し、原画担当として採用される。

学校生活では、共同実習にしか出席せず、学費も未納状態であったため、3回生時に除籍処分を受けるが、通学しなくなったのは、単位さえ取れればそれでいいという、周囲のやる気のない学生に付き合って在籍し続けるよりも、自分の作品を作り続ける方が意義があるとの考えからとのことである。なお、この時にはすでに『風の谷のナウシカ』への参加に伴う上京が決まっていた。また、漫画家を目指そうとした時期もあったが、漫画の才能は無いとの考えから断念している。",スタジオぬえで山賀たちと制作に参加した作品のタイトルはなんですか?,『超時空要塞マクロス』,Syntactic variation
17244,3,庵野秀明,"その頃、庵野秀明は2回生に誘われた自主制作アニメに熱中し、山賀達との自主製作映画グループである「DAICONFILM」の主要メンバーとして参加し、大阪で開催のSF大会では異例であったオープニングアニメーションや、特撮作品等を製作し、プロも驚かせ高い評価を受けた。この時、スタジオぬえのメンバーに誘われ山賀達と『超時空要塞マクロス』の制作に参加し、アマチュアのアルバイトであるが、数話分の動画から原画までを担当した。この時に描いた爆発シーンが各所で評価され、仕事が来るようになったという。また、『アニメージュ』に掲載された、劇場アニメ『風の谷のナウシカ』の人手不足のための作画スタッフの募集告知を見て上京し、原画担当として採用される。

学校生活では、共同実習にしか出席せず、学費も未納状態であったため、3回生時に除籍処分を受けるが、通学しなくなったのは、単位さえ取れればそれでいいという、周囲のやる気のない学生に付き合って在籍し続けるよりも、自分の作品を作り続ける方が意義があるとの考えからとのことである。なお、この時にはすでに『風の谷のナウシカ』への参加に伴う上京が決まっていた。また、漫画家を目指そうとした時期もあったが、漫画の才能は無いとの考えから断念している。",『超時空要塞マクロス』で庵野秀明が描いたどのシーンが高く評価されましたか?,爆発シーン,Lexical variation (synonymy)
17245,3,庵野秀明,"その頃、庵野秀明は2回生に誘われた自主制作アニメに熱中し、山賀達との自主製作映画グループである「DAICONFILM」の主要メンバーとして参加し、大阪で開催のSF大会では異例であったオープニングアニメーションや、特撮作品等を製作し、プロも驚かせ高い評価を受けた。この時、スタジオぬえのメンバーに誘われ山賀達と『超時空要塞マクロス』の制作に参加し、アマチュアのアルバイトであるが、数話分の動画から原画までを担当した。この時に描いた爆発シーンが各所で評価され、仕事が来るようになったという。また、『アニメージュ』に掲載された、劇場アニメ『風の谷のナウシカ』の人手不足のための作画スタッフの募集告知を見て上京し、原画担当として採用される。

学校生活では、共同実習にしか出席せず、学費も未納状態であったため、3回生時に除籍処分を受けるが、通学しなくなったのは、単位さえ取れればそれでいいという、周囲のやる気のない学生に付き合って在籍し続けるよりも、自分の作品を作り続ける方が意義があるとの考えからとのことである。なお、この時にはすでに『風の谷のナウシカ』への参加に伴う上京が決まっていた。また、漫画家を目指そうとした時期もあったが、漫画の才能は無いとの考えから断念している。",劇場アニメ『風の谷のナウシカ』の人手不足のための作画スタッフの募集告知はどこに載せられましたか?,『アニメージュ』,Syntactic variation
17246,3,庵野秀明,"その頃、庵野秀明は2回生に誘われた自主制作アニメに熱中し、山賀達との自主製作映画グループである「DAICONFILM」の主要メンバーとして参加し、大阪で開催のSF大会では異例であったオープニングアニメーションや、特撮作品等を製作し、プロも驚かせ高い評価を受けた。この時、スタジオぬえのメンバーに誘われ山賀達と『超時空要塞マクロス』の制作に参加し、アマチュアのアルバイトであるが、数話分の動画から原画までを担当した。この時に描いた爆発シーンが各所で評価され、仕事が来るようになったという。また、『アニメージュ』に掲載された、劇場アニメ『風の谷のナウシカ』の人手不足のための作画スタッフの募集告知を見て上京し、原画担当として採用される。

学校生活では、共同実習にしか出席せず、学費も未納状態であったため、3回生時に除籍処分を受けるが、通学しなくなったのは、単位さえ取れればそれでいいという、周囲のやる気のない学生に付き合って在籍し続けるよりも、自分の作品を作り続ける方が意義があるとの考えからとのことである。なお、この時にはすでに『風の谷のナウシカ』への参加に伴う上京が決まっていた。また、漫画家を目指そうとした時期もあったが、漫画の才能は無いとの考えから断念している。",庵野の上京のきっかけとなった、原画担当として採用された劇場アニメのタイトルは?,『風の谷のナウシカ』,Multiple sentence reasoning
17247,3,庵野秀明,"その頃、庵野秀明は2回生に誘われた自主制作アニメに熱中し、山賀達との自主製作映画グループである「DAICONFILM」の主要メンバーとして参加し、大阪で開催のSF大会では異例であったオープニングアニメーションや、特撮作品等を製作し、プロも驚かせ高い評価を受けた。この時、スタジオぬえのメンバーに誘われ山賀達と『超時空要塞マクロス』の制作に参加し、アマチュアのアルバイトであるが、数話分の動画から原画までを担当した。この時に描いた爆発シーンが各所で評価され、仕事が来るようになったという。また、『アニメージュ』に掲載された、劇場アニメ『風の谷のナウシカ』の人手不足のための作画スタッフの募集告知を見て上京し、原画担当として採用される。

学校生活では、共同実習にしか出席せず、学費も未納状態であったため、3回生時に除籍処分を受けるが、通学しなくなったのは、単位さえ取れればそれでいいという、周囲のやる気のない学生に付き合って在籍し続けるよりも、自分の作品を作り続ける方が意義があるとの考えからとのことである。なお、この時にはすでに『風の谷のナウシカ』への参加に伴う上京が決まっていた。また、漫画家を目指そうとした時期もあったが、漫画の才能は無いとの考えから断念している。",庵野秀明が大学から除籍処分を受けたのは彼が何回生の時ですか?,3回生,Syntactic variation
17248,4,庵野秀明,"庵野秀明は上京し、劇場アニメ『風の谷のナウシカ』、『超時空要塞マクロス愛・おぼえていますか』やOVA『メガゾーン23』等の商業作品に参加し、メカや爆発シーン等のエフェクトアニメーションを手がける。『風の谷のナウシカ』では、採用時に持参した大量の原画が宮崎駿に評価され、難しいとされるクライマックスの巨神兵登場のシーン担当に抜擢された。この時、人物も描くよう監督から指示されるも、出来が悪かったため監督本人に頼んだというエピソードがある。この頃から原画・動画一筋でやっていくのは無理だと考え、監督・演出の仕事をメインに切り替える。ちなみに、パンフレットに記載されている「巨神兵の呪いを受けて腹を壊したA氏」は庵野の事である。なお、師匠として、宮崎及び『超時空要塞マクロス』の板野一郎の名前を挙げており、特に宮崎からは監督としての仕事の進め方等を学んだという。また、『機動戦士ガンダム』の富野由悠季らも含め、アニメーション界を代表する作家の仕事に参加できたことをとてもラッキーだったと語っている。

その後、DAICONFILMを母体とするガイナックスの初作品『王立宇宙軍オネアミスの翼』には「スペシャルエフェクトアーティスト」という肩書きで参加した。クライマックスシーンでは、戦闘・ロケット発射シーンは絵コンテから作画までほとんどを1人でこなした。セルを1コマに9枚重ね、3秒間でセル枚数が250枚にも上るカットもあるという。当時、戦車やミサイルなどに極限のリアリティを追求しており、手当たり次第に軍事関係の資料に目を通し、自衛隊にも体験入隊している。",上京した庵野が『風の谷のナウシカ』で担当したクライマックスシーンはどれですか?,巨神兵登場のシーン,Syntactic variation
17249,4,庵野秀明,"庵野秀明は上京し、劇場アニメ『風の谷のナウシカ』、『超時空要塞マクロス愛・おぼえていますか』やOVA『メガゾーン23』等の商業作品に参加し、メカや爆発シーン等のエフェクトアニメーションを手がける。『風の谷のナウシカ』では、採用時に持参した大量の原画が宮崎駿に評価され、難しいとされるクライマックスの巨神兵登場のシーン担当に抜擢された。この時、人物も描くよう監督から指示されるも、出来が悪かったため監督本人に頼んだというエピソードがある。この頃から原画・動画一筋でやっていくのは無理だと考え、監督・演出の仕事をメインに切り替える。ちなみに、パンフレットに記載されている「巨神兵の呪いを受けて腹を壊したA氏」は庵野の事である。なお、師匠として、宮崎及び『超時空要塞マクロス』の板野一郎の名前を挙げており、特に宮崎からは監督としての仕事の進め方等を学んだという。また、『機動戦士ガンダム』の富野由悠季らも含め、アニメーション界を代表する作家の仕事に参加できたことをとてもラッキーだったと語っている。

その後、DAICONFILMを母体とするガイナックスの初作品『王立宇宙軍オネアミスの翼』には「スペシャルエフェクトアーティスト」という肩書きで参加した。クライマックスシーンでは、戦闘・ロケット発射シーンは絵コンテから作画までほとんどを1人でこなした。セルを1コマに9枚重ね、3秒間でセル枚数が250枚にも上るカットもあるという。当時、戦車やミサイルなどに極限のリアリティを追求しており、手当たり次第に軍事関係の資料に目を通し、自衛隊にも体験入隊している。",庵野秀明の師匠としてあげられる二人は宮崎を除くもう一人は誰ですか?,板野一郎,Syntactic variation
17250,4,庵野秀明,"庵野秀明は上京し、劇場アニメ『風の谷のナウシカ』、『超時空要塞マクロス愛・おぼえていますか』やOVA『メガゾーン23』等の商業作品に参加し、メカや爆発シーン等のエフェクトアニメーションを手がける。『風の谷のナウシカ』では、採用時に持参した大量の原画が宮崎駿に評価され、難しいとされるクライマックスの巨神兵登場のシーン担当に抜擢された。この時、人物も描くよう監督から指示されるも、出来が悪かったため監督本人に頼んだというエピソードがある。この頃から原画・動画一筋でやっていくのは無理だと考え、監督・演出の仕事をメインに切り替える。ちなみに、パンフレットに記載されている「巨神兵の呪いを受けて腹を壊したA氏」は庵野の事である。なお、師匠として、宮崎及び『超時空要塞マクロス』の板野一郎の名前を挙げており、特に宮崎からは監督としての仕事の進め方等を学んだという。また、『機動戦士ガンダム』の富野由悠季らも含め、アニメーション界を代表する作家の仕事に参加できたことをとてもラッキーだったと語っている。

その後、DAICONFILMを母体とするガイナックスの初作品『王立宇宙軍オネアミスの翼』には「スペシャルエフェクトアーティスト」という肩書きで参加した。クライマックスシーンでは、戦闘・ロケット発射シーンは絵コンテから作画までほとんどを1人でこなした。セルを1コマに9枚重ね、3秒間でセル枚数が250枚にも上るカットもあるという。当時、戦車やミサイルなどに極限のリアリティを追求しており、手当たり次第に軍事関係の資料に目を通し、自衛隊にも体験入隊している。",パンフレットに記載されている「巨神兵の呪いを受けて腹を壊したA氏」とは誰のことですか?,庵野,Syntactic variation
17251,4,庵野秀明,"庵野秀明は上京し、劇場アニメ『風の谷のナウシカ』、『超時空要塞マクロス愛・おぼえていますか』やOVA『メガゾーン23』等の商業作品に参加し、メカや爆発シーン等のエフェクトアニメーションを手がける。『風の谷のナウシカ』では、採用時に持参した大量の原画が宮崎駿に評価され、難しいとされるクライマックスの巨神兵登場のシーン担当に抜擢された。この時、人物も描くよう監督から指示されるも、出来が悪かったため監督本人に頼んだというエピソードがある。この頃から原画・動画一筋でやっていくのは無理だと考え、監督・演出の仕事をメインに切り替える。ちなみに、パンフレットに記載されている「巨神兵の呪いを受けて腹を壊したA氏」は庵野の事である。なお、師匠として、宮崎及び『超時空要塞マクロス』の板野一郎の名前を挙げており、特に宮崎からは監督としての仕事の進め方等を学んだという。また、『機動戦士ガンダム』の富野由悠季らも含め、アニメーション界を代表する作家の仕事に参加できたことをとてもラッキーだったと語っている。

その後、DAICONFILMを母体とするガイナックスの初作品『王立宇宙軍オネアミスの翼』には「スペシャルエフェクトアーティスト」という肩書きで参加した。クライマックスシーンでは、戦闘・ロケット発射シーンは絵コンテから作画までほとんどを1人でこなした。セルを1コマに9枚重ね、3秒間でセル枚数が250枚にも上るカットもあるという。当時、戦車やミサイルなどに極限のリアリティを追求しており、手当たり次第に軍事関係の資料に目を通し、自衛隊にも体験入隊している。",ガイナックスの母体となった自主製作映画グループはなんですか?,DAICONFILM,Syntactic variation
17252,4,庵野秀明,"庵野秀明は上京し、劇場アニメ『風の谷のナウシカ』、『超時空要塞マクロス愛・おぼえていますか』やOVA『メガゾーン23』等の商業作品に参加し、メカや爆発シーン等のエフェクトアニメーションを手がける。『風の谷のナウシカ』では、採用時に持参した大量の原画が宮崎駿に評価され、難しいとされるクライマックスの巨神兵登場のシーン担当に抜擢された。この時、人物も描くよう監督から指示されるも、出来が悪かったため監督本人に頼んだというエピソードがある。この頃から原画・動画一筋でやっていくのは無理だと考え、監督・演出の仕事をメインに切り替える。ちなみに、パンフレットに記載されている「巨神兵の呪いを受けて腹を壊したA氏」は庵野の事である。なお、師匠として、宮崎及び『超時空要塞マクロス』の板野一郎の名前を挙げており、特に宮崎からは監督としての仕事の進め方等を学んだという。また、『機動戦士ガンダム』の富野由悠季らも含め、アニメーション界を代表する作家の仕事に参加できたことをとてもラッキーだったと語っている。

その後、DAICONFILMを母体とするガイナックスの初作品『王立宇宙軍オネアミスの翼』には「スペシャルエフェクトアーティスト」という肩書きで参加した。クライマックスシーンでは、戦闘・ロケット発射シーンは絵コンテから作画までほとんどを1人でこなした。セルを1コマに9枚重ね、3秒間でセル枚数が250枚にも上るカットもあるという。当時、戦車やミサイルなどに極限のリアリティを追求しており、手当たり次第に軍事関係の資料に目を通し、自衛隊にも体験入隊している。",ガイナックスの初作品はなんですか?,『王立宇宙軍オネアミスの翼』,Syntactic variation
17253,4,庵野秀明,"庵野秀明は上京し、劇場アニメ『風の谷のナウシカ』、『超時空要塞マクロス愛・おぼえていますか』やOVA『メガゾーン23』等の商業作品に参加し、メカや爆発シーン等のエフェクトアニメーションを手がける。『風の谷のナウシカ』では、採用時に持参した大量の原画が宮崎駿に評価され、難しいとされるクライマックスの巨神兵登場のシーン担当に抜擢された。この時、人物も描くよう監督から指示されるも、出来が悪かったため監督本人に頼んだというエピソードがある。この頃から原画・動画一筋でやっていくのは無理だと考え、監督・演出の仕事をメインに切り替える。ちなみに、パンフレットに記載されている「巨神兵の呪いを受けて腹を壊したA氏」は庵野の事である。なお、師匠として、宮崎及び『超時空要塞マクロス』の板野一郎の名前を挙げており、特に宮崎からは監督としての仕事の進め方等を学んだという。また、『機動戦士ガンダム』の富野由悠季らも含め、アニメーション界を代表する作家の仕事に参加できたことをとてもラッキーだったと語っている。

その後、DAICONFILMを母体とするガイナックスの初作品『王立宇宙軍オネアミスの翼』には「スペシャルエフェクトアーティスト」という肩書きで参加した。クライマックスシーンでは、戦闘・ロケット発射シーンは絵コンテから作画までほとんどを1人でこなした。セルを1コマに9枚重ね、3秒間でセル枚数が250枚にも上るカットもあるという。当時、戦車やミサイルなどに極限のリアリティを追求しており、手当たり次第に軍事関係の資料に目を通し、自衛隊にも体験入隊している。",庵野秀明は『王立宇宙軍オネアミスの翼』にどういう肩書きで参加しましたか?,「スペシャルエフェクトアーティスト」,Syntactic variation
17254,4,庵野秀明,"庵野秀明は上京し、劇場アニメ『風の谷のナウシカ』、『超時空要塞マクロス愛・おぼえていますか』やOVA『メガゾーン23』等の商業作品に参加し、メカや爆発シーン等のエフェクトアニメーションを手がける。『風の谷のナウシカ』では、採用時に持参した大量の原画が宮崎駿に評価され、難しいとされるクライマックスの巨神兵登場のシーン担当に抜擢された。この時、人物も描くよう監督から指示されるも、出来が悪かったため監督本人に頼んだというエピソードがある。この頃から原画・動画一筋でやっていくのは無理だと考え、監督・演出の仕事をメインに切り替える。ちなみに、パンフレットに記載されている「巨神兵の呪いを受けて腹を壊したA氏」は庵野の事である。なお、師匠として、宮崎及び『超時空要塞マクロス』の板野一郎の名前を挙げており、特に宮崎からは監督としての仕事の進め方等を学んだという。また、『機動戦士ガンダム』の富野由悠季らも含め、アニメーション界を代表する作家の仕事に参加できたことをとてもラッキーだったと語っている。

その後、DAICONFILMを母体とするガイナックスの初作品『王立宇宙軍オネアミスの翼』には「スペシャルエフェクトアーティスト」という肩書きで参加した。クライマックスシーンでは、戦闘・ロケット発射シーンは絵コンテから作画までほとんどを1人でこなした。セルを1コマに9枚重ね、3秒間でセル枚数が250枚にも上るカットもあるという。当時、戦車やミサイルなどに極限のリアリティを追求しており、手当たり次第に軍事関係の資料に目を通し、自衛隊にも体験入隊している。",軍事関係資料を見るだけに止まらず、戦車やミサイルなどに極限のリアリティを追求のため庵野がとった行動はなんですか?,体験入隊,Lexical variation (world knowledge)
17255,5,庵野秀明,"庵野秀明の監督作品である『トップをねらえ!』及び『ふしぎの海のナディア』は、前者はOVAで発売され、後者はNHK総合テレビジョンで放送された。

『トップをねらえ!』第5話戦闘シーンの収録の際、主演の日高のり子に「自ら必殺技名を絶叫してみせる」という体当たりの演技指導を行ったという逸話がある。
ナディアのグランディス一味が「タイムボカンシリーズ」における三悪の変形版になったのは自身のアイディアだという。また、ハンソンの口癖「そ、そ、そ、そ」は庵野の口癖である。
主人公ナディアの性格は当時の性格の反映で、ナディアが冷たかったりわがままに描かれているのは、恋して振られた時の、自身の女性観を元にしたためとのことである。他にも「南の島編」での暴走ぶりも「周りから見た庵野監督」をモチーフにしていた。また、下記に記載している「偏食家であり、肉と魚は一切食べられない」というのもナディアの特徴であり、庵野がモチーフである。
キングについては当初は「実は宇宙人」との設定が構想にあり、最終回ではキングの着ぐるみを脱いで正体を現す予定だったが、周囲の反対でこの構想はなくなった。",『トップをねらえ!』の収録のとき、主演の日高のり子に「自ら必殺技名を絶叫してみせる」という体当たりの演技指導を行った話数はなんですか?,第5話,Syntactic variation
17256,5,庵野秀明,"庵野秀明の監督作品である『トップをねらえ!』及び『ふしぎの海のナディア』は、前者はOVAで発売され、後者はNHK総合テレビジョンで放送された。

『トップをねらえ!』第5話戦闘シーンの収録の際、主演の日高のり子に「自ら必殺技名を絶叫してみせる」という体当たりの演技指導を行ったという逸話がある。
ナディアのグランディス一味が「タイムボカンシリーズ」における三悪の変形版になったのは自身のアイディアだという。また、ハンソンの口癖「そ、そ、そ、そ」は庵野の口癖である。
主人公ナディアの性格は当時の性格の反映で、ナディアが冷たかったりわがままに描かれているのは、恋して振られた時の、自身の女性観を元にしたためとのことである。他にも「南の島編」での暴走ぶりも「周りから見た庵野監督」をモチーフにしていた。また、下記に記載している「偏食家であり、肉と魚は一切食べられない」というのもナディアの特徴であり、庵野がモチーフである。
キングについては当初は「実は宇宙人」との設定が構想にあり、最終回ではキングの着ぐるみを脱いで正体を現す予定だったが、周囲の反対でこの構想はなくなった。",『ふしぎの海のナディア』が放送されたのはどこでですか?,NHK総合テレビジョン,Syntactic variation
17257,5,庵野秀明,"庵野秀明の監督作品である『トップをねらえ!』及び『ふしぎの海のナディア』は、前者はOVAで発売され、後者はNHK総合テレビジョンで放送された。

『トップをねらえ!』第5話戦闘シーンの収録の際、主演の日高のり子に「自ら必殺技名を絶叫してみせる」という体当たりの演技指導を行ったという逸話がある。
ナディアのグランディス一味が「タイムボカンシリーズ」における三悪の変形版になったのは自身のアイディアだという。また、ハンソンの口癖「そ、そ、そ、そ」は庵野の口癖である。
主人公ナディアの性格は当時の性格の反映で、ナディアが冷たかったりわがままに描かれているのは、恋して振られた時の、自身の女性観を元にしたためとのことである。他にも「南の島編」での暴走ぶりも「周りから見た庵野監督」をモチーフにしていた。また、下記に記載している「偏食家であり、肉と魚は一切食べられない」というのもナディアの特徴であり、庵野がモチーフである。
キングについては当初は「実は宇宙人」との設定が構想にあり、最終回ではキングの着ぐるみを脱いで正体を現す予定だったが、周囲の反対でこの構想はなくなった。",OVAで発売された庵野秀明の監督作品はなんですか?,『トップをねらえ!』,Syntactic variation
17258,5,庵野秀明,"庵野秀明の監督作品である『トップをねらえ!』及び『ふしぎの海のナディア』は、前者はOVAで発売され、後者はNHK総合テレビジョンで放送された。

『トップをねらえ!』第5話戦闘シーンの収録の際、主演の日高のり子に「自ら必殺技名を絶叫してみせる」という体当たりの演技指導を行ったという逸話がある。
ナディアのグランディス一味が「タイムボカンシリーズ」における三悪の変形版になったのは自身のアイディアだという。また、ハンソンの口癖「そ、そ、そ、そ」は庵野の口癖である。
主人公ナディアの性格は当時の性格の反映で、ナディアが冷たかったりわがままに描かれているのは、恋して振られた時の、自身の女性観を元にしたためとのことである。他にも「南の島編」での暴走ぶりも「周りから見た庵野監督」をモチーフにしていた。また、下記に記載している「偏食家であり、肉と魚は一切食べられない」というのもナディアの特徴であり、庵野がモチーフである。
キングについては当初は「実は宇宙人」との設定が構想にあり、最終回ではキングの着ぐるみを脱いで正体を現す予定だったが、周囲の反対でこの構想はなくなった。",主人公ナディアの「南の島編」での暴走ぶりのモチーフになったのは何か。,「周りから見た庵野監督」,Syntactic variation
17259,5,庵野秀明,"庵野秀明の監督作品である『トップをねらえ!』及び『ふしぎの海のナディア』は、前者はOVAで発売され、後者はNHK総合テレビジョンで放送された。

『トップをねらえ!』第5話戦闘シーンの収録の際、主演の日高のり子に「自ら必殺技名を絶叫してみせる」という体当たりの演技指導を行ったという逸話がある。
ナディアのグランディス一味が「タイムボカンシリーズ」における三悪の変形版になったのは自身のアイディアだという。また、ハンソンの口癖「そ、そ、そ、そ」は庵野の口癖である。
主人公ナディアの性格は当時の性格の反映で、ナディアが冷たかったりわがままに描かれているのは、恋して振られた時の、自身の女性観を元にしたためとのことである。他にも「南の島編」での暴走ぶりも「周りから見た庵野監督」をモチーフにしていた。また、下記に記載している「偏食家であり、肉と魚は一切食べられない」というのもナディアの特徴であり、庵野がモチーフである。
キングについては当初は「実は宇宙人」との設定が構想にあり、最終回ではキングの着ぐるみを脱いで正体を現す予定だったが、周囲の反対でこの構想はなくなった。",当初、庵野の構想ではキングの本当の正体はなんですか?,宇宙人,Syntactic variation
17260,6,庵野秀明,"『新世紀エヴァンゲリオン』シリーズは1995年(平成7年)にテレビ東京の18時のアニメ枠で放送開始され、1997年(平成9年)以降は劇場版として制作されている。「庵野監督の代表作」として真っ先に名前が挙がる作品であり、数々の受賞歴がある。
TVシリーズ後半、特に最終回2話とその前の展開について、パソコン通信上で激しい議論が繰り広げられ、批判意見も多くあった。この現象については、議論内容よりも「パソコン通信にハマる人たちは『現実世界に帰れ』」と苦言を呈している。また、TV放映後から劇場版公開頃の『エヴァブーム』当時、インターネット上のチャットや電子掲示板上での作品論争を「便所の落書き」と言い放っている。

『新世紀エヴァンゲリオン』制作終了後、庵野秀明は実写方面への進出(『ラブ&ポップ』『式日』『キューティーハニー』)を経て、それ以降のアニメ作品では、いわゆる「実写畑の声優・つまり俳優」を起用することが多くなる。これは「職業声優の限界」を感じ、新しい可能性を模索するためだという。幾原邦彦の紹介で舞台にも非常に惹かれているが、まだ取り組めないので映画を作ることにした、とインタビューに答えている。",『新世紀エヴァンゲリオン』シリーズが放送開始されたのは何年ですか?,1995年,Syntactic variation
17261,6,庵野秀明,"『新世紀エヴァンゲリオン』シリーズは1995年(平成7年)にテレビ東京の18時のアニメ枠で放送開始され、1997年(平成9年)以降は劇場版として制作されている。「庵野監督の代表作」として真っ先に名前が挙がる作品であり、数々の受賞歴がある。
TVシリーズ後半、特に最終回2話とその前の展開について、パソコン通信上で激しい議論が繰り広げられ、批判意見も多くあった。この現象については、議論内容よりも「パソコン通信にハマる人たちは『現実世界に帰れ』」と苦言を呈している。また、TV放映後から劇場版公開頃の『エヴァブーム』当時、インターネット上のチャットや電子掲示板上での作品論争を「便所の落書き」と言い放っている。

『新世紀エヴァンゲリオン』制作終了後、庵野秀明は実写方面への進出(『ラブ&ポップ』『式日』『キューティーハニー』)を経て、それ以降のアニメ作品では、いわゆる「実写畑の声優・つまり俳優」を起用することが多くなる。これは「職業声優の限界」を感じ、新しい可能性を模索するためだという。幾原邦彦の紹介で舞台にも非常に惹かれているが、まだ取り組めないので映画を作ることにした、とインタビューに答えている。",劇場版『新世紀エヴァンゲリオン』が制作されたのは何年以降ですか?,1997年,Syntactic variation
17262,6,庵野秀明,"『新世紀エヴァンゲリオン』シリーズは1995年(平成7年)にテレビ東京の18時のアニメ枠で放送開始され、1997年(平成9年)以降は劇場版として制作されている。「庵野監督の代表作」として真っ先に名前が挙がる作品であり、数々の受賞歴がある。
TVシリーズ後半、特に最終回2話とその前の展開について、パソコン通信上で激しい議論が繰り広げられ、批判意見も多くあった。この現象については、議論内容よりも「パソコン通信にハマる人たちは『現実世界に帰れ』」と苦言を呈している。また、TV放映後から劇場版公開頃の『エヴァブーム』当時、インターネット上のチャットや電子掲示板上での作品論争を「便所の落書き」と言い放っている。

『新世紀エヴァンゲリオン』制作終了後、庵野秀明は実写方面への進出(『ラブ&ポップ』『式日』『キューティーハニー』)を経て、それ以降のアニメ作品では、いわゆる「実写畑の声優・つまり俳優」を起用することが多くなる。これは「職業声優の限界」を感じ、新しい可能性を模索するためだという。幾原邦彦の紹介で舞台にも非常に惹かれているが、まだ取り組めないので映画を作ることにした、とインタビューに答えている。",庵野監督の代表作で真っ先に名前があげられる作品はなんですか?,『新世紀エヴァンゲリオン』,Multiple sentence reasoning
17263,6,庵野秀明,"『新世紀エヴァンゲリオン』シリーズは1995年(平成7年)にテレビ東京の18時のアニメ枠で放送開始され、1997年(平成9年)以降は劇場版として制作されている。「庵野監督の代表作」として真っ先に名前が挙がる作品であり、数々の受賞歴がある。
TVシリーズ後半、特に最終回2話とその前の展開について、パソコン通信上で激しい議論が繰り広げられ、批判意見も多くあった。この現象については、議論内容よりも「パソコン通信にハマる人たちは『現実世界に帰れ』」と苦言を呈している。また、TV放映後から劇場版公開頃の『エヴァブーム』当時、インターネット上のチャットや電子掲示板上での作品論争を「便所の落書き」と言い放っている。

『新世紀エヴァンゲリオン』制作終了後、庵野秀明は実写方面への進出(『ラブ&ポップ』『式日』『キューティーハニー』)を経て、それ以降のアニメ作品では、いわゆる「実写畑の声優・つまり俳優」を起用することが多くなる。これは「職業声優の限界」を感じ、新しい可能性を模索するためだという。幾原邦彦の紹介で舞台にも非常に惹かれているが、まだ取り組めないので映画を作ることにした、とインタビューに答えている。",『新世紀エヴァンゲリオン』は1995年どこで放送されましたか?,テレビ東京,Syntactic variation
17264,6,庵野秀明,"『新世紀エヴァンゲリオン』シリーズは1995年(平成7年)にテレビ東京の18時のアニメ枠で放送開始され、1997年(平成9年)以降は劇場版として制作されている。「庵野監督の代表作」として真っ先に名前が挙がる作品であり、数々の受賞歴がある。
TVシリーズ後半、特に最終回2話とその前の展開について、パソコン通信上で激しい議論が繰り広げられ、批判意見も多くあった。この現象については、議論内容よりも「パソコン通信にハマる人たちは『現実世界に帰れ』」と苦言を呈している。また、TV放映後から劇場版公開頃の『エヴァブーム』当時、インターネット上のチャットや電子掲示板上での作品論争を「便所の落書き」と言い放っている。

『新世紀エヴァンゲリオン』制作終了後、庵野秀明は実写方面への進出(『ラブ&ポップ』『式日』『キューティーハニー』)を経て、それ以降のアニメ作品では、いわゆる「実写畑の声優・つまり俳優」を起用することが多くなる。これは「職業声優の限界」を感じ、新しい可能性を模索するためだという。幾原邦彦の紹介で舞台にも非常に惹かれているが、まだ取り組めないので映画を作ることにした、とインタビューに答えている。",『新世紀エヴァンゲリオン』が放送された時間帯はいつですか?,18時,Syntactic variation
17265,6,庵野秀明,"『新世紀エヴァンゲリオン』シリーズは1995年(平成7年)にテレビ東京の18時のアニメ枠で放送開始され、1997年(平成9年)以降は劇場版として制作されている。「庵野監督の代表作」として真っ先に名前が挙がる作品であり、数々の受賞歴がある。
TVシリーズ後半、特に最終回2話とその前の展開について、パソコン通信上で激しい議論が繰り広げられ、批判意見も多くあった。この現象については、議論内容よりも「パソコン通信にハマる人たちは『現実世界に帰れ』」と苦言を呈している。また、TV放映後から劇場版公開頃の『エヴァブーム』当時、インターネット上のチャットや電子掲示板上での作品論争を「便所の落書き」と言い放っている。

『新世紀エヴァンゲリオン』制作終了後、庵野秀明は実写方面への進出(『ラブ&ポップ』『式日』『キューティーハニー』)を経て、それ以降のアニメ作品では、いわゆる「実写畑の声優・つまり俳優」を起用することが多くなる。これは「職業声優の限界」を感じ、新しい可能性を模索するためだという。幾原邦彦の紹介で舞台にも非常に惹かれているが、まだ取り組めないので映画を作ることにした、とインタビューに答えている。",『新世紀エヴァンゲリオン』のTVシリーズ後半で特に問題視された2話はなんですか?,最終回2話,Multiple sentence reasoning
17266,6,庵野秀明,"『新世紀エヴァンゲリオン』シリーズは1995年(平成7年)にテレビ東京の18時のアニメ枠で放送開始され、1997年(平成9年)以降は劇場版として制作されている。「庵野監督の代表作」として真っ先に名前が挙がる作品であり、数々の受賞歴がある。
TVシリーズ後半、特に最終回2話とその前の展開について、パソコン通信上で激しい議論が繰り広げられ、批判意見も多くあった。この現象については、議論内容よりも「パソコン通信にハマる人たちは『現実世界に帰れ』」と苦言を呈している。また、TV放映後から劇場版公開頃の『エヴァブーム』当時、インターネット上のチャットや電子掲示板上での作品論争を「便所の落書き」と言い放っている。

『新世紀エヴァンゲリオン』制作終了後、庵野秀明は実写方面への進出(『ラブ&ポップ』『式日』『キューティーハニー』)を経て、それ以降のアニメ作品では、いわゆる「実写畑の声優・つまり俳優」を起用することが多くなる。これは「職業声優の限界」を感じ、新しい可能性を模索するためだという。幾原邦彦の紹介で舞台にも非常に惹かれているが、まだ取り組めないので映画を作ることにした、とインタビューに答えている。",庵野秀明が舞台に非常に惹かれたのは誰の紹介のおかげですか?,幾原邦彦,Syntactic variation
17267,7,庵野秀明,"2002年(平成14年)3月26日に、庵野秀明は共通の知人である貞本義行による紹介が縁で知り合った、漫画家の安野モヨコと結婚した。4月28日に「ダブルアンノの結婚を祝う会」と称した結婚披露宴パーティーが行われ、新夫側の主賓に宮崎駿、新婦側の主賓に桜沢エリカがそれぞれスピーチを行った。庵野自身は安野の『ハッピーマニア』等を読んでおり、高く評価していた。偶然にも姓の読みは双方とも「あんの」であるため、「Wアンノ」と話題になり、安野モヨコ自身も奇しくも本名が「アンノ」と非常に珍しい名字となった。

安野の漫画作品『監督不行届』で結婚生活が描写されている。作中での呼び名は「カントク」「ロンパース、モヨ(安野)」である。また、結婚を機に安野によりダイエットをし、体脂肪率40%越えから180cm73kg体脂肪率22%まで減量に成功。身の回りにも無頓着で、充分な収入がありながら風呂の壊れたアパートに住んでいたため、結婚前は1年間風呂に入らなかったり、洗濯もせずに服はボロくなるまで着用し、汚れたら捨てていたが、安野により4・5日おきに着替え、1日おきに入浴するようになった。",妻である安野モヨコと出会ったのは何月何日ですか?,3月26日,Lexical variation (synonymy)
17268,7,庵野秀明,"2002年(平成14年)3月26日に、庵野秀明は共通の知人である貞本義行による紹介が縁で知り合った、漫画家の安野モヨコと結婚した。4月28日に「ダブルアンノの結婚を祝う会」と称した結婚披露宴パーティーが行われ、新夫側の主賓に宮崎駿、新婦側の主賓に桜沢エリカがそれぞれスピーチを行った。庵野自身は安野の『ハッピーマニア』等を読んでおり、高く評価していた。偶然にも姓の読みは双方とも「あんの」であるため、「Wアンノ」と話題になり、安野モヨコ自身も奇しくも本名が「アンノ」と非常に珍しい名字となった。

安野の漫画作品『監督不行届』で結婚生活が描写されている。作中での呼び名は「カントク」「ロンパース、モヨ(安野)」である。また、結婚を機に安野によりダイエットをし、体脂肪率40%越えから180cm73kg体脂肪率22%まで減量に成功。身の回りにも無頓着で、充分な収入がありながら風呂の壊れたアパートに住んでいたため、結婚前は1年間風呂に入らなかったり、洗濯もせずに服はボロくなるまで着用し、汚れたら捨てていたが、安野により4・5日おきに着替え、1日おきに入浴するようになった。",妻の安野モヨコとは誰の紹介で知り合ったんですか?,貞本義行,Syntactic variation
17269,7,庵野秀明,"2002年(平成14年)3月26日に、庵野秀明は共通の知人である貞本義行による紹介が縁で知り合った、漫画家の安野モヨコと結婚した。4月28日に「ダブルアンノの結婚を祝う会」と称した結婚披露宴パーティーが行われ、新夫側の主賓に宮崎駿、新婦側の主賓に桜沢エリカがそれぞれスピーチを行った。庵野自身は安野の『ハッピーマニア』等を読んでおり、高く評価していた。偶然にも姓の読みは双方とも「あんの」であるため、「Wアンノ」と話題になり、安野モヨコ自身も奇しくも本名が「アンノ」と非常に珍しい名字となった。

安野の漫画作品『監督不行届』で結婚生活が描写されている。作中での呼び名は「カントク」「ロンパース、モヨ(安野)」である。また、結婚を機に安野によりダイエットをし、体脂肪率40%越えから180cm73kg体脂肪率22%まで減量に成功。身の回りにも無頓着で、充分な収入がありながら風呂の壊れたアパートに住んでいたため、結婚前は1年間風呂に入らなかったり、洗濯もせずに服はボロくなるまで着用し、汚れたら捨てていたが、安野により4・5日おきに着替え、1日おきに入浴するようになった。",安野モヨコの職業はなんですか?,漫画家,Lexical variation (world knowledge)
17270,7,庵野秀明,"2002年(平成14年)3月26日に、庵野秀明は共通の知人である貞本義行による紹介が縁で知り合った、漫画家の安野モヨコと結婚した。4月28日に「ダブルアンノの結婚を祝う会」と称した結婚披露宴パーティーが行われ、新夫側の主賓に宮崎駿、新婦側の主賓に桜沢エリカがそれぞれスピーチを行った。庵野自身は安野の『ハッピーマニア』等を読んでおり、高く評価していた。偶然にも姓の読みは双方とも「あんの」であるため、「Wアンノ」と話題になり、安野モヨコ自身も奇しくも本名が「アンノ」と非常に珍しい名字となった。

安野の漫画作品『監督不行届』で結婚生活が描写されている。作中での呼び名は「カントク」「ロンパース、モヨ(安野)」である。また、結婚を機に安野によりダイエットをし、体脂肪率40%越えから180cm73kg体脂肪率22%まで減量に成功。身の回りにも無頓着で、充分な収入がありながら風呂の壊れたアパートに住んでいたため、結婚前は1年間風呂に入らなかったり、洗濯もせずに服はボロくなるまで着用し、汚れたら捨てていたが、安野により4・5日おきに着替え、1日おきに入浴するようになった。",庵野秀明の妻の名は?,安野モヨコ,Lexical variation (world knowledge)
17271,7,庵野秀明,"2002年(平成14年)3月26日に、庵野秀明は共通の知人である貞本義行による紹介が縁で知り合った、漫画家の安野モヨコと結婚した。4月28日に「ダブルアンノの結婚を祝う会」と称した結婚披露宴パーティーが行われ、新夫側の主賓に宮崎駿、新婦側の主賓に桜沢エリカがそれぞれスピーチを行った。庵野自身は安野の『ハッピーマニア』等を読んでおり、高く評価していた。偶然にも姓の読みは双方とも「あんの」であるため、「Wアンノ」と話題になり、安野モヨコ自身も奇しくも本名が「アンノ」と非常に珍しい名字となった。

安野の漫画作品『監督不行届』で結婚生活が描写されている。作中での呼び名は「カントク」「ロンパース、モヨ(安野)」である。また、結婚を機に安野によりダイエットをし、体脂肪率40%越えから180cm73kg体脂肪率22%まで減量に成功。身の回りにも無頓着で、充分な収入がありながら風呂の壊れたアパートに住んでいたため、結婚前は1年間風呂に入らなかったり、洗濯もせずに服はボロくなるまで着用し、汚れたら捨てていたが、安野により4・5日おきに着替え、1日おきに入浴するようになった。",「ダブルアンノの結婚を祝う会」は開かれたのはいつですか?,4月28日,Lexical variation (synonymy)
17272,7,庵野秀明,"2002年(平成14年)3月26日に、庵野秀明は共通の知人である貞本義行による紹介が縁で知り合った、漫画家の安野モヨコと結婚した。4月28日に「ダブルアンノの結婚を祝う会」と称した結婚披露宴パーティーが行われ、新夫側の主賓に宮崎駿、新婦側の主賓に桜沢エリカがそれぞれスピーチを行った。庵野自身は安野の『ハッピーマニア』等を読んでおり、高く評価していた。偶然にも姓の読みは双方とも「あんの」であるため、「Wアンノ」と話題になり、安野モヨコ自身も奇しくも本名が「アンノ」と非常に珍しい名字となった。

安野の漫画作品『監督不行届』で結婚生活が描写されている。作中での呼び名は「カントク」「ロンパース、モヨ(安野)」である。また、結婚を機に安野によりダイエットをし、体脂肪率40%越えから180cm73kg体脂肪率22%まで減量に成功。身の回りにも無頓着で、充分な収入がありながら風呂の壊れたアパートに住んでいたため、結婚前は1年間風呂に入らなかったり、洗濯もせずに服はボロくなるまで着用し、汚れたら捨てていたが、安野により4・5日おきに着替え、1日おきに入浴するようになった。",庵野秀明の結婚披露宴パーティーはどう呼ばれますか?,「ダブルアンノの結婚を祝う会」,Lexical variation (synonymy)
17273,7,庵野秀明,"2002年(平成14年)3月26日に、庵野秀明は共通の知人である貞本義行による紹介が縁で知り合った、漫画家の安野モヨコと結婚した。4月28日に「ダブルアンノの結婚を祝う会」と称した結婚披露宴パーティーが行われ、新夫側の主賓に宮崎駿、新婦側の主賓に桜沢エリカがそれぞれスピーチを行った。庵野自身は安野の『ハッピーマニア』等を読んでおり、高く評価していた。偶然にも姓の読みは双方とも「あんの」であるため、「Wアンノ」と話題になり、安野モヨコ自身も奇しくも本名が「アンノ」と非常に珍しい名字となった。

安野の漫画作品『監督不行届』で結婚生活が描写されている。作中での呼び名は「カントク」「ロンパース、モヨ(安野)」である。また、結婚を機に安野によりダイエットをし、体脂肪率40%越えから180cm73kg体脂肪率22%まで減量に成功。身の回りにも無頓着で、充分な収入がありながら風呂の壊れたアパートに住んでいたため、結婚前は1年間風呂に入らなかったり、洗濯もせずに服はボロくなるまで着用し、汚れたら捨てていたが、安野により4・5日おきに着替え、1日おきに入浴するようになった。",「ダブルアンノの結婚を祝う会」で新夫側からスピーチを行ったのは誰ですか?,宮崎駿,Syntactic variation
17274,7,庵野秀明,"2002年(平成14年)3月26日に、庵野秀明は共通の知人である貞本義行による紹介が縁で知り合った、漫画家の安野モヨコと結婚した。4月28日に「ダブルアンノの結婚を祝う会」と称した結婚披露宴パーティーが行われ、新夫側の主賓に宮崎駿、新婦側の主賓に桜沢エリカがそれぞれスピーチを行った。庵野自身は安野の『ハッピーマニア』等を読んでおり、高く評価していた。偶然にも姓の読みは双方とも「あんの」であるため、「Wアンノ」と話題になり、安野モヨコ自身も奇しくも本名が「アンノ」と非常に珍しい名字となった。

安野の漫画作品『監督不行届』で結婚生活が描写されている。作中での呼び名は「カントク」「ロンパース、モヨ(安野)」である。また、結婚を機に安野によりダイエットをし、体脂肪率40%越えから180cm73kg体脂肪率22%まで減量に成功。身の回りにも無頓着で、充分な収入がありながら風呂の壊れたアパートに住んでいたため、結婚前は1年間風呂に入らなかったり、洗濯もせずに服はボロくなるまで着用し、汚れたら捨てていたが、安野により4・5日おきに着替え、1日おきに入浴するようになった。",庵野秀明の結婚披露宴パーティーで新婦側のスピーチをしたのは誰ですか?,桜沢エリカ,Lexical variation (synonymy)
17275,7,庵野秀明,"2002年(平成14年)3月26日に、庵野秀明は共通の知人である貞本義行による紹介が縁で知り合った、漫画家の安野モヨコと結婚した。4月28日に「ダブルアンノの結婚を祝う会」と称した結婚披露宴パーティーが行われ、新夫側の主賓に宮崎駿、新婦側の主賓に桜沢エリカがそれぞれスピーチを行った。庵野自身は安野の『ハッピーマニア』等を読んでおり、高く評価していた。偶然にも姓の読みは双方とも「あんの」であるため、「Wアンノ」と話題になり、安野モヨコ自身も奇しくも本名が「アンノ」と非常に珍しい名字となった。

安野の漫画作品『監督不行届』で結婚生活が描写されている。作中での呼び名は「カントク」「ロンパース、モヨ(安野)」である。また、結婚を機に安野によりダイエットをし、体脂肪率40%越えから180cm73kg体脂肪率22%まで減量に成功。身の回りにも無頓着で、充分な収入がありながら風呂の壊れたアパートに住んでいたため、結婚前は1年間風呂に入らなかったり、洗濯もせずに服はボロくなるまで着用し、汚れたら捨てていたが、安野により4・5日おきに着替え、1日おきに入浴するようになった。",『ハッピーマニア』の作家は誰ですか?,安野モヨコ,Multiple sentence reasoning
17276,7,庵野秀明,"2002年(平成14年)3月26日に、庵野秀明は共通の知人である貞本義行による紹介が縁で知り合った、漫画家の安野モヨコと結婚した。4月28日に「ダブルアンノの結婚を祝う会」と称した結婚披露宴パーティーが行われ、新夫側の主賓に宮崎駿、新婦側の主賓に桜沢エリカがそれぞれスピーチを行った。庵野自身は安野の『ハッピーマニア』等を読んでおり、高く評価していた。偶然にも姓の読みは双方とも「あんの」であるため、「Wアンノ」と話題になり、安野モヨコ自身も奇しくも本名が「アンノ」と非常に珍しい名字となった。

安野の漫画作品『監督不行届』で結婚生活が描写されている。作中での呼び名は「カントク」「ロンパース、モヨ(安野)」である。また、結婚を機に安野によりダイエットをし、体脂肪率40%越えから180cm73kg体脂肪率22%まで減量に成功。身の回りにも無頓着で、充分な収入がありながら風呂の壊れたアパートに住んでいたため、結婚前は1年間風呂に入らなかったり、洗濯もせずに服はボロくなるまで着用し、汚れたら捨てていたが、安野により4・5日おきに着替え、1日おきに入浴するようになった。",自分たちの結婚生活を描いた安野の作品はなんですか?,『監督不行届』,Lexical variation (synonymy)
17277,7,庵野秀明,"2002年(平成14年)3月26日に、庵野秀明は共通の知人である貞本義行による紹介が縁で知り合った、漫画家の安野モヨコと結婚した。4月28日に「ダブルアンノの結婚を祝う会」と称した結婚披露宴パーティーが行われ、新夫側の主賓に宮崎駿、新婦側の主賓に桜沢エリカがそれぞれスピーチを行った。庵野自身は安野の『ハッピーマニア』等を読んでおり、高く評価していた。偶然にも姓の読みは双方とも「あんの」であるため、「Wアンノ」と話題になり、安野モヨコ自身も奇しくも本名が「アンノ」と非常に珍しい名字となった。

安野の漫画作品『監督不行届』で結婚生活が描写されている。作中での呼び名は「カントク」「ロンパース、モヨ(安野)」である。また、結婚を機に安野によりダイエットをし、体脂肪率40%越えから180cm73kg体脂肪率22%まで減量に成功。身の回りにも無頓着で、充分な収入がありながら風呂の壊れたアパートに住んでいたため、結婚前は1年間風呂に入らなかったり、洗濯もせずに服はボロくなるまで着用し、汚れたら捨てていたが、安野により4・5日おきに着替え、1日おきに入浴するようになった。",『監督不行届』中の庵野の呼び名は?,カントク,Multiple sentence reasoning
17278,8,庵野秀明,"2006年(平成18年)に、庵野秀明はアニメ制作会社「株式会社カラー」を設立し、それまで名を連ねていたガイナックスの取締役から退いている。新スタジオでの第一作目は、2007年(平成19年)9月1日に全国主要映画館にて封切りされた『ヱヴァンゲリヲン新劇場版』四部作の1つ『ヱヴァンゲリヲン新劇場版:序』であった。2009年(平成21年)6月27日には『ヱヴァンゲリヲン新劇場版:破』、2012年(平成24年)11月17日に『ヱヴァンゲリヲン新劇場版:Q』を全国主要映画館にて封切りした。完結編として『シン・エヴァンゲリオン劇場版:||』が予定されている。

2011年(平成23年)に平野勝之監督の『監督失格』を実写初プロデュース作品として手掛けた。2013年(平成25年)には、宮崎駿の長編アニメーション映画『風立ちぬ』の主人公・堀越二郎役で声優デビューした。

2014年(平成26年)に第27回東京国際映画祭の企画で「庵野秀明の世界」が開催された。学生時代からの映像作品がTOHOシネマズ日本橋で上映、トークセッションも開催された。

2015年(平成27年)4月1日、2016年に公開予定の「ゴジラシリーズ」新作で、脚本と総監督を務めることが発表された。2015年秋から撮影開始し、2016年7月29日に『シン・ゴジラ』のタイトルで公開された。

2017年(平成29年)5月8日、NPO法人『アニメ特撮アーカイブ機構』を設立し、代表を務める。",『ヱヴァンゲリヲン新劇場版:序』が開封されたのは何年ですか?,2007年,Lexical variation (synonymy)
17279,8,庵野秀明,"2006年(平成18年)に、庵野秀明はアニメ制作会社「株式会社カラー」を設立し、それまで名を連ねていたガイナックスの取締役から退いている。新スタジオでの第一作目は、2007年(平成19年)9月1日に全国主要映画館にて封切りされた『ヱヴァンゲリヲン新劇場版』四部作の1つ『ヱヴァンゲリヲン新劇場版:序』であった。2009年(平成21年)6月27日には『ヱヴァンゲリヲン新劇場版:破』、2012年(平成24年)11月17日に『ヱヴァンゲリヲン新劇場版:Q』を全国主要映画館にて封切りした。完結編として『シン・エヴァンゲリオン劇場版:||』が予定されている。

2011年(平成23年)に平野勝之監督の『監督失格』を実写初プロデュース作品として手掛けた。2013年(平成25年)には、宮崎駿の長編アニメーション映画『風立ちぬ』の主人公・堀越二郎役で声優デビューした。

2014年(平成26年)に第27回東京国際映画祭の企画で「庵野秀明の世界」が開催された。学生時代からの映像作品がTOHOシネマズ日本橋で上映、トークセッションも開催された。

2015年(平成27年)4月1日、2016年に公開予定の「ゴジラシリーズ」新作で、脚本と総監督を務めることが発表された。2015年秋から撮影開始し、2016年7月29日に『シン・ゴジラ』のタイトルで公開された。

2017年(平成29年)5月8日、NPO法人『アニメ特撮アーカイブ機構』を設立し、代表を務める。",「株式会社カラー」の新スタジオでの第1作目の作品はなんですか?,『ヱヴァンゲリヲン新劇場版:序』,Lexical variation (synonymy)
17280,8,庵野秀明,"2006年(平成18年)に、庵野秀明はアニメ制作会社「株式会社カラー」を設立し、それまで名を連ねていたガイナックスの取締役から退いている。新スタジオでの第一作目は、2007年(平成19年)9月1日に全国主要映画館にて封切りされた『ヱヴァンゲリヲン新劇場版』四部作の1つ『ヱヴァンゲリヲン新劇場版:序』であった。2009年(平成21年)6月27日には『ヱヴァンゲリヲン新劇場版:破』、2012年(平成24年)11月17日に『ヱヴァンゲリヲン新劇場版:Q』を全国主要映画館にて封切りした。完結編として『シン・エヴァンゲリオン劇場版:||』が予定されている。

2011年(平成23年)に平野勝之監督の『監督失格』を実写初プロデュース作品として手掛けた。2013年(平成25年)には、宮崎駿の長編アニメーション映画『風立ちぬ』の主人公・堀越二郎役で声優デビューした。

2014年(平成26年)に第27回東京国際映画祭の企画で「庵野秀明の世界」が開催された。学生時代からの映像作品がTOHOシネマズ日本橋で上映、トークセッションも開催された。

2015年(平成27年)4月1日、2016年に公開予定の「ゴジラシリーズ」新作で、脚本と総監督を務めることが発表された。2015年秋から撮影開始し、2016年7月29日に『シン・ゴジラ』のタイトルで公開された。

2017年(平成29年)5月8日、NPO法人『アニメ特撮アーカイブ機構』を設立し、代表を務める。",『ヱヴァンゲリヲン新劇場版』は何部作で予定されてますか?,四部作,Lexical variation (world knowledge)
17281,8,庵野秀明,"2006年(平成18年)に、庵野秀明はアニメ制作会社「株式会社カラー」を設立し、それまで名を連ねていたガイナックスの取締役から退いている。新スタジオでの第一作目は、2007年(平成19年)9月1日に全国主要映画館にて封切りされた『ヱヴァンゲリヲン新劇場版』四部作の1つ『ヱヴァンゲリヲン新劇場版:序』であった。2009年(平成21年)6月27日には『ヱヴァンゲリヲン新劇場版:破』、2012年(平成24年)11月17日に『ヱヴァンゲリヲン新劇場版:Q』を全国主要映画館にて封切りした。完結編として『シン・エヴァンゲリオン劇場版:||』が予定されている。

2011年(平成23年)に平野勝之監督の『監督失格』を実写初プロデュース作品として手掛けた。2013年(平成25年)には、宮崎駿の長編アニメーション映画『風立ちぬ』の主人公・堀越二郎役で声優デビューした。

2014年(平成26年)に第27回東京国際映画祭の企画で「庵野秀明の世界」が開催された。学生時代からの映像作品がTOHOシネマズ日本橋で上映、トークセッションも開催された。

2015年(平成27年)4月1日、2016年に公開予定の「ゴジラシリーズ」新作で、脚本と総監督を務めることが発表された。2015年秋から撮影開始し、2016年7月29日に『シン・ゴジラ』のタイトルで公開された。

2017年(平成29年)5月8日、NPO法人『アニメ特撮アーカイブ機構』を設立し、代表を務める。",『ヱヴァンゲリヲン新劇場版』の第1作目の作品のタイトルは?,『ヱヴァンゲリヲン新劇場版:序』,Syntactic variation
17282,8,庵野秀明,"2006年(平成18年)に、庵野秀明はアニメ制作会社「株式会社カラー」を設立し、それまで名を連ねていたガイナックスの取締役から退いている。新スタジオでの第一作目は、2007年(平成19年)9月1日に全国主要映画館にて封切りされた『ヱヴァンゲリヲン新劇場版』四部作の1つ『ヱヴァンゲリヲン新劇場版:序』であった。2009年(平成21年)6月27日には『ヱヴァンゲリヲン新劇場版:破』、2012年(平成24年)11月17日に『ヱヴァンゲリヲン新劇場版:Q』を全国主要映画館にて封切りした。完結編として『シン・エヴァンゲリオン劇場版:||』が予定されている。

2011年(平成23年)に平野勝之監督の『監督失格』を実写初プロデュース作品として手掛けた。2013年(平成25年)には、宮崎駿の長編アニメーション映画『風立ちぬ』の主人公・堀越二郎役で声優デビューした。

2014年(平成26年)に第27回東京国際映画祭の企画で「庵野秀明の世界」が開催された。学生時代からの映像作品がTOHOシネマズ日本橋で上映、トークセッションも開催された。

2015年(平成27年)4月1日、2016年に公開予定の「ゴジラシリーズ」新作で、脚本と総監督を務めることが発表された。2015年秋から撮影開始し、2016年7月29日に『シン・ゴジラ』のタイトルで公開された。

2017年(平成29年)5月8日、NPO法人『アニメ特撮アーカイブ機構』を設立し、代表を務める。",『ヱヴァンゲリヲン新劇場版』の第2作目の作品のタイトルは?,『ヱヴァンゲリヲン新劇場版:破』,Logical reasoning
17283,8,庵野秀明,"2006年(平成18年)に、庵野秀明はアニメ制作会社「株式会社カラー」を設立し、それまで名を連ねていたガイナックスの取締役から退いている。新スタジオでの第一作目は、2007年(平成19年)9月1日に全国主要映画館にて封切りされた『ヱヴァンゲリヲン新劇場版』四部作の1つ『ヱヴァンゲリヲン新劇場版:序』であった。2009年(平成21年)6月27日には『ヱヴァンゲリヲン新劇場版:破』、2012年(平成24年)11月17日に『ヱヴァンゲリヲン新劇場版:Q』を全国主要映画館にて封切りした。完結編として『シン・エヴァンゲリオン劇場版:||』が予定されている。

2011年(平成23年)に平野勝之監督の『監督失格』を実写初プロデュース作品として手掛けた。2013年(平成25年)には、宮崎駿の長編アニメーション映画『風立ちぬ』の主人公・堀越二郎役で声優デビューした。

2014年(平成26年)に第27回東京国際映画祭の企画で「庵野秀明の世界」が開催された。学生時代からの映像作品がTOHOシネマズ日本橋で上映、トークセッションも開催された。

2015年(平成27年)4月1日、2016年に公開予定の「ゴジラシリーズ」新作で、脚本と総監督を務めることが発表された。2015年秋から撮影開始し、2016年7月29日に『シン・ゴジラ』のタイトルで公開された。

2017年(平成29年)5月8日、NPO法人『アニメ特撮アーカイブ機構』を設立し、代表を務める。",『ヱヴァンゲリヲン新劇場版』の第3作目の作品のタイトルは?,『ヱヴァンゲリヲン新劇場版:Q』,Logical reasoning
17284,8,庵野秀明,"2006年(平成18年)に、庵野秀明はアニメ制作会社「株式会社カラー」を設立し、それまで名を連ねていたガイナックスの取締役から退いている。新スタジオでの第一作目は、2007年(平成19年)9月1日に全国主要映画館にて封切りされた『ヱヴァンゲリヲン新劇場版』四部作の1つ『ヱヴァンゲリヲン新劇場版:序』であった。2009年(平成21年)6月27日には『ヱヴァンゲリヲン新劇場版:破』、2012年(平成24年)11月17日に『ヱヴァンゲリヲン新劇場版:Q』を全国主要映画館にて封切りした。完結編として『シン・エヴァンゲリオン劇場版:||』が予定されている。

2011年(平成23年)に平野勝之監督の『監督失格』を実写初プロデュース作品として手掛けた。2013年(平成25年)には、宮崎駿の長編アニメーション映画『風立ちぬ』の主人公・堀越二郎役で声優デビューした。

2014年(平成26年)に第27回東京国際映画祭の企画で「庵野秀明の世界」が開催された。学生時代からの映像作品がTOHOシネマズ日本橋で上映、トークセッションも開催された。

2015年(平成27年)4月1日、2016年に公開予定の「ゴジラシリーズ」新作で、脚本と総監督を務めることが発表された。2015年秋から撮影開始し、2016年7月29日に『シン・ゴジラ』のタイトルで公開された。

2017年(平成29年)5月8日、NPO法人『アニメ特撮アーカイブ機構』を設立し、代表を務める。",『ヱヴァンゲリヲン新劇場版:破』が封切りされたのは何年ですか?,2009年,Syntactic variation
17285,8,庵野秀明,"2006年(平成18年)に、庵野秀明はアニメ制作会社「株式会社カラー」を設立し、それまで名を連ねていたガイナックスの取締役から退いている。新スタジオでの第一作目は、2007年(平成19年)9月1日に全国主要映画館にて封切りされた『ヱヴァンゲリヲン新劇場版』四部作の1つ『ヱヴァンゲリヲン新劇場版:序』であった。2009年(平成21年)6月27日には『ヱヴァンゲリヲン新劇場版:破』、2012年(平成24年)11月17日に『ヱヴァンゲリヲン新劇場版:Q』を全国主要映画館にて封切りした。完結編として『シン・エヴァンゲリオン劇場版:||』が予定されている。

2011年(平成23年)に平野勝之監督の『監督失格』を実写初プロデュース作品として手掛けた。2013年(平成25年)には、宮崎駿の長編アニメーション映画『風立ちぬ』の主人公・堀越二郎役で声優デビューした。

2014年(平成26年)に第27回東京国際映画祭の企画で「庵野秀明の世界」が開催された。学生時代からの映像作品がTOHOシネマズ日本橋で上映、トークセッションも開催された。

2015年(平成27年)4月1日、2016年に公開予定の「ゴジラシリーズ」新作で、脚本と総監督を務めることが発表された。2015年秋から撮影開始し、2016年7月29日に『シン・ゴジラ』のタイトルで公開された。

2017年(平成29年)5月8日、NPO法人『アニメ特撮アーカイブ機構』を設立し、代表を務める。",『ヱヴァンゲリヲン新劇場版:Q』の開封年度は?,2012年,Lexical variation (synonymy)
17286,8,庵野秀明,"2006年(平成18年)に、庵野秀明はアニメ制作会社「株式会社カラー」を設立し、それまで名を連ねていたガイナックスの取締役から退いている。新スタジオでの第一作目は、2007年(平成19年)9月1日に全国主要映画館にて封切りされた『ヱヴァンゲリヲン新劇場版』四部作の1つ『ヱヴァンゲリヲン新劇場版:序』であった。2009年(平成21年)6月27日には『ヱヴァンゲリヲン新劇場版:破』、2012年(平成24年)11月17日に『ヱヴァンゲリヲン新劇場版:Q』を全国主要映画館にて封切りした。完結編として『シン・エヴァンゲリオン劇場版:||』が予定されている。

2011年(平成23年)に平野勝之監督の『監督失格』を実写初プロデュース作品として手掛けた。2013年(平成25年)には、宮崎駿の長編アニメーション映画『風立ちぬ』の主人公・堀越二郎役で声優デビューした。

2014年(平成26年)に第27回東京国際映画祭の企画で「庵野秀明の世界」が開催された。学生時代からの映像作品がTOHOシネマズ日本橋で上映、トークセッションも開催された。

2015年(平成27年)4月1日、2016年に公開予定の「ゴジラシリーズ」新作で、脚本と総監督を務めることが発表された。2015年秋から撮影開始し、2016年7月29日に『シン・ゴジラ』のタイトルで公開された。

2017年(平成29年)5月8日、NPO法人『アニメ特撮アーカイブ機構』を設立し、代表を務める。",『ヱヴァンゲリヲン新劇場版』の完結編になる予定の作品名はなんですか?,『シン・エヴァンゲリオン劇場版:||』,Syntactic variation
17287,8,庵野秀明,"2006年(平成18年)に、庵野秀明はアニメ制作会社「株式会社カラー」を設立し、それまで名を連ねていたガイナックスの取締役から退いている。新スタジオでの第一作目は、2007年(平成19年)9月1日に全国主要映画館にて封切りされた『ヱヴァンゲリヲン新劇場版』四部作の1つ『ヱヴァンゲリヲン新劇場版:序』であった。2009年(平成21年)6月27日には『ヱヴァンゲリヲン新劇場版:破』、2012年(平成24年)11月17日に『ヱヴァンゲリヲン新劇場版:Q』を全国主要映画館にて封切りした。完結編として『シン・エヴァンゲリオン劇場版:||』が予定されている。

2011年(平成23年)に平野勝之監督の『監督失格』を実写初プロデュース作品として手掛けた。2013年(平成25年)には、宮崎駿の長編アニメーション映画『風立ちぬ』の主人公・堀越二郎役で声優デビューした。

2014年(平成26年)に第27回東京国際映画祭の企画で「庵野秀明の世界」が開催された。学生時代からの映像作品がTOHOシネマズ日本橋で上映、トークセッションも開催された。

2015年(平成27年)4月1日、2016年に公開予定の「ゴジラシリーズ」新作で、脚本と総監督を務めることが発表された。2015年秋から撮影開始し、2016年7月29日に『シン・ゴジラ』のタイトルで公開された。

2017年(平成29年)5月8日、NPO法人『アニメ特撮アーカイブ機構』を設立し、代表を務める。",『監督失格』の監督は誰ですか?,平野勝之,Syntactic variation
17288,8,庵野秀明,"2006年(平成18年)に、庵野秀明はアニメ制作会社「株式会社カラー」を設立し、それまで名を連ねていたガイナックスの取締役から退いている。新スタジオでの第一作目は、2007年(平成19年)9月1日に全国主要映画館にて封切りされた『ヱヴァンゲリヲン新劇場版』四部作の1つ『ヱヴァンゲリヲン新劇場版:序』であった。2009年(平成21年)6月27日には『ヱヴァンゲリヲン新劇場版:破』、2012年(平成24年)11月17日に『ヱヴァンゲリヲン新劇場版:Q』を全国主要映画館にて封切りした。完結編として『シン・エヴァンゲリオン劇場版:||』が予定されている。

2011年(平成23年)に平野勝之監督の『監督失格』を実写初プロデュース作品として手掛けた。2013年(平成25年)には、宮崎駿の長編アニメーション映画『風立ちぬ』の主人公・堀越二郎役で声優デビューした。

2014年(平成26年)に第27回東京国際映画祭の企画で「庵野秀明の世界」が開催された。学生時代からの映像作品がTOHOシネマズ日本橋で上映、トークセッションも開催された。

2015年(平成27年)4月1日、2016年に公開予定の「ゴジラシリーズ」新作で、脚本と総監督を務めることが発表された。2015年秋から撮影開始し、2016年7月29日に『シン・ゴジラ』のタイトルで公開された。

2017年(平成29年)5月8日、NPO法人『アニメ特撮アーカイブ機構』を設立し、代表を務める。",庵野秀明の実写初プロデュース作品のタイトルはなんですか?,『監督失格』,Syntactic variation
17289,8,庵野秀明,"2006年(平成18年)に、庵野秀明はアニメ制作会社「株式会社カラー」を設立し、それまで名を連ねていたガイナックスの取締役から退いている。新スタジオでの第一作目は、2007年(平成19年)9月1日に全国主要映画館にて封切りされた『ヱヴァンゲリヲン新劇場版』四部作の1つ『ヱヴァンゲリヲン新劇場版:序』であった。2009年(平成21年)6月27日には『ヱヴァンゲリヲン新劇場版:破』、2012年(平成24年)11月17日に『ヱヴァンゲリヲン新劇場版:Q』を全国主要映画館にて封切りした。完結編として『シン・エヴァンゲリオン劇場版:||』が予定されている。

2011年(平成23年)に平野勝之監督の『監督失格』を実写初プロデュース作品として手掛けた。2013年(平成25年)には、宮崎駿の長編アニメーション映画『風立ちぬ』の主人公・堀越二郎役で声優デビューした。

2014年(平成26年)に第27回東京国際映画祭の企画で「庵野秀明の世界」が開催された。学生時代からの映像作品がTOHOシネマズ日本橋で上映、トークセッションも開催された。

2015年(平成27年)4月1日、2016年に公開予定の「ゴジラシリーズ」新作で、脚本と総監督を務めることが発表された。2015年秋から撮影開始し、2016年7月29日に『シン・ゴジラ』のタイトルで公開された。

2017年(平成29年)5月8日、NPO法人『アニメ特撮アーカイブ機構』を設立し、代表を務める。",『監督失格』が公開されたのは何年ですか?,2011年,Lexical variation (world knowledge)
17290,8,庵野秀明,"2006年(平成18年)に、庵野秀明はアニメ制作会社「株式会社カラー」を設立し、それまで名を連ねていたガイナックスの取締役から退いている。新スタジオでの第一作目は、2007年(平成19年)9月1日に全国主要映画館にて封切りされた『ヱヴァンゲリヲン新劇場版』四部作の1つ『ヱヴァンゲリヲン新劇場版:序』であった。2009年(平成21年)6月27日には『ヱヴァンゲリヲン新劇場版:破』、2012年(平成24年)11月17日に『ヱヴァンゲリヲン新劇場版:Q』を全国主要映画館にて封切りした。完結編として『シン・エヴァンゲリオン劇場版:||』が予定されている。

2011年(平成23年)に平野勝之監督の『監督失格』を実写初プロデュース作品として手掛けた。2013年(平成25年)には、宮崎駿の長編アニメーション映画『風立ちぬ』の主人公・堀越二郎役で声優デビューした。

2014年(平成26年)に第27回東京国際映画祭の企画で「庵野秀明の世界」が開催された。学生時代からの映像作品がTOHOシネマズ日本橋で上映、トークセッションも開催された。

2015年(平成27年)4月1日、2016年に公開予定の「ゴジラシリーズ」新作で、脚本と総監督を務めることが発表された。2015年秋から撮影開始し、2016年7月29日に『シン・ゴジラ』のタイトルで公開された。

2017年(平成29年)5月8日、NPO法人『アニメ特撮アーカイブ機構』を設立し、代表を務める。",長編アニメーション映画『風立ちぬ』は誰の作品ですか?,宮崎駿,Syntactic variation
17291,8,庵野秀明,"2006年(平成18年)に、庵野秀明はアニメ制作会社「株式会社カラー」を設立し、それまで名を連ねていたガイナックスの取締役から退いている。新スタジオでの第一作目は、2007年(平成19年)9月1日に全国主要映画館にて封切りされた『ヱヴァンゲリヲン新劇場版』四部作の1つ『ヱヴァンゲリヲン新劇場版:序』であった。2009年(平成21年)6月27日には『ヱヴァンゲリヲン新劇場版:破』、2012年(平成24年)11月17日に『ヱヴァンゲリヲン新劇場版:Q』を全国主要映画館にて封切りした。完結編として『シン・エヴァンゲリオン劇場版:||』が予定されている。

2011年(平成23年)に平野勝之監督の『監督失格』を実写初プロデュース作品として手掛けた。2013年(平成25年)には、宮崎駿の長編アニメーション映画『風立ちぬ』の主人公・堀越二郎役で声優デビューした。

2014年(平成26年)に第27回東京国際映画祭の企画で「庵野秀明の世界」が開催された。学生時代からの映像作品がTOHOシネマズ日本橋で上映、トークセッションも開催された。

2015年(平成27年)4月1日、2016年に公開予定の「ゴジラシリーズ」新作で、脚本と総監督を務めることが発表された。2015年秋から撮影開始し、2016年7月29日に『シン・ゴジラ』のタイトルで公開された。

2017年(平成29年)5月8日、NPO法人『アニメ特撮アーカイブ機構』を設立し、代表を務める。",庵野が声優デビューした作品とは?,『風立ちぬ』,Syntactic variation
17292,8,庵野秀明,"2006年(平成18年)に、庵野秀明はアニメ制作会社「株式会社カラー」を設立し、それまで名を連ねていたガイナックスの取締役から退いている。新スタジオでの第一作目は、2007年(平成19年)9月1日に全国主要映画館にて封切りされた『ヱヴァンゲリヲン新劇場版』四部作の1つ『ヱヴァンゲリヲン新劇場版:序』であった。2009年(平成21年)6月27日には『ヱヴァンゲリヲン新劇場版:破』、2012年(平成24年)11月17日に『ヱヴァンゲリヲン新劇場版:Q』を全国主要映画館にて封切りした。完結編として『シン・エヴァンゲリオン劇場版:||』が予定されている。

2011年(平成23年)に平野勝之監督の『監督失格』を実写初プロデュース作品として手掛けた。2013年(平成25年)には、宮崎駿の長編アニメーション映画『風立ちぬ』の主人公・堀越二郎役で声優デビューした。

2014年(平成26年)に第27回東京国際映画祭の企画で「庵野秀明の世界」が開催された。学生時代からの映像作品がTOHOシネマズ日本橋で上映、トークセッションも開催された。

2015年(平成27年)4月1日、2016年に公開予定の「ゴジラシリーズ」新作で、脚本と総監督を務めることが発表された。2015年秋から撮影開始し、2016年7月29日に『シン・ゴジラ』のタイトルで公開された。

2017年(平成29年)5月8日、NPO法人『アニメ特撮アーカイブ機構』を設立し、代表を務める。",「庵野秀明の世界」が開催されたのはどこですか?,第27回東京国際映画祭,Syntactic variation
17293,8,庵野秀明,"2006年(平成18年)に、庵野秀明はアニメ制作会社「株式会社カラー」を設立し、それまで名を連ねていたガイナックスの取締役から退いている。新スタジオでの第一作目は、2007年(平成19年)9月1日に全国主要映画館にて封切りされた『ヱヴァンゲリヲン新劇場版』四部作の1つ『ヱヴァンゲリヲン新劇場版:序』であった。2009年(平成21年)6月27日には『ヱヴァンゲリヲン新劇場版:破』、2012年(平成24年)11月17日に『ヱヴァンゲリヲン新劇場版:Q』を全国主要映画館にて封切りした。完結編として『シン・エヴァンゲリオン劇場版:||』が予定されている。

2011年(平成23年)に平野勝之監督の『監督失格』を実写初プロデュース作品として手掛けた。2013年(平成25年)には、宮崎駿の長編アニメーション映画『風立ちぬ』の主人公・堀越二郎役で声優デビューした。

2014年(平成26年)に第27回東京国際映画祭の企画で「庵野秀明の世界」が開催された。学生時代からの映像作品がTOHOシネマズ日本橋で上映、トークセッションも開催された。

2015年(平成27年)4月1日、2016年に公開予定の「ゴジラシリーズ」新作で、脚本と総監督を務めることが発表された。2015年秋から撮影開始し、2016年7月29日に『シン・ゴジラ』のタイトルで公開された。

2017年(平成29年)5月8日、NPO法人『アニメ特撮アーカイブ機構』を設立し、代表を務める。",第27回東京国際映画祭が開かれたのは何年ですか?,2014年,Lexical variation (world knowledge)
17294,8,庵野秀明,"2006年(平成18年)に、庵野秀明はアニメ制作会社「株式会社カラー」を設立し、それまで名を連ねていたガイナックスの取締役から退いている。新スタジオでの第一作目は、2007年(平成19年)9月1日に全国主要映画館にて封切りされた『ヱヴァンゲリヲン新劇場版』四部作の1つ『ヱヴァンゲリヲン新劇場版:序』であった。2009年(平成21年)6月27日には『ヱヴァンゲリヲン新劇場版:破』、2012年(平成24年)11月17日に『ヱヴァンゲリヲン新劇場版:Q』を全国主要映画館にて封切りした。完結編として『シン・エヴァンゲリオン劇場版:||』が予定されている。

2011年(平成23年)に平野勝之監督の『監督失格』を実写初プロデュース作品として手掛けた。2013年(平成25年)には、宮崎駿の長編アニメーション映画『風立ちぬ』の主人公・堀越二郎役で声優デビューした。

2014年(平成26年)に第27回東京国際映画祭の企画で「庵野秀明の世界」が開催された。学生時代からの映像作品がTOHOシネマズ日本橋で上映、トークセッションも開催された。

2015年(平成27年)4月1日、2016年に公開予定の「ゴジラシリーズ」新作で、脚本と総監督を務めることが発表された。2015年秋から撮影開始し、2016年7月29日に『シン・ゴジラ』のタイトルで公開された。

2017年(平成29年)5月8日、NPO法人『アニメ特撮アーカイブ機構』を設立し、代表を務める。",『シン・ゴジラ』で庵野秀明が総監督とともに務めた仕事はなんですか?,脚本,Syntactic variation
17295,8,庵野秀明,"2006年(平成18年)に、庵野秀明はアニメ制作会社「株式会社カラー」を設立し、それまで名を連ねていたガイナックスの取締役から退いている。新スタジオでの第一作目は、2007年(平成19年)9月1日に全国主要映画館にて封切りされた『ヱヴァンゲリヲン新劇場版』四部作の1つ『ヱヴァンゲリヲン新劇場版:序』であった。2009年(平成21年)6月27日には『ヱヴァンゲリヲン新劇場版:破』、2012年(平成24年)11月17日に『ヱヴァンゲリヲン新劇場版:Q』を全国主要映画館にて封切りした。完結編として『シン・エヴァンゲリオン劇場版:||』が予定されている。

2011年(平成23年)に平野勝之監督の『監督失格』を実写初プロデュース作品として手掛けた。2013年(平成25年)には、宮崎駿の長編アニメーション映画『風立ちぬ』の主人公・堀越二郎役で声優デビューした。

2014年(平成26年)に第27回東京国際映画祭の企画で「庵野秀明の世界」が開催された。学生時代からの映像作品がTOHOシネマズ日本橋で上映、トークセッションも開催された。

2015年(平成27年)4月1日、2016年に公開予定の「ゴジラシリーズ」新作で、脚本と総監督を務めることが発表された。2015年秋から撮影開始し、2016年7月29日に『シン・ゴジラ』のタイトルで公開された。

2017年(平成29年)5月8日、NPO法人『アニメ特撮アーカイブ機構』を設立し、代表を務める。",『シン・ゴジラ』の撮影開始は何年ですか?,2015年,Syntactic variation
17296,8,庵野秀明,"2006年(平成18年)に、庵野秀明はアニメ制作会社「株式会社カラー」を設立し、それまで名を連ねていたガイナックスの取締役から退いている。新スタジオでの第一作目は、2007年(平成19年)9月1日に全国主要映画館にて封切りされた『ヱヴァンゲリヲン新劇場版』四部作の1つ『ヱヴァンゲリヲン新劇場版:序』であった。2009年(平成21年)6月27日には『ヱヴァンゲリヲン新劇場版:破』、2012年(平成24年)11月17日に『ヱヴァンゲリヲン新劇場版:Q』を全国主要映画館にて封切りした。完結編として『シン・エヴァンゲリオン劇場版:||』が予定されている。

2011年(平成23年)に平野勝之監督の『監督失格』を実写初プロデュース作品として手掛けた。2013年(平成25年)には、宮崎駿の長編アニメーション映画『風立ちぬ』の主人公・堀越二郎役で声優デビューした。

2014年(平成26年)に第27回東京国際映画祭の企画で「庵野秀明の世界」が開催された。学生時代からの映像作品がTOHOシネマズ日本橋で上映、トークセッションも開催された。

2015年(平成27年)4月1日、2016年に公開予定の「ゴジラシリーズ」新作で、脚本と総監督を務めることが発表された。2015年秋から撮影開始し、2016年7月29日に『シン・ゴジラ』のタイトルで公開された。

2017年(平成29年)5月8日、NPO法人『アニメ特撮アーカイブ機構』を設立し、代表を務める。",『シン・ゴジラ』のタイトルが公開されたのは何年ですか?,2016年,Syntactic variation
17297,8,庵野秀明,"2006年(平成18年)に、庵野秀明はアニメ制作会社「株式会社カラー」を設立し、それまで名を連ねていたガイナックスの取締役から退いている。新スタジオでの第一作目は、2007年(平成19年)9月1日に全国主要映画館にて封切りされた『ヱヴァンゲリヲン新劇場版』四部作の1つ『ヱヴァンゲリヲン新劇場版:序』であった。2009年(平成21年)6月27日には『ヱヴァンゲリヲン新劇場版:破』、2012年(平成24年)11月17日に『ヱヴァンゲリヲン新劇場版:Q』を全国主要映画館にて封切りした。完結編として『シン・エヴァンゲリオン劇場版:||』が予定されている。

2011年(平成23年)に平野勝之監督の『監督失格』を実写初プロデュース作品として手掛けた。2013年(平成25年)には、宮崎駿の長編アニメーション映画『風立ちぬ』の主人公・堀越二郎役で声優デビューした。

2014年(平成26年)に第27回東京国際映画祭の企画で「庵野秀明の世界」が開催された。学生時代からの映像作品がTOHOシネマズ日本橋で上映、トークセッションも開催された。

2015年(平成27年)4月1日、2016年に公開予定の「ゴジラシリーズ」新作で、脚本と総監督を務めることが発表された。2015年秋から撮影開始し、2016年7月29日に『シン・ゴジラ』のタイトルで公開された。

2017年(平成29年)5月8日、NPO法人『アニメ特撮アーカイブ機構』を設立し、代表を務める。",2017年庵野が設立したNPO法人の名称はなんでしょう?,『アニメ特撮アーカイブ機構』,Syntactic variation
17298,8,庵野秀明,"2006年(平成18年)に、庵野秀明はアニメ制作会社「株式会社カラー」を設立し、それまで名を連ねていたガイナックスの取締役から退いている。新スタジオでの第一作目は、2007年(平成19年)9月1日に全国主要映画館にて封切りされた『ヱヴァンゲリヲン新劇場版』四部作の1つ『ヱヴァンゲリヲン新劇場版:序』であった。2009年(平成21年)6月27日には『ヱヴァンゲリヲン新劇場版:破』、2012年(平成24年)11月17日に『ヱヴァンゲリヲン新劇場版:Q』を全国主要映画館にて封切りした。完結編として『シン・エヴァンゲリオン劇場版:||』が予定されている。

2011年(平成23年)に平野勝之監督の『監督失格』を実写初プロデュース作品として手掛けた。2013年(平成25年)には、宮崎駿の長編アニメーション映画『風立ちぬ』の主人公・堀越二郎役で声優デビューした。

2014年(平成26年)に第27回東京国際映画祭の企画で「庵野秀明の世界」が開催された。学生時代からの映像作品がTOHOシネマズ日本橋で上映、トークセッションも開催された。

2015年(平成27年)4月1日、2016年に公開予定の「ゴジラシリーズ」新作で、脚本と総監督を務めることが発表された。2015年秋から撮影開始し、2016年7月29日に『シン・ゴジラ』のタイトルで公開された。

2017年(平成29年)5月8日、NPO法人『アニメ特撮アーカイブ機構』を設立し、代表を務める。",『アニメ特撮アーカイブ機構』を設立した日付けは何月何日ですか?,5月8日,Syntactic variation
17299,8,庵野秀明,"2006年(平成18年)に、庵野秀明はアニメ制作会社「株式会社カラー」を設立し、それまで名を連ねていたガイナックスの取締役から退いている。新スタジオでの第一作目は、2007年(平成19年)9月1日に全国主要映画館にて封切りされた『ヱヴァンゲリヲン新劇場版』四部作の1つ『ヱヴァンゲリヲン新劇場版:序』であった。2009年(平成21年)6月27日には『ヱヴァンゲリヲン新劇場版:破』、2012年(平成24年)11月17日に『ヱヴァンゲリヲン新劇場版:Q』を全国主要映画館にて封切りした。完結編として『シン・エヴァンゲリオン劇場版:||』が予定されている。

2011年(平成23年)に平野勝之監督の『監督失格』を実写初プロデュース作品として手掛けた。2013年(平成25年)には、宮崎駿の長編アニメーション映画『風立ちぬ』の主人公・堀越二郎役で声優デビューした。

2014年(平成26年)に第27回東京国際映画祭の企画で「庵野秀明の世界」が開催された。学生時代からの映像作品がTOHOシネマズ日本橋で上映、トークセッションも開催された。

2015年(平成27年)4月1日、2016年に公開予定の「ゴジラシリーズ」新作で、脚本と総監督を務めることが発表された。2015年秋から撮影開始し、2016年7月29日に『シン・ゴジラ』のタイトルで公開された。

2017年(平成29年)5月8日、NPO法人『アニメ特撮アーカイブ機構』を設立し、代表を務める。",「ゴジラシリーズ」新作で、脚本と総監督を務めることが発表があったのは平成何年ですか?,平成27年,Syntactic variation
17300,8,庵野秀明,"2006年(平成18年)に、庵野秀明はアニメ制作会社「株式会社カラー」を設立し、それまで名を連ねていたガイナックスの取締役から退いている。新スタジオでの第一作目は、2007年(平成19年)9月1日に全国主要映画館にて封切りされた『ヱヴァンゲリヲン新劇場版』四部作の1つ『ヱヴァンゲリヲン新劇場版:序』であった。2009年(平成21年)6月27日には『ヱヴァンゲリヲン新劇場版:破』、2012年(平成24年)11月17日に『ヱヴァンゲリヲン新劇場版:Q』を全国主要映画館にて封切りした。完結編として『シン・エヴァンゲリオン劇場版:||』が予定されている。

2011年(平成23年)に平野勝之監督の『監督失格』を実写初プロデュース作品として手掛けた。2013年(平成25年)には、宮崎駿の長編アニメーション映画『風立ちぬ』の主人公・堀越二郎役で声優デビューした。

2014年(平成26年)に第27回東京国際映画祭の企画で「庵野秀明の世界」が開催された。学生時代からの映像作品がTOHOシネマズ日本橋で上映、トークセッションも開催された。

2015年(平成27年)4月1日、2016年に公開予定の「ゴジラシリーズ」新作で、脚本と総監督を務めることが発表された。2015年秋から撮影開始し、2016年7月29日に『シン・ゴジラ』のタイトルで公開された。

2017年(平成29年)5月8日、NPO法人『アニメ特撮アーカイブ機構』を設立し、代表を務める。",庵野が『シン・ゴジラ』の脚本と総監督を務めると発表した日付けは何月何日ですか?,4月1日,Syntactic variation
17301,9,庵野秀明,"庵野秀明は人間のエゴや醜さをえぐり出す心理描写、細部にこだわったメカ造型、大胆な映像演出を得意とする。意外な所から撮るエキセントリックなアングル(カメラアングル=構図)や逆光などを多用した描写が多い。また、作品中に電柱・電線、信号機、遮断機、道路標識、非常口マークなどの短いカットを挿入することが多い。電柱・電線は、自らの会社カラーのホームページにも使用している。
好きな映画・アニメ・漫画からのパロディ・オマージュが多く盛り込まれている。特に永井豪、石川賢や岡本喜八、実相寺昭雄などからの影響が大きい。同時にオリジナリティについては『新世紀エヴァンゲリオン』のコミック第1巻の所信表明文や『スキゾ・エヴァンゲリオン』上で、「僕のようなアニメや漫画をばかり見てきた世代は、パッと浮かんだことにだいたいいつも元ネタがあり、時に嫌になる。」という趣旨の発言をしている。
作画面では建築物や機械、爆発シーンの描写を得意とする。人物は、アニメ的なキャラクターが苦手と本人も認めており、描くことは少ないが、ゼネラルプロダクツのアニメック誌の連載やパンフレットの挿絵、まんがアニメックや同人誌に掲載された短編マンガなどがあり、『超時空要塞マクロス愛・おぼえていますか』ではリン・ミンメイの原画を手掛けている。
作中の楽曲には、「FlymetotheMoon(CLAIREと高橋洋子のシングル)」・「あの素晴しい愛をもう一度」・「夢の中へ」等のカバーが用いられている。",作品中に短いカットを挿入するものとして電柱・電線、信号機、遮断機、道路標識の他、庵野がよく使う素材は?,非常口マーク,Lexical variation (world knowledge)
17302,9,庵野秀明,"庵野秀明は人間のエゴや醜さをえぐり出す心理描写、細部にこだわったメカ造型、大胆な映像演出を得意とする。意外な所から撮るエキセントリックなアングル(カメラアングル=構図)や逆光などを多用した描写が多い。また、作品中に電柱・電線、信号機、遮断機、道路標識、非常口マークなどの短いカットを挿入することが多い。電柱・電線は、自らの会社カラーのホームページにも使用している。
好きな映画・アニメ・漫画からのパロディ・オマージュが多く盛り込まれている。特に永井豪、石川賢や岡本喜八、実相寺昭雄などからの影響が大きい。同時にオリジナリティについては『新世紀エヴァンゲリオン』のコミック第1巻の所信表明文や『スキゾ・エヴァンゲリオン』上で、「僕のようなアニメや漫画をばかり見てきた世代は、パッと浮かんだことにだいたいいつも元ネタがあり、時に嫌になる。」という趣旨の発言をしている。
作画面では建築物や機械、爆発シーンの描写を得意とする。人物は、アニメ的なキャラクターが苦手と本人も認めており、描くことは少ないが、ゼネラルプロダクツのアニメック誌の連載やパンフレットの挿絵、まんがアニメックや同人誌に掲載された短編マンガなどがあり、『超時空要塞マクロス愛・おぼえていますか』ではリン・ミンメイの原画を手掛けている。
作中の楽曲には、「FlymetotheMoon(CLAIREと高橋洋子のシングル)」・「あの素晴しい愛をもう一度」・「夢の中へ」等のカバーが用いられている。",庵野秀明の会社カラーのホームページにも使用された、彼がよく使うアイテムとはなんですか?,電柱・電線,Lexical variation (world knowledge)
17303,9,庵野秀明,"庵野秀明は人間のエゴや醜さをえぐり出す心理描写、細部にこだわったメカ造型、大胆な映像演出を得意とする。意外な所から撮るエキセントリックなアングル(カメラアングル=構図)や逆光などを多用した描写が多い。また、作品中に電柱・電線、信号機、遮断機、道路標識、非常口マークなどの短いカットを挿入することが多い。電柱・電線は、自らの会社カラーのホームページにも使用している。
好きな映画・アニメ・漫画からのパロディ・オマージュが多く盛り込まれている。特に永井豪、石川賢や岡本喜八、実相寺昭雄などからの影響が大きい。同時にオリジナリティについては『新世紀エヴァンゲリオン』のコミック第1巻の所信表明文や『スキゾ・エヴァンゲリオン』上で、「僕のようなアニメや漫画をばかり見てきた世代は、パッと浮かんだことにだいたいいつも元ネタがあり、時に嫌になる。」という趣旨の発言をしている。
作画面では建築物や機械、爆発シーンの描写を得意とする。人物は、アニメ的なキャラクターが苦手と本人も認めており、描くことは少ないが、ゼネラルプロダクツのアニメック誌の連載やパンフレットの挿絵、まんがアニメックや同人誌に掲載された短編マンガなどがあり、『超時空要塞マクロス愛・おぼえていますか』ではリン・ミンメイの原画を手掛けている。
作中の楽曲には、「FlymetotheMoon(CLAIREと高橋洋子のシングル)」・「あの素晴しい愛をもう一度」・「夢の中へ」等のカバーが用いられている。",庵野秀明の映像演出において、彼が得意とするものはなんですか?,大胆な映像演出,Logical reasoning
17304,9,庵野秀明,"庵野秀明は人間のエゴや醜さをえぐり出す心理描写、細部にこだわったメカ造型、大胆な映像演出を得意とする。意外な所から撮るエキセントリックなアングル(カメラアングル=構図)や逆光などを多用した描写が多い。また、作品中に電柱・電線、信号機、遮断機、道路標識、非常口マークなどの短いカットを挿入することが多い。電柱・電線は、自らの会社カラーのホームページにも使用している。
好きな映画・アニメ・漫画からのパロディ・オマージュが多く盛り込まれている。特に永井豪、石川賢や岡本喜八、実相寺昭雄などからの影響が大きい。同時にオリジナリティについては『新世紀エヴァンゲリオン』のコミック第1巻の所信表明文や『スキゾ・エヴァンゲリオン』上で、「僕のようなアニメや漫画をばかり見てきた世代は、パッと浮かんだことにだいたいいつも元ネタがあり、時に嫌になる。」という趣旨の発言をしている。
作画面では建築物や機械、爆発シーンの描写を得意とする。人物は、アニメ的なキャラクターが苦手と本人も認めており、描くことは少ないが、ゼネラルプロダクツのアニメック誌の連載やパンフレットの挿絵、まんがアニメックや同人誌に掲載された短編マンガなどがあり、『超時空要塞マクロス愛・おぼえていますか』ではリン・ミンメイの原画を手掛けている。
作中の楽曲には、「FlymetotheMoon(CLAIREと高橋洋子のシングル)」・「あの素晴しい愛をもう一度」・「夢の中へ」等のカバーが用いられている。",庵野が苦手と本人も認める分野はなんですか?,アニメ的なキャラクター,Syntactic variation
17305,10,イヴァン4世,イヴァン4世は、モスクワ大公、モスクワ・ロシアの初代ツァーリである。イヴァン雷帝という異称でも知られる。当時の表記はヨアン4世またはイオアン4世、しかし当時発行された貨幣には、Иван又はIванと表記された。ヴァシーリー3世の長男、母はエレナ・グリンスカヤである。また、後のソビエト連邦で最高指導者となるヨシフ・スターリンにも影響を与えた。,イヴァン雷帝とは誰を指すのですか。,イヴァン4世,Multiple sentence reasoning
17306,10,イヴァン4世,イヴァン4世は、モスクワ大公、モスクワ・ロシアの初代ツァーリである。イヴァン雷帝という異称でも知られる。当時の表記はヨアン4世またはイオアン4世、しかし当時発行された貨幣には、Иван又はIванと表記された。ヴァシーリー3世の長男、母はエレナ・グリンスカヤである。また、後のソビエト連邦で最高指導者となるヨシフ・スターリンにも影響を与えた。,イヴァン4世の父は誰?,ヴァシーリー3世,Lexical variation (world knowledge)
17307,11,イヴァン4世,イヴァン4世は、対外的には、東方への領土を拡大してアストラハン・ハン国とカザン・ハン国をモスクワ国家に組み入れ、治世末期にはシビル・ハン国の征服事業も成功裡に進んでいた。しかし、西部国境で長年にわたって続けられたリヴォニア戦争は完全な失敗に終わり、国内を激しく疲弊させる結果となった。内政面では、16世紀ヨーロッパにおける絶対君主制の発展の中で、ツァーリズムと呼ばれるロシア型の専制政治を志向し、大貴族の専横を抑えることに精力を傾注した。1547年に「全ルーシのツァーリ」の公称を開始した。行政・軍事の積極的な改革や、大貴族を排除した官僚による政治を試みた反面、強引な圧政や大規模な粛清、恐怖政治というマイナス面も生じたため、全土にわたって経済は低迷し、耕作地の放置が相次いだ。それを防ぐために、農民が土地から離れることを禁じた「禁止年実施令」は、農民の領主への依存を強め、農奴制の下地となった。結果的に大貴族層は権力を保持し、イヴァン4世亡き後のツァーリ権力の弱体化に乗じ、ロマノフ朝の成立までモスクワ国家を実質的に支配することになる。,イヴァン4世にとってリヴォニア戦争は成功でしたか、失敗でしたか。,失敗,Logical reasoning
17308,11,イヴァン4世,イヴァン4世は、対外的には、東方への領土を拡大してアストラハン・ハン国とカザン・ハン国をモスクワ国家に組み入れ、治世末期にはシビル・ハン国の征服事業も成功裡に進んでいた。しかし、西部国境で長年にわたって続けられたリヴォニア戦争は完全な失敗に終わり、国内を激しく疲弊させる結果となった。内政面では、16世紀ヨーロッパにおける絶対君主制の発展の中で、ツァーリズムと呼ばれるロシア型の専制政治を志向し、大貴族の専横を抑えることに精力を傾注した。1547年に「全ルーシのツァーリ」の公称を開始した。行政・軍事の積極的な改革や、大貴族を排除した官僚による政治を試みた反面、強引な圧政や大規模な粛清、恐怖政治というマイナス面も生じたため、全土にわたって経済は低迷し、耕作地の放置が相次いだ。それを防ぐために、農民が土地から離れることを禁じた「禁止年実施令」は、農民の領主への依存を強め、農奴制の下地となった。結果的に大貴族層は権力を保持し、イヴァン4世亡き後のツァーリ権力の弱体化に乗じ、ロマノフ朝の成立までモスクワ国家を実質的に支配することになる。,1547年に「全ルーシのツァーリ」の公称を開始したのは誰の業績ですか。,イヴァン4世,Multiple sentence reasoning
17309,12,イヴァン4世,1530年8月25日、イヴァン4世はクレムリンのテレムノイ宮殿で生まれた。長く後継者のいなかったヴァシーリー3世にとっては待望の嫡男だったが、1525年に正教会の猛反対を押し切って不妊の先妻を追放し、イヴァン4世の母エレナを妻に迎えていることから、イェルサレム総主教はこの結婚を「邪悪な息子をもつだろう」と呪ったとされる。なお、エレナは1380年のクリコヴォの戦いでドミトリイ・ドンスコイに敗れたジョチ・ウルスの有力者、ママイの子孫と言われており、イヴァン4世はクリコヴォの戦いにおける勝者と敗者双方の血を引くことになる。,イヴァン4世はいつ誕生したか。,1530年8月25日,Lexical variation (synonymy)
17310,12,イヴァン4世,1530年8月25日、イヴァン4世はクレムリンのテレムノイ宮殿で生まれた。長く後継者のいなかったヴァシーリー3世にとっては待望の嫡男だったが、1525年に正教会の猛反対を押し切って不妊の先妻を追放し、イヴァン4世の母エレナを妻に迎えていることから、イェルサレム総主教はこの結婚を「邪悪な息子をもつだろう」と呪ったとされる。なお、エレナは1380年のクリコヴォの戦いでドミトリイ・ドンスコイに敗れたジョチ・ウルスの有力者、ママイの子孫と言われており、イヴァン4世はクリコヴォの戦いにおける勝者と敗者双方の血を引くことになる。,イヴァン4世はどこで誕生したか。,テレムノイ宮殿,Lexical variation (synonymy)
17311,12,イヴァン4世,1530年8月25日、イヴァン4世はクレムリンのテレムノイ宮殿で生まれた。長く後継者のいなかったヴァシーリー3世にとっては待望の嫡男だったが、1525年に正教会の猛反対を押し切って不妊の先妻を追放し、イヴァン4世の母エレナを妻に迎えていることから、イェルサレム総主教はこの結婚を「邪悪な息子をもつだろう」と呪ったとされる。なお、エレナは1380年のクリコヴォの戦いでドミトリイ・ドンスコイに敗れたジョチ・ウルスの有力者、ママイの子孫と言われており、イヴァン4世はクリコヴォの戦いにおける勝者と敗者双方の血を引くことになる。,イヴァン4世の母は誰?,エレナ,Syntactic variation
17312,12,イヴァン4世,1530年8月25日、イヴァン4世はクレムリンのテレムノイ宮殿で生まれた。長く後継者のいなかったヴァシーリー3世にとっては待望の嫡男だったが、1525年に正教会の猛反対を押し切って不妊の先妻を追放し、イヴァン4世の母エレナを妻に迎えていることから、イェルサレム総主教はこの結婚を「邪悪な息子をもつだろう」と呪ったとされる。なお、エレナは1380年のクリコヴォの戦いでドミトリイ・ドンスコイに敗れたジョチ・ウルスの有力者、ママイの子孫と言われており、イヴァン4世はクリコヴォの戦いにおける勝者と敗者双方の血を引くことになる。,イヴァン4世の父は誰?,ヴァシーリー3世,Multiple sentence reasoning
17313,13,イヴァン4世,1533年12月、ヴァシーリー3世の死去により、イヴァン4世は3歳で大公に即位する。その後見には、まずシュイスキー公を中心とする貴族会議が、次いで母后エレナがオフチーニン=テーレプニェフ=オボレンスキー公の援助を受けて、摂政として政務を執行した。エレナの政府は全国レベルでの単一通貨の導入、辺境防衛の強化など精力的に政治に取り組み、隣国リトアニア大公国との国境紛争にも勝利した。また大公位を狙うイヴァン4世の二人の叔父、ドミトロフ公ユーリーとスターリツァ公アンドレイを失脚させ、母方のグリンスキー家が実権を掌握した。しかし1538年にエレナが死去すると、シュイスキー家とベルスキー家の人々に政権を奪取され、8歳のイヴァン4世の存在は無視されるようになった。またこの貴族同士の権力争いによってロシア正教会モスクワ府主教のイオシフが廃位されると、代わってイヴァン4世の教育係でもあるマカリーが府主教に叙任された。この時期、教会の権威は貴族勢力に左右されるまでに弱体化しており、マカリー府主教は教会の権威を高めるため、それに代わる強大な保護者を必要としていた。そのため、イヴァン4世には大公としてよりも「神に選ばれたツァーリ」としての教育が施された。聡明なイヴァン4世はよく学び、ダビデ王から始まり東ローマ帝国に続く「聖なる歴史」に親しむとともに、信仰心篤い青年へと成長する。しかしその一方で、鳥獣を虐殺したり、貴族の子弟と共に市内で暴れまわるなどの二面性を見せた。また13歳の頃には大公としての権限を行使し、かつて自らの廷臣を排除した摂政の一人、名門貴族のアンドレイ・シュイスキーを処刑している。,イヴァン4世が大公に即位したとき、彼は何歳でしたか。,3歳,Syntactic variation
17314,13,イヴァン4世,1533年12月、ヴァシーリー3世の死去により、イヴァン4世は3歳で大公に即位する。その後見には、まずシュイスキー公を中心とする貴族会議が、次いで母后エレナがオフチーニン=テーレプニェフ=オボレンスキー公の援助を受けて、摂政として政務を執行した。エレナの政府は全国レベルでの単一通貨の導入、辺境防衛の強化など精力的に政治に取り組み、隣国リトアニア大公国との国境紛争にも勝利した。また大公位を狙うイヴァン4世の二人の叔父、ドミトロフ公ユーリーとスターリツァ公アンドレイを失脚させ、母方のグリンスキー家が実権を掌握した。しかし1538年にエレナが死去すると、シュイスキー家とベルスキー家の人々に政権を奪取され、8歳のイヴァン4世の存在は無視されるようになった。またこの貴族同士の権力争いによってロシア正教会モスクワ府主教のイオシフが廃位されると、代わってイヴァン4世の教育係でもあるマカリーが府主教に叙任された。この時期、教会の権威は貴族勢力に左右されるまでに弱体化しており、マカリー府主教は教会の権威を高めるため、それに代わる強大な保護者を必要としていた。そのため、イヴァン4世には大公としてよりも「神に選ばれたツァーリ」としての教育が施された。聡明なイヴァン4世はよく学び、ダビデ王から始まり東ローマ帝国に続く「聖なる歴史」に親しむとともに、信仰心篤い青年へと成長する。しかしその一方で、鳥獣を虐殺したり、貴族の子弟と共に市内で暴れまわるなどの二面性を見せた。また13歳の頃には大公としての権限を行使し、かつて自らの廷臣を排除した摂政の一人、名門貴族のアンドレイ・シュイスキーを処刑している。,全国レベルでの単一通貨の導入、辺境防衛の強化など精力的に政治に取り組み、隣国リトアニア大公国との国境紛争にも勝利したのはどの政府の業績ですか。,エレナの政府,Lexical variation (world knowledge)
17315,13,イヴァン4世,1533年12月、ヴァシーリー3世の死去により、イヴァン4世は3歳で大公に即位する。その後見には、まずシュイスキー公を中心とする貴族会議が、次いで母后エレナがオフチーニン=テーレプニェフ=オボレンスキー公の援助を受けて、摂政として政務を執行した。エレナの政府は全国レベルでの単一通貨の導入、辺境防衛の強化など精力的に政治に取り組み、隣国リトアニア大公国との国境紛争にも勝利した。また大公位を狙うイヴァン4世の二人の叔父、ドミトロフ公ユーリーとスターリツァ公アンドレイを失脚させ、母方のグリンスキー家が実権を掌握した。しかし1538年にエレナが死去すると、シュイスキー家とベルスキー家の人々に政権を奪取され、8歳のイヴァン4世の存在は無視されるようになった。またこの貴族同士の権力争いによってロシア正教会モスクワ府主教のイオシフが廃位されると、代わってイヴァン4世の教育係でもあるマカリーが府主教に叙任された。この時期、教会の権威は貴族勢力に左右されるまでに弱体化しており、マカリー府主教は教会の権威を高めるため、それに代わる強大な保護者を必要としていた。そのため、イヴァン4世には大公としてよりも「神に選ばれたツァーリ」としての教育が施された。聡明なイヴァン4世はよく学び、ダビデ王から始まり東ローマ帝国に続く「聖なる歴史」に親しむとともに、信仰心篤い青年へと成長する。しかしその一方で、鳥獣を虐殺したり、貴族の子弟と共に市内で暴れまわるなどの二面性を見せた。また13歳の頃には大公としての権限を行使し、かつて自らの廷臣を排除した摂政の一人、名門貴族のアンドレイ・シュイスキーを処刑している。,エレナの政府はリトアニア大公国との国境紛争に勝利したか、敗北したか。,勝利,Logical reasoning
17316,13,イヴァン4世,1533年12月、ヴァシーリー3世の死去により、イヴァン4世は3歳で大公に即位する。その後見には、まずシュイスキー公を中心とする貴族会議が、次いで母后エレナがオフチーニン=テーレプニェフ=オボレンスキー公の援助を受けて、摂政として政務を執行した。エレナの政府は全国レベルでの単一通貨の導入、辺境防衛の強化など精力的に政治に取り組み、隣国リトアニア大公国との国境紛争にも勝利した。また大公位を狙うイヴァン4世の二人の叔父、ドミトロフ公ユーリーとスターリツァ公アンドレイを失脚させ、母方のグリンスキー家が実権を掌握した。しかし1538年にエレナが死去すると、シュイスキー家とベルスキー家の人々に政権を奪取され、8歳のイヴァン4世の存在は無視されるようになった。またこの貴族同士の権力争いによってロシア正教会モスクワ府主教のイオシフが廃位されると、代わってイヴァン4世の教育係でもあるマカリーが府主教に叙任された。この時期、教会の権威は貴族勢力に左右されるまでに弱体化しており、マカリー府主教は教会の権威を高めるため、それに代わる強大な保護者を必要としていた。そのため、イヴァン4世には大公としてよりも「神に選ばれたツァーリ」としての教育が施された。聡明なイヴァン4世はよく学び、ダビデ王から始まり東ローマ帝国に続く「聖なる歴史」に親しむとともに、信仰心篤い青年へと成長する。しかしその一方で、鳥獣を虐殺したり、貴族の子弟と共に市内で暴れまわるなどの二面性を見せた。また13歳の頃には大公としての権限を行使し、かつて自らの廷臣を排除した摂政の一人、名門貴族のアンドレイ・シュイスキーを処刑している。,アンドレイ・シュイスキーを処刑したイヴァン4世は、当時何歳ごろでしたか。,13歳の頃,Multiple sentence reasoning
17317,14,イヴァン4世,"イヴァン4世は1547年1月16日、それまで国政では無視されていたイヴァン4世が、史上初めて「ツァーリ」として戴冠した。ツァーリの称号自体はイヴァン3世以来使われていたが、大公としてではなくツァーリとして戴冠するのはこれが初であった。生神女就寝大聖堂での戴冠式にはモノマフの帽子が使われ、東ローマ帝国との連続性が強調された。この戴冠式を思いついたのは、自らの権勢を見せつけたい母方の親族グリンスキー家だとされているが、実際の利益を得たのはイヴァン4世と教会であり、特に府主教マカリーは自らが冠を掲げることで、ロシアにおいて教会が特別な地位にあることを印象づけた。

即位直後はグリンスキー家が勢力を伸ばして宮廷の最高位を占めたが、同年6月、モスクワ大火に伴うモスクワ暴動によってグリンスキー家が失脚したため、イヴァン4世自身が親政を開始するに至った。戴冠式の1ヶ月後には、ザハーリン家のアナスタシア・ロマノヴナを妻に迎えている。",史上最初に「ツァーリ」として戴冠した人は誰ですか。,イヴァン4世,Lexical variation (synonymy)
17318,14,イヴァン4世,"イヴァン4世は1547年1月16日、それまで国政では無視されていたイヴァン4世が、史上初めて「ツァーリ」として戴冠した。ツァーリの称号自体はイヴァン3世以来使われていたが、大公としてではなくツァーリとして戴冠するのはこれが初であった。生神女就寝大聖堂での戴冠式にはモノマフの帽子が使われ、東ローマ帝国との連続性が強調された。この戴冠式を思いついたのは、自らの権勢を見せつけたい母方の親族グリンスキー家だとされているが、実際の利益を得たのはイヴァン4世と教会であり、特に府主教マカリーは自らが冠を掲げることで、ロシアにおいて教会が特別な地位にあることを印象づけた。

即位直後はグリンスキー家が勢力を伸ばして宮廷の最高位を占めたが、同年6月、モスクワ大火に伴うモスクワ暴動によってグリンスキー家が失脚したため、イヴァン4世自身が親政を開始するに至った。戴冠式の1ヶ月後には、ザハーリン家のアナスタシア・ロマノヴナを妻に迎えている。",イヴァン4世の戴冠式はどこで行われましたか。,生神女就寝大聖堂,Multiple sentence reasoning
17319,14,イヴァン4世,"イヴァン4世は1547年1月16日、それまで国政では無視されていたイヴァン4世が、史上初めて「ツァーリ」として戴冠した。ツァーリの称号自体はイヴァン3世以来使われていたが、大公としてではなくツァーリとして戴冠するのはこれが初であった。生神女就寝大聖堂での戴冠式にはモノマフの帽子が使われ、東ローマ帝国との連続性が強調された。この戴冠式を思いついたのは、自らの権勢を見せつけたい母方の親族グリンスキー家だとされているが、実際の利益を得たのはイヴァン4世と教会であり、特に府主教マカリーは自らが冠を掲げることで、ロシアにおいて教会が特別な地位にあることを印象づけた。

即位直後はグリンスキー家が勢力を伸ばして宮廷の最高位を占めたが、同年6月、モスクワ大火に伴うモスクワ暴動によってグリンスキー家が失脚したため、イヴァン4世自身が親政を開始するに至った。戴冠式の1ヶ月後には、ザハーリン家のアナスタシア・ロマノヴナを妻に迎えている。",モスクワ大火に伴うモスクワ暴動は何年に発生したか。,1547年,Multiple sentence reasoning
17320,14,イヴァン4世,"イヴァン4世は1547年1月16日、それまで国政では無視されていたイヴァン4世が、史上初めて「ツァーリ」として戴冠した。ツァーリの称号自体はイヴァン3世以来使われていたが、大公としてではなくツァーリとして戴冠するのはこれが初であった。生神女就寝大聖堂での戴冠式にはモノマフの帽子が使われ、東ローマ帝国との連続性が強調された。この戴冠式を思いついたのは、自らの権勢を見せつけたい母方の親族グリンスキー家だとされているが、実際の利益を得たのはイヴァン4世と教会であり、特に府主教マカリーは自らが冠を掲げることで、ロシアにおいて教会が特別な地位にあることを印象づけた。

即位直後はグリンスキー家が勢力を伸ばして宮廷の最高位を占めたが、同年6月、モスクワ大火に伴うモスクワ暴動によってグリンスキー家が失脚したため、イヴァン4世自身が親政を開始するに至った。戴冠式の1ヶ月後には、ザハーリン家のアナスタシア・ロマノヴナを妻に迎えている。",イヴァン4世は戴冠式の1ヶ月後、誰を妻に迎えたか。,アナスタシア・ロマノヴナ,Multiple sentence reasoning
17321,15,イヴァン4世,イヴァン4世は新興貴族出身のアダシェフやシリヴェーストル司祭といった有能な顧問団による選抜会議に助けられ、1549年頃から本格的な改革に着手した。行政面では、士族層の訴えに応じる嘆願局、中小貴族、聖職者、士族にも政治参加の機会を与えるゼムスキー・ソボルが創設された。これまでのロシアの統治は「ツァーリが命じ、貴族が決定する」方式であり、最上位には大貴族たちの貴族会議があったが、全国会議ではその制度と貴族たちの専横を批判し、集まった各階層の代表者に対しては、ツァーリがそれらの搾取から民衆を保護することを約束した。これは貴族たちに対抗し、聖職者、士族の協調を得て中央集権化する狙いがあった。そのため、これらの制度では特に軍や地方行政を担当する士族の利益に配慮されていた。,イヴァン4世が本格的な改革に着手したのは何年ごろからですか。,1549年頃,Syntactic variation
17322,16,広島タクシー運転手連続殺人事件,"加害者の男H(逮捕当時34歳・タクシー運転手)は深夜に広島市中区の遊廓跡にある歓楽街一帯で被害者女性4人を次々と誘い、タクシー車内にてネクタイで被害者を絞殺して遺体を山中に遺棄した。

被害者4人はいずれも売春・援助交際目的で夜の街を出歩いていた女性で、事件前から多額の借金を抱えて返済に窮していたHは借金返済のため現金を得ることを目的に最初の殺人(A事件)を起こしたが、犯行が露呈しなかったことから「行方不明になっても誰も不審に思わないような女性を殺害しても自分が疑われることはない」と確信して遊興費を得る目的を含めてさらなる殺人を重ね、次第に殺害行為そのものに快楽を見出すようになっていった。

本事件はその凶悪さから広島の繁華街をパニックに陥れ、地元紙『中国新聞』が「中国地方でも稀に見る凶悪事件」と表現したほか、作家・丸山佑介は著書『判決から見る猟奇殺人ファイル』にて「タクシードライバーによる殺人行脚」「『誰もが利用する交通機関』であるタクシーの運転手が突然襲い掛かる恐ろしい事件」と形容した。",『判決から見る猟奇殺人ファイル』は誰が書いたの?,丸山佑介,Lexical variation (synonymy)
17323,16,広島タクシー運転手連続殺人事件,"加害者の男H(逮捕当時34歳・タクシー運転手)は深夜に広島市中区の遊廓跡にある歓楽街一帯で被害者女性4人を次々と誘い、タクシー車内にてネクタイで被害者を絞殺して遺体を山中に遺棄した。

被害者4人はいずれも売春・援助交際目的で夜の街を出歩いていた女性で、事件前から多額の借金を抱えて返済に窮していたHは借金返済のため現金を得ることを目的に最初の殺人(A事件)を起こしたが、犯行が露呈しなかったことから「行方不明になっても誰も不審に思わないような女性を殺害しても自分が疑われることはない」と確信して遊興費を得る目的を含めてさらなる殺人を重ね、次第に殺害行為そのものに快楽を見出すようになっていった。

本事件はその凶悪さから広島の繁華街をパニックに陥れ、地元紙『中国新聞』が「中国地方でも稀に見る凶悪事件」と表現したほか、作家・丸山佑介は著書『判決から見る猟奇殺人ファイル』にて「タクシードライバーによる殺人行脚」「『誰もが利用する交通機関』であるタクシーの運転手が突然襲い掛かる恐ろしい事件」と形容した。",加害者の男Hは何人の女性を殺害しましたか。,4人,Lexical variation (synonymy)
17324,16,広島タクシー運転手連続殺人事件,"加害者の男H(逮捕当時34歳・タクシー運転手)は深夜に広島市中区の遊廓跡にある歓楽街一帯で被害者女性4人を次々と誘い、タクシー車内にてネクタイで被害者を絞殺して遺体を山中に遺棄した。

被害者4人はいずれも売春・援助交際目的で夜の街を出歩いていた女性で、事件前から多額の借金を抱えて返済に窮していたHは借金返済のため現金を得ることを目的に最初の殺人(A事件)を起こしたが、犯行が露呈しなかったことから「行方不明になっても誰も不審に思わないような女性を殺害しても自分が疑われることはない」と確信して遊興費を得る目的を含めてさらなる殺人を重ね、次第に殺害行為そのものに快楽を見出すようになっていった。

本事件はその凶悪さから広島の繁華街をパニックに陥れ、地元紙『中国新聞』が「中国地方でも稀に見る凶悪事件」と表現したほか、作家・丸山佑介は著書『判決から見る猟奇殺人ファイル』にて「タクシードライバーによる殺人行脚」「『誰もが利用する交通機関』であるタクシーの運転手が突然襲い掛かる恐ろしい事件」と形容した。",加害者の男HがA事件を起こしたのは何を得るためでしたか。,現金,Syntactic variation
17325,16,広島タクシー運転手連続殺人事件,"加害者の男H(逮捕当時34歳・タクシー運転手)は深夜に広島市中区の遊廓跡にある歓楽街一帯で被害者女性4人を次々と誘い、タクシー車内にてネクタイで被害者を絞殺して遺体を山中に遺棄した。

被害者4人はいずれも売春・援助交際目的で夜の街を出歩いていた女性で、事件前から多額の借金を抱えて返済に窮していたHは借金返済のため現金を得ることを目的に最初の殺人(A事件)を起こしたが、犯行が露呈しなかったことから「行方不明になっても誰も不審に思わないような女性を殺害しても自分が疑われることはない」と確信して遊興費を得る目的を含めてさらなる殺人を重ね、次第に殺害行為そのものに快楽を見出すようになっていった。

本事件はその凶悪さから広島の繁華街をパニックに陥れ、地元紙『中国新聞』が「中国地方でも稀に見る凶悪事件」と表現したほか、作家・丸山佑介は著書『判決から見る猟奇殺人ファイル』にて「タクシードライバーによる殺人行脚」「『誰もが利用する交通機関』であるタクシーの運転手が突然襲い掛かる恐ろしい事件」と形容した。",加害者Hの性別は何?,男,Lexical variation (world knowledge)
17326,17,広島タクシー運転手連続殺人事件,広島タクシー運転手連続殺人事件の加害者である男Hは1962年4月に宮崎県宮崎市で生まれ、事件当時は34歳・広島市安佐南区沼田町吉山在住のタクシー運転手だった。本事件の刑事裁判で死刑が確定し、2006年12月25日に法務省の死刑執行命令により収監先・広島拘置所にて死刑を執行された。Hは多くの山林を持つ地元有数の資産家で3人兄弟の末っ子として生まれ、小中学校時代はソフトボール部・野球部で活躍し、中学時代には野球部の主将を務めた。また特に日本史が得意で、1978年4月に入学した県立高校では「クラスの上位15番以内に入る成績」を維持しており、高校時代まで地元では「スポーツ万能の優等生」として名を知られていた。一方で両親は子供に甘く、Hは末っ子だったため「小遣いを欲しがるだけもらえるような家庭環境」で育った。,Hは何年生まれか。,1962年,Syntactic variation
17327,17,広島タクシー運転手連続殺人事件,広島タクシー運転手連続殺人事件の加害者である男Hは1962年4月に宮崎県宮崎市で生まれ、事件当時は34歳・広島市安佐南区沼田町吉山在住のタクシー運転手だった。本事件の刑事裁判で死刑が確定し、2006年12月25日に法務省の死刑執行命令により収監先・広島拘置所にて死刑を執行された。Hは多くの山林を持つ地元有数の資産家で3人兄弟の末っ子として生まれ、小中学校時代はソフトボール部・野球部で活躍し、中学時代には野球部の主将を務めた。また特に日本史が得意で、1978年4月に入学した県立高校では「クラスの上位15番以内に入る成績」を維持しており、高校時代まで地元では「スポーツ万能の優等生」として名を知られていた。一方で両親は子供に甘く、Hは末っ子だったため「小遣いを欲しがるだけもらえるような家庭環境」で育った。,Hの死刑執行はいつ行われたか。,2006年12月25日,Multiple sentence reasoning
17328,17,広島タクシー運転手連続殺人事件,広島タクシー運転手連続殺人事件の加害者である男Hは1962年4月に宮崎県宮崎市で生まれ、事件当時は34歳・広島市安佐南区沼田町吉山在住のタクシー運転手だった。本事件の刑事裁判で死刑が確定し、2006年12月25日に法務省の死刑執行命令により収監先・広島拘置所にて死刑を執行された。Hは多くの山林を持つ地元有数の資産家で3人兄弟の末っ子として生まれ、小中学校時代はソフトボール部・野球部で活躍し、中学時代には野球部の主将を務めた。また特に日本史が得意で、1978年4月に入学した県立高校では「クラスの上位15番以内に入る成績」を維持しており、高校時代まで地元では「スポーツ万能の優等生」として名を知られていた。一方で両親は子供に甘く、Hは末っ子だったため「小遣いを欲しがるだけもらえるような家庭環境」で育った。,Hは学生時代、どの科目が得意でしたか。,日本史,Multiple sentence reasoning
17329,17,広島タクシー運転手連続殺人事件,広島タクシー運転手連続殺人事件の加害者である男Hは1962年4月に宮崎県宮崎市で生まれ、事件当時は34歳・広島市安佐南区沼田町吉山在住のタクシー運転手だった。本事件の刑事裁判で死刑が確定し、2006年12月25日に法務省の死刑執行命令により収監先・広島拘置所にて死刑を執行された。Hは多くの山林を持つ地元有数の資産家で3人兄弟の末っ子として生まれ、小中学校時代はソフトボール部・野球部で活躍し、中学時代には野球部の主将を務めた。また特に日本史が得意で、1978年4月に入学した県立高校では「クラスの上位15番以内に入る成績」を維持しており、高校時代まで地元では「スポーツ万能の優等生」として名を知られていた。一方で両親は子供に甘く、Hは末っ子だったため「小遣いを欲しがるだけもらえるような家庭環境」で育った。,Hは何年に高校生になったか。,1978年,Lexical variation (synonymy)
17330,18,広島タクシー運転手連続殺人事件,"1981年3月に高校を卒業したHは「教師か公務員になりたい」と大学受験に臨んだが、志望していた筑波大学の推薦入試に加えて第二志望の福岡教育大学にも不合格と立て続けに失敗し、滑り止めのつもりで受けた私立大学の福岡大学法学部にしか合格できなかった。Hは1981年4月に福岡大学へ入学したが、大学受験に失敗して以降は「私立大学ではたとえ教師になっても尊敬されない」と大きな挫折感を味わい、このころからは高校時代までの友人たちと音信不通になり同窓会にも出席しなくなった。また福岡大学でも「俺は筑波大学を推薦で受けたほどの人間だ。お前らとは違う」と同級生を見下しつつ、授業にはほとんど出席せず飲酒・ギャンブルにのめり込んだが、4年生になるとかつて見下していた同級生たちが国家公務員・都道府県職員として就職した一方で自身は留年が確実となり、「このままでは市役所職員にもなれない」と強い挫折感を抱えていた。

福岡大学入学から4年2か月後となる1985年6月末、Hは授業料滞納を理由に4年生に留年したまま大学を中途退学した。",Hが合格した唯一の大学はどこですか。,福岡大学,Lexical variation (synonymy)
17331,18,広島タクシー運転手連続殺人事件,"1981年3月に高校を卒業したHは「教師か公務員になりたい」と大学受験に臨んだが、志望していた筑波大学の推薦入試に加えて第二志望の福岡教育大学にも不合格と立て続けに失敗し、滑り止めのつもりで受けた私立大学の福岡大学法学部にしか合格できなかった。Hは1981年4月に福岡大学へ入学したが、大学受験に失敗して以降は「私立大学ではたとえ教師になっても尊敬されない」と大きな挫折感を味わい、このころからは高校時代までの友人たちと音信不通になり同窓会にも出席しなくなった。また福岡大学でも「俺は筑波大学を推薦で受けたほどの人間だ。お前らとは違う」と同級生を見下しつつ、授業にはほとんど出席せず飲酒・ギャンブルにのめり込んだが、4年生になるとかつて見下していた同級生たちが国家公務員・都道府県職員として就職した一方で自身は留年が確実となり、「このままでは市役所職員にもなれない」と強い挫折感を抱えていた。

福岡大学入学から4年2か月後となる1985年6月末、Hは授業料滞納を理由に4年生に留年したまま大学を中途退学した。",Hが大学を中途退学した理由は何でしたか。,授業料滞納,Syntactic variation
17332,19,広島タクシー運転手連続殺人事件,"大学中退後、Hは学費を援助していた兄により宮崎市の実家に連れ戻され、宮崎市役所の臨時職員として就職したが、飲酒・女遊びに溺れるなどの荒れた生活は改善せず、オートバイの酒気帯び運転で逮捕された。その後も遊ぶ金欲しさにひったくりを繰り返し、1986年1月25日には宮崎市内で会社員宅へ侵入し、その妻に包丁を突き付け現金2万円・預金通帳を奪う強盗事件を起こし、同事件で逮捕・起訴されて強盗罪で懲役2年の実刑判決を受けた。この事件により刑務所に服役したHは結婚を望んでいた女性と別れたほか、出所後に故郷・宮崎を離れ、それ以降実家に帰ることはなかった。

出所後の1989年4月には広島県広島市内へ移住して叔父宅に身を寄せ、同月には広島市内のタクシー会社に運転手として就職した。当時、Hは「一からやり直そう」と決心して働いており、1日の売上は平均約45,000円で、勤務時間も他の運転手たちより1日2時間ほど長かった。しかし、大企業のエリート社員を客として乗せて働き続ける毎日のうちに「俺はタクシーの運転手なんかやっている人間ではない。筑波大学に合格できていれば今ごろは国家公務員として地位・名誉を約束された生活を送っていけたはずだ」とコンプレックスを募らせ続けていたほか、当時の月収(手取りで約30万円)の大半を飲酒・女遊びに浪費し、不足分を消費者金融から借金していた。",Hは1986年1月25日には宮崎市内で会社員宅へ侵入し、その妻に包丁を突き付け現金2万円・預金通帳を奪う強盗事件を起こしたことで、懲役何年の実刑判決を受けたか。,2年,Syntactic variation
17333,19,広島タクシー運転手連続殺人事件,"大学中退後、Hは学費を援助していた兄により宮崎市の実家に連れ戻され、宮崎市役所の臨時職員として就職したが、飲酒・女遊びに溺れるなどの荒れた生活は改善せず、オートバイの酒気帯び運転で逮捕された。その後も遊ぶ金欲しさにひったくりを繰り返し、1986年1月25日には宮崎市内で会社員宅へ侵入し、その妻に包丁を突き付け現金2万円・預金通帳を奪う強盗事件を起こし、同事件で逮捕・起訴されて強盗罪で懲役2年の実刑判決を受けた。この事件により刑務所に服役したHは結婚を望んでいた女性と別れたほか、出所後に故郷・宮崎を離れ、それ以降実家に帰ることはなかった。

出所後の1989年4月には広島県広島市内へ移住して叔父宅に身を寄せ、同月には広島市内のタクシー会社に運転手として就職した。当時、Hは「一からやり直そう」と決心して働いており、1日の売上は平均約45,000円で、勤務時間も他の運転手たちより1日2時間ほど長かった。しかし、大企業のエリート社員を客として乗せて働き続ける毎日のうちに「俺はタクシーの運転手なんかやっている人間ではない。筑波大学に合格できていれば今ごろは国家公務員として地位・名誉を約束された生活を送っていけたはずだ」とコンプレックスを募らせ続けていたほか、当時の月収(手取りで約30万円)の大半を飲酒・女遊びに浪費し、不足分を消費者金融から借金していた。",Hは何月に広島市内のタクシー会社に運転手として就職したか。,4月,Syntactic variation
17334,19,広島タクシー運転手連続殺人事件,"大学中退後、Hは学費を援助していた兄により宮崎市の実家に連れ戻され、宮崎市役所の臨時職員として就職したが、飲酒・女遊びに溺れるなどの荒れた生活は改善せず、オートバイの酒気帯び運転で逮捕された。その後も遊ぶ金欲しさにひったくりを繰り返し、1986年1月25日には宮崎市内で会社員宅へ侵入し、その妻に包丁を突き付け現金2万円・預金通帳を奪う強盗事件を起こし、同事件で逮捕・起訴されて強盗罪で懲役2年の実刑判決を受けた。この事件により刑務所に服役したHは結婚を望んでいた女性と別れたほか、出所後に故郷・宮崎を離れ、それ以降実家に帰ることはなかった。

出所後の1989年4月には広島県広島市内へ移住して叔父宅に身を寄せ、同月には広島市内のタクシー会社に運転手として就職した。当時、Hは「一からやり直そう」と決心して働いており、1日の売上は平均約45,000円で、勤務時間も他の運転手たちより1日2時間ほど長かった。しかし、大企業のエリート社員を客として乗せて働き続ける毎日のうちに「俺はタクシーの運転手なんかやっている人間ではない。筑波大学に合格できていれば今ごろは国家公務員として地位・名誉を約束された生活を送っていけたはずだ」とコンプレックスを募らせ続けていたほか、当時の月収(手取りで約30万円)の大半を飲酒・女遊びに浪費し、不足分を消費者金融から借金していた。",広島市内のタクシー会社に運転手として就職したときHは、平均的に一日いくらを稼いだか。,"約45,000円",Syntactic variation
17335,20,広島タクシー運転手連続殺人事件,"1992年初めごろには借金が総額約500万円になっていたが、当時29歳だったHは同年春に叔父の紹介で当時30歳(Hより1歳年上)の女性と結婚した。Hは借金返済で心機一転を図り、1992年7月には安佐南区の新興住宅地で建売住宅を購入し、その住宅ローンを実際の金額より400万円上乗せして組み、妻の貯金100万円と足して合計500万円を作ることで借金を完済した。

また結婚が転機となって生活が徐々に改善していき、1993年4月には長女が誕生して1児の父親になった。Hはこのころ「家も持ったし子供もできた。これで世間も認めてくれる」と希望を持ち始めていたが、長女誕生から2日後には産褥期の妻が突然意味不明な言葉をつぶやき続けたり時折奇声を上げたりなど精神疾患を発症した。そのため、Hは妻を入院させ娘を妻の実家に預けたが、その後は再び遊興に明け暮れて借金を重ねるようになり、1994年末には200万円の借金を抱えたため、実家の兄に借金を肩代わりさせたが、義両親の実家に引き取られた娘と疎遠になったことなどから生活は荒れていく一方で、その後も再び借金を繰り返していた。",Hは何歳で結婚したか。,29歳,Syntactic variation
17336,21,広島タクシー運転手連続殺人事件,Hは勤務中の1996年4月18日20時に流川・薬研堀一帯をタクシーで流し、売春・援助交際のメッカとして知られていた新天地公園を通りかかった際、公園で少女Aを見つけ「遊ばないか?」と声を掛けた。被害者Aが料金2万円で応じたため、HはAをタクシーに誘い乗車させるとコンビニエンスストアで缶ビールを購入し、21時ごろに広島駅付近のラブホテルに入った。そのまま2人で缶ビールを飲み、HはAに2万円を渡したが、Aは身の上話として「行方不明になった父親の借金を返済するため大阪から広島まで働きに来た。あと10万円返せば完済できる。今日はその返済日だから10万円を用意して、広島駅から呉駅(呉市)に行く」と話した。Hはこの話を聞いて内心「やられた」と思いつつも「なんか(セックス)するのは悪いね」と言ってAに呉市まで送っていくことを約束し、Aをタクシーの助手席に乗せ、呉市(広島市中心街から約20km先)方面へタクシーを走らせた。,HとAは何時ごろ広島駅付近のラブホテルに入ったか。,21時ごろ,Syntactic variation
17337,22,広島タクシー運転手連続殺人事件,22時50分、被害者Aが身をかがめて後部座席に回ったところ、Hはネクタイを緩めて運転席を降り、背後から被害者Aに忍び寄るとネクタイをAの首に巻き付けて絞めつけ、被害者Aを窒息死させて絞殺した。Hは被害者Aを殺害した直後「咄嗟の判断でやったにしてはうまくいった」と思いながら被害者Aの所持品を物色したが、Aが所持していた現金は5万円しかなかったため「嵌められた」と立腹した。Hはその現金約5万円を奪った上で、23時ごろにはタクシーにAの遺体を乗せたまま殺害現場を立ち去った。そして約25km離れた広島市安佐南区内まで戻り、翌日未明には身元判明を防ぐためにAの遺体から衣服を剥がして全裸にした上で、遺体を用水路土管内に遺棄した。,Aを殺したのは誰?,H,Syntactic variation
17338,22,広島タクシー運転手連続殺人事件,22時50分、被害者Aが身をかがめて後部座席に回ったところ、Hはネクタイを緩めて運転席を降り、背後から被害者Aに忍び寄るとネクタイをAの首に巻き付けて絞めつけ、被害者Aを窒息死させて絞殺した。Hは被害者Aを殺害した直後「咄嗟の判断でやったにしてはうまくいった」と思いながら被害者Aの所持品を物色したが、Aが所持していた現金は5万円しかなかったため「嵌められた」と立腹した。Hはその現金約5万円を奪った上で、23時ごろにはタクシーにAの遺体を乗せたまま殺害現場を立ち去った。そして約25km離れた広島市安佐南区内まで戻り、翌日未明には身元判明を防ぐためにAの遺体から衣服を剥がして全裸にした上で、遺体を用水路土管内に遺棄した。,Aの遺体はどこに遺棄されたか。,用水路土管内,Syntactic variation
17339,23,広島タクシー運転手連続殺人事件,1996年4月20日、Hは遺体遺棄現場に2回行き遺体がうまく隠されていることを確認した。前述のように被害者AはHに「大阪在住」と話していたため、Hは「殺しても(身元は)発覚しないだろう」と考えていたが、殺害から18日後の1996年5月6日に少女の遺体が発見され、後述のように広島県警広島北警察署は殺人・死体遺棄事件として捜査を開始した。遺体発見・身元判明をニュースで知ったHは「大阪の女じゃなかったのか」と驚き、同時に「自分の身辺に捜査の手が迫るかもしれない」と考えた。それ以降は「(Aが自分と)同じ県内に住んでいたなら自分も疑われて逮捕されるかもしれない」と恐怖していたが、やがて時間が経過するにつれてA事件の報道は少なくなっていた一方、Hの周囲に警察の動きはなかったため、1996年7月ごろには「警察の捜査能力にも限界がある。セックスを商売にしている行きずりの女なら自分と接点はないし、行方不明になっても捜索願は出ないだろうから自分が逮捕される不安はない」と安堵して自信を深めるようになっていた。,Aの遺体は殺害から何日後発見されたか。,18日後,Lexical variation (synonymy)
17340,24,広島タクシー運転手連続殺人事件,"A事件から約3カ月が経過した1996年8月になってもHの周囲には捜査の手が及ばなかったため、やがてHは「自分は絶対に警察になど捕まらない、悪運の強い特別な人間だ」という自信や「『他人の死をも支配できる』という一種の満足感・快感」を覚えるようになった。しかしその一方で被害者Aから奪った金(5万円)は借金返済には充てず、その後も返済の努力をしなかったために督促状が自宅に届き、妻に借金の存在を知られてしまった。やがて消費者金融の取り立てが深夜に及ぶほど厳しいものになったことから離婚騒動に発展し、家族が消費者金融に対し貸付の停止を申し入れた。これによりHは金融業界の「ブラックリスト」に載り借り入れができなくなったため、不満が募って自暴自棄になっていた。

1996年8月12日夜、Hは「自分と接点のない売春婦を殺害して所持金を奪おう」と計画した上で、再び新天地の繁華街をタクシーで流しながら次の標的として「男から声を掛けられるのを待つ売春婦」を物色した。「ホテルを出てから殺せばセックスもタダでできる」と考えていたHは新天地公園で見つけた被害者女性Bに声を掛け乗車させ、車中で現金3万円を渡して安心させた上でラブホテルに入ったが、Bは「自分の父親は暴力団組員だ。怒ると何をするかわからない」と話した。Hは「それは怖いね」と返しながら被害者Bと性行為をし、翌日(1996年8月13日)になって2人でラブホテルを出るとコンビニに立ち寄り缶ビール・軍手を購入した上で山道に入った。",HとBはラブホテルを出てからどこへ立ち寄りましたか。,コンビニ,Syntactic variation
17341,25,広島タクシー運転手連続殺人事件,"1996年8月13日0時50分ごろ[5]、Hは「太田川橋」付近で突然タクシーを停車し、A事件の時と同じく燃料切り替えスイッチの操作でエンジンを停止させてエンストを装い、タクシーのエンジンの仕組みを知らない被害者Bを油断させた。その上でBに「(この車は)よく故障するんだよ」と言って床のシートをめくるよう頼み、軍手を嵌め被害者Bの背後からネクタイでBの首を絞めた。Bは咄嗟に自分の首とネクタイの間に右手を差し込んで抵抗し、「さっきの『父親がヤクザだ』という話は嘘だ。金は返すから許して」と命乞いしたが、Hはそれを聞き入れずにBの首を絞め続けて被害者Bを絞殺した。Hは1時ごろにタクシーを発進させて遺体遺棄現場への移動を開始し、被害者Bの遺体を物色して所持金52,000円を奪った上で、2時20分ごろに安佐北区白木町小越の関川沿い斜面でBの遺体を遺棄した。",Hは何時ごろにBの遺体を遺棄したか。,2時20分ごろ,Syntactic variation
17342,25,広島タクシー運転手連続殺人事件,"1996年8月13日0時50分ごろ[5]、Hは「太田川橋」付近で突然タクシーを停車し、A事件の時と同じく燃料切り替えスイッチの操作でエンジンを停止させてエンストを装い、タクシーのエンジンの仕組みを知らない被害者Bを油断させた。その上でBに「(この車は)よく故障するんだよ」と言って床のシートをめくるよう頼み、軍手を嵌め被害者Bの背後からネクタイでBの首を絞めた。Bは咄嗟に自分の首とネクタイの間に右手を差し込んで抵抗し、「さっきの『父親がヤクザだ』という話は嘘だ。金は返すから許して」と命乞いしたが、Hはそれを聞き入れずにBの首を絞め続けて被害者Bを絞殺した。Hは1時ごろにタクシーを発進させて遺体遺棄現場への移動を開始し、被害者Bの遺体を物色して所持金52,000円を奪った上で、2時20分ごろに安佐北区白木町小越の関川沿い斜面でBの遺体を遺棄した。",被害者Bはいくらを所持していたか。,"52,000円",Syntactic variation
17343,26,広島タクシー運転手連続殺人事件,"面識のない女性2人を相次いで殺害したHはB事件から日数が経過しても被害者Bの遺体が発見されなかったため「自分が警察に疑われることはない」と確信し、1996年8月下旬ごろ以降は遊興費を入手するために女性を物色するようになったが、このころから「人を殺すこと自体が極めて強い刺激となり、快感を感じるほど」になっていた。1996年8月30日3時、Hは中区内で客待ちしていたところ、偶然通りかかった女性Cを見かけたが、この時は帰社時間が迫っていたため後日Cを殺害することにした。

C事件当日(1996年9月7日)、Hは22時30分を過ぎても運賃収入が30,000円止まりで目標とした運賃収入50,000円に届かなかったため、不足分の運賃収入を補い、遊興費も稼ぐ目的で売春婦を殺害して金を奪うことを決意した。23時ごろ、Hは広島市南区内の路上でいつも客待ちしていた女性Cをタクシーに誘い入れ、Cに「どこか遠くで遊ぼうか」と提案して3万円を渡し「タクシーの中でしてもいいかな?」と提案して承諾を得ると、途中でコンビニに立ち寄ってCに缶ビールを買わせた。しかしHは以前から遺棄現場として考えていた加計町方面へ向かった一方、なかなかCと性行為をする気にはならなかった。",HはいつBを初めて見かけたか。,1996年8月30日3時,Lexical variation (synonymy)
17344,26,広島タクシー運転手連続殺人事件,"面識のない女性2人を相次いで殺害したHはB事件から日数が経過しても被害者Bの遺体が発見されなかったため「自分が警察に疑われることはない」と確信し、1996年8月下旬ごろ以降は遊興費を入手するために女性を物色するようになったが、このころから「人を殺すこと自体が極めて強い刺激となり、快感を感じるほど」になっていた。1996年8月30日3時、Hは中区内で客待ちしていたところ、偶然通りかかった女性Cを見かけたが、この時は帰社時間が迫っていたため後日Cを殺害することにした。

C事件当日(1996年9月7日)、Hは22時30分を過ぎても運賃収入が30,000円止まりで目標とした運賃収入50,000円に届かなかったため、不足分の運賃収入を補い、遊興費も稼ぐ目的で売春婦を殺害して金を奪うことを決意した。23時ごろ、Hは広島市南区内の路上でいつも客待ちしていた女性Cをタクシーに誘い入れ、Cに「どこか遠くで遊ぼうか」と提案して3万円を渡し「タクシーの中でしてもいいかな?」と提案して承諾を得ると、途中でコンビニに立ち寄ってCに缶ビールを買わせた。しかしHは以前から遺棄現場として考えていた加計町方面へ向かった一方、なかなかCと性行為をする気にはならなかった。",1996年9月7日、Hが目標としていた運賃収入はいくらでしたか。,"50,000円",Syntactic variation
17345,27,広島タクシー運転手連続殺人事件,"1996年9月7日23時50分ごろ、Hは真っ暗な山道にタクシーを停車して被害者Cに「俺は後ろからするのが好きだ。四つん這いになってくれ」と後背位で性行為をするよう求めた。Hからの申し出を承諾した被害者Cは後部座席で背を向け、下着を脱いで腰を突き出したが、Hはネクタイ・ズボンのベルトを緩めて唸り声を上げながらCにのしかかった。Cは危険を察知して振り返り、Hに「何をするの!」と叫んだが、Hはベルトを引き抜いて被害者Cの首に回して絞め上げ、激しい抵抗にも躊躇せずCを絞殺した。その後、HはCの財布から現金約82,000円を奪い、9月8日0時10分ごろに遺体をタクシーに乗せたまま発進し、約1時間にわたり遺棄場所を探しながらタクシーで走行した。最終的にHは殺害現場から約10km離れた滝山川左岸の法面斜面に被害者Cの遺体を遺棄し、遺体発見を遅らせようと近くの農家から盗んだ青いビニールシートで遺体を隠した。",Cは誰に殺されたの?,H,Lexical variation (synonymy)
17346,27,広島タクシー運転手連続殺人事件,"1996年9月7日23時50分ごろ、Hは真っ暗な山道にタクシーを停車して被害者Cに「俺は後ろからするのが好きだ。四つん這いになってくれ」と後背位で性行為をするよう求めた。Hからの申し出を承諾した被害者Cは後部座席で背を向け、下着を脱いで腰を突き出したが、Hはネクタイ・ズボンのベルトを緩めて唸り声を上げながらCにのしかかった。Cは危険を察知して振り返り、Hに「何をするの!」と叫んだが、Hはベルトを引き抜いて被害者Cの首に回して絞め上げ、激しい抵抗にも躊躇せずCを絞殺した。その後、HはCの財布から現金約82,000円を奪い、9月8日0時10分ごろに遺体をタクシーに乗せたまま発進し、約1時間にわたり遺棄場所を探しながらタクシーで走行した。最終的にHは殺害現場から約10km離れた滝山川左岸の法面斜面に被害者Cの遺体を遺棄し、遺体発見を遅らせようと近くの農家から盗んだ青いビニールシートで遺体を隠した。",HはCからいくらを奪ったか。,"約82,000円",Syntactic variation
17347,27,広島タクシー運転手連続殺人事件,"1996年9月7日23時50分ごろ、Hは真っ暗な山道にタクシーを停車して被害者Cに「俺は後ろからするのが好きだ。四つん這いになってくれ」と後背位で性行為をするよう求めた。Hからの申し出を承諾した被害者Cは後部座席で背を向け、下着を脱いで腰を突き出したが、Hはネクタイ・ズボンのベルトを緩めて唸り声を上げながらCにのしかかった。Cは危険を察知して振り返り、Hに「何をするの!」と叫んだが、Hはベルトを引き抜いて被害者Cの首に回して絞め上げ、激しい抵抗にも躊躇せずCを絞殺した。その後、HはCの財布から現金約82,000円を奪い、9月8日0時10分ごろに遺体をタクシーに乗せたまま発進し、約1時間にわたり遺棄場所を探しながらタクシーで走行した。最終的にHは殺害現場から約10km離れた滝山川左岸の法面斜面に被害者Cの遺体を遺棄し、遺体発見を遅らせようと近くの農家から盗んだ青いビニールシートで遺体を隠した。",Hは何を使ってCを絞殺したの?,ベルト,Syntactic variation
17348,28,広島タクシー運転手連続殺人事件,Hは1時50分ごろにDとともに2人でホテルを出ると、タクシーの後部座席にDを乗車させて廿日市市方面へ向かい、1996年9月14日2時すぎに人気のない田舎道(殺害現場)でタクシーを停車した。その上でA・B両事件の時と同じく燃料切り替えスイッチでエンジンを停止させてエンストを装い、タクシーのエンジンの仕組みを知らない被害者Dを油断させ、Dに「足元のシートをめくってほしい」と申し出た。そしてDが屈みこんでいる間にネクタイをほどいたところ、Dが顔を上げて「なんか怖い」と言ったため、HはDに笑みを浮かべながらネクタイを座席に掛けた。しかしDが「一人で帰る」と言い出してタクシーのドアを開けて車外へ飛び出したため、Hは「警察に駆け込まれたら終わりだ」と思ってタクシーを急発進させ、被害者Dを追いかけながら「ちゃんと(家まで)送るから乗ってくれ」と声を掛けたが、Dは走って逃げながらショルダーバッグから1万円札4枚を取り出し「もうお金はいらないから」と叫びながらHに投げつけた。これに逆上したHはタクシーを加速させて被害者Dの前に回り込むと、車外に出てDの行く手を塞ぎ、立ちすくんでいたDの襟首を掴み、売春婦を脅すためにあらかじめ準備していた果物ナイフを被害者Dに突き付けた。そしてDを後部座席に連れ込み、右拳でDの顔面を計10発近く殴りつけて失神させると、Dの首をネクタイで絞めて殺害した。,HとDは何時ごろホテルを出たか。,1時50分ごろ,Syntactic variation
17349,29,広島タクシー運転手連続殺人事件,"Hは被害者Dが所持していた現金約56,000円・携帯電話を奪ったほか、「タクシーの座席がDの血液・(失禁した)糞尿で汚れてはまずい」と考えたため、Dの遺体の首に巻き付けたネクタイの両端を天井側部の手すりに結び付け、遺体を首吊りの格好で天井に固定した状態でタクシーを移動させた。そして2時40分ごろ、Hは広島県佐伯郡湯来町葛原の国道433号旧道沿い草むらにDの遺体を投げ捨てるようにして遺棄した。Hは犯行後の14日4時ごろにタクシーで広島市東区内の会社へ戻り、タクシー後部座席の客用シーツを新品と交換した上で古いシーツを持ち帰り、自分の自家用車で帰宅した。その後、翌日(1996年9月15日)も普段通り4時ごろに出勤して広島市内を中心に乗務していた。",HはDを殺した次の日、何時ごろに出勤したか。,4時ごろ,Multiple sentence reasoning
17350,29,広島タクシー運転手連続殺人事件,"Hは被害者Dが所持していた現金約56,000円・携帯電話を奪ったほか、「タクシーの座席がDの血液・(失禁した)糞尿で汚れてはまずい」と考えたため、Dの遺体の首に巻き付けたネクタイの両端を天井側部の手すりに結び付け、遺体を首吊りの格好で天井に固定した状態でタクシーを移動させた。そして2時40分ごろ、Hは広島県佐伯郡湯来町葛原の国道433号旧道沿い草むらにDの遺体を投げ捨てるようにして遺棄した。Hは犯行後の14日4時ごろにタクシーで広島市東区内の会社へ戻り、タクシー後部座席の客用シーツを新品と交換した上で古いシーツを持ち帰り、自分の自家用車で帰宅した。その後、翌日(1996年9月15日)も普段通り4時ごろに出勤して広島市内を中心に乗務していた。",HはDから現金いくらを奪ったか。,"約56,000円",Syntactic variation
17351,30,広島タクシー運転手連続殺人事件,"被害者Dが殺害されてから5時間後となる1996年9月14日7時ごろ、広島県佐伯郡湯来町葛原の国道433号旧道東側法面で近隣住民が犬を散歩していたところ、仰向けに倒れ死亡している若い女性の遺体を発見した。遺体に目立った外傷はなかったが、顔面に鬱血・首に絞められた跡が確認されたため、広島県警捜査一課は殺人・死体遺棄事件と断定して廿日市警察署に捜査本部を設置して捜査を開始した。

捜査本部が同日中に広島大学医学部で遺体を司法解剖して詳しい死因・身元などを調べた結果、死因は「首の圧迫による窒息死」、死亡推定時刻も「14日4時ごろ」とそれぞれ断定された。また着衣の乱れが少なく死亡推定時刻-遺体発見時刻の間隔が短かったため、捜査本部は「女性は他の場所(広島市かその周辺)で殺害されて車で現場へ運ばれた可能性が高い」「14日未明-早朝に遺棄された可能性がある」と推測したほか、犯人像を「地元の地理に詳しい人物で、被害者Dを遺体発見現場付近で殺害した可能性がある」と推測し、現場周辺での聞き込みなどに全力を挙げた。",広島大学医学部によると、遺体の死因は何でしたか。,「首の圧迫による窒息死」,Syntactic variation
17352,30,広島タクシー運転手連続殺人事件,"被害者Dが殺害されてから5時間後となる1996年9月14日7時ごろ、広島県佐伯郡湯来町葛原の国道433号旧道東側法面で近隣住民が犬を散歩していたところ、仰向けに倒れ死亡している若い女性の遺体を発見した。遺体に目立った外傷はなかったが、顔面に鬱血・首に絞められた跡が確認されたため、広島県警捜査一課は殺人・死体遺棄事件と断定して廿日市警察署に捜査本部を設置して捜査を開始した。

捜査本部が同日中に広島大学医学部で遺体を司法解剖して詳しい死因・身元などを調べた結果、死因は「首の圧迫による窒息死」、死亡推定時刻も「14日4時ごろ」とそれぞれ断定された。また着衣の乱れが少なく死亡推定時刻-遺体発見時刻の間隔が短かったため、捜査本部は「女性は他の場所(広島市かその周辺)で殺害されて車で現場へ運ばれた可能性が高い」「14日未明-早朝に遺棄された可能性がある」と推測したほか、犯人像を「地元の地理に詳しい人物で、被害者Dを遺体発見現場付近で殺害した可能性がある」と推測し、現場周辺での聞き込みなどに全力を挙げた。",Dの遺体は殺害から何時間後発見されたか。,5時間後,Syntactic variation
17353,31,ピョートル1世,"ピョートル1世(ロシア語:ПётрIАлексеевич;ラテン文字表記の例:PyotrIAlekseevich,1672年6月9日(ユリウス暦5月30日)-1725年2月8日(ユリウス暦1月28日))は、モスクワ・ロシアのツァーリ(在位:1682年-1725年)、初代ロシア皇帝(インペラートル/在位:1721年-1725年)である。",ロシア帝国の初代皇帝は、誰なの?,ピョートル1世,Syntactic variation
17354,31,ピョートル1世,"ピョートル1世(ロシア語:ПётрIАлексеевич;ラテン文字表記の例:PyotrIAlekseevich,1672年6月9日(ユリウス暦5月30日)-1725年2月8日(ユリウス暦1月28日))は、モスクワ・ロシアのツァーリ(在位:1682年-1725年)、初代ロシア皇帝(インペラートル/在位:1721年-1725年)である。",初めてロシア皇帝の呼称を使ったのは、誰ですか?,ピョートル1世,Lexical variation (world knowledge)
17355,31,ピョートル1世,"ピョートル1世(ロシア語:ПётрIАлексеевич;ラテン文字表記の例:PyotrIAlekseevich,1672年6月9日(ユリウス暦5月30日)-1725年2月8日(ユリウス暦1月28日))は、モスクワ・ロシアのツァーリ(在位:1682年-1725年)、初代ロシア皇帝(インペラートル/在位:1721年-1725年)である。",モスクワ・ロシアでは、君主を何と呼んだか?,ツァーリ,Lexical variation (world knowledge)
17356,31,ピョートル1世,"ピョートル1世(ロシア語:ПётрIАлексеевич;ラテン文字表記の例:PyotrIAlekseevich,1672年6月9日(ユリウス暦5月30日)-1725年2月8日(ユリウス暦1月28日))は、モスクワ・ロシアのツァーリ(在位:1682年-1725年)、初代ロシア皇帝(インペラートル/在位:1721年-1725年)である。",ロシア帝国の名称は、誰の時代からのことを指すか?,ピョートル1世,Lexical variation (world knowledge)
17357,32,ピョートル1世,ピョートルは1672年5月30日にツァーリ・アレクセイ・ミハイロヴィチと2番目の后妃ナタリヤ・ナルイシキナの子として生まれた。ピョートル出生時に存命している兄弟としては、フョードル3世とイヴァン5世の異母兄2人および異母姉5人がおり、姉の一人に14歳上のソフィアがいた。,ピョートルは、いつ生まれたの?,1672年5月30日,Syntactic variation
17358,32,ピョートル1世,ピョートルは1672年5月30日にツァーリ・アレクセイ・ミハイロヴィチと2番目の后妃ナタリヤ・ナルイシキナの子として生まれた。ピョートル出生時に存命している兄弟としては、フョードル3世とイヴァン5世の異母兄2人および異母姉5人がおり、姉の一人に14歳上のソフィアがいた。,ピョートルの父親は、どの地位にあった人物ですか?,ツァーリ,Lexical variation (world knowledge)
17359,32,ピョートル1世,ピョートルは1672年5月30日にツァーリ・アレクセイ・ミハイロヴィチと2番目の后妃ナタリヤ・ナルイシキナの子として生まれた。ピョートル出生時に存命している兄弟としては、フョードル3世とイヴァン5世の異母兄2人および異母姉5人がおり、姉の一人に14歳上のソフィアがいた。,ナタリヤ・ナルイシキナは、アレクセイ・ミハイロヴィチの何番目の妻だったか?,2番目,Lexical variation (world knowledge)
17360,32,ピョートル1世,ピョートルは1672年5月30日にツァーリ・アレクセイ・ミハイロヴィチと2番目の后妃ナタリヤ・ナルイシキナの子として生まれた。ピョートル出生時に存命している兄弟としては、フョードル3世とイヴァン5世の異母兄2人および異母姉5人がおり、姉の一人に14歳上のソフィアがいた。,ピョートルにんは、異母兄と異母姉のうち、どちらがより多かったか?,異母姉,Logical reasoning
17361,33,ピョートル1世,1676年にピョートルの父アレクセイが死去すると異母兄フョードル3世が即位したが、在位6年目の1682年4月27日に死去した。精神障害のある異母兄イヴァンはその外戚であるミロスラフスキー家と姉ソフィアに擁されていたが、ピョートルは総主教とストレリツィの支持を受けて即位し、母方ナルイシキン家の政権が成立する。,アレクセイが死去したのは、何年のことなの?,1676年,Syntactic variation
17362,33,ピョートル1世,1676年にピョートルの父アレクセイが死去すると異母兄フョードル3世が即位したが、在位6年目の1682年4月27日に死去した。精神障害のある異母兄イヴァンはその外戚であるミロスラフスキー家と姉ソフィアに擁されていたが、ピョートルは総主教とストレリツィの支持を受けて即位し、母方ナルイシキン家の政権が成立する。,フョードル3世が即位したのは、何年のことですか?,1676年,Syntactic variation
17363,33,ピョートル1世,1676年にピョートルの父アレクセイが死去すると異母兄フョードル3世が即位したが、在位6年目の1682年4月27日に死去した。精神障害のある異母兄イヴァンはその外戚であるミロスラフスキー家と姉ソフィアに擁されていたが、ピョートルは総主教とストレリツィの支持を受けて即位し、母方ナルイシキン家の政権が成立する。,アレクセイの後を継いだのは、誰だったか?,フョードル3世,Lexical variation (world knowledge)
17364,33,ピョートル1世,1676年にピョートルの父アレクセイが死去すると異母兄フョードル3世が即位したが、在位6年目の1682年4月27日に死去した。精神障害のある異母兄イヴァンはその外戚であるミロスラフスキー家と姉ソフィアに擁されていたが、ピョートルは総主教とストレリツィの支持を受けて即位し、母方ナルイシキン家の政権が成立する。,フョードル3世が死去したのは、いつのことか?,1682年4月27日,Syntactic variation
17365,34,ピョートル1世,ピョートルは母とともにモスクワ郊外のプレオプラジェンスコエに移り、儀式の際のみクレムリンを訪れた。ピョートルの教育係は後に側近となるニキータ・ゾートフが務めた。少年時代のピョートルは近くの外国人村に頻繁に出入りし、多くの外国人と親交を結んだ。また、遊戯連隊を編成して戦争ごっこに勤しんでいる。,ピョートルは、どこで日常を送ったの?,プレオプラジェンス,Lexical variation (world knowledge)
17366,34,ピョートル1世,ピョートルは母とともにモスクワ郊外のプレオプラジェンスコエに移り、儀式の際のみクレムリンを訪れた。ピョートルの教育係は後に側近となるニキータ・ゾートフが務めた。少年時代のピョートルは近くの外国人村に頻繁に出入りし、多くの外国人と親交を結んだ。また、遊戯連隊を編成して戦争ごっこに勤しんでいる。,少年時代のピョートルの教育を担当したのは、誰ですか?,ニキータ・ゾートフ,Lexical variation (world knowledge)
17367,34,ピョートル1世,ピョートルは母とともにモスクワ郊外のプレオプラジェンスコエに移り、儀式の際のみクレムリンを訪れた。ピョートルの教育係は後に側近となるニキータ・ゾートフが務めた。少年時代のピョートルは近くの外国人村に頻繁に出入りし、多くの外国人と親交を結んだ。また、遊戯連隊を編成して戦争ごっこに勤しんでいる。,ピョートルは、少年時代、主に何をしながら遊んだか?,戦争ごっこ,Lexical variation (world knowledge)
17368,34,ピョートル1世,ピョートルは母とともにモスクワ郊外のプレオプラジェンスコエに移り、儀式の際のみクレムリンを訪れた。ピョートルの教育係は後に側近となるニキータ・ゾートフが務めた。少年時代のピョートルは近くの外国人村に頻繁に出入りし、多くの外国人と親交を結んだ。また、遊戯連隊を編成して戦争ごっこに勤しんでいる。,ニキータ・ゾートフは、どこでピョートルを教育したと予測できるか?,プレオプラジェンス,Logical reasoning
17369,35,ピョートル1世,ピョートルがスイス出身のレフォルト、下士官出身のメーンシコフを側近に取り立てたのはこの時期とされる。1689年、16歳になったピョートルは母の勧めによりエヴドキヤ・ロプーヒナを后妃に迎えたが、彼女を愛することはなく、後に不幸な結果を招くことになる。,ピョートルと幼いころからよく遊び、のちに彼の側近となるのは、レフォルトと誰なの?,メーンシコフ,Lexical variation (world knowledge)
17370,35,ピョートル1世,ピョートルがスイス出身のレフォルト、下士官出身のメーンシコフを側近に取り立てたのはこの時期とされる。1689年、16歳になったピョートルは母の勧めによりエヴドキヤ・ロプーヒナを后妃に迎えたが、彼女を愛することはなく、後に不幸な結果を招くことになる。,レフォルトは、どこ出身でしたか?,スイス,Syntactic variation
17371,35,ピョートル1世,ピョートルがスイス出身のレフォルト、下士官出身のメーンシコフを側近に取り立てたのはこの時期とされる。1689年、16歳になったピョートルは母の勧めによりエヴドキヤ・ロプーヒナを后妃に迎えたが、彼女を愛することはなく、後に不幸な結果を招くことになる。,1689年の時点でピョートルは何歳になったか?,16歳,Lexical variation (world knowledge)
17372,35,ピョートル1世,ピョートルがスイス出身のレフォルト、下士官出身のメーンシコフを側近に取り立てたのはこの時期とされる。1689年、16歳になったピョートルは母の勧めによりエヴドキヤ・ロプーヒナを后妃に迎えたが、彼女を愛することはなく、後に不幸な結果を招くことになる。,ピョートルがエヴドキヤ・ロプーヒナと婚姻したのは、何年のことか?,1689年,Lexical variation (world knowledge)
17373,36,ピョートル1世,ピョートルの姉ソフィアの摂政政府はヴァシーリー・ゴリツィン公がストレリツィの蜂起で実権を握っており、進歩的な政策を行い内政・外交ともにおおむね良好に統治していた。だが、露土戦争の一環としてオスマン帝国の従属国のクリミア・ハン国に対して1687年と1689年に行われたクリミア遠征の失敗により不満が高まり、ピョートルが成長するとナルイシキン家などの支持派は彼の親政を望み、ソフィアの摂政政府と対立した。,当時のロシアは、誰の摂政政府が統治していたの?,ソフィア,Syntactic variation
17374,36,ピョートル1世,ピョートルの姉ソフィアの摂政政府はヴァシーリー・ゴリツィン公がストレリツィの蜂起で実権を握っており、進歩的な政策を行い内政・外交ともにおおむね良好に統治していた。だが、露土戦争の一環としてオスマン帝国の従属国のクリミア・ハン国に対して1687年と1689年に行われたクリミア遠征の失敗により不満が高まり、ピョートルが成長するとナルイシキン家などの支持派は彼の親政を望み、ソフィアの摂政政府と対立した。,ヴァシーリー・ゴリツィンは、どの事件を通して実権を握りましたか?,ストレリツィの蜂起,Lexical variation (world knowledge)
17375,36,ピョートル1世,ピョートルの姉ソフィアの摂政政府はヴァシーリー・ゴリツィン公がストレリツィの蜂起で実権を握っており、進歩的な政策を行い内政・外交ともにおおむね良好に統治していた。だが、露土戦争の一環としてオスマン帝国の従属国のクリミア・ハン国に対して1687年と1689年に行われたクリミア遠征の失敗により不満が高まり、ピョートルが成長するとナルイシキン家などの支持派は彼の親政を望み、ソフィアの摂政政府と対立した。,当時、実権を握っていたのは、誰か?,ヴァシーリー・ゴリツィン,Syntactic variation
17376,36,ピョートル1世,ピョートルの姉ソフィアの摂政政府はヴァシーリー・ゴリツィン公がストレリツィの蜂起で実権を握っており、進歩的な政策を行い内政・外交ともにおおむね良好に統治していた。だが、露土戦争の一環としてオスマン帝国の従属国のクリミア・ハン国に対して1687年と1689年に行われたクリミア遠征の失敗により不満が高まり、ピョートルが成長するとナルイシキン家などの支持派は彼の親政を望み、ソフィアの摂政政府と対立した。,クリミア遠征は、どの戦争の一環としてとらえられるか?,露土戦争,Lexical variation (world knowledge)
17377,37,ピョートル1世,1697年3月から翌1698年8月まで、ピョートルは約250名の使節団を結成しヨーロッパに派遣、自らもピョートル・ミハイロフ(ПётрМихайлов)という偽名を使い使節団の一員となった。この使節は軍事・科学の専門技術といったヨーロッパ文明の吸収を目的としていたが、対オスマン軍事同盟への参加を各国に打診する外交使節をも兼ねていた。また使節の一員に身をやつしたのは、煩瑣な儀礼に縛られず自由に行動するためと、公的にはモスクワを離れていないと内外に示すためだった。,ヨーロッパ文明の吸収を目的に派遣された使節団に同行したピョートルは、何と言う偽名を使ったの?,ピョートル・ミハイロフ,Lexical variation (world knowledge)
17378,37,ピョートル1世,1697年3月から翌1698年8月まで、ピョートルは約250名の使節団を結成しヨーロッパに派遣、自らもピョートル・ミハイロフ(ПётрМихайлов)という偽名を使い使節団の一員となった。この使節は軍事・科学の専門技術といったヨーロッパ文明の吸収を目的としていたが、対オスマン軍事同盟への参加を各国に打診する外交使節をも兼ねていた。また使節の一員に身をやつしたのは、煩瑣な儀礼に縛られず自由に行動するためと、公的にはモスクワを離れていないと内外に示すためだった。,ピョートルは、約何名で構成される使節団を編成しましたか?,約250名,Lexical variation (synonymy)
17379,37,ピョートル1世,1697年3月から翌1698年8月まで、ピョートルは約250名の使節団を結成しヨーロッパに派遣、自らもピョートル・ミハイロフ(ПётрМихайлов)という偽名を使い使節団の一員となった。この使節は軍事・科学の専門技術といったヨーロッパ文明の吸収を目的としていたが、対オスマン軍事同盟への参加を各国に打診する外交使節をも兼ねていた。また使節の一員に身をやつしたのは、煩瑣な儀礼に縛られず自由に行動するためと、公的にはモスクワを離れていないと内外に示すためだった。,ピョートルが編成した使節団は、外交使節のほかに、何の目的を持っていたか?,軍事・科学の専門技術といったヨーロッパ文明の吸収,Multiple sentence reasoning
17380,37,ピョートル1世,1697年3月から翌1698年8月まで、ピョートルは約250名の使節団を結成しヨーロッパに派遣、自らもピョートル・ミハイロフ(ПётрМихайлов)という偽名を使い使節団の一員となった。この使節は軍事・科学の専門技術といったヨーロッパ文明の吸収を目的としていたが、対オスマン軍事同盟への参加を各国に打診する外交使節をも兼ねていた。また使節の一員に身をやつしたのは、煩瑣な儀礼に縛られず自由に行動するためと、公的にはモスクワを離れていないと内外に示すためだった。,ピョートルが編成した使節団は、どの国との対立においてヨーロッパの各国からの支援を受け取るための外交の目的を持っていたか?,オスマン,Lexical variation (world knowledge)
17381,38,ピョートル1世,1699年、ピョートルはポーランド王アウグスト2世、デンマーク=ノルウェー王フレデリク4世と反スウェーデン同盟(北方同盟)を結び、バルト海への出口を求めた。,反スウェーデン同盟には、ロシア、ポーランドのほかに、どの国も参加したの?,デンマーク=ノルウェー,Lexical variation (world knowledge)
17382,38,ピョートル1世,1699年、ピョートルはポーランド王アウグスト2世、デンマーク=ノルウェー王フレデリク4世と反スウェーデン同盟(北方同盟)を結び、バルト海への出口を求めた。,1699年、ピョートルとアウグスト2世、フレデリク4世の間で結成された同盟は、何ですか?,反スウェーデン同盟,Lexical variation (synonymy)
17383,38,ピョートル1世,1699年、ピョートルはポーランド王アウグスト2世、デンマーク=ノルウェー王フレデリク4世と反スウェーデン同盟(北方同盟)を結び、バルト海への出口を求めた。,反スウェーデン同盟は、何年伊結成されたか?,1699年,Lexical variation (synonymy)
17384,38,ピョートル1世,1699年、ピョートルはポーランド王アウグスト2世、デンマーク=ノルウェー王フレデリク4世と反スウェーデン同盟(北方同盟)を結び、バルト海への出口を求めた。,反スウェーデン同盟はスウェーデンに対し、何を求めたか?,バルト海への出口,Syntactic variation
17385,39,ピョートル1世,1700年に大北方戦争が始まると、ピョートルのロシアはコンスタンティノープル条約の締結で露土戦争の終結を確認した後にスウェーデンと交戦状態に入るが、ナルヴァの戦いでカール12世の率いる少数精鋭の敵軍に惨敗した。,何の条約の締結が、露土戦争の終結を意味するの?,コンスタンティノープル条約,Lexical variation (world knowledge)
17386,39,ピョートル1世,1700年に大北方戦争が始まると、ピョートルのロシアはコンスタンティノープル条約の締結で露土戦争の終結を確認した後にスウェーデンと交戦状態に入るが、ナルヴァの戦いでカール12世の率いる少数精鋭の敵軍に惨敗した。,大北方戦争が始まったのは、何年のことですか?,1700年,Syntactic variation
17387,39,ピョートル1世,1700年に大北方戦争が始まると、ピョートルのロシアはコンスタンティノープル条約の締結で露土戦争の終結を確認した後にスウェーデンと交戦状態に入るが、ナルヴァの戦いでカール12世の率いる少数精鋭の敵軍に惨敗した。,コンスタンティノープル条約が結ばれたのは、何年のことか?,1700年,Logical reasoning
17388,39,ピョートル1世,1700年に大北方戦争が始まると、ピョートルのロシアはコンスタンティノープル条約の締結で露土戦争の終結を確認した後にスウェーデンと交戦状態に入るが、ナルヴァの戦いでカール12世の率いる少数精鋭の敵軍に惨敗した。,ナルヴァの戦いが行われたのは、何年のことか?,1700年,Logical reasoning
17389,40,ピョートル1世,1708年にカール12世がロシア領に侵攻し、ウクライナ・コサックの首長マゼーパと連合したが、1709年6月27日にポルタヴァの戦いでピョートルは冬将軍と焦土作戦でスウェーデン軍を弱体化させ大敗させた。カール12世はトルコに逃げたため故国に戻れず、ピョートルはこの機に乗じて親露派のアウグスト2世をポーランド王位に復帰させ、カレリアとリヴォニアを征服した。,ロシアに侵攻してきたスウェーデン軍は、誰が率いていたの?,カール12世,Lexical variation (world knowledge)
17390,40,ピョートル1世,1708年にカール12世がロシア領に侵攻し、ウクライナ・コサックの首長マゼーパと連合したが、1709年6月27日にポルタヴァの戦いでピョートルは冬将軍と焦土作戦でスウェーデン軍を弱体化させ大敗させた。カール12世はトルコに逃げたため故国に戻れず、ピョートルはこの機に乗じて親露派のアウグスト2世をポーランド王位に復帰させ、カレリアとリヴォニアを征服した。,カール12世の率いるスウェーデン軍がロシアに侵攻してきたのは、何年のことですか?,1708年,Lexical variation (world knowledge)
17391,40,ピョートル1世,1708年にカール12世がロシア領に侵攻し、ウクライナ・コサックの首長マゼーパと連合したが、1709年6月27日にポルタヴァの戦いでピョートルは冬将軍と焦土作戦でスウェーデン軍を弱体化させ大敗させた。カール12世はトルコに逃げたため故国に戻れず、ピョートルはこの機に乗じて親露派のアウグスト2世をポーランド王位に復帰させ、カレリアとリヴォニアを征服した。,ポルタヴァの戦いは、いつ行われた戦闘か?,1709年6月27日,Lexical variation (world knowledge)
17392,40,ピョートル1世,1708年にカール12世がロシア領に侵攻し、ウクライナ・コサックの首長マゼーパと連合したが、1709年6月27日にポルタヴァの戦いでピョートルは冬将軍と焦土作戦でスウェーデン軍を弱体化させ大敗させた。カール12世はトルコに逃げたため故国に戻れず、ピョートルはこの機に乗じて親露派のアウグスト2世をポーランド王位に復帰させ、カレリアとリヴォニアを征服した。,1709年6月27日の戦闘で勝利したのは、誰の率いる軍だったか?,ピョートル,Lexical variation (world knowledge)
17393,41,ピョートル1世,しかし翌1712年からピョートルのロシアは攻勢に転じ、ハンゲの海戦で歴史的勝利をおさめ、ロシア海軍の成長を見せつけると同時にバルト海の覇権を獲得した。ロシアは勢いに乗じてスウェーデンのドイツ領を侵略、反スウェーデン同盟の加盟国を増やしてスウェーデンを追い込み、1716年には姪エカチェリーナ・イヴァノヴナを北ドイツのメクレンブルク=シュヴェリーン公カール・レオポルトと結婚させ、同盟を結んでスウェーデン侵攻拠点を手に入れバルト海への影響力を増していった。この事態はイギリスをはじめとする同盟諸国を警戒させ、ピョートルは圧力に屈してポーランドから撤退した。,スウェーデンとの戦争でロシアが優勢になったのは、何年からなの?,1712年,Lexical variation (synonymy)
17394,41,ピョートル1世,しかし翌1712年からピョートルのロシアは攻勢に転じ、ハンゲの海戦で歴史的勝利をおさめ、ロシア海軍の成長を見せつけると同時にバルト海の覇権を獲得した。ロシアは勢いに乗じてスウェーデンのドイツ領を侵略、反スウェーデン同盟の加盟国を増やしてスウェーデンを追い込み、1716年には姪エカチェリーナ・イヴァノヴナを北ドイツのメクレンブルク=シュヴェリーン公カール・レオポルトと結婚させ、同盟を結んでスウェーデン侵攻拠点を手に入れバルト海への影響力を増していった。この事態はイギリスをはじめとする同盟諸国を警戒させ、ピョートルは圧力に屈してポーランドから撤退した。,ピョートルのロシアが歴史的勝利を収めたのは、どの戦闘でですか?,ハンゲの海戦,Syntactic variation
17395,41,ピョートル1世,しかし翌1712年からピョートルのロシアは攻勢に転じ、ハンゲの海戦で歴史的勝利をおさめ、ロシア海軍の成長を見せつけると同時にバルト海の覇権を獲得した。ロシアは勢いに乗じてスウェーデンのドイツ領を侵略、反スウェーデン同盟の加盟国を増やしてスウェーデンを追い込み、1716年には姪エカチェリーナ・イヴァノヴナを北ドイツのメクレンブルク=シュヴェリーン公カール・レオポルトと結婚させ、同盟を結んでスウェーデン侵攻拠点を手に入れバルト海への影響力を増していった。この事態はイギリスをはじめとする同盟諸国を警戒させ、ピョートルは圧力に屈してポーランドから撤退した。,エカチェリーナ・イヴァノヴナと結婚したのは、誰か?,カール・レオポルト,Syntactic variation
17396,41,ピョートル1世,しかし翌1712年からピョートルのロシアは攻勢に転じ、ハンゲの海戦で歴史的勝利をおさめ、ロシア海軍の成長を見せつけると同時にバルト海の覇権を獲得した。ロシアは勢いに乗じてスウェーデンのドイツ領を侵略、反スウェーデン同盟の加盟国を増やしてスウェーデンを追い込み、1716年には姪エカチェリーナ・イヴァノヴナを北ドイツのメクレンブルク=シュヴェリーン公カール・レオポルトと結婚させ、同盟を結んでスウェーデン侵攻拠点を手に入れバルト海への影響力を増していった。この事態はイギリスをはじめとする同盟諸国を警戒させ、ピョートルは圧力に屈してポーランドから撤退した。,ピョートルのバルト海への影響力が増大したのは、エカチェリーナ・イヴァノヴナと誰の結婚によることだったか?,カール・レオポルト,Lexical variation (world knowledge)
17397,42,ピョートル1世,1718年にピョートルのロシアはスウェーデンと休戦交渉に入ったが、カール12世の急死で親英派の妹ウルリカが王位を継ぐと交渉は打ち切られた。バルト海沿岸地域を我が物としたピョートルはさらにスウェーデンを圧迫し、フィンランド、そしてスウェーデン本土に直接攻撃を仕掛けた。ロシア軍はスウェーデン本土への攻撃は阻止されたものの、これがスウェーデンへの決定的な圧力となった。,ロシアとスウェーデンの間で休戦交渉が開かれたのは、何年のことなの?,1718年,Lexical variation (world knowledge)
17398,42,ピョートル1世,1718年にピョートルのロシアはスウェーデンと休戦交渉に入ったが、カール12世の急死で親英派の妹ウルリカが王位を継ぐと交渉は打ち切られた。バルト海沿岸地域を我が物としたピョートルはさらにスウェーデンを圧迫し、フィンランド、そしてスウェーデン本土に直接攻撃を仕掛けた。ロシア軍はスウェーデン本土への攻撃は阻止されたものの、これがスウェーデンへの決定的な圧力となった。,カール12世が死去したのは、何年のことですか?,1718年,Logical reasoning
17399,42,ピョートル1世,1718年にピョートルのロシアはスウェーデンと休戦交渉に入ったが、カール12世の急死で親英派の妹ウルリカが王位を継ぐと交渉は打ち切られた。バルト海沿岸地域を我が物としたピョートルはさらにスウェーデンを圧迫し、フィンランド、そしてスウェーデン本土に直接攻撃を仕掛けた。ロシア軍はスウェーデン本土への攻撃は阻止されたものの、これがスウェーデンへの決定的な圧力となった。,ウルリカが即位したのは、何年のことか?,1718年,Logical reasoning
17400,42,ピョートル1世,1718年にピョートルのロシアはスウェーデンと休戦交渉に入ったが、カール12世の急死で親英派の妹ウルリカが王位を継ぐと交渉は打ち切られた。バルト海沿岸地域を我が物としたピョートルはさらにスウェーデンを圧迫し、フィンランド、そしてスウェーデン本土に直接攻撃を仕掛けた。ロシア軍はスウェーデン本土への攻撃は阻止されたものの、これがスウェーデンへの決定的な圧力となった。,カール12世の後を継いだのは、誰か?,ウルリカ,Lexical variation (world knowledge)
17401,43,ピョートル1世,スウェーデンは1719年から1720年にかけてロシア以外の交戦国とストックホルム条約を締結し講和、その内のイギリスと同盟条約を締結し、イギリスはバルト海に艦隊を派遣して圧力をかけたが、ロシアは1720年7月のグレンガム島沖の海戦でスウェーデンに勝利した。,スウェーデンが講和条約を結ばなかった、唯一の国は、どの国なの?,ロシア,Lexical variation (world knowledge)
17402,43,ピョートル1世,スウェーデンは1719年から1720年にかけてロシア以外の交戦国とストックホルム条約を締結し講和、その内のイギリスと同盟条約を締結し、イギリスはバルト海に艦隊を派遣して圧力をかけたが、ロシアは1720年7月のグレンガム島沖の海戦でスウェーデンに勝利した。,グレンガム島沖の海戦はいつ行われた戦闘でありますか?,1720年7月,Lexical variation (world knowledge)
17403,44,ジョージ・グレンヴィル,"ジョージ・グレンヴィルは、イギリスの政治家だ。

1741年にホイッグ党の庶民院議員として政界入りし、閣僚職を歴任した。第3代ビュート伯爵ジョン・ステュアートの辞職後、ビュート伯の推挙で首相に就任した。1763年にはジョン・ウィルクスを「一般逮捕状」で逮捕したことでウィルクス事件を引き起こした。1765年には印紙法で北アメリカ植民地人の反発を買い、この反発がアメリカ独立戦争の遠因となった。イギリス国内でもビュート伯爵の傀儡政権と見做されて批判に晒された。1765年の摂政法をめぐって国王ジョージ3世とも対立したため、2年ほどで退陣を余儀なくされた。

同じく首相の初代グレンヴィル男爵ウィリアム・グレンヴィルは三男である。",初代グレンヴィル男爵ウィリアム・グレンヴィルの父は誰?,ジョージ・グレンヴィル,Multiple sentence reasoning
17404,44,ジョージ・グレンヴィル,"ジョージ・グレンヴィルは、イギリスの政治家だ。

1741年にホイッグ党の庶民院議員として政界入りし、閣僚職を歴任した。第3代ビュート伯爵ジョン・ステュアートの辞職後、ビュート伯の推挙で首相に就任した。1763年にはジョン・ウィルクスを「一般逮捕状」で逮捕したことでウィルクス事件を引き起こした。1765年には印紙法で北アメリカ植民地人の反発を買い、この反発がアメリカ独立戦争の遠因となった。イギリス国内でもビュート伯爵の傀儡政権と見做されて批判に晒された。1765年の摂政法をめぐって国王ジョージ3世とも対立したため、2年ほどで退陣を余儀なくされた。

同じく首相の初代グレンヴィル男爵ウィリアム・グレンヴィルは三男である。",ウィルクス事件は何年にあった事件ですか。,1763年,Syntactic variation
17405,45,ジョージ・グレンヴィル,"1712年10月14日、ジョージ・グレンヴィルは庶民院議員リチャード・グレンヴィルと後に初代テンプル女伯爵に叙されるヘスター・グランヴィルの間の次男として生まれる。

兄に後に第2代テンプル伯爵位を継承するリチャード・グレンヴィル=テンプルがいる。グレンヴィル家はバッキンガムシャーの大地主の家系だった。

1725年から1728年までイートン・カレッジで教育を受けた後、1729年にインナー・テンプルに、1730年にオックスフォード大学クライスト・チャーチに、1734年にリンカーン法曹院に入学、1735年にインナー・テンプルで弁護士資格免許を取得した。1763年にはインナー・テンプルの評議員に就任した。",ジョージ・グレンヴィルはいつ生まれたか。,1712年10月14日,Syntactic variation
17406,45,ジョージ・グレンヴィル,"1712年10月14日、ジョージ・グレンヴィルは庶民院議員リチャード・グレンヴィルと後に初代テンプル女伯爵に叙されるヘスター・グランヴィルの間の次男として生まれる。

兄に後に第2代テンプル伯爵位を継承するリチャード・グレンヴィル=テンプルがいる。グレンヴィル家はバッキンガムシャーの大地主の家系だった。

1725年から1728年までイートン・カレッジで教育を受けた後、1729年にインナー・テンプルに、1730年にオックスフォード大学クライスト・チャーチに、1734年にリンカーン法曹院に入学、1735年にインナー・テンプルで弁護士資格免許を取得した。1763年にはインナー・テンプルの評議員に就任した。",ジョージ・グレンヴィルは何年にリンカーン法曹院に入学したか。,1734年,Multiple sentence reasoning
17407,45,ジョージ・グレンヴィル,"1712年10月14日、ジョージ・グレンヴィルは庶民院議員リチャード・グレンヴィルと後に初代テンプル女伯爵に叙されるヘスター・グランヴィルの間の次男として生まれる。

兄に後に第2代テンプル伯爵位を継承するリチャード・グレンヴィル=テンプルがいる。グレンヴィル家はバッキンガムシャーの大地主の家系だった。

1725年から1728年までイートン・カレッジで教育を受けた後、1729年にインナー・テンプルに、1730年にオックスフォード大学クライスト・チャーチに、1734年にリンカーン法曹院に入学、1735年にインナー・テンプルで弁護士資格免許を取得した。1763年にはインナー・テンプルの評議員に就任した。",ジョージ・グレンヴィルはいつインナー・テンプルの評議員に就任したか。,1763年,Multiple sentence reasoning
17408,46,ジョージ・グレンヴィル,"ジョージ・グレンヴィルは1741年イギリス総選挙で父が議席を有したバッキンガム選挙区から選出されて庶民院議員となる。所属政党はホイッグ党だが、義弟大ピットとともに反ウォルポール派ホイッグとなり、ウォルポール内閣倒閣を目指した。処女演説は1742年1月21日に行われ、ウィリアム・パルトニーが提出した戦争遂行を調査する秘密委員会の設立動議に賛成するものだった。

ウォルポール失脚後の1743年から10数年にわたって海軍省や財務省の役職につくようになった。具体的には1744年から1747年まで下級海軍卿を、1747年から1754年まで下級大蔵卿を務め、1754年から1756年にかけての初代ニューカッスル公爵トマス・ペラム=ホールズの第一次内閣では海軍会計長官を務めた。また、1754年6月21日には枢密顧問官に任命された。一時大ピットにしたがって辞職したが、大ピットも南部担当国務大臣として入閣した1757年から1762年にかけての第二次ニューカッスル公内閣では海軍会計長官に再任された。",ジョージ・グレンヴィルの処女演説はいつあったの?,1742年1月21日,Multiple sentence reasoning
17409,46,ジョージ・グレンヴィル,"ジョージ・グレンヴィルは1741年イギリス総選挙で父が議席を有したバッキンガム選挙区から選出されて庶民院議員となる。所属政党はホイッグ党だが、義弟大ピットとともに反ウォルポール派ホイッグとなり、ウォルポール内閣倒閣を目指した。処女演説は1742年1月21日に行われ、ウィリアム・パルトニーが提出した戦争遂行を調査する秘密委員会の設立動議に賛成するものだった。

ウォルポール失脚後の1743年から10数年にわたって海軍省や財務省の役職につくようになった。具体的には1744年から1747年まで下級海軍卿を、1747年から1754年まで下級大蔵卿を務め、1754年から1756年にかけての初代ニューカッスル公爵トマス・ペラム=ホールズの第一次内閣では海軍会計長官を務めた。また、1754年6月21日には枢密顧問官に任命された。一時大ピットにしたがって辞職したが、大ピットも南部担当国務大臣として入閣した1757年から1762年にかけての第二次ニューカッスル公内閣では海軍会計長官に再任された。",ジョージ・グレンヴィルはいつ枢密顧問官に任命された?,1754年6月21日,Multiple sentence reasoning
17410,46,ジョージ・グレンヴィル,"ジョージ・グレンヴィルは1741年イギリス総選挙で父が議席を有したバッキンガム選挙区から選出されて庶民院議員となる。所属政党はホイッグ党だが、義弟大ピットとともに反ウォルポール派ホイッグとなり、ウォルポール内閣倒閣を目指した。処女演説は1742年1月21日に行われ、ウィリアム・パルトニーが提出した戦争遂行を調査する秘密委員会の設立動議に賛成するものだった。

ウォルポール失脚後の1743年から10数年にわたって海軍省や財務省の役職につくようになった。具体的には1744年から1747年まで下級海軍卿を、1747年から1754年まで下級大蔵卿を務め、1754年から1756年にかけての初代ニューカッスル公爵トマス・ペラム=ホールズの第一次内閣では海軍会計長官を務めた。また、1754年6月21日には枢密顧問官に任命された。一時大ピットにしたがって辞職したが、大ピットも南部担当国務大臣として入閣した1757年から1762年にかけての第二次ニューカッスル公内閣では海軍会計長官に再任された。",ジョージ・グレンヴィルは1747年から1754年まで何を務めたの?,下級大蔵卿,Multiple sentence reasoning
17411,47,ジョージ・グレンヴィル,"1765年初頭に国王ジョージ3世はポルフィリン症の発作を起こした。発作の再発に備えてグレンヴィル内閣は「摂政法」の制定を行った。

しかし権力の制限を恐れた国王が強く反対し、この件でグレンヴィル内閣と国王の関係は決定的に悪化した。グレンヴィルを排除するため、国王はホイッグ党の第2代ロッキンガム侯爵チャールズ・ワトソン=ウェントワースと和解・接近した。そしてグレンヴィルは1765年7月に罷免された。",1765年初頭に国王ジョージ3世はどの病気で発作を起こしたか。,ポルフィリン症,Syntactic variation
17412,47,ジョージ・グレンヴィル,"1765年初頭に国王ジョージ3世はポルフィリン症の発作を起こした。発作の再発に備えてグレンヴィル内閣は「摂政法」の制定を行った。

しかし権力の制限を恐れた国王が強く反対し、この件でグレンヴィル内閣と国王の関係は決定的に悪化した。グレンヴィルを排除するため、国王はホイッグ党の第2代ロッキンガム侯爵チャールズ・ワトソン=ウェントワースと和解・接近した。そしてグレンヴィルは1765年7月に罷免された。",国王ジョージ3世の再発に備えてグレンヴィル内閣は何を制定したか。,「摂政法」,Multiple sentence reasoning
17413,47,ジョージ・グレンヴィル,"1765年初頭に国王ジョージ3世はポルフィリン症の発作を起こした。発作の再発に備えてグレンヴィル内閣は「摂政法」の制定を行った。

しかし権力の制限を恐れた国王が強く反対し、この件でグレンヴィル内閣と国王の関係は決定的に悪化した。グレンヴィルを排除するため、国王はホイッグ党の第2代ロッキンガム侯爵チャールズ・ワトソン=ウェントワースと和解・接近した。そしてグレンヴィルは1765年7月に罷免された。",国王ジョージ3世は「摂政法」の制定に賛成でたか、反対でしたか。,反対,Logical reasoning
17414,48,ジョージ・グレンヴィル,"グレンヴィルは1770年11月13日に死去した。彼の死とともに彼の派閥は自然消滅した。ノース卿に警戒される政敵の一人だった彼の死はノース卿内閣の安定に資したとみられる。

彼の長男ジョージ・ニュージェント=テンプル=グレンヴィルは、兄リチャードから第3代テンプル伯爵位を継承し、小ピット内閣で国務大臣などの閣僚職を務め、バッキンガム侯爵に叙せられた。三男のウィリアム・グレンヴィルも小ピット内閣で閣僚職を歴任してグレンヴィル男爵に叙され、さらに首相となって「総人材内閣」と呼ばれる内閣を組閣している。",グレンヴィルはいつ亡くなったか。,1770年11月13日,Lexical variation (synonymy)
17415,48,ジョージ・グレンヴィル,"グレンヴィルは1770年11月13日に死去した。彼の死とともに彼の派閥は自然消滅した。ノース卿に警戒される政敵の一人だった彼の死はノース卿内閣の安定に資したとみられる。

彼の長男ジョージ・ニュージェント=テンプル=グレンヴィルは、兄リチャードから第3代テンプル伯爵位を継承し、小ピット内閣で国務大臣などの閣僚職を務め、バッキンガム侯爵に叙せられた。三男のウィリアム・グレンヴィルも小ピット内閣で閣僚職を歴任してグレンヴィル男爵に叙され、さらに首相となって「総人材内閣」と呼ばれる内閣を組閣している。",グレンヴィルの長男の名前は何?,ジョージ・ニュージェント=テンプル=グレンヴィル,Multiple sentence reasoning
17416,48,ジョージ・グレンヴィル,"グレンヴィルは1770年11月13日に死去した。彼の死とともに彼の派閥は自然消滅した。ノース卿に警戒される政敵の一人だった彼の死はノース卿内閣の安定に資したとみられる。

彼の長男ジョージ・ニュージェント=テンプル=グレンヴィルは、兄リチャードから第3代テンプル伯爵位を継承し、小ピット内閣で国務大臣などの閣僚職を務め、バッキンガム侯爵に叙せられた。三男のウィリアム・グレンヴィルも小ピット内閣で閣僚職を歴任してグレンヴィル男爵に叙され、さらに首相となって「総人材内閣」と呼ばれる内閣を組閣している。",グレンヴィルの三男の名前は何?,ウィリアム・グレンヴィル,Multiple sentence reasoning
17417,48,ジョージ・グレンヴィル,"グレンヴィルは1770年11月13日に死去した。彼の死とともに彼の派閥は自然消滅した。ノース卿に警戒される政敵の一人だった彼の死はノース卿内閣の安定に資したとみられる。

彼の長男ジョージ・ニュージェント=テンプル=グレンヴィルは、兄リチャードから第3代テンプル伯爵位を継承し、小ピット内閣で国務大臣などの閣僚職を務め、バッキンガム侯爵に叙せられた。三男のウィリアム・グレンヴィルも小ピット内閣で閣僚職を歴任してグレンヴィル男爵に叙され、さらに首相となって「総人材内閣」と呼ばれる内閣を組閣している。",ジョージ・ニュージェント=テンプル=グレンヴィルとウィリアム・グレンヴィルと、誰がもっと先に生まれたの?,ジョージ・ニュージェント=テンプル=グレンヴィル,Logical reasoning
17418,49,ジョージ・グレンヴィル,"英国人名事典はグレンヴィルを「有能だが狭量」(ablebutnarrow-minded)と評し、財務に関する能力を評価した。また、厳格な性格で自分への反対に耐えられない気性だったことが災いして、国王の歓心も大衆の人気も得られなかった。首相の在任期間も失敗続きであり、ウィルクスへの処置で政権の評判を落とした上、植民地への徴税がアメリカ独立戦争の遠因になり、1765年の摂政法も国王ジョージ3世を怒らせる結果だった。

エドマンド・バークは1774年4月の演説でグレンヴィルが「政治を果たす必要のある義務としてではなく、楽しむべき事柄として扱った」など、庶民院の事務への貢献を称えた。一方、ホレス・ウォルポールはグレンヴィルについて、話が冗長である上に学者ぶっていると酷評しており、ウォルポールが同じく酷評した兄リチャードと比べてもリチャードのほうが紳士的だったとした。",英国人名事典はグレンヴィルを何と評したか。,「有能だが狭量」(ablebutnarrow-minded),Syntactic variation
17419,49,ジョージ・グレンヴィル,"英国人名事典はグレンヴィルを「有能だが狭量」(ablebutnarrow-minded)と評し、財務に関する能力を評価した。また、厳格な性格で自分への反対に耐えられない気性だったことが災いして、国王の歓心も大衆の人気も得られなかった。首相の在任期間も失敗続きであり、ウィルクスへの処置で政権の評判を落とした上、植民地への徴税がアメリカ独立戦争の遠因になり、1765年の摂政法も国王ジョージ3世を怒らせる結果だった。

エドマンド・バークは1774年4月の演説でグレンヴィルが「政治を果たす必要のある義務としてではなく、楽しむべき事柄として扱った」など、庶民院の事務への貢献を称えた。一方、ホレス・ウォルポールはグレンヴィルについて、話が冗長である上に学者ぶっていると酷評しており、ウォルポールが同じく酷評した兄リチャードと比べてもリチャードのほうが紳士的だったとした。",グレンヴィルは何によって「有能だが狭量」(ablebutnarrow-minded)と評されたの?,英国人名事典,Syntactic variation
17420,49,ジョージ・グレンヴィル,"英国人名事典はグレンヴィルを「有能だが狭量」(ablebutnarrow-minded)と評し、財務に関する能力を評価した。また、厳格な性格で自分への反対に耐えられない気性だったことが災いして、国王の歓心も大衆の人気も得られなかった。首相の在任期間も失敗続きであり、ウィルクスへの処置で政権の評判を落とした上、植民地への徴税がアメリカ独立戦争の遠因になり、1765年の摂政法も国王ジョージ3世を怒らせる結果だった。

エドマンド・バークは1774年4月の演説でグレンヴィルが「政治を果たす必要のある義務としてではなく、楽しむべき事柄として扱った」など、庶民院の事務への貢献を称えた。一方、ホレス・ウォルポールはグレンヴィルについて、話が冗長である上に学者ぶっていると酷評しており、ウォルポールが同じく酷評した兄リチャードと比べてもリチャードのほうが紳士的だったとした。",グレンヴィルが「政治を果たす必要のある義務としてではなく、楽しむべき事柄として扱った」という述べたのは誰ですか。,エドマンド・バーク,Lexical variation (synonymy)
17421,50,アメリカ=メキシコ国境,"アメリカ=メキシコ国境は、4つのアメリカ合衆国の州と6つのメキシコの州に接している。
20以上の横断道路があり、アメリカ合衆国カリフォルニア州サンディエゴとメキシコバハカリフォルニア州ティファナの接する西から、アメリカ合衆国テキサス州ブラウンズビルとメキシコタマウリパス州マタモロスが接する東まで伸びている。
都会のエリアから荒れ果てた砂漠までさまざまな地形を横切り、東はテキサス州エルパソとメキシコチワワ州シウダー・フアレスの両国の大都市圏の境界を成し、メキシコ湾に流れるリオグランデ川に沿っている。
ソノラ砂漠、チワワ砂漠、コロラド川デルタ、バハカリフォルニア半島の北端も横切る。
境界の全長は1,951マイル(3,141キロメートル)、世界で最も頻繁に横断される国境で、毎年のべ3億5000万人が(合法的に)横断している。",アメリカ=メキシコ国境において、接している州の数が多いのはアメリカ合衆国とメキシコのどちらですか?,メキシコ,Logical reasoning
17422,50,アメリカ=メキシコ国境,"アメリカ=メキシコ国境は、4つのアメリカ合衆国の州と6つのメキシコの州に接している。
20以上の横断道路があり、アメリカ合衆国カリフォルニア州サンディエゴとメキシコバハカリフォルニア州ティファナの接する西から、アメリカ合衆国テキサス州ブラウンズビルとメキシコタマウリパス州マタモロスが接する東まで伸びている。
都会のエリアから荒れ果てた砂漠までさまざまな地形を横切り、東はテキサス州エルパソとメキシコチワワ州シウダー・フアレスの両国の大都市圏の境界を成し、メキシコ湾に流れるリオグランデ川に沿っている。
ソノラ砂漠、チワワ砂漠、コロラド川デルタ、バハカリフォルニア半島の北端も横切る。
境界の全長は1,951マイル(3,141キロメートル)、世界で最も頻繁に横断される国境で、毎年のべ3億5000万人が(合法的に)横断している。",アメリカ=メキシコ国境において、アメリカ側の最東端はどこの地域ですか?,テキサス州エルパソ,Lexical variation (synonymy)
17423,50,アメリカ=メキシコ国境,"アメリカ=メキシコ国境は、4つのアメリカ合衆国の州と6つのメキシコの州に接している。
20以上の横断道路があり、アメリカ合衆国カリフォルニア州サンディエゴとメキシコバハカリフォルニア州ティファナの接する西から、アメリカ合衆国テキサス州ブラウンズビルとメキシコタマウリパス州マタモロスが接する東まで伸びている。
都会のエリアから荒れ果てた砂漠までさまざまな地形を横切り、東はテキサス州エルパソとメキシコチワワ州シウダー・フアレスの両国の大都市圏の境界を成し、メキシコ湾に流れるリオグランデ川に沿っている。
ソノラ砂漠、チワワ砂漠、コロラド川デルタ、バハカリフォルニア半島の北端も横切る。
境界の全長は1,951マイル(3,141キロメートル)、世界で最も頻繁に横断される国境で、毎年のべ3億5000万人が(合法的に)横断している。",アメリカ=メキシコ国境において、メキシコ側の最西端である地域はどこですか?,バハカリフォルニア州ティファナ,Lexical variation (synonymy)
17424,51,アメリカ=メキシコ国境,"リオグランデ川の流れ自体が変化したことによる境界の論争(リオ・リコなど)は、ごく少数の地域で20世紀に入ってもあった。
とは言え、現在の国境は1848年のグアダルーペ・イダルゴ条約と1853年のガズデン購入で決着がついた。
メキシコと1836年に建国されたテキサス共和国の両国が主張した国境周辺には当時誰も居住していなかったが、その不確かさは1846年から1848年の米墨戦争の契機となった。
その前の合意には、メキシコ独立戦争の間にアメリカ合衆国とスペイン(ヌエバ・エスパーニャ)で結ばれた1819年のアダムズ=オニス条約があり、1803年のルイジアナ購入後の境界を定義した。",アメリカが先に結んだ条約は、グアダルーペ・イダルゴ条約とアダムズ=オニス条約のどちらですか?,アダムズ=オニス条約,Logical reasoning
17425,51,アメリカ=メキシコ国境,"リオグランデ川の流れ自体が変化したことによる境界の論争(リオ・リコなど)は、ごく少数の地域で20世紀に入ってもあった。
とは言え、現在の国境は1848年のグアダルーペ・イダルゴ条約と1853年のガズデン購入で決着がついた。
メキシコと1836年に建国されたテキサス共和国の両国が主張した国境周辺には当時誰も居住していなかったが、その不確かさは1846年から1848年の米墨戦争の契機となった。
その前の合意には、メキシコ独立戦争の間にアメリカ合衆国とスペイン(ヌエバ・エスパーニャ)で結ばれた1819年のアダムズ=オニス条約があり、1803年のルイジアナ購入後の境界を定義した。",テキサス共和国の建国年はいつですか?,1836年,Lexical variation (synonymy)
17426,51,アメリカ=メキシコ国境,"リオグランデ川の流れ自体が変化したことによる境界の論争(リオ・リコなど)は、ごく少数の地域で20世紀に入ってもあった。
とは言え、現在の国境は1848年のグアダルーペ・イダルゴ条約と1853年のガズデン購入で決着がついた。
メキシコと1836年に建国されたテキサス共和国の両国が主張した国境周辺には当時誰も居住していなかったが、その不確かさは1846年から1848年の米墨戦争の契機となった。
その前の合意には、メキシコ独立戦争の間にアメリカ合衆国とスペイン(ヌエバ・エスパーニャ)で結ばれた1819年のアダムズ=オニス条約があり、1803年のルイジアナ購入後の境界を定義した。",ガズデン購入とルイジアナ購入はどちらが先に行なわれましたか?,ルイジアナ購入,Logical reasoning
17427,51,アメリカ=メキシコ国境,"リオグランデ川の流れ自体が変化したことによる境界の論争(リオ・リコなど)は、ごく少数の地域で20世紀に入ってもあった。
とは言え、現在の国境は1848年のグアダルーペ・イダルゴ条約と1853年のガズデン購入で決着がついた。
メキシコと1836年に建国されたテキサス共和国の両国が主張した国境周辺には当時誰も居住していなかったが、その不確かさは1846年から1848年の米墨戦争の契機となった。
その前の合意には、メキシコ独立戦争の間にアメリカ合衆国とスペイン(ヌエバ・エスパーニャ)で結ばれた1819年のアダムズ=オニス条約があり、1803年のルイジアナ購入後の境界を定義した。",メキシコとテキサス共和国が主張した国境問題は、後に何の戦争を引き起こしましたか?,米墨戦争,Lexical variation (synonymy)
17428,52,アメリカ=メキシコ国境,"アメリカ=メキシコ国境は、合法、非合法を合わせて、世界で最も多い数の横断が行われている。
両国の距離的な近さと、境界の両側での生活水準の違いはこれらの移住を促進している。
毎年100万人以上の不法入国者がいると見られ、その8割はメキシコ人である。
残りは中米からの人々で、メキシコ人以外(OtherThanMexicans,OTM)と呼ばれている。
カリフォルニア大学デービス校の移民の専門家によると、アメリカの農業人口の45%は不法移民だという。
国境巡視隊の活動は、広い範囲でフェンス越えが実行されているサンディエゴとエルパソなど、国境の大都市周辺に集中した。
この大都市圏への監視の集中により、不法移民は田舎の山岳地帯や砂漠地帯から入国を試みるようになり、これによって多くの死亡者を生んだ。",毎年見られる不法入国者の中で最も多いのは何人ですか?,メキシコ人,Lexical variation (synonymy)
17429,52,アメリカ=メキシコ国境,"アメリカ=メキシコ国境は、合法、非合法を合わせて、世界で最も多い数の横断が行われている。
両国の距離的な近さと、境界の両側での生活水準の違いはこれらの移住を促進している。
毎年100万人以上の不法入国者がいると見られ、その8割はメキシコ人である。
残りは中米からの人々で、メキシコ人以外(OtherThanMexicans,OTM)と呼ばれている。
カリフォルニア大学デービス校の移民の専門家によると、アメリカの農業人口の45%は不法移民だという。
国境巡視隊の活動は、広い範囲でフェンス越えが実行されているサンディエゴとエルパソなど、国境の大都市周辺に集中した。
この大都市圏への監視の集中により、不法移民は田舎の山岳地帯や砂漠地帯から入国を試みるようになり、これによって多くの死亡者を生んだ。",メキシコの次に多い不法入国者の出身地域はどこですか?,中米,Lexical variation (synonymy)
17430,52,アメリカ=メキシコ国境,"アメリカ=メキシコ国境は、合法、非合法を合わせて、世界で最も多い数の横断が行われている。
両国の距離的な近さと、境界の両側での生活水準の違いはこれらの移住を促進している。
毎年100万人以上の不法入国者がいると見られ、その8割はメキシコ人である。
残りは中米からの人々で、メキシコ人以外(OtherThanMexicans,OTM)と呼ばれている。
カリフォルニア大学デービス校の移民の専門家によると、アメリカの農業人口の45%は不法移民だという。
国境巡視隊の活動は、広い範囲でフェンス越えが実行されているサンディエゴとエルパソなど、国境の大都市周辺に集中した。
この大都市圏への監視の集中により、不法移民は田舎の山岳地帯や砂漠地帯から入国を試みるようになり、これによって多くの死亡者を生んだ。",フェンス越えなどの不法侵入を取り締まっている人は何ですか?,国境巡視隊,Lexical variation (synonymy)
17431,52,アメリカ=メキシコ国境,"アメリカ=メキシコ国境は、合法、非合法を合わせて、世界で最も多い数の横断が行われている。
両国の距離的な近さと、境界の両側での生活水準の違いはこれらの移住を促進している。
毎年100万人以上の不法入国者がいると見られ、その8割はメキシコ人である。
残りは中米からの人々で、メキシコ人以外(OtherThanMexicans,OTM)と呼ばれている。
カリフォルニア大学デービス校の移民の専門家によると、アメリカの農業人口の45%は不法移民だという。
国境巡視隊の活動は、広い範囲でフェンス越えが実行されているサンディエゴとエルパソなど、国境の大都市周辺に集中した。
この大都市圏への監視の集中により、不法移民は田舎の山岳地帯や砂漠地帯から入国を試みるようになり、これによって多くの死亡者を生んだ。",不法入国者は毎年何人以上いると推定されていますか?,100万人以上,Lexical variation (synonymy)
17432,53,アメリカ=メキシコ国境,"境界のほぼ全域は、アメリカ合衆国連邦政府の様々な巡視員が警備している。
1990年代、アメリカ陸軍の人員が、アメリカ=メキシコ国境沿いに配備され、不法な外国人と麻薬密業者の流入を食い止めた。
これらの軍隊は赤外線監視装置やヘリコプターを駆使し、国境警備隊と共同で警備にあたった。
不法入国者の密輸組織、「コヨーテ」が使用していたところは往来がなくなり、一時的ながら密輸業者と不法入国者は一掃された。
しかし、効果的に思われたこの警備だが、軍が撤収すると、またすぐに不法入国が再開された。
2001年の9.11テロの後、アメリカは警備策として国境に兵士を配備した。
このとき、赤外線スコープを搭載したわずか100機のヘリコプターと良好な装備を持った数百名の兵士で国境を封鎖できるという意見があった。",不法入国者の密輸組織の名前とは?,「コヨーテ」,Syntactic variation
17433,53,アメリカ=メキシコ国境,"境界のほぼ全域は、アメリカ合衆国連邦政府の様々な巡視員が警備している。
1990年代、アメリカ陸軍の人員が、アメリカ=メキシコ国境沿いに配備され、不法な外国人と麻薬密業者の流入を食い止めた。
これらの軍隊は赤外線監視装置やヘリコプターを駆使し、国境警備隊と共同で警備にあたった。
不法入国者の密輸組織、「コヨーテ」が使用していたところは往来がなくなり、一時的ながら密輸業者と不法入国者は一掃された。
しかし、効果的に思われたこの警備だが、軍が撤収すると、またすぐに不法入国が再開された。
2001年の9.11テロの後、アメリカは警備策として国境に兵士を配備した。
このとき、赤外線スコープを搭載したわずか100機のヘリコプターと良好な装備を持った数百名の兵士で国境を封鎖できるという意見があった。",境界のほぼ全域を警備しているのはどこの国の巡視員か?,アメリカ合衆国,Lexical variation (world knowledge)
17434,53,アメリカ=メキシコ国境,"境界のほぼ全域は、アメリカ合衆国連邦政府の様々な巡視員が警備している。
1990年代、アメリカ陸軍の人員が、アメリカ=メキシコ国境沿いに配備され、不法な外国人と麻薬密業者の流入を食い止めた。
これらの軍隊は赤外線監視装置やヘリコプターを駆使し、国境警備隊と共同で警備にあたった。
不法入国者の密輸組織、「コヨーテ」が使用していたところは往来がなくなり、一時的ながら密輸業者と不法入国者は一掃された。
しかし、効果的に思われたこの警備だが、軍が撤収すると、またすぐに不法入国が再開された。
2001年の9.11テロの後、アメリカは警備策として国境に兵士を配備した。
このとき、赤外線スコープを搭載したわずか100機のヘリコプターと良好な装備を持った数百名の兵士で国境を封鎖できるという意見があった。",アメリカ同時多発テロ事件以降に、アメリカ政府は国境に何を配備したの?,兵士,Lexical variation (synonymy)
17435,54,アメリカ=メキシコ国境,"しかし反対者は、アメリカ軍が国境を巡回することは、PosseComitatusAct(「民兵隊壮年団法」。アメリカ国内において、アメリカ合衆国憲法及び法律の定めがある場合を除き、軍隊の治安活動を禁止した法律。もともとレコンストラクションの後の1878年に制定された法律で、陸海軍対象だったが1956年に空軍も加えられた。これがSWATが作られるきっかけになる)に違反すると主張した。
もっと現実的な者は、国境を完全に封鎖することは不可能で、さらに頑丈で強大な軍が投入され、不法入国に恐らく深刻な影響を与えるだろうと考えた。
アメリカの各州は州兵(NationalGuard)組織を持ち、原則として、州知事の判断で国境の警備のために配置することが可能である。
また、一部の州は緊急時には州防衛軍(StateDefenseForce)という名の警備隊を動かすことができる。
しかしながら、ほとんどの州知事は、地域の企業と、大きくなっていくメキシコ人コミュニティの反発を恐れて実行しなかった。",1878年に制定された法律の日本名は何?,「民兵隊壮年団法」,Lexical variation (world knowledge)
17436,54,アメリカ=メキシコ国境,"しかし反対者は、アメリカ軍が国境を巡回することは、PosseComitatusAct(「民兵隊壮年団法」。アメリカ国内において、アメリカ合衆国憲法及び法律の定めがある場合を除き、軍隊の治安活動を禁止した法律。もともとレコンストラクションの後の1878年に制定された法律で、陸海軍対象だったが1956年に空軍も加えられた。これがSWATが作られるきっかけになる)に違反すると主張した。
もっと現実的な者は、国境を完全に封鎖することは不可能で、さらに頑丈で強大な軍が投入され、不法入国に恐らく深刻な影響を与えるだろうと考えた。
アメリカの各州は州兵(NationalGuard)組織を持ち、原則として、州知事の判断で国境の警備のために配置することが可能である。
また、一部の州は緊急時には州防衛軍(StateDefenseForce)という名の警備隊を動かすことができる。
しかしながら、ほとんどの州知事は、地域の企業と、大きくなっていくメキシコ人コミュニティの反発を恐れて実行しなかった。",「民兵隊壮年団法」の対象として後から追加された軍隊とは何?,空軍,Lexical variation (synonymy)
17437,54,アメリカ=メキシコ国境,"しかし反対者は、アメリカ軍が国境を巡回することは、PosseComitatusAct(「民兵隊壮年団法」。アメリカ国内において、アメリカ合衆国憲法及び法律の定めがある場合を除き、軍隊の治安活動を禁止した法律。もともとレコンストラクションの後の1878年に制定された法律で、陸海軍対象だったが1956年に空軍も加えられた。これがSWATが作られるきっかけになる)に違反すると主張した。
もっと現実的な者は、国境を完全に封鎖することは不可能で、さらに頑丈で強大な軍が投入され、不法入国に恐らく深刻な影響を与えるだろうと考えた。
アメリカの各州は州兵(NationalGuard)組織を持ち、原則として、州知事の判断で国境の警備のために配置することが可能である。
また、一部の州は緊急時には州防衛軍(StateDefenseForce)という名の警備隊を動かすことができる。
しかしながら、ほとんどの州知事は、地域の企業と、大きくなっていくメキシコ人コミュニティの反発を恐れて実行しなかった。",「民兵隊壮年団法」の対象に空軍が加わったことで、後に何が作られましたか?,SWAT,Lexical variation (synonymy)
17438,55,アメリカ=メキシコ国境,"アリゾナ州およびニューメキシコ州は、現在のところ、制御できないほどの不法移民の流入による深刻な状態にある郡を公表し、その結果、両州の知事は州兵を国境に配置することができた。
しかし、アリゾナ州の共和党上院議員、ジョン・マケインは、施行によって不法移住を軽減しようとしているいくつかの法案に反対し、合法化(多くは恩赦)を勝ち取る法案を上院で提案した。
2006年5月、大統領ジョージ・W・ブッシュは、最大6,000名の州兵が、国境警備隊を支援するための施設を境界に設置する計画を発表した。
この計画に反対したのは、カリフォルニア州知事のアーノルド・シュワルツェネッガーで、当初はカリフォルニア州=バハカリフォルニア州の境界に3,000名の州兵を配置するブッシュの要求を拒絶した。
しかし後になってシュワルツェネッガーは、カルフォルニア州予算の償還の再保証と、必要な時の部隊の返却を条件に、1,600名以上のカリフォルニア州兵を国境に配置した。",ブッシュの州兵支援計画に反対した人物は誰?,アーノルド・シュワルツェネッガー,Multiple sentence reasoning
17439,55,アメリカ=メキシコ国境,"アリゾナ州およびニューメキシコ州は、現在のところ、制御できないほどの不法移民の流入による深刻な状態にある郡を公表し、その結果、両州の知事は州兵を国境に配置することができた。
しかし、アリゾナ州の共和党上院議員、ジョン・マケインは、施行によって不法移住を軽減しようとしているいくつかの法案に反対し、合法化(多くは恩赦)を勝ち取る法案を上院で提案した。
2006年5月、大統領ジョージ・W・ブッシュは、最大6,000名の州兵が、国境警備隊を支援するための施設を境界に設置する計画を発表した。
この計画に反対したのは、カリフォルニア州知事のアーノルド・シュワルツェネッガーで、当初はカリフォルニア州=バハカリフォルニア州の境界に3,000名の州兵を配置するブッシュの要求を拒絶した。
しかし後になってシュワルツェネッガーは、カルフォルニア州予算の償還の再保証と、必要な時の部隊の返却を条件に、1,600名以上のカリフォルニア州兵を国境に配置した。",2006年5月当時にアメリカ大統領を務めていた人は誰でしたか?,ジョージ・W・ブッシュ,Lexical variation (world knowledge)
17440,55,アメリカ=メキシコ国境,"アリゾナ州およびニューメキシコ州は、現在のところ、制御できないほどの不法移民の流入による深刻な状態にある郡を公表し、その結果、両州の知事は州兵を国境に配置することができた。
しかし、アリゾナ州の共和党上院議員、ジョン・マケインは、施行によって不法移住を軽減しようとしているいくつかの法案に反対し、合法化(多くは恩赦)を勝ち取る法案を上院で提案した。
2006年5月、大統領ジョージ・W・ブッシュは、最大6,000名の州兵が、国境警備隊を支援するための施設を境界に設置する計画を発表した。
この計画に反対したのは、カリフォルニア州知事のアーノルド・シュワルツェネッガーで、当初はカリフォルニア州=バハカリフォルニア州の境界に3,000名の州兵を配置するブッシュの要求を拒絶した。
しかし後になってシュワルツェネッガーは、カルフォルニア州予算の償還の再保証と、必要な時の部隊の返却を条件に、1,600名以上のカリフォルニア州兵を国境に配置した。",シュワルツェネッガーが配置させた州兵の数は何人でしたか?,"1,600名以上",Lexical variation (synonymy)
17441,55,アメリカ=メキシコ国境,"アリゾナ州およびニューメキシコ州は、現在のところ、制御できないほどの不法移民の流入による深刻な状態にある郡を公表し、その結果、両州の知事は州兵を国境に配置することができた。
しかし、アリゾナ州の共和党上院議員、ジョン・マケインは、施行によって不法移住を軽減しようとしているいくつかの法案に反対し、合法化(多くは恩赦)を勝ち取る法案を上院で提案した。
2006年5月、大統領ジョージ・W・ブッシュは、最大6,000名の州兵が、国境警備隊を支援するための施設を境界に設置する計画を発表した。
この計画に反対したのは、カリフォルニア州知事のアーノルド・シュワルツェネッガーで、当初はカリフォルニア州=バハカリフォルニア州の境界に3,000名の州兵を配置するブッシュの要求を拒絶した。
しかし後になってシュワルツェネッガーは、カルフォルニア州予算の償還の再保証と、必要な時の部隊の返却を条件に、1,600名以上のカリフォルニア州兵を国境に配置した。",シュワルツェネッガーはどこの州知事を務めていたの?,カリフォルニア州,Lexical variation (world knowledge)
17442,56,アメリカ=メキシコ国境,"ブッシュ政権の最終年である2008年は、メキシコとの国境警備が厳しくなったこともあり、アメリカにおける国外退去数が約38万人と前年度比で約8万人増加した。
国外退去数は、不法移民や不法入国者に比較的寛容であるとされたオバマ政権下でも増え続けた。
2013年6月24日、アメリカ上院は移民制度改革法案を承認、27日に可決した。
この法案の中には、アメリカ=メキシコ国境の警備の強化案が含まれており、国境警備隊2万人の増員、国境フェンスの増強、無人航空機やレーダー、センサーに数十億ドルを投入するなど、国境警備の軍事的な面を強化するものとなっている。
ただし、この警備の強化には移民に寛容であるべきとする国民からは反対意見が根強く、またこの法案には、アメリカ合衆国国内に存在する不法滞在者に市民権を与える内容も含まれていることから、移民反対派にも反対者が多い。
そのため、下院では審議されない可能性も指摘されている。",2007年と2008年はどちらの年が国外退去数が多かったですか?,2008年,Logical reasoning
17443,56,アメリカ=メキシコ国境,"ブッシュ政権の最終年である2008年は、メキシコとの国境警備が厳しくなったこともあり、アメリカにおける国外退去数が約38万人と前年度比で約8万人増加した。
国外退去数は、不法移民や不法入国者に比較的寛容であるとされたオバマ政権下でも増え続けた。
2013年6月24日、アメリカ上院は移民制度改革法案を承認、27日に可決した。
この法案の中には、アメリカ=メキシコ国境の警備の強化案が含まれており、国境警備隊2万人の増員、国境フェンスの増強、無人航空機やレーダー、センサーに数十億ドルを投入するなど、国境警備の軍事的な面を強化するものとなっている。
ただし、この警備の強化には移民に寛容であるべきとする国民からは反対意見が根強く、またこの法案には、アメリカ合衆国国内に存在する不法滞在者に市民権を与える内容も含まれていることから、移民反対派にも反対者が多い。
そのため、下院では審議されない可能性も指摘されている。",アメリカ=メキシコ国境の警備の強化案が含まれていた法案名は何ですか?,移民制度改革法案,Multiple sentence reasoning
17444,56,アメリカ=メキシコ国境,"ブッシュ政権の最終年である2008年は、メキシコとの国境警備が厳しくなったこともあり、アメリカにおける国外退去数が約38万人と前年度比で約8万人増加した。
国外退去数は、不法移民や不法入国者に比較的寛容であるとされたオバマ政権下でも増え続けた。
2013年6月24日、アメリカ上院は移民制度改革法案を承認、27日に可決した。
この法案の中には、アメリカ=メキシコ国境の警備の強化案が含まれており、国境警備隊2万人の増員、国境フェンスの増強、無人航空機やレーダー、センサーに数十億ドルを投入するなど、国境警備の軍事的な面を強化するものとなっている。
ただし、この警備の強化には移民に寛容であるべきとする国民からは反対意見が根強く、またこの法案には、アメリカ合衆国国内に存在する不法滞在者に市民権を与える内容も含まれていることから、移民反対派にも反対者が多い。
そのため、下院では審議されない可能性も指摘されている。",移民制度改革法案では国境警備員を何人に増員すると決まりましたか?,2万人,Multiple sentence reasoning
17445,56,アメリカ=メキシコ国境,"ブッシュ政権の最終年である2008年は、メキシコとの国境警備が厳しくなったこともあり、アメリカにおける国外退去数が約38万人と前年度比で約8万人増加した。
国外退去数は、不法移民や不法入国者に比較的寛容であるとされたオバマ政権下でも増え続けた。
2013年6月24日、アメリカ上院は移民制度改革法案を承認、27日に可決した。
この法案の中には、アメリカ=メキシコ国境の警備の強化案が含まれており、国境警備隊2万人の増員、国境フェンスの増強、無人航空機やレーダー、センサーに数十億ドルを投入するなど、国境警備の軍事的な面を強化するものとなっている。
ただし、この警備の強化には移民に寛容であるべきとする国民からは反対意見が根強く、またこの法案には、アメリカ合衆国国内に存在する不法滞在者に市民権を与える内容も含まれていることから、移民反対派にも反対者が多い。
そのため、下院では審議されない可能性も指摘されている。",移民制度改革法案は何日に可決されたの?,27日,Syntactic variation
17446,57,アメリカ=メキシコ国境,"下院軍事委員会の議長でもある、下院議員ダンカン・ハンター(共和党・カリフォルニア州)は、2005年11月3日に、強化されたフェンス(事実上の壁)をアメリカ=メキシコ国境沿いに構築することを提案した。
12月5日には、H.R.4437への修正案を提出。
この計画には、メキシコ境界の698マイル(1,123キロメートル)に沿ったフェンスの建設の義務化が盛り込まれた。
2006年5月17日、上院で、三重構造のフェンスと自動車用フェンスを370マイル作るというS.2611が承認された。",強化フェンスの構築を提案した人は誰ですか?,ダンカン・ハンター,Syntactic variation
17447,57,アメリカ=メキシコ国境,"下院軍事委員会の議長でもある、下院議員ダンカン・ハンター(共和党・カリフォルニア州)は、2005年11月3日に、強化されたフェンス(事実上の壁)をアメリカ=メキシコ国境沿いに構築することを提案した。
12月5日には、H.R.4437への修正案を提出。
この計画には、メキシコ境界の698マイル(1,123キロメートル)に沿ったフェンスの建設の義務化が盛り込まれた。
2006年5月17日、上院で、三重構造のフェンスと自動車用フェンスを370マイル作るというS.2611が承認された。",ダンカン・ハンターが提案した計画では、何マイル沿いのフェンス建設が義務化されたの?,698マイル,Multiple sentence reasoning
17448,57,アメリカ=メキシコ国境,"下院軍事委員会の議長でもある、下院議員ダンカン・ハンター(共和党・カリフォルニア州)は、2005年11月3日に、強化されたフェンス(事実上の壁)をアメリカ=メキシコ国境沿いに構築することを提案した。
12月5日には、H.R.4437への修正案を提出。
この計画には、メキシコ境界の698マイル(1,123キロメートル)に沿ったフェンスの建設の義務化が盛り込まれた。
2006年5月17日、上院で、三重構造のフェンスと自動車用フェンスを370マイル作るというS.2611が承認された。",メキシコ境界のフェンス建設義務化の修正案が提出されたのはいつ?,12月5日,Multiple sentence reasoning
17449,57,アメリカ=メキシコ国境,"下院軍事委員会の議長でもある、下院議員ダンカン・ハンター(共和党・カリフォルニア州)は、2005年11月3日に、強化されたフェンス(事実上の壁)をアメリカ=メキシコ国境沿いに構築することを提案した。
12月5日には、H.R.4437への修正案を提出。
この計画には、メキシコ境界の698マイル(1,123キロメートル)に沿ったフェンスの建設の義務化が盛り込まれた。
2006年5月17日、上院で、三重構造のフェンスと自動車用フェンスを370マイル作るというS.2611が承認された。",ダンカン・ハンターは何州の下院議員ですか?,カリフォルニア州,Syntactic variation
17450,58,アメリカ=メキシコ国境,"メキシコ政府は、多くのラテンアメリカ諸国の大臣や知識人と同様に、この計画を非難した。
テキサス州知事のリック・ペリーも、国境はもっと開かれたものであるべきだとする反対を表明した。
フェンスの拡大案はさらに、テキサス州ラレド市議会で満場一致で否決された。
「2006年安全フェンス法」(H.R.6061)は、2006年9月13日に提出され、翌日、283対138の投票で可決された。
9月29日には80対19の投票によって上院が認可し、10月26日にブッシュ大統領が署名した。",この計画に反対したテキサス州知事は誰でしたか?,リック・ペリー,Multiple sentence reasoning
17451,58,アメリカ=メキシコ国境,"メキシコ政府は、多くのラテンアメリカ諸国の大臣や知識人と同様に、この計画を非難した。
テキサス州知事のリック・ペリーも、国境はもっと開かれたものであるべきだとする反対を表明した。
フェンスの拡大案はさらに、テキサス州ラレド市議会で満場一致で否決された。
「2006年安全フェンス法」(H.R.6061)は、2006年9月13日に提出され、翌日、283対138の投票で可決された。
9月29日には80対19の投票によって上院が認可し、10月26日にブッシュ大統領が署名した。",「2006年安全フェンス法」が可決された時の票数は何対何でしたか?,283対138,Lexical variation (world knowledge)
17452,58,アメリカ=メキシコ国境,"メキシコ政府は、多くのラテンアメリカ諸国の大臣や知識人と同様に、この計画を非難した。
テキサス州知事のリック・ペリーも、国境はもっと開かれたものであるべきだとする反対を表明した。
フェンスの拡大案はさらに、テキサス州ラレド市議会で満場一致で否決された。
「2006年安全フェンス法」(H.R.6061)は、2006年9月13日に提出され、翌日、283対138の投票で可決された。
9月29日には80対19の投票によって上院が認可し、10月26日にブッシュ大統領が署名した。",「2006年安全フェンス法」が上院に認可された時の投票数は何対何でしたか?,80対19,Multiple sentence reasoning
17453,58,アメリカ=メキシコ国境,"メキシコ政府は、多くのラテンアメリカ諸国の大臣や知識人と同様に、この計画を非難した。
テキサス州知事のリック・ペリーも、国境はもっと開かれたものであるべきだとする反対を表明した。
フェンスの拡大案はさらに、テキサス州ラレド市議会で満場一致で否決された。
「2006年安全フェンス法」(H.R.6061)は、2006年9月13日に提出され、翌日、283対138の投票で可決された。
9月29日には80対19の投票によって上院が認可し、10月26日にブッシュ大統領が署名した。",「2006年安全フェンス法」にブッシュ大統領が署名したのはいつでしたか?,10月26日,Multiple sentence reasoning
17454,59,アメリカ=メキシコ国境,"アメリカ合衆国=メキシコ国境に設置されたフェンスにより、国境を横切る不法入国を防ぐことが期待されている。
しかし何人かの専門家は、フェンスは、単に国境は常に「安全である」ことをアメリカ合衆国市民に確信させることとを目的とした広報策略でしかなく、その一方で、国境を渡った安い労働力の再入国をしにくくし、そこから得られる経済的なメリットも目論まれていると主張した。
メキシコでは、この障壁は非公式に、恥の壁(西:MurodelaVergüenza,英:WallofShame)と呼ばれている。
ケーブルテレビ局コメディ・セントラルの番組、""TheColbertReport""でベイ・ブキャナンは、三重フェンスの2,000マイルの壁を建設するのには6か月かかり、およそ15-30億ドルのコストがかかると試算した。
同番組でブキャナンは、1990年代のクリントン政権による国境の警備プログラム、OperationGatekeeperでは、不法移住を90%カットしたことを引き合いに出し、これと似た結果が期待できるとした。",恥の壁と呼んでいるのはどこの国ですか?,メキシコ,Lexical variation (synonymy)
17455,59,アメリカ=メキシコ国境,"アメリカ合衆国=メキシコ国境に設置されたフェンスにより、国境を横切る不法入国を防ぐことが期待されている。
しかし何人かの専門家は、フェンスは、単に国境は常に「安全である」ことをアメリカ合衆国市民に確信させることとを目的とした広報策略でしかなく、その一方で、国境を渡った安い労働力の再入国をしにくくし、そこから得られる経済的なメリットも目論まれていると主張した。
メキシコでは、この障壁は非公式に、恥の壁(西:MurodelaVergüenza,英:WallofShame)と呼ばれている。
ケーブルテレビ局コメディ・セントラルの番組、""TheColbertReport""でベイ・ブキャナンは、三重フェンスの2,000マイルの壁を建設するのには6か月かかり、およそ15-30億ドルのコストがかかると試算した。
同番組でブキャナンは、1990年代のクリントン政権による国境の警備プログラム、OperationGatekeeperでは、不法移住を90%カットしたことを引き合いに出し、これと似た結果が期待できるとした。",テレビ番組で、フェンス設置にかかるコストや建設期間を具体的に試算した人は誰ですか?,ベイ・ブキャナン,Lexical variation (synonymy)
17456,59,アメリカ=メキシコ国境,"アメリカ合衆国=メキシコ国境に設置されたフェンスにより、国境を横切る不法入国を防ぐことが期待されている。
しかし何人かの専門家は、フェンスは、単に国境は常に「安全である」ことをアメリカ合衆国市民に確信させることとを目的とした広報策略でしかなく、その一方で、国境を渡った安い労働力の再入国をしにくくし、そこから得られる経済的なメリットも目論まれていると主張した。
メキシコでは、この障壁は非公式に、恥の壁(西:MurodelaVergüenza,英:WallofShame)と呼ばれている。
ケーブルテレビ局コメディ・セントラルの番組、""TheColbertReport""でベイ・ブキャナンは、三重フェンスの2,000マイルの壁を建設するのには6か月かかり、およそ15-30億ドルのコストがかかると試算した。
同番組でブキャナンは、1990年代のクリントン政権による国境の警備プログラム、OperationGatekeeperでは、不法移住を90%カットしたことを引き合いに出し、これと似た結果が期待できるとした。",ブキャナンは、三重フェンスの設置にかかる費用はいくらだと述べましたか?,およそ15-30億ドル,Lexical variation (synonymy)
17457,60,アメリカ=メキシコ国境,"2003年10月から2004年4月末までに、660,390人がアメリカ合衆国国境警備隊によって拘留され、同時期に43-61名が、ソノラ砂漠から密入国しようとして死んだ。
これは前年の同時期の3倍にのぼる。
2004年10月には、過去1年間で325人が死亡したことが国境巡視隊によって発表された。
1998年と2004年の間では、1,954人が国境沿いで死んだことが正式に報告された。",2003年10月から2004年4月末の期間に死亡した43‐61名は、どこからの密国をもくろんで死亡しましたか?,ソノラ砂漠,Lexical variation (synonymy)
17458,60,アメリカ=メキシコ国境,"2003年10月から2004年4月末までに、660,390人がアメリカ合衆国国境警備隊によって拘留され、同時期に43-61名が、ソノラ砂漠から密入国しようとして死んだ。
これは前年の同時期の3倍にのぼる。
2004年10月には、過去1年間で325人が死亡したことが国境巡視隊によって発表された。
1998年と2004年の間では、1,954人が国境沿いで死んだことが正式に報告された。",2003年10月から2004年4月末の期間に拘留された密入国者は何人でしたか?,"660,390人",Lexical variation (synonymy)
17459,60,アメリカ=メキシコ国境,"2003年10月から2004年4月末までに、660,390人がアメリカ合衆国国境警備隊によって拘留され、同時期に43-61名が、ソノラ砂漠から密入国しようとして死んだ。
これは前年の同時期の3倍にのぼる。
2004年10月には、過去1年間で325人が死亡したことが国境巡視隊によって発表された。
1998年と2004年の間では、1,954人が国境沿いで死んだことが正式に報告された。",1998年と2004年の間の、国境沿いでの死亡者は何人でしたか?,"1,954人",Lexical variation (synonymy)
17460,61,アメリカ=メキシコ国境,"メキシコ外務省は、1994年から2000年までの期間に、国境のメキシコ側での死亡者数のデータを収集した。
それらのデータは、1996年に87名、1997年に149名、1998年に329名、1999年に358名、2000年に499名という死亡者数を示している。",死亡者数が多かったのは1996年と1997年のどちらですか?,1997年,Logical reasoning
17461,61,アメリカ=メキシコ国境,"メキシコ外務省は、1994年から2000年までの期間に、国境のメキシコ側での死亡者数のデータを収集した。
それらのデータは、1996年に87名、1997年に149名、1998年に329名、1999年に358名、2000年に499名という死亡者数を示している。",死亡者数が多かったのは1997年と1998年のどちらですか?,1998年,Logical reasoning
17462,61,アメリカ=メキシコ国境,"メキシコ外務省は、1994年から2000年までの期間に、国境のメキシコ側での死亡者数のデータを収集した。
それらのデータは、1996年に87名、1997年に149名、1998年に329名、1999年に358名、2000年に499名という死亡者数を示している。",死亡者数が多かったのは1998年と1999年のどちらですか?,1999年,Logical reasoning
17463,61,アメリカ=メキシコ国境,"メキシコ外務省は、1994年から2000年までの期間に、国境のメキシコ側での死亡者数のデータを収集した。
それらのデータは、1996年に87名、1997年に149名、1998年に329名、1999年に358名、2000年に499名という死亡者数を示している。",1998年から2000年の間に、死亡者数が最も多かった年は何年でしたか?,2000年,Logical reasoning
17464,62,アメリカ=メキシコ国境,"不法入国を試みる者の死亡原因は様々である。
国境のフェンスを避けて、不法移民はアリゾナ州のソノラ砂漠の横断に失敗する者の死因には、熱射病、脱水症状、低体温症がよく認められる。
また、リオ・グランデ川を渡ろうとして溺死する者もいる。
その他、かなりの数の不法移民が、自動車事故や他の事故で死んでいる。
たびたび起こる国境警備隊による殺害、自警団ミニットマンによる殺害は、しばしばヘイトクライムとして報道される。
人権団体、連邦捜査局、国際連合がこれらの事件の調査に乗り出したケースもある。
「コヨーテ」という悪名高い不法移民の密輸業者の集団が起こす、過度の暴力による死亡もこっそりと報告されている。
本国メキシコに残された家族に危害が加えられる恐れがあるため、コヨーテによる被害についての証言は少なく、容疑者を識別することは難しい。",ソノラ砂漠は何州にありますか?,アリゾナ州,Syntactic variation
17465,62,アメリカ=メキシコ国境,"不法入国を試みる者の死亡原因は様々である。
国境のフェンスを避けて、不法移民はアリゾナ州のソノラ砂漠の横断に失敗する者の死因には、熱射病、脱水症状、低体温症がよく認められる。
また、リオ・グランデ川を渡ろうとして溺死する者もいる。
その他、かなりの数の不法移民が、自動車事故や他の事故で死んでいる。
たびたび起こる国境警備隊による殺害、自警団ミニットマンによる殺害は、しばしばヘイトクライムとして報道される。
人権団体、連邦捜査局、国際連合がこれらの事件の調査に乗り出したケースもある。
「コヨーテ」という悪名高い不法移民の密輸業者の集団が起こす、過度の暴力による死亡もこっそりと報告されている。
本国メキシコに残された家族に危害が加えられる恐れがあるため、コヨーテによる被害についての証言は少なく、容疑者を識別することは難しい。",不法移民が横断しようとする砂漠はどこですか?,ソノラ砂漠,Multiple sentence reasoning
17466,62,アメリカ=メキシコ国境,"不法入国を試みる者の死亡原因は様々である。
国境のフェンスを避けて、不法移民はアリゾナ州のソノラ砂漠の横断に失敗する者の死因には、熱射病、脱水症状、低体温症がよく認められる。
また、リオ・グランデ川を渡ろうとして溺死する者もいる。
その他、かなりの数の不法移民が、自動車事故や他の事故で死んでいる。
たびたび起こる国境警備隊による殺害、自警団ミニットマンによる殺害は、しばしばヘイトクライムとして報道される。
人権団体、連邦捜査局、国際連合がこれらの事件の調査に乗り出したケースもある。
「コヨーテ」という悪名高い不法移民の密輸業者の集団が起こす、過度の暴力による死亡もこっそりと報告されている。
本国メキシコに残された家族に危害が加えられる恐れがあるため、コヨーテによる被害についての証言は少なく、容疑者を識別することは難しい。",不法移民が横断しようとする川は何ですか?,リオ・グランデ川,Multiple sentence reasoning
17467,62,アメリカ=メキシコ国境,"不法入国を試みる者の死亡原因は様々である。
国境のフェンスを避けて、不法移民はアリゾナ州のソノラ砂漠の横断に失敗する者の死因には、熱射病、脱水症状、低体温症がよく認められる。
また、リオ・グランデ川を渡ろうとして溺死する者もいる。
その他、かなりの数の不法移民が、自動車事故や他の事故で死んでいる。
たびたび起こる国境警備隊による殺害、自警団ミニットマンによる殺害は、しばしばヘイトクライムとして報道される。
人権団体、連邦捜査局、国際連合がこれらの事件の調査に乗り出したケースもある。
「コヨーテ」という悪名高い不法移民の密輸業者の集団が起こす、過度の暴力による死亡もこっそりと報告されている。
本国メキシコに残された家族に危害が加えられる恐れがあるため、コヨーテによる被害についての証言は少なく、容疑者を識別することは難しい。",国境警備隊などによる不法移民者の殺害は、どのようなケースとして報道されますか?,ヘイトクライム,Lexical variation (world knowledge)
17468,63,アメリカ=メキシコ国境,"1990年代以降、メキシコ国内で麻薬マフィアの活動が活発化すると、メキシコからアメリカに向けてコカインなどの麻薬の組織的な密輸が盛んになった。
両国の取り締まりも年々厳重となる一方、マフィア側も捜査網を巧妙にかいくぐるようになり、2010年代には国境沿いに建設された延長数100メートルに及ぶ密輸用トンネルが相次いで発見されている。
国境の壁が野生生物の生息地を分断している、一部の動物の生息域が縮小した。",メキシコ国内で麻薬マフィアの活動が活発化したのはいつからでしたか?,1990年代以降,Syntactic variation
17469,64,白血病,"白血病(はっけつびょう、Leukemia)は、「血液のがん」ともいわれ、遺伝子変異を起こした造血細胞(白血病細胞)が骨髄で自律的に増殖して正常な造血を阻害し、多くは骨髄のみにとどまらず血液中にも白血病細胞があふれ出てくる血液疾患である。
白血病細胞が造血の場である骨髄を占拠するために造血が阻害されて正常な血液細胞が減るため感染症や貧血、出血症状などの症状が出やすくなり、あるいは骨髄から血液中にあふれ出た白血病細胞がさまざまな臓器に浸潤(侵入)して障害することもある。
治療は抗がん剤を中心とした化学療法と輸血や感染症対策などの支持療法に加え、難治例では骨髄移植や臍帯血移植などの造血幹細胞移植治療も行われる。
大きくは急性骨髄性白血病(AML)、急性リンパ性白血病(ALL)、慢性骨髄性白血病(CML)、慢性リンパ性白血病(CLL)の4つに分けられる。",白血病の異名は何ですか?,「血液のがん」,Lexical variation (world knowledge)
17470,64,白血病,"白血病(はっけつびょう、Leukemia)は、「血液のがん」ともいわれ、遺伝子変異を起こした造血細胞(白血病細胞)が骨髄で自律的に増殖して正常な造血を阻害し、多くは骨髄のみにとどまらず血液中にも白血病細胞があふれ出てくる血液疾患である。
白血病細胞が造血の場である骨髄を占拠するために造血が阻害されて正常な血液細胞が減るため感染症や貧血、出血症状などの症状が出やすくなり、あるいは骨髄から血液中にあふれ出た白血病細胞がさまざまな臓器に浸潤(侵入)して障害することもある。
治療は抗がん剤を中心とした化学療法と輸血や感染症対策などの支持療法に加え、難治例では骨髄移植や臍帯血移植などの造血幹細胞移植治療も行われる。
大きくは急性骨髄性白血病(AML)、急性リンパ性白血病(ALL)、慢性骨髄性白血病(CML)、慢性リンパ性白血病(CLL)の4つに分けられる。",白血病の分類は大きく何種類に分けられますか?,4つ,Lexical variation (world knowledge)
17471,64,白血病,"白血病(はっけつびょう、Leukemia)は、「血液のがん」ともいわれ、遺伝子変異を起こした造血細胞(白血病細胞)が骨髄で自律的に増殖して正常な造血を阻害し、多くは骨髄のみにとどまらず血液中にも白血病細胞があふれ出てくる血液疾患である。
白血病細胞が造血の場である骨髄を占拠するために造血が阻害されて正常な血液細胞が減るため感染症や貧血、出血症状などの症状が出やすくなり、あるいは骨髄から血液中にあふれ出た白血病細胞がさまざまな臓器に浸潤(侵入)して障害することもある。
治療は抗がん剤を中心とした化学療法と輸血や感染症対策などの支持療法に加え、難治例では骨髄移植や臍帯血移植などの造血幹細胞移植治療も行われる。
大きくは急性骨髄性白血病(AML)、急性リンパ性白血病(ALL)、慢性骨髄性白血病(CML)、慢性リンパ性白血病(CLL)の4つに分けられる。",造血が阻害し、感染症や貧血、出血症状などを起こす原因細胞は?,白血病細胞,Lexical variation (world knowledge)
17472,65,白血病,"白血病は病的な血液細胞(白血病細胞)が骨髄で自律的、つまりコントロールされることなく無秩序に増加する疾患である。骨髄は血液細胞を生み出す場であり、骨髄での白血病細胞の増加によって正常な造血細胞が造血の場を奪われることで正常な造血が困難になり、血液(末梢血)にも影響が及ぶ。あるいは骨髄から血液中にあふれ出た白血病細胞がさまざまな臓器に浸潤(侵入)して障害することもある。白血病患者の血液中では白血病細胞あるいは病的な白血球を含めると白血球総数は著明に増加することも、あるいは減少することもある。しかし、正常な白血球は減少し血小板や赤血球も多くの場合減少する。

白血病の症状として、正常な白血球が減ることで感染症(発熱)、赤血球が減少することで貧血になり貧血に伴う症状(倦怠感、動悸、めまい)、血小板が減少することで易出血症状などがよく見られ、また血液中にあふれ出た白血病細胞が皮膚や神経、各臓器に浸潤(侵入)してそれらにさまざまな異常が起きることもある。",正常な白血球が減ることで起きる白血病の症状は?,感染症,Syntactic variation
17473,65,白血病,"白血病は病的な血液細胞(白血病細胞)が骨髄で自律的、つまりコントロールされることなく無秩序に増加する疾患である。骨髄は血液細胞を生み出す場であり、骨髄での白血病細胞の増加によって正常な造血細胞が造血の場を奪われることで正常な造血が困難になり、血液(末梢血)にも影響が及ぶ。あるいは骨髄から血液中にあふれ出た白血病細胞がさまざまな臓器に浸潤(侵入)して障害することもある。白血病患者の血液中では白血病細胞あるいは病的な白血球を含めると白血球総数は著明に増加することも、あるいは減少することもある。しかし、正常な白血球は減少し血小板や赤血球も多くの場合減少する。

白血病の症状として、正常な白血球が減ることで感染症(発熱)、赤血球が減少することで貧血になり貧血に伴う症状(倦怠感、動悸、めまい)、血小板が減少することで易出血症状などがよく見られ、また血液中にあふれ出た白血病細胞が皮膚や神経、各臓器に浸潤(侵入)してそれらにさまざまな異常が起きることもある。",赤血球が減ることで現れる白血病の症状は?,貧血,Lexical variation (synonymy)
17474,65,白血病,"白血病は病的な血液細胞(白血病細胞)が骨髄で自律的、つまりコントロールされることなく無秩序に増加する疾患である。骨髄は血液細胞を生み出す場であり、骨髄での白血病細胞の増加によって正常な造血細胞が造血の場を奪われることで正常な造血が困難になり、血液(末梢血)にも影響が及ぶ。あるいは骨髄から血液中にあふれ出た白血病細胞がさまざまな臓器に浸潤(侵入)して障害することもある。白血病患者の血液中では白血病細胞あるいは病的な白血球を含めると白血球総数は著明に増加することも、あるいは減少することもある。しかし、正常な白血球は減少し血小板や赤血球も多くの場合減少する。

白血病の症状として、正常な白血球が減ることで感染症(発熱)、赤血球が減少することで貧血になり貧血に伴う症状(倦怠感、動悸、めまい)、血小板が減少することで易出血症状などがよく見られ、また血液中にあふれ出た白血病細胞が皮膚や神経、各臓器に浸潤(侵入)してそれらにさまざまな異常が起きることもある。",易出血症状が現れるのはどの細胞と相関がありますか?,血小板,Lexical variation (world knowledge)
17475,66,白血病,"白血病は年に10万人あたりおよそ7人(2005年、日本)が発症する比較的少ないがんであるが、多くの悪性腫瘍(癌、肉腫)は高齢者が罹患し小児や青年層では極めてまれなのに対し、白血病は小児から高齢者まで広く発症するため、小児から青年層に限ればがんの中で比較的多いがんである。
造血の場である骨髄で造血の元になっている細胞が変異したことによって起きるのが白血病であり、癌や肉腫のように固形の腫瘍を形成しないため、胃癌や大腸癌などのように外科手術の適応ではないが、抗がん剤などの化学療法には極めてよく反応する。
19世紀にドイツの病理学者ルドルフ・ルートヴィヒ・カール・ウィルヒョー(ウィルヒョウ,フィルヒョウ)が白血病を初めて報告してLeukemia(白血病)と名付けた。
かつては白血病は治療が困難で、自覚症状が現れてからは急な経過をたどって死に至ったため、不治の病とのイメージを持たれてきた。
また、白血病は現代においても現実に若年層での病死因の中で高い割合を占めることから、フィクションでは、かつての結核に代わって、現代において癌と並び、若い主人公が罹患する設定になることが多い。
しかし、1980年代以降、化学療法や、骨髄移植(bonemarrowtransplantation;BMT)、末梢血造血幹細胞移植(peripheralbloodstemcelltransplantation;PBSCT)、臍帯血移植(cordbloodtransplantation;CBT)の進歩に伴って治療成績は改善されつつある。",多くの悪性腫瘍が発症しやすい年齢層は?,高齢者,Syntactic variation
17476,66,白血病,"白血病は年に10万人あたりおよそ7人(2005年、日本)が発症する比較的少ないがんであるが、多くの悪性腫瘍(癌、肉腫)は高齢者が罹患し小児や青年層では極めてまれなのに対し、白血病は小児から高齢者まで広く発症するため、小児から青年層に限ればがんの中で比較的多いがんである。
造血の場である骨髄で造血の元になっている細胞が変異したことによって起きるのが白血病であり、癌や肉腫のように固形の腫瘍を形成しないため、胃癌や大腸癌などのように外科手術の適応ではないが、抗がん剤などの化学療法には極めてよく反応する。
19世紀にドイツの病理学者ルドルフ・ルートヴィヒ・カール・ウィルヒョー(ウィルヒョウ,フィルヒョウ)が白血病を初めて報告してLeukemia(白血病)と名付けた。
かつては白血病は治療が困難で、自覚症状が現れてからは急な経過をたどって死に至ったため、不治の病とのイメージを持たれてきた。
また、白血病は現代においても現実に若年層での病死因の中で高い割合を占めることから、フィクションでは、かつての結核に代わって、現代において癌と並び、若い主人公が罹患する設定になることが多い。
しかし、1980年代以降、化学療法や、骨髄移植(bonemarrowtransplantation;BMT)、末梢血造血幹細胞移植(peripheralbloodstemcelltransplantation;PBSCT)、臍帯血移植(cordbloodtransplantation;CBT)の進歩に伴って治療成績は改善されつつある。",白血病が最初に発見された国はどこですか?,ドイツ,Lexical variation (synonymy)
17477,66,白血病,"白血病は年に10万人あたりおよそ7人(2005年、日本)が発症する比較的少ないがんであるが、多くの悪性腫瘍(癌、肉腫)は高齢者が罹患し小児や青年層では極めてまれなのに対し、白血病は小児から高齢者まで広く発症するため、小児から青年層に限ればがんの中で比較的多いがんである。
造血の場である骨髄で造血の元になっている細胞が変異したことによって起きるのが白血病であり、癌や肉腫のように固形の腫瘍を形成しないため、胃癌や大腸癌などのように外科手術の適応ではないが、抗がん剤などの化学療法には極めてよく反応する。
19世紀にドイツの病理学者ルドルフ・ルートヴィヒ・カール・ウィルヒョー(ウィルヒョウ,フィルヒョウ)が白血病を初めて報告してLeukemia(白血病)と名付けた。
かつては白血病は治療が困難で、自覚症状が現れてからは急な経過をたどって死に至ったため、不治の病とのイメージを持たれてきた。
また、白血病は現代においても現実に若年層での病死因の中で高い割合を占めることから、フィクションでは、かつての結核に代わって、現代において癌と並び、若い主人公が罹患する設定になることが多い。
しかし、1980年代以降、化学療法や、骨髄移植(bonemarrowtransplantation;BMT)、末梢血造血幹細胞移植(peripheralbloodstemcelltransplantation;PBSCT)、臍帯血移植(cordbloodtransplantation;CBT)の進歩に伴って治療成績は改善されつつある。",フィクションの世界で、以前白血病を変わって若手の不治の病の設定によく使われたのは何だ?,結核,Lexical variation (world knowledge)
17478,67,白血病,"一口に白血病と言っても、大きくは急性骨髄性白血病(AML)、急性リンパ性白血病(ALL)、慢性骨髄性白血病(CML)、慢性リンパ性白血病(CLL)の4つに分けられ、それぞれは病態は異なっている。
急性白血病では増加する白血病細胞は幼若な血液細胞(芽球)に形態は似てはいるが、正常な分化・成熟能を失い異なったものとなる。
慢性白血病では1系統以上の血液細胞が異常な増殖をするが、白血病細胞は分化能を失っておらず、幼若な血液細胞(芽球)から成熟した細胞まで広範な細胞増殖を見せる。
急性白血病細胞は血液細胞の幼若細胞に似た形態を取り、多くの急性白血病では出現している白血病細胞に発現している特徴が白血球系幼若細胞に現れている特徴と共通点が多い細胞であるが、多くはないが赤血球系統や血小板系統の幼若細胞の特徴が発現した白血病細胞が現れるものもあり、それらも白血病である。
血液細胞は分化の方向でリンパ球と骨髄系細胞に分けられるが、ほとんどの白血病細胞も少しであっても分化の方向付けがありリンパ性と骨髄性に分けることができる。",分化能力のお持ちの白血病細胞は急性白血病か、それとも慢性白血病か?,慢性白血病,Logical reasoning
17479,67,白血病,"一口に白血病と言っても、大きくは急性骨髄性白血病(AML)、急性リンパ性白血病(ALL)、慢性骨髄性白血病(CML)、慢性リンパ性白血病(CLL)の4つに分けられ、それぞれは病態は異なっている。
急性白血病では増加する白血病細胞は幼若な血液細胞(芽球)に形態は似てはいるが、正常な分化・成熟能を失い異なったものとなる。
慢性白血病では1系統以上の血液細胞が異常な増殖をするが、白血病細胞は分化能を失っておらず、幼若な血液細胞(芽球)から成熟した細胞まで広範な細胞増殖を見せる。
急性白血病細胞は血液細胞の幼若細胞に似た形態を取り、多くの急性白血病では出現している白血病細胞に発現している特徴が白血球系幼若細胞に現れている特徴と共通点が多い細胞であるが、多くはないが赤血球系統や血小板系統の幼若細胞の特徴が発現した白血病細胞が現れるものもあり、それらも白血病である。
血液細胞は分化の方向でリンパ球と骨髄系細胞に分けられるが、ほとんどの白血病細胞も少しであっても分化の方向付けがありリンパ性と骨髄性に分けることができる。",血液細胞の幼若細胞と似た形態を取っているのは急性か、慢性かどっちの白血病細胞ですか?,急性白血病細胞,Syntactic variation
17480,67,白血病,"一口に白血病と言っても、大きくは急性骨髄性白血病(AML)、急性リンパ性白血病(ALL)、慢性骨髄性白血病(CML)、慢性リンパ性白血病(CLL)の4つに分けられ、それぞれは病態は異なっている。
急性白血病では増加する白血病細胞は幼若な血液細胞(芽球)に形態は似てはいるが、正常な分化・成熟能を失い異なったものとなる。
慢性白血病では1系統以上の血液細胞が異常な増殖をするが、白血病細胞は分化能を失っておらず、幼若な血液細胞(芽球)から成熟した細胞まで広範な細胞増殖を見せる。
急性白血病細胞は血液細胞の幼若細胞に似た形態を取り、多くの急性白血病では出現している白血病細胞に発現している特徴が白血球系幼若細胞に現れている特徴と共通点が多い細胞であるが、多くはないが赤血球系統や血小板系統の幼若細胞の特徴が発現した白血病細胞が現れるものもあり、それらも白血病である。
血液細胞は分化の方向でリンパ球と骨髄系細胞に分けられるが、ほとんどの白血病細胞も少しであっても分化の方向付けがありリンパ性と骨髄性に分けることができる。",リンパ性と骨髄性に分ける基準は何ですか?,分化の方向付け,Syntactic variation
17481,68,白血病,"白血病における慢性と急性の意味は、他の疾患で言う急性・慢性の意味合いとは違う。急性白血病が慢性化したものが慢性白血病という訳ではなく、白血病細胞が幼若な形態のまま増加していく白血病を「急性白血病」、白血病細胞が成熟傾向を持ち一見正常な血液細胞になる白血病を「慢性白血病」という。白血病の歴史の中で一般に無治療の場合には白血病細胞が幼若な形態のまま増加していく白血病の方が死に至るまでの時間が短かったので「急性」と名付けられた。急性白血病が慢性化して慢性白血病になることはないが、逆に慢性白血病が変異を起こして急性白血病様の病態になることはある。

一般的に用いられる形容で、白血病を「血液の癌」と呼ぶが、この形容は誤りである。漢字で「癌」というのは「上皮組織の悪性腫瘍」を指し、上皮組織でなく結合組織である血液や血球には使えない。ただし、「血液のがん」という平仮名の表記は正解である。平仮名の「がん」は、「癌」や「肉腫」、血液悪性腫瘍も含めた広義的な意味で使われているからである。

悪性リンパ腫や骨髄異形成症候群といった類縁疾患は通常、白血病には含まれないが、悪性リンパ腫とリンパ性白血病の細胞は本質的には同一であるとされ、骨髄異形成症候群にも前白血病状態と位置付けられ進行して白血病化するものもあり、これら類縁疾患と白血病の境目は曖昧な面もある。",白血病細胞が幼若な形態のまま増加していく白血病をどう呼びますか?,「急性白血病」,Syntactic variation
17482,68,白血病,"白血病における慢性と急性の意味は、他の疾患で言う急性・慢性の意味合いとは違う。急性白血病が慢性化したものが慢性白血病という訳ではなく、白血病細胞が幼若な形態のまま増加していく白血病を「急性白血病」、白血病細胞が成熟傾向を持ち一見正常な血液細胞になる白血病を「慢性白血病」という。白血病の歴史の中で一般に無治療の場合には白血病細胞が幼若な形態のまま増加していく白血病の方が死に至るまでの時間が短かったので「急性」と名付けられた。急性白血病が慢性化して慢性白血病になることはないが、逆に慢性白血病が変異を起こして急性白血病様の病態になることはある。

一般的に用いられる形容で、白血病を「血液の癌」と呼ぶが、この形容は誤りである。漢字で「癌」というのは「上皮組織の悪性腫瘍」を指し、上皮組織でなく結合組織である血液や血球には使えない。ただし、「血液のがん」という平仮名の表記は正解である。平仮名の「がん」は、「癌」や「肉腫」、血液悪性腫瘍も含めた広義的な意味で使われているからである。

悪性リンパ腫や骨髄異形成症候群といった類縁疾患は通常、白血病には含まれないが、悪性リンパ腫とリンパ性白血病の細胞は本質的には同一であるとされ、骨髄異形成症候群にも前白血病状態と位置付けられ進行して白血病化するものもあり、これら類縁疾患と白血病の境目は曖昧な面もある。",白血病細胞が成熟傾向を持ち一見正常な血液細胞になる白血病って何?,「慢性白血病」,Syntactic variation
17483,68,白血病,"白血病における慢性と急性の意味は、他の疾患で言う急性・慢性の意味合いとは違う。急性白血病が慢性化したものが慢性白血病という訳ではなく、白血病細胞が幼若な形態のまま増加していく白血病を「急性白血病」、白血病細胞が成熟傾向を持ち一見正常な血液細胞になる白血病を「慢性白血病」という。白血病の歴史の中で一般に無治療の場合には白血病細胞が幼若な形態のまま増加していく白血病の方が死に至るまでの時間が短かったので「急性」と名付けられた。急性白血病が慢性化して慢性白血病になることはないが、逆に慢性白血病が変異を起こして急性白血病様の病態になることはある。

一般的に用いられる形容で、白血病を「血液の癌」と呼ぶが、この形容は誤りである。漢字で「癌」というのは「上皮組織の悪性腫瘍」を指し、上皮組織でなく結合組織である血液や血球には使えない。ただし、「血液のがん」という平仮名の表記は正解である。平仮名の「がん」は、「癌」や「肉腫」、血液悪性腫瘍も含めた広義的な意味で使われているからである。

悪性リンパ腫や骨髄異形成症候群といった類縁疾患は通常、白血病には含まれないが、悪性リンパ腫とリンパ性白血病の細胞は本質的には同一であるとされ、骨髄異形成症候群にも前白血病状態と位置付けられ進行して白血病化するものもあり、これら類縁疾患と白血病の境目は曖昧な面もある。",「がん」と「癌」のなかで意味するものがもっと多い方はどっちですか?,「がん」,Logical reasoning
17484,69,白血病,"白血病の症状は急性白血病と慢性白血病では大きく異なる。

急性白血病の症状としては、骨髄で白血病細胞が増加し満ちあふれるために正常な造血が阻害されて正常な血液細胞が減少し、正常な白血球の減少に伴い細菌などの感染症(発熱)、赤血球減少(貧血)に伴う症状(倦怠感、動悸、めまい)、血小板減少に伴う易出血症状(歯肉出血、鼻出血、皮下出血など)がよく見られ、ほかにも白血病細胞の浸潤による歯肉の腫脹や時には(とくにAML-M3では)大規模な出血もありうる。
さらに白血病が進行し、各臓器への白血病細胞の浸潤があると、各臓器が傷害あるいは腫張し圧迫されてさまざまな症状がありうる。
腫瘍熱、骨痛、歯肉腫脹、肝脾腫、リンパ節腫脹、皮膚病変などや、白血病細胞が中枢神経に浸潤すると頭痛や意識障害などの様々な神経症状も起こりうる。
急性リンパ性白血病ではリンパ節・肝臓・脾臓の腫大や中枢神経症状はよく見られるが、AMLでは多くはない。

ただし、これらの諸症状は白血病に特有の症状ではなく、これらの症状を示す疾患は多い。故に症状だけで白血病を推定することは困難である。",発熱、貧血、倦怠感、動悸、めまいなどが現れる白血病は?,急性白血病,Syntactic variation
17485,69,白血病,"白血病の症状は急性白血病と慢性白血病では大きく異なる。

急性白血病の症状としては、骨髄で白血病細胞が増加し満ちあふれるために正常な造血が阻害されて正常な血液細胞が減少し、正常な白血球の減少に伴い細菌などの感染症(発熱)、赤血球減少(貧血)に伴う症状(倦怠感、動悸、めまい)、血小板減少に伴う易出血症状(歯肉出血、鼻出血、皮下出血など)がよく見られ、ほかにも白血病細胞の浸潤による歯肉の腫脹や時には(とくにAML-M3では)大規模な出血もありうる。
さらに白血病が進行し、各臓器への白血病細胞の浸潤があると、各臓器が傷害あるいは腫張し圧迫されてさまざまな症状がありうる。
腫瘍熱、骨痛、歯肉腫脹、肝脾腫、リンパ節腫脹、皮膚病変などや、白血病細胞が中枢神経に浸潤すると頭痛や意識障害などの様々な神経症状も起こりうる。
急性リンパ性白血病ではリンパ節・肝臓・脾臓の腫大や中枢神経症状はよく見られるが、AMLでは多くはない。

ただし、これらの諸症状は白血病に特有の症状ではなく、これらの症状を示す疾患は多い。故に症状だけで白血病を推定することは困難である。",歯肉腫脹、肝脾腫、赤血球減少、腫瘍熱のなかで、白血病細胞が中枢神経に浸潤することで現れる症状でないものはどれか?,赤血球減少,Logical reasoning
17486,69,白血病,"白血病の症状は急性白血病と慢性白血病では大きく異なる。

急性白血病の症状としては、骨髄で白血病細胞が増加し満ちあふれるために正常な造血が阻害されて正常な血液細胞が減少し、正常な白血球の減少に伴い細菌などの感染症(発熱)、赤血球減少(貧血)に伴う症状(倦怠感、動悸、めまい)、血小板減少に伴う易出血症状(歯肉出血、鼻出血、皮下出血など)がよく見られ、ほかにも白血病細胞の浸潤による歯肉の腫脹や時には(とくにAML-M3では)大規模な出血もありうる。
さらに白血病が進行し、各臓器への白血病細胞の浸潤があると、各臓器が傷害あるいは腫張し圧迫されてさまざまな症状がありうる。
腫瘍熱、骨痛、歯肉腫脹、肝脾腫、リンパ節腫脹、皮膚病変などや、白血病細胞が中枢神経に浸潤すると頭痛や意識障害などの様々な神経症状も起こりうる。
急性リンパ性白血病ではリンパ節・肝臓・脾臓の腫大や中枢神経症状はよく見られるが、AMLでは多くはない。

ただし、これらの諸症状は白血病に特有の症状ではなく、これらの症状を示す疾患は多い。故に症状だけで白血病を推定することは困難である。",AMLと急性リンパ性白血病で中枢神経症状がより多く見られるのはどちらですか?,急性リンパ性白血病,Lexical variation (world knowledge)
17487,70,白血病,"慢性骨髄性白血病では罹患後しばらくは慢性期と呼ばれる状態が続き、特に症状が現れず健康診断などで白血球数の異常が指摘されて初めて受診することも多く、慢性期で自覚症状が現れる場合は脾腫による腹部膨満や微熱、倦怠感の場合が多い。
ただし、慢性骨髄性白血病の自然経過では数年の後必ず、移行期と呼ばれる芽球増加の中間段階を経て急性転化を起こす。
急性期では芽球が著増し急性白血病と同様の状態になる。

慢性リンパ性白血病では一般に進行がゆっくりで無症状のことも多く、やはり健康診断で白血球増加を指摘されて受診することが多いが、しかし80%の患者ではリンパ節の腫脹があり(痛みはないことが多い)他人からリンパ節腫脹を指摘されて受診することもある。
リンパ節の腫れ以外に自覚症状がある場合には倦怠感、脾腫による腹部膨満や寝汗、発熱、皮膚病変などが見られる。
慢性リンパ性白血病の低リスク群では無症状のまま無治療でも天寿を全うすることもあるが、病期が進行してくると貧血や血小板減少が進み、細菌や真菌などの日和見感染症や自己免疫疾患を伴うこともある。",特に症状が現れない、白血球数の異常から指摘されるまで診断されない場合が多い慢性骨髄性白血病の段階は?,慢性期,Lexical variation (synonymy)
17488,70,白血病,"慢性骨髄性白血病では罹患後しばらくは慢性期と呼ばれる状態が続き、特に症状が現れず健康診断などで白血球数の異常が指摘されて初めて受診することも多く、慢性期で自覚症状が現れる場合は脾腫による腹部膨満や微熱、倦怠感の場合が多い。
ただし、慢性骨髄性白血病の自然経過では数年の後必ず、移行期と呼ばれる芽球増加の中間段階を経て急性転化を起こす。
急性期では芽球が著増し急性白血病と同様の状態になる。

慢性リンパ性白血病では一般に進行がゆっくりで無症状のことも多く、やはり健康診断で白血球増加を指摘されて受診することが多いが、しかし80%の患者ではリンパ節の腫脹があり(痛みはないことが多い)他人からリンパ節腫脹を指摘されて受診することもある。
リンパ節の腫れ以外に自覚症状がある場合には倦怠感、脾腫による腹部膨満や寝汗、発熱、皮膚病変などが見られる。
慢性リンパ性白血病の低リスク群では無症状のまま無治療でも天寿を全うすることもあるが、病期が進行してくると貧血や血小板減少が進み、細菌や真菌などの日和見感染症や自己免疫疾患を伴うこともある。",慢性骨髄性白血病の三段階で2番目に訪れる段階は何でしょう?,移行期,Logical reasoning
17489,71,白血病,"白血病の検査では血液検査と骨髄検査が主になる。
白血病の本体は骨髄にあり、白血病の状態を正確に把握するには骨髄検査が不可欠であるが骨髄検査は患者にとって負担の多い検査であり、患者への負担が少ない血液検査も重要になる。
(骨髄と血液を川に例えると水源が骨髄で川の水が血液に相当する。水源の異常は川の水質や水量に影響を与える。川の水の状態から水源に異常があることはある程度推測することは出来るが、水源の状態や何が起きているのかを正確に把握するには水源そのものを調べるしかない。しかし水源まで行くことは苦痛を伴い労力が必要なので川の水の状態をこまめに点検し、必要に応じて水源の再点検も行うことが大事になる。)",白血病の検査でもっとも正確な結果を得られるのはどの検査ですか?,骨髄検査,Lexical variation (synonymy)
17490,71,白血病,"白血病の検査では血液検査と骨髄検査が主になる。
白血病の本体は骨髄にあり、白血病の状態を正確に把握するには骨髄検査が不可欠であるが骨髄検査は患者にとって負担の多い検査であり、患者への負担が少ない血液検査も重要になる。
(骨髄と血液を川に例えると水源が骨髄で川の水が血液に相当する。水源の異常は川の水質や水量に影響を与える。川の水の状態から水源に異常があることはある程度推測することは出来るが、水源の状態や何が起きているのかを正確に把握するには水源そのものを調べるしかない。しかし水源まで行くことは苦痛を伴い労力が必要なので川の水の状態をこまめに点検し、必要に応じて水源の再点検も行うことが大事になる。)",白血病の検査に置いて、血液と骨髄を水源と川に喩えるなら、川の水の調査はどの検査にあたいしますか?,血液検査,Logical reasoning
17491,72,白血病,"血液検査(末梢血)で芽球を明らかに認めれば白血病の可能性は高い。末梢血で芽球が認められなくとも、白血球が著増していたり、あるいは赤血球と血小板が著しく減少し非血液疾患の可能性が見つからなければ、骨髄検査が必要になる(白血病では白血球は、著増していることもあれば正常あるいは減少していることもある。10万を超えるような場合以外は白血球数だけでは白血病かどうかは分からない)。骨髄で芽球の割合が著増していたり、極端な過形成であればやはり白血病の可能性は非常に高い。

急性白血病の骨髄では芽球の増加を認め、WHO分類では骨髄の有核細胞のなかでの芽球の割合が20%以上であれば急性白血病と定義するので骨髄検査を行わないと診断を確定できない。さらに骨髄内の有核細胞中のMPO陽性比率や非特異的エステラーゼ染色や免疫学的マーカー捜索によって急性白血病中の病型の診断を確定させる。CMLやCLLでも骨髄でのそれぞれの特徴的な骨髄像の確認は重要であり、CMLではフィラデルフィア染色体の捜索を行う。

また、白血病細胞の中枢神経への浸潤の可能性や脾・肝臓腫、感染症などの白血病の症状を探るための諸検査(CT検査、脳脊髄液検査、細菌培養検査等)も行われる。",末梢血の検査で何が検出される場合、白血病の可能性が高いと判定しますか?,芽球,Syntactic variation
17492,72,白血病,"血液検査(末梢血)で芽球を明らかに認めれば白血病の可能性は高い。末梢血で芽球が認められなくとも、白血球が著増していたり、あるいは赤血球と血小板が著しく減少し非血液疾患の可能性が見つからなければ、骨髄検査が必要になる(白血病では白血球は、著増していることもあれば正常あるいは減少していることもある。10万を超えるような場合以外は白血球数だけでは白血病かどうかは分からない)。骨髄で芽球の割合が著増していたり、極端な過形成であればやはり白血病の可能性は非常に高い。

急性白血病の骨髄では芽球の増加を認め、WHO分類では骨髄の有核細胞のなかでの芽球の割合が20%以上であれば急性白血病と定義するので骨髄検査を行わないと診断を確定できない。さらに骨髄内の有核細胞中のMPO陽性比率や非特異的エステラーゼ染色や免疫学的マーカー捜索によって急性白血病中の病型の診断を確定させる。CMLやCLLでも骨髄でのそれぞれの特徴的な骨髄像の確認は重要であり、CMLではフィラデルフィア染色体の捜索を行う。

また、白血病細胞の中枢神経への浸潤の可能性や脾・肝臓腫、感染症などの白血病の症状を探るための諸検査(CT検査、脳脊髄液検査、細菌培養検査等)も行われる。",WHO分類で急性白血病と定義する骨髄の有核細胞のなかでの芽球の割合の基準は何パーセントですか?,20%,Syntactic variation
17493,72,白血病,"血液検査(末梢血)で芽球を明らかに認めれば白血病の可能性は高い。末梢血で芽球が認められなくとも、白血球が著増していたり、あるいは赤血球と血小板が著しく減少し非血液疾患の可能性が見つからなければ、骨髄検査が必要になる(白血病では白血球は、著増していることもあれば正常あるいは減少していることもある。10万を超えるような場合以外は白血球数だけでは白血病かどうかは分からない)。骨髄で芽球の割合が著増していたり、極端な過形成であればやはり白血病の可能性は非常に高い。

急性白血病の骨髄では芽球の増加を認め、WHO分類では骨髄の有核細胞のなかでの芽球の割合が20%以上であれば急性白血病と定義するので骨髄検査を行わないと診断を確定できない。さらに骨髄内の有核細胞中のMPO陽性比率や非特異的エステラーゼ染色や免疫学的マーカー捜索によって急性白血病中の病型の診断を確定させる。CMLやCLLでも骨髄でのそれぞれの特徴的な骨髄像の確認は重要であり、CMLではフィラデルフィア染色体の捜索を行う。

また、白血病細胞の中枢神経への浸潤の可能性や脾・肝臓腫、感染症などの白血病の症状を探るための諸検査(CT検査、脳脊髄液検査、細菌培養検査等)も行われる。",骨髄の有核細胞のなかでの芽球の割合が20%以上であれば急性白血病と定義するという基準を出した機関名は?,WHO,Syntactic variation
17494,73,白血病,"急性白血病細胞は多くの場合、白血球の幼若な細胞と類似した形態を取るため、芽球あるいは芽球様細胞と呼ばれる。
血液細胞は大きくは、白血球、赤血球、血小板の3種の分けられるが、白血病細胞(芽球)は赤血球や血小板と違って有核であり、また赤血球と違い溶血剤に溶けず血小板とはサイズが違うので、正常な白血球ではないが自動血球計数器で分析する血液検査の血液分画(血液細胞の分類とカウント)の中では白血球の区分に入れられる(高性能な検査機や検査技師が行う目視検査では血液細胞の種類ごとに細かく分類ができる)。

急性白血病の血液検査ではヘモグロビンや血小板数は低下していることが多く、芽球が認められることが多い。
血液中の有核細胞が多数の骨髄系芽球と少数の正常な白血球だけで中間の成熟段階の細胞を欠けば(白血病裂孔)急性骨髄性白血病の可能性が高く、リンパ芽球が多数現れていれば急性リンパ性白血病の可能性が高い。
芽球から成熟した白血球まで含めた白血球総数は著明に増加していることが多いが、なかには正常あるいは減少していることもある。",血液細胞の分類は大きく何種類に分けられますか?,3種,Syntactic variation
17495,73,白血病,"急性白血病細胞は多くの場合、白血球の幼若な細胞と類似した形態を取るため、芽球あるいは芽球様細胞と呼ばれる。
血液細胞は大きくは、白血球、赤血球、血小板の3種の分けられるが、白血病細胞(芽球)は赤血球や血小板と違って有核であり、また赤血球と違い溶血剤に溶けず血小板とはサイズが違うので、正常な白血球ではないが自動血球計数器で分析する血液検査の血液分画(血液細胞の分類とカウント)の中では白血球の区分に入れられる(高性能な検査機や検査技師が行う目視検査では血液細胞の種類ごとに細かく分類ができる)。

急性白血病の血液検査ではヘモグロビンや血小板数は低下していることが多く、芽球が認められることが多い。
血液中の有核細胞が多数の骨髄系芽球と少数の正常な白血球だけで中間の成熟段階の細胞を欠けば(白血病裂孔)急性骨髄性白血病の可能性が高く、リンパ芽球が多数現れていれば急性リンパ性白血病の可能性が高い。
芽球から成熟した白血球まで含めた白血球総数は著明に増加していることが多いが、なかには正常あるいは減少していることもある。",白血病細胞と血小板の違いは核の有無以外に何がありますか?,サイズ,Lexical variation (synonymy)
17496,73,白血病,"急性白血病細胞は多くの場合、白血球の幼若な細胞と類似した形態を取るため、芽球あるいは芽球様細胞と呼ばれる。
血液細胞は大きくは、白血球、赤血球、血小板の3種の分けられるが、白血病細胞(芽球)は赤血球や血小板と違って有核であり、また赤血球と違い溶血剤に溶けず血小板とはサイズが違うので、正常な白血球ではないが自動血球計数器で分析する血液検査の血液分画(血液細胞の分類とカウント)の中では白血球の区分に入れられる(高性能な検査機や検査技師が行う目視検査では血液細胞の種類ごとに細かく分類ができる)。

急性白血病の血液検査ではヘモグロビンや血小板数は低下していることが多く、芽球が認められることが多い。
血液中の有核細胞が多数の骨髄系芽球と少数の正常な白血球だけで中間の成熟段階の細胞を欠けば(白血病裂孔)急性骨髄性白血病の可能性が高く、リンパ芽球が多数現れていれば急性リンパ性白血病の可能性が高い。
芽球から成熟した白血球まで含めた白血球総数は著明に増加していることが多いが、なかには正常あるいは減少していることもある。",急性白血病細胞と赤血球を含む血に溶血剤をかけた場合、残るものは?,白血病細胞,Logical reasoning
17497,74,白血病,"慢性骨髄性白血病では、血液、骨髄の両方で芽球から成熟した細胞まで白血球の著明な増加があり血小板も増加していることが多く、慢性リンパ性白血病では成熟したリンパ球が著明に増加する。

急性白血病細胞は分化能を失い幼若な形態(芽球)のまま数を増やすので、骨髄は一様な細胞で埋め尽くされる。慢性白血病では細胞は分化能を失わずに、しかし正常なコントロールを失って自律的な過剰な増殖を行うので正常な骨髄に比べて各成熟段階の白血球系細胞が顕著に多くなる(過形成)。骨髄検査では各細胞を細かく分けてカウントし、とくに芽球の割合と形態が重要になる。赤芽球は通常では芽球には含まれないが、赤白血病(AML-M6)では白血病細胞の半数程度は赤芽球と同様の表面抗原を発現するため、赤白血病を疑われたときのみ、芽球に赤芽球を含める。",慢性骨髄性白血病では血小板の数はどう変化しますか?,増加,Lexical variation (synonymy)
17498,74,白血病,"慢性骨髄性白血病では、血液、骨髄の両方で芽球から成熟した細胞まで白血球の著明な増加があり血小板も増加していることが多く、慢性リンパ性白血病では成熟したリンパ球が著明に増加する。

急性白血病細胞は分化能を失い幼若な形態(芽球)のまま数を増やすので、骨髄は一様な細胞で埋め尽くされる。慢性白血病では細胞は分化能を失わずに、しかし正常なコントロールを失って自律的な過剰な増殖を行うので正常な骨髄に比べて各成熟段階の白血球系細胞が顕著に多くなる(過形成)。骨髄検査では各細胞を細かく分けてカウントし、とくに芽球の割合と形態が重要になる。赤芽球は通常では芽球には含まれないが、赤白血病(AML-M6)では白血病細胞の半数程度は赤芽球と同様の表面抗原を発現するため、赤白血病を疑われたときのみ、芽球に赤芽球を含める。",慢性リンパ性白血病の人に現れるリンパ球の数の変化は?,増加,Lexical variation (world knowledge)
17499,75,白血病,骨髄で極めて若い造血細胞の遺伝子に1つ以上の遺伝子異常が後天的に起きて白血病幹細胞が発生し、白血病幹細胞が数千億から1兆個もの白血病細胞を生み出して骨髄を占拠するようになると発症するものと考えられている。白血病幹細胞が発生してすぐに白血病の症状が出るわけではない。1個の白血病幹細胞はゆっくりと、しかし自律的に増加して(コントロールを受けない)多数の白血病細胞を生み出していき、その白血病細胞は不死化(細胞寿命の延長)しているので、やがて骨髄を白血病細胞が占拠し満ちあふれる。骨髄を白血病細胞に占拠され正常な造血細胞が締め出されて正常な造血が阻害され、また骨髄に収まりきれず血液中にあふれ出た白血病細胞が各臓器に浸潤して白血病の諸症状が起きる。,白血病細胞を生み出す細胞はどう呼ばれますか?,白血病幹細胞,Syntactic variation
17500,75,白血病,骨髄で極めて若い造血細胞の遺伝子に1つ以上の遺伝子異常が後天的に起きて白血病幹細胞が発生し、白血病幹細胞が数千億から1兆個もの白血病細胞を生み出して骨髄を占拠するようになると発症するものと考えられている。白血病幹細胞が発生してすぐに白血病の症状が出るわけではない。1個の白血病幹細胞はゆっくりと、しかし自律的に増加して(コントロールを受けない)多数の白血病細胞を生み出していき、その白血病細胞は不死化(細胞寿命の延長)しているので、やがて骨髄を白血病細胞が占拠し満ちあふれる。骨髄を白血病細胞に占拠され正常な造血細胞が締め出されて正常な造血が阻害され、また骨髄に収まりきれず血液中にあふれ出た白血病細胞が各臓器に浸潤して白血病の諸症状が起きる。,骨髄が白血病細胞に占拠されると阻害される機能は?,造血,Syntactic variation
17501,76,白血病,"遺伝子異常が起きる原因として放射線被曝、ベンゼンやトルエン、抗がん剤など一部の化学物質、HTLVウイルスなどは発症のリスクファクターとされているが、しかしそれらが原因と推察できる白血病はごく一部に限られ、白血病のほとんどは原因は不明である。
白血病は親から子への遺伝もしないし、成人T細胞白血病をわずかな例外とすればうつることもない。
ほとんどの白血病はウイルスなどの病原体によるものではないが、例外的に2種類だけウイルスが関わっているものがある。
一つは日本で同定された成人T細胞白血病で、レトロウイルスの一つHTLV-Iの感染が原因であることが明らかになっている。
もう一つは急性リンパ性白血病バーキット型(FAB分類ALLL3)の中でアフリカなどのマラリア感染地域に多い風土病型といわれるタイプでEBウイルスとの関連が指摘されている。",ほぼ唯一うつることができる白血病は何ですか?,成人T細胞白血病,Logical reasoning
17502,76,白血病,"遺伝子異常が起きる原因として放射線被曝、ベンゼンやトルエン、抗がん剤など一部の化学物質、HTLVウイルスなどは発症のリスクファクターとされているが、しかしそれらが原因と推察できる白血病はごく一部に限られ、白血病のほとんどは原因は不明である。
白血病は親から子への遺伝もしないし、成人T細胞白血病をわずかな例外とすればうつることもない。
ほとんどの白血病はウイルスなどの病原体によるものではないが、例外的に2種類だけウイルスが関わっているものがある。
一つは日本で同定された成人T細胞白血病で、レトロウイルスの一つHTLV-Iの感染が原因であることが明らかになっている。
もう一つは急性リンパ性白血病バーキット型(FAB分類ALLL3)の中でアフリカなどのマラリア感染地域に多い風土病型といわれるタイプでEBウイルスとの関連が指摘されている。",感染原因にウイルスが関わる白血病の数は?,2種類,Syntactic variation
17503,76,白血病,"遺伝子異常が起きる原因として放射線被曝、ベンゼンやトルエン、抗がん剤など一部の化学物質、HTLVウイルスなどは発症のリスクファクターとされているが、しかしそれらが原因と推察できる白血病はごく一部に限られ、白血病のほとんどは原因は不明である。
白血病は親から子への遺伝もしないし、成人T細胞白血病をわずかな例外とすればうつることもない。
ほとんどの白血病はウイルスなどの病原体によるものではないが、例外的に2種類だけウイルスが関わっているものがある。
一つは日本で同定された成人T細胞白血病で、レトロウイルスの一つHTLV-Iの感染が原因であることが明らかになっている。
もう一つは急性リンパ性白血病バーキット型(FAB分類ALLL3)の中でアフリカなどのマラリア感染地域に多い風土病型といわれるタイプでEBウイルスとの関連が指摘されている。",成人T細胞白血病の感染に関わるウイルスの名称は何ですか?,HTLV-I,Lexical variation (synonymy)
17504,77,白血病,"細かく分類すると数十種類に及ぶ白血病では判明している遺伝子異常の数は多いが、すべての白血病に共通する遺伝子異常は見つかっていなく、多数ある白血病の病型のうち慢性骨髄性白血病や急性前骨髄球性白血病などいくつかの白血病では主となる遺伝子異常は判明しているが、大半の白血病では多くの遺伝子異常は見つかっていても共通で決定的な原因となる遺伝子異常は明らかでない。

白血病を含む「がん」は細胞の増殖・分化・生存に関わる重要な制御遺伝子に何らかの(染色体の転座、重複、部分あるいは全体の欠失、染色体上の遺伝子の点状変異など)異常が起こり、がん遺伝子の発現とがん抑制遺伝子の異常・抑制などいくつかの段階を踏んでがん化すると考えられている。一般に白血病をふくめて「がん」は一段階の遺伝子異常だけでは起こらず何段階かの遺伝子異常が積み重なってがん化するため若い人では少なく、異常が積み重なる時間を十分に経た高齢者で多い。遺伝子に変化が起きる原因としては活性酸素、ウイルス、放射線、化学物質などが考えられる。",細胞の増殖・分化・生存に関わる重要な制御遺伝子に異常が発生し、がん遺伝子の発現、抑制遺伝子の異常・抑制などのプロセスを経て発病する病の通称は何ですか?,「がん」,Lexical variation (synonymy)
17505,77,白血病,"細かく分類すると数十種類に及ぶ白血病では判明している遺伝子異常の数は多いが、すべての白血病に共通する遺伝子異常は見つかっていなく、多数ある白血病の病型のうち慢性骨髄性白血病や急性前骨髄球性白血病などいくつかの白血病では主となる遺伝子異常は判明しているが、大半の白血病では多くの遺伝子異常は見つかっていても共通で決定的な原因となる遺伝子異常は明らかでない。

白血病を含む「がん」は細胞の増殖・分化・生存に関わる重要な制御遺伝子に何らかの(染色体の転座、重複、部分あるいは全体の欠失、染色体上の遺伝子の点状変異など)異常が起こり、がん遺伝子の発現とがん抑制遺伝子の異常・抑制などいくつかの段階を踏んでがん化すると考えられている。一般に白血病をふくめて「がん」は一段階の遺伝子異常だけでは起こらず何段階かの遺伝子異常が積み重なってがん化するため若い人では少なく、異常が積み重なる時間を十分に経た高齢者で多い。遺伝子に変化が起きる原因としては活性酸素、ウイルス、放射線、化学物質などが考えられる。",活性酸素、ウイルス、化学物質以外に遺伝子変異を引き起こす可能性がある原因は?,放射線,Lexical variation (synonymy)
17506,78,白血病,"がんを起こす遺伝子異常は染色体に活性酸素、ウイルス、放射線、化学物質などが作用することによって発生するが、細胞には遺伝子に生じた異常を修復する仕組みがあり、また修復しきれない致命的な異常が起きてしまったときはその細胞は死ぬが(アポトーシス)、修復が効かずしかしアポトーシスも免れるような変異を起こすことがある。
そのような遺伝子変異を起こした細胞のほとんどはキラーT細胞やナチュラルキラー(NK)細胞のような免疫系が正常細胞との表面抗原の違いを認識して破壊するが、遺伝子異常を起こした細胞のなかにキラーT細胞やNK細胞に認識される表面抗原の発現を変化させて免疫細胞による排除を免れるものがいる。
そのような遺伝子異常を積み重ねたのががん細胞であり、数を増やしてがんを発症させる。造血細胞ががん化したものが白血病である。

白血病幹細胞を含むがん細胞は多段階の遺伝子異常を経て発生するが、がん細胞ではアポトーシス制御に異常が起き、アポトーシス抵抗性を獲得する。
がん細胞の80-90%はテロメアを伸長させるテロメラーゼが発現し、あるいはテロメラーゼが発現していないがんでもテロメラーゼの代替経路があり、それによってがん幹細胞は不死化し無限の増殖能を獲得する。",がんを起こす遺伝子異常の原因物質じゃないのはウイルス、アポトーシス、放射線のなかでどれか?,アポトーシス,Logical reasoning
17507,78,白血病,"がんを起こす遺伝子異常は染色体に活性酸素、ウイルス、放射線、化学物質などが作用することによって発生するが、細胞には遺伝子に生じた異常を修復する仕組みがあり、また修復しきれない致命的な異常が起きてしまったときはその細胞は死ぬが(アポトーシス)、修復が効かずしかしアポトーシスも免れるような変異を起こすことがある。
そのような遺伝子変異を起こした細胞のほとんどはキラーT細胞やナチュラルキラー(NK)細胞のような免疫系が正常細胞との表面抗原の違いを認識して破壊するが、遺伝子異常を起こした細胞のなかにキラーT細胞やNK細胞に認識される表面抗原の発現を変化させて免疫細胞による排除を免れるものがいる。
そのような遺伝子異常を積み重ねたのががん細胞であり、数を増やしてがんを発症させる。造血細胞ががん化したものが白血病である。

白血病幹細胞を含むがん細胞は多段階の遺伝子異常を経て発生するが、がん細胞ではアポトーシス制御に異常が起き、アポトーシス抵抗性を獲得する。
がん細胞の80-90%はテロメアを伸長させるテロメラーゼが発現し、あるいはテロメラーゼが発現していないがんでもテロメラーゼの代替経路があり、それによってがん幹細胞は不死化し無限の増殖能を獲得する。",がん細胞が死滅することなく、増殖を続けられる理由は何ですか?,テロメラーゼ,Lexical variation (synonymy)
17508,79,白血病,"症状が出るまでに進行した白血病では短時間で末梢血の白血球や芽球の数が増加することが多く、白血病細胞は増殖が速い印象がある。
しかし実際には白血病細胞は、正常な造血細胞に比べ細胞分裂(増殖)が早いわけではなく、むしろかなり遅い。
正常な造血細胞と比べ慢性白血病細胞の分裂には2-4倍の時間が掛かり、名に反して急性白血病細胞ではさらに細胞分裂には時間が掛かるのである。
しかし、正常な造血細胞の細胞分裂の開始はコントロールを受け、造血細胞が増殖を始めても細胞はやがて分化・成熟して末梢血に移り役割を果たして寿命を迎え、また、過剰に作られた細胞はコントロールを受けてアポトーシスを迎えるので、健康人の正常な血液細胞は一定の数を保つのだが、白血病細胞はコントロールを受け付けることなく無際限に増殖し、また白血病細胞は不死化(細胞寿命の延長)しているので最終的には正常な細胞を圧倒して増殖する。",正常な造血細胞と芽球の増殖速度はどっちが早いか?,正常な造血細胞,Lexical variation (world knowledge)
17509,79,白血病,"症状が出るまでに進行した白血病では短時間で末梢血の白血球や芽球の数が増加することが多く、白血病細胞は増殖が速い印象がある。
しかし実際には白血病細胞は、正常な造血細胞に比べ細胞分裂(増殖)が早いわけではなく、むしろかなり遅い。
正常な造血細胞と比べ慢性白血病細胞の分裂には2-4倍の時間が掛かり、名に反して急性白血病細胞ではさらに細胞分裂には時間が掛かるのである。
しかし、正常な造血細胞の細胞分裂の開始はコントロールを受け、造血細胞が増殖を始めても細胞はやがて分化・成熟して末梢血に移り役割を果たして寿命を迎え、また、過剰に作られた細胞はコントロールを受けてアポトーシスを迎えるので、健康人の正常な血液細胞は一定の数を保つのだが、白血病細胞はコントロールを受け付けることなく無際限に増殖し、また白血病細胞は不死化(細胞寿命の延長)しているので最終的には正常な細胞を圧倒して増殖する。",白血病細胞と正常な造血細胞で細胞分裂が遅いのはどちらですか?,白血病細胞,Lexical variation (world knowledge)
17510,80,白血病,"このようにして白血病細胞は正常な造血細胞を圧倒して骨髄を占拠し、さらには血液(末梢血)にもあふれ出てくる段階(通常、自覚症状が明らかに現れるところまでくると)になると骨髄での白血病細胞の数はすでに膨大なものになっているので、細胞1個の分裂時間は長くとも、末梢血内では短時間の内にみるみる白血病細胞の数が増えていくようになる。
健康人の末梢血内の白血球総数は80-300億個程度であるが、AMLでは自覚症状が現れ診断が付く頃には骨髄内の白血病細胞は1kg、数にして1012個(1兆個)にもなるので、その10%が末梢血にあふれ出ただけでも、正常な末梢血内の白血球数から考えるとそれは尋常な量ではない。",健康人の末梢血内の白血球総数はいくら?,80-300億個程度,Syntactic variation
17511,80,白血病,"このようにして白血病細胞は正常な造血細胞を圧倒して骨髄を占拠し、さらには血液(末梢血)にもあふれ出てくる段階(通常、自覚症状が明らかに現れるところまでくると)になると骨髄での白血病細胞の数はすでに膨大なものになっているので、細胞1個の分裂時間は長くとも、末梢血内では短時間の内にみるみる白血病細胞の数が増えていくようになる。
健康人の末梢血内の白血球総数は80-300億個程度であるが、AMLでは自覚症状が現れ診断が付く頃には骨髄内の白血病細胞は1kg、数にして1012個(1兆個)にもなるので、その10%が末梢血にあふれ出ただけでも、正常な末梢血内の白血球数から考えるとそれは尋常な量ではない。",AMLの自覚症状がでる頃には検査される白血病細胞の量を重さで表現するとどれくらいですか?,1kg,Lexical variation (world knowledge)
17512,81,白血病,"医療制度は各国でさまざまであるが、移植医療を支える骨髄バンクや臍帯血バンクは先進国を中心に世界約50カ国にあり、2012年現在世界的な骨髄ドナー検索システム(BoneMarrowDonorsWorldwide:BMDW)が構築され、骨髄に関しては48カ国66の骨髄バンクが参加し登録ドナーは1875万人、臍帯血でも29カ国から43の臍帯血バンクがBMDWに参加し、登録された臍帯血のストックは51万本になっている。
BMDWで検索された骨髄血や臍帯血の提供や品質管理などで国際間で協力する組織としてはTheWorldMarrowDonorAssociation(WMDA)があり、やや古いデータであるが2004年の世界の骨髄移植ではその1/3は国境を超えて提供されたものである。",骨髄ドナー検索システムに登録された臍帯血バンクは2012年、全部何カ国からのものですか?,29カ国,Syntactic variation
17513,81,白血病,"医療制度は各国でさまざまであるが、移植医療を支える骨髄バンクや臍帯血バンクは先進国を中心に世界約50カ国にあり、2012年現在世界的な骨髄ドナー検索システム(BoneMarrowDonorsWorldwide:BMDW)が構築され、骨髄に関しては48カ国66の骨髄バンクが参加し登録ドナーは1875万人、臍帯血でも29カ国から43の臍帯血バンクがBMDWに参加し、登録された臍帯血のストックは51万本になっている。
BMDWで検索された骨髄血や臍帯血の提供や品質管理などで国際間で協力する組織としてはTheWorldMarrowDonorAssociation(WMDA)があり、やや古いデータであるが2004年の世界の骨髄移植ではその1/3は国境を超えて提供されたものである。",骨髄ドナー検索システムに登録された臍帯血バンクと骨髄バンクの数はどっちが片方をまさっていますか?,骨髄バンク,Logical reasoning
17514,82,白血病,"白血病は厳しく難しい病気ではあるが、治療費助成のある特定疾患(いわゆる難病)には指定されていない。しかし18歳未満の小児白血病には小児慢性特定疾患治療研究事業によって保健福祉事務所あるいは保健所に必要書類を添えて申請すれば自治体による助成を受けられるので小児白血病の治療費の患者負担は大きくはない。さらに治療費の助成だけでなく小児白血病では所得制限などの条件があるが特別児童扶養手当や財団法人がんの子供を守る会などの経済的支援を得られることもあり、あるいは企業によるCSR活動などもある。なので小児白血病では各種の制度を活用すれば保護者の経済的な負担は大きくはない。

成人の白血病の治療費は高額になるが日本の健康保険では高額療養費支給制度を利用できる。
移植が必要な患者には骨髄バンクや各地に設けられた臍帯血バンクなどの準公的な組織が患者の移植の支援のために活動している。
2011年末時点では骨髄バンクでは約40万人のドナー登録があり、臍帯血バンクでは3万本のストックがある。
白血病患者が日本骨髄バンクを利用する際の患者負担金については前年度の所得税額が一定額以下の場合には一部もしくは全額が免除される仕組みもある。
日本人は民族的に遺伝学的な均一性が高く、そのために日本人同士でHLA型が一致する確率が高く、2004年の数字では世界で750万人の骨髄ドナーがいる中で日本人の骨髄ドナーは18万6千人と少数であったにもかかわらず、2004年時点で移植の総件数でも、人口当たりの移植数でも日本は世界第2位であった(1位はアメリカである)。
しかし、登録ドナーが40万人を超えた2012年現在でもすべての患者にドナーが見つかるわけではない。",18歳未満の小児白血病の関ジャニ自治体による治療費助成を受けられるようにしたのは?,小児慢性特定疾患治療研究事業,Syntactic variation
17515,82,白血病,"白血病は厳しく難しい病気ではあるが、治療費助成のある特定疾患(いわゆる難病)には指定されていない。しかし18歳未満の小児白血病には小児慢性特定疾患治療研究事業によって保健福祉事務所あるいは保健所に必要書類を添えて申請すれば自治体による助成を受けられるので小児白血病の治療費の患者負担は大きくはない。さらに治療費の助成だけでなく小児白血病では所得制限などの条件があるが特別児童扶養手当や財団法人がんの子供を守る会などの経済的支援を得られることもあり、あるいは企業によるCSR活動などもある。なので小児白血病では各種の制度を活用すれば保護者の経済的な負担は大きくはない。

成人の白血病の治療費は高額になるが日本の健康保険では高額療養費支給制度を利用できる。
移植が必要な患者には骨髄バンクや各地に設けられた臍帯血バンクなどの準公的な組織が患者の移植の支援のために活動している。
2011年末時点では骨髄バンクでは約40万人のドナー登録があり、臍帯血バンクでは3万本のストックがある。
白血病患者が日本骨髄バンクを利用する際の患者負担金については前年度の所得税額が一定額以下の場合には一部もしくは全額が免除される仕組みもある。
日本人は民族的に遺伝学的な均一性が高く、そのために日本人同士でHLA型が一致する確率が高く、2004年の数字では世界で750万人の骨髄ドナーがいる中で日本人の骨髄ドナーは18万6千人と少数であったにもかかわらず、2004年時点で移植の総件数でも、人口当たりの移植数でも日本は世界第2位であった(1位はアメリカである)。
しかし、登録ドナーが40万人を超えた2012年現在でもすべての患者にドナーが見つかるわけではない。",小児慢性特定疾患治療研究事業による治療費助成を受けられる基準年齢は何歳未満ですか?,18歳未満,Syntactic variation
17516,82,白血病,"白血病は厳しく難しい病気ではあるが、治療費助成のある特定疾患(いわゆる難病)には指定されていない。しかし18歳未満の小児白血病には小児慢性特定疾患治療研究事業によって保健福祉事務所あるいは保健所に必要書類を添えて申請すれば自治体による助成を受けられるので小児白血病の治療費の患者負担は大きくはない。さらに治療費の助成だけでなく小児白血病では所得制限などの条件があるが特別児童扶養手当や財団法人がんの子供を守る会などの経済的支援を得られることもあり、あるいは企業によるCSR活動などもある。なので小児白血病では各種の制度を活用すれば保護者の経済的な負担は大きくはない。

成人の白血病の治療費は高額になるが日本の健康保険では高額療養費支給制度を利用できる。
移植が必要な患者には骨髄バンクや各地に設けられた臍帯血バンクなどの準公的な組織が患者の移植の支援のために活動している。
2011年末時点では骨髄バンクでは約40万人のドナー登録があり、臍帯血バンクでは3万本のストックがある。
白血病患者が日本骨髄バンクを利用する際の患者負担金については前年度の所得税額が一定額以下の場合には一部もしくは全額が免除される仕組みもある。
日本人は民族的に遺伝学的な均一性が高く、そのために日本人同士でHLA型が一致する確率が高く、2004年の数字では世界で750万人の骨髄ドナーがいる中で日本人の骨髄ドナーは18万6千人と少数であったにもかかわらず、2004年時点で移植の総件数でも、人口当たりの移植数でも日本は世界第2位であった(1位はアメリカである)。
しかし、登録ドナーが40万人を超えた2012年現在でもすべての患者にドナーが見つかるわけではない。",2011年末時点では骨髄バンクの登録ドナー数はどれくらいですか?,約40万人,Syntactic variation
17517,82,白血病,"白血病は厳しく難しい病気ではあるが、治療費助成のある特定疾患(いわゆる難病)には指定されていない。しかし18歳未満の小児白血病には小児慢性特定疾患治療研究事業によって保健福祉事務所あるいは保健所に必要書類を添えて申請すれば自治体による助成を受けられるので小児白血病の治療費の患者負担は大きくはない。さらに治療費の助成だけでなく小児白血病では所得制限などの条件があるが特別児童扶養手当や財団法人がんの子供を守る会などの経済的支援を得られることもあり、あるいは企業によるCSR活動などもある。なので小児白血病では各種の制度を活用すれば保護者の経済的な負担は大きくはない。

成人の白血病の治療費は高額になるが日本の健康保険では高額療養費支給制度を利用できる。
移植が必要な患者には骨髄バンクや各地に設けられた臍帯血バンクなどの準公的な組織が患者の移植の支援のために活動している。
2011年末時点では骨髄バンクでは約40万人のドナー登録があり、臍帯血バンクでは3万本のストックがある。
白血病患者が日本骨髄バンクを利用する際の患者負担金については前年度の所得税額が一定額以下の場合には一部もしくは全額が免除される仕組みもある。
日本人は民族的に遺伝学的な均一性が高く、そのために日本人同士でHLA型が一致する確率が高く、2004年の数字では世界で750万人の骨髄ドナーがいる中で日本人の骨髄ドナーは18万6千人と少数であったにもかかわらず、2004年時点で移植の総件数でも、人口当たりの移植数でも日本は世界第2位であった(1位はアメリカである)。
しかし、登録ドナーが40万人を超えた2012年現在でもすべての患者にドナーが見つかるわけではない。",2004年時点で移植の総件数と人口当たりの移植数ランキングでアメリカの次にくる国はどこですか?,日本,Logical reasoning
17518,83,ラーンナー,"ラーンナーは、ラーンナー王朝(北タイ語:LN-Lanna.png,タイ語:อาณาจักรล้านนา,ラテン文字転写:XanacakrLanNa、現在のタイ)、もしくはその支配領域であったラーンナー地域を指す。また、これらの地域で育まれた文化をラーンナー文化という。またチエンマイ王朝ともいう。元の冊封を受けた際は八百媳婦国と呼ばれた。",ラーンナーと言えば、一般的にどの王朝や、その支配領域のことを言うの?,ラーンナー王朝,Lexical variation (world knowledge)
17519,83,ラーンナー,"ラーンナーは、ラーンナー王朝(北タイ語:LN-Lanna.png,タイ語:อาณาจักรล้านนา,ラテン文字転写:XanacakrLanNa、現在のタイ)、もしくはその支配領域であったラーンナー地域を指す。また、これらの地域で育まれた文化をラーンナー文化という。またチエンマイ王朝ともいう。元の冊封を受けた際は八百媳婦国と呼ばれた。",ラーンナー王朝の支配領域のことを何と言いますか?,ラーンナー地域,Lexical variation (world knowledge)
17520,83,ラーンナー,"ラーンナーは、ラーンナー王朝(北タイ語:LN-Lanna.png,タイ語:อาณาจักรล้านนา,ラテン文字転写:XanacakrLanNa、現在のタイ)、もしくはその支配領域であったラーンナー地域を指す。また、これらの地域で育まれた文化をラーンナー文化という。またチエンマイ王朝ともいう。元の冊封を受けた際は八百媳婦国と呼ばれた。",ラーンナー王朝の支配領域にて発達した文化のことを、何と言うか?,ラーンナー文化,Multiple sentence reasoning
17521,83,ラーンナー,"ラーンナーは、ラーンナー王朝(北タイ語:LN-Lanna.png,タイ語:อาณาจักรล้านนา,ラテン文字転写:XanacakrLanNa、現在のタイ)、もしくはその支配領域であったラーンナー地域を指す。また、これらの地域で育まれた文化をラーンナー文化という。またチエンマイ王朝ともいう。元の冊封を受けた際は八百媳婦国と呼ばれた。",ラーンナー王朝の別称は、何か?,チエンマイ王朝,Multiple sentence reasoning
17522,84,ラーンナー,ラーンナーないしラーンナー地域と称する場合、多くの場合はタイ北部のチエンマイ県、チエンラーイ県、ラムプーン県、ラムパーン県、ナーン県、パヤオ県、プレー県、メーホンソーン県などの領域を指していう。広義のラーンナー地域は、狭義のラーンナー地域に加え、南はターク県バーンターク郡北部まで、西はサルウィン川東岸地域まで、東はメコン川西岸地域すなわちラオス領のサイヤブーリー県、北はミャンマー領のシャン州あるいは中華人民共和国領のシーサンパンナ・タイ族自治州まで拡大して解釈される。,ラーンナー地域と称すると、一般的にどの国の北部にある様々な県のことを言うの?,タイ,Lexical variation (world knowledge)
17523,84,ラーンナー,ラーンナーないしラーンナー地域と称する場合、多くの場合はタイ北部のチエンマイ県、チエンラーイ県、ラムプーン県、ラムパーン県、ナーン県、パヤオ県、プレー県、メーホンソーン県などの領域を指していう。広義のラーンナー地域は、狭義のラーンナー地域に加え、南はターク県バーンターク郡北部まで、西はサルウィン川東岸地域まで、東はメコン川西岸地域すなわちラオス領のサイヤブーリー県、北はミャンマー領のシャン州あるいは中華人民共和国領のシーサンパンナ・タイ族自治州まで拡大して解釈される。,広義のラーンナー地域には含まれるが、狭義のラーンナー地域には含まれない、北方地域としては、どこが挙げられていますか?,ターク県バーンターク郡北部,Lexical variation (world knowledge)
17524,84,ラーンナー,ラーンナーないしラーンナー地域と称する場合、多くの場合はタイ北部のチエンマイ県、チエンラーイ県、ラムプーン県、ラムパーン県、ナーン県、パヤオ県、プレー県、メーホンソーン県などの領域を指していう。広義のラーンナー地域は、狭義のラーンナー地域に加え、南はターク県バーンターク郡北部まで、西はサルウィン川東岸地域まで、東はメコン川西岸地域すなわちラオス領のサイヤブーリー県、北はミャンマー領のシャン州あるいは中華人民共和国領のシーサンパンナ・タイ族自治州まで拡大して解釈される。,メコン川西岸地域とは、どの県と同じ領域のことを指しているか?,サイヤブーリー県,Lexical variation (world knowledge)
17525,84,ラーンナー,ラーンナーないしラーンナー地域と称する場合、多くの場合はタイ北部のチエンマイ県、チエンラーイ県、ラムプーン県、ラムパーン県、ナーン県、パヤオ県、プレー県、メーホンソーン県などの領域を指していう。広義のラーンナー地域は、狭義のラーンナー地域に加え、南はターク県バーンターク郡北部まで、西はサルウィン川東岸地域まで、東はメコン川西岸地域すなわちラオス領のサイヤブーリー県、北はミャンマー領のシャン州あるいは中華人民共和国領のシーサンパンナ・タイ族自治州まで拡大して解釈される。,メコン川西岸地域とは、どの国の領域に含まれるか?,ラオス,Lexical variation (world knowledge)
17526,85,ラーンナー,1261年にグンヤーン王国(ヒランナコーングンヤーンとも。現在のチエンセーン郡)の君主となったマンラーイはコック川周辺のヨーン地域にある諸都市(ムアン)を、同盟あるいは攻撃し、自らの支配下に置き領土を広げた。一方でモンゴル帝国の雲南への侵入(雲南・大理遠征)に悩んでいたマンラーイは1262年に、チエンラーイに遷都した。,マンラーイがグンヤーン王国の実権を握ったのは、何年のことなの?,1261年,Lexical variation (world knowledge)
17527,85,ラーンナー,1261年にグンヤーン王国(ヒランナコーングンヤーンとも。現在のチエンセーン郡)の君主となったマンラーイはコック川周辺のヨーン地域にある諸都市(ムアン)を、同盟あるいは攻撃し、自らの支配下に置き領土を広げた。一方でモンゴル帝国の雲南への侵入(雲南・大理遠征)に悩んでいたマンラーイは1262年に、チエンラーイに遷都した。,1261年からグンヤーン王国の王として君臨したのは、誰ですか?,マンラーイ,Lexical variation (world knowledge)
17528,85,ラーンナー,1261年にグンヤーン王国(ヒランナコーングンヤーンとも。現在のチエンセーン郡)の君主となったマンラーイはコック川周辺のヨーン地域にある諸都市(ムアン)を、同盟あるいは攻撃し、自らの支配下に置き領土を広げた。一方でモンゴル帝国の雲南への侵入(雲南・大理遠征)に悩んでいたマンラーイは1262年に、チエンラーイに遷都した。,チエンラーイがグンヤーン王国の首都となったのは、何年のことか?,1262年,Lexical variation (world knowledge)
17529,85,ラーンナー,1261年にグンヤーン王国(ヒランナコーングンヤーンとも。現在のチエンセーン郡)の君主となったマンラーイはコック川周辺のヨーン地域にある諸都市(ムアン)を、同盟あるいは攻撃し、自らの支配下に置き領土を広げた。一方でモンゴル帝国の雲南への侵入(雲南・大理遠征)に悩んでいたマンラーイは1262年に、チエンラーイに遷都した。,マンラーイは、コック川周辺のヨーン地域への領域拡大のために、攻撃とどの方法を用いたか?,同盟,Lexical variation (world knowledge)
17530,86,ラーンナー,1292年、マンラーイは南シナ海への貿易港路開拓のため、チャオプラヤー川上流のピン川にあったハリプンチャイ王国を攻撃しモン族を壊滅させた。一方、侵略したユワン族に文化的に進んでいたモン族から多大な文化的影響を受け、建築、ラーンナータム文字、仏教などに見られるような独特のラーンナー文化の源流となった。,ハリプンチャイ王国が滅亡したのは、何年のことなの?,1292年,Lexical variation (synonymy)
17531,86,ラーンナー,1292年、マンラーイは南シナ海への貿易港路開拓のため、チャオプラヤー川上流のピン川にあったハリプンチャイ王国を攻撃しモン族を壊滅させた。一方、侵略したユワン族に文化的に進んでいたモン族から多大な文化的影響を受け、建築、ラーンナータム文字、仏教などに見られるような独特のラーンナー文化の源流となった。,ハリプンチャイ王国が滅亡した国の君主は、誰でしたか?,マンラーイ,Lexical variation (world knowledge)
17532,86,ラーンナー,1292年、マンラーイは南シナ海への貿易港路開拓のため、チャオプラヤー川上流のピン川にあったハリプンチャイ王国を攻撃しモン族を壊滅させた。一方、侵略したユワン族に文化的に進んでいたモン族から多大な文化的影響を受け、建築、ラーンナータム文字、仏教などに見られるような独特のラーンナー文化の源流となった。,ハリプンチャイ王国を建てたのは、どの部族か?,モン族,Logical reasoning
17533,86,ラーンナー,1292年、マンラーイは南シナ海への貿易港路開拓のため、チャオプラヤー川上流のピン川にあったハリプンチャイ王国を攻撃しモン族を壊滅させた。一方、侵略したユワン族に文化的に進んでいたモン族から多大な文化的影響を受け、建築、ラーンナータム文字、仏教などに見られるような独特のラーンナー文化の源流となった。,マンラーイがハリプンチャイ王国を攻撃したのは、何年のことか?,1292年,Syntactic variation
17534,87,ラーンナー,1294年、マンラーイはピン川上流のウィエンクムカーム(現在のチエンマイ南部)に遷都した。その後1296年にチエンマイに遷都した。一般にこれがラーンナー王朝の成立と考えられている。その後の晩年のマンラーイは元からの侵攻を防ぐため、シャン族に援軍を送っているが、1311年、マンラーイの死んだ頃に、元の朝貢国となっている。,ウィエンクムカームとチエンマイのうち、どちらが首都とされた時期からをラーンナー王朝の成立とするの?,チエンマイ,Multiple sentence reasoning
17535,87,ラーンナー,1294年、マンラーイはピン川上流のウィエンクムカーム(現在のチエンマイ南部)に遷都した。その後1296年にチエンマイに遷都した。一般にこれがラーンナー王朝の成立と考えられている。その後の晩年のマンラーイは元からの侵攻を防ぐため、シャン族に援軍を送っているが、1311年、マンラーイの死んだ頃に、元の朝貢国となっている。,ウィエンクムカームとチエンマイのうち、首都となった時期がより早いのは、どちらですか?,ウィエンクムカーム,Logical reasoning
17536,87,ラーンナー,1294年、マンラーイはピン川上流のウィエンクムカーム(現在のチエンマイ南部)に遷都した。その後1296年にチエンマイに遷都した。一般にこれがラーンナー王朝の成立と考えられている。その後の晩年のマンラーイは元からの侵攻を防ぐため、シャン族に援軍を送っているが、1311年、マンラーイの死んだ頃に、元の朝貢国となっている。,マンラーイが死んだのは、何年のことか?,1311年,Syntactic variation
17537,87,ラーンナー,1294年、マンラーイはピン川上流のウィエンクムカーム(現在のチエンマイ南部)に遷都した。その後1296年にチエンマイに遷都した。一般にこれがラーンナー王朝の成立と考えられている。その後の晩年のマンラーイは元からの侵攻を防ぐため、シャン族に援軍を送っているが、1311年、マンラーイの死んだ頃に、元の朝貢国となっている。,誰が死んでから元との関係が変わったか?,マンラーイ,Lexical variation (world knowledge)
17538,88,ラーンナー,1325年に王位についたセーンプーは、チエンセーンを建設し北方諸都市の防衛拠点を築いた。また、1334年に王位についたカムフーはパヤオ王国に侵攻し、プレー王国を占領しようとしたが失敗した。その次1336年に王位についたパーユーは歴代の王として初めて仏教を積極的に保護した王として知られる。,セーンプーが王位についたのは、何年のことなの?,1325年,Syntactic variation
17539,88,ラーンナー,1325年に王位についたセーンプーは、チエンセーンを建設し北方諸都市の防衛拠点を築いた。また、1334年に王位についたカムフーはパヤオ王国に侵攻し、プレー王国を占領しようとしたが失敗した。その次1336年に王位についたパーユーは歴代の王として初めて仏教を積極的に保護した王として知られる。,チエンセーンを建設したのは、誰ですか?,セーンプー,Syntactic variation
17540,88,ラーンナー,1325年に王位についたセーンプーは、チエンセーンを建設し北方諸都市の防衛拠点を築いた。また、1334年に王位についたカムフーはパヤオ王国に侵攻し、プレー王国を占領しようとしたが失敗した。その次1336年に王位についたパーユーは歴代の王として初めて仏教を積極的に保護した王として知られる。,セーンプーが北方諸都市の防衛拠点としてのは、どこか?,チエンセーン,Syntactic variation
17541,88,ラーンナー,1325年に王位についたセーンプーは、チエンセーンを建設し北方諸都市の防衛拠点を築いた。また、1334年に王位についたカムフーはパヤオ王国に侵攻し、プレー王国を占領しようとしたが失敗した。その次1336年に王位についたパーユーは歴代の王として初めて仏教を積極的に保護した王として知られる。,セーンプーとカムフーのうち、より先に国の君主として君臨したのは、誰か?,セーンプー,Logical reasoning
17542,89,ラーンナー,ラーンナーが大きな繁栄を見せたのは、クーナー王(1355-1385年)の代からで、ラーマン派(旧ランカーウォン派)と呼ばれる仏教を保護し、スコータイからスマナー長老を招き、ワット・スワンドークを建設して仏教の一大中心地を作り上げた。その後サームファンケーン王(1402-1441年)の代には、長きにわたり滞っていたラーンナーの朝貢に対して侵攻してきたチン・ホー族(雲南のムスリムを呼ぶ言葉)を追い返し、明の支配下から独立した。,ラーンナーが大きな繁栄を見せたのは、誰の時代からであるの?,クーナー王,Syntactic variation
17543,89,ラーンナー,ラーンナーが大きな繁栄を見せたのは、クーナー王(1355-1385年)の代からで、ラーマン派(旧ランカーウォン派)と呼ばれる仏教を保護し、スコータイからスマナー長老を招き、ワット・スワンドークを建設して仏教の一大中心地を作り上げた。その後サームファンケーン王(1402-1441年)の代には、長きにわたり滞っていたラーンナーの朝貢に対して侵攻してきたチン・ホー族(雲南のムスリムを呼ぶ言葉)を追い返し、明の支配下から独立した。,クーナー王がスコータイから招いたのは、誰ですか?,スマナー長老,Syntactic variation
17544,89,ラーンナー,ラーンナーが大きな繁栄を見せたのは、クーナー王(1355-1385年)の代からで、ラーマン派(旧ランカーウォン派)と呼ばれる仏教を保護し、スコータイからスマナー長老を招き、ワット・スワンドークを建設して仏教の一大中心地を作り上げた。その後サームファンケーン王(1402-1441年)の代には、長きにわたり滞っていたラーンナーの朝貢に対して侵攻してきたチン・ホー族(雲南のムスリムを呼ぶ言葉)を追い返し、明の支配下から独立した。,クーナー王が仏教の一大中心地として建立したのは、どこか?,ワット・スワンドーク,Lexical variation (synonymy)
17545,89,ラーンナー,ラーンナーが大きな繁栄を見せたのは、クーナー王(1355-1385年)の代からで、ラーマン派(旧ランカーウォン派)と呼ばれる仏教を保護し、スコータイからスマナー長老を招き、ワット・スワンドークを建設して仏教の一大中心地を作り上げた。その後サームファンケーン王(1402-1441年)の代には、長きにわたり滞っていたラーンナーの朝貢に対して侵攻してきたチン・ホー族(雲南のムスリムを呼ぶ言葉)を追い返し、明の支配下から独立した。,この文書によると、クーナー王は、どの宗教の繁栄に力を入れたか?,仏教,Logical reasoning
17546,90,ラーンナー,ティローカラート王(1441-1487年)はラーンナー王朝における絶頂期の王として知られる。ティローカラートは即位から10年間は当時独自の王国を築いていたナーンとプレーを版図に加え、国力を増強した。その後、南進を進めヨム川上流のピチットを、ティローカラートに帰順したピッサヌロークの国主プラヤー・ピッサヌロークと共に攻め入った。,ラーンナー王朝における絶頂期とされるのは、誰の時代なの?,ティローカラート王,Syntactic variation
17547,90,ラーンナー,ティローカラート王(1441-1487年)はラーンナー王朝における絶頂期の王として知られる。ティローカラートは即位から10年間は当時独自の王国を築いていたナーンとプレーを版図に加え、国力を増強した。その後、南進を進めヨム川上流のピチットを、ティローカラートに帰順したピッサヌロークの国主プラヤー・ピッサヌロークと共に攻め入った。,ティローカラート王の時代に支配下に置いた王国は、プレー、ピッサヌロークとどこですか?,ナーン,Lexical variation (world knowledge)
17548,90,ラーンナー,ティローカラート王(1441-1487年)はラーンナー王朝における絶頂期の王として知られる。ティローカラートは即位から10年間は当時独自の王国を築いていたナーンとプレーを版図に加え、国力を増強した。その後、南進を進めヨム川上流のピチットを、ティローカラートに帰順したピッサヌロークの国主プラヤー・ピッサヌロークと共に攻め入った。,当時独自の王国を築いていたところとしては、ナーンとどこが挙げられているか?,プレー,Lexical variation (world knowledge)
17549,90,ラーンナー,ティローカラート王(1441-1487年)はラーンナー王朝における絶頂期の王として知られる。ティローカラートは即位から10年間は当時独自の王国を築いていたナーンとプレーを版図に加え、国力を増強した。その後、南進を進めヨム川上流のピチットを、ティローカラートに帰順したピッサヌロークの国主プラヤー・ピッサヌロークと共に攻め入った。,ティローカラート王のピチット攻略に力を加えたのは、誰か?,プラヤー・ピッサヌローク,Lexical variation (world knowledge)
17550,91,ラーンナー,1460年にスコータイ(スコータイ自体、アユタヤ王朝の支配下にあった)の支配下にあったチャリエン(現在のシーサッチャナーライ郡)がラーンナーに帰順すると、今度はピッサヌロークとカムペーンペットを攻撃したが失敗した。,チャリエンがラーンナーに帰順したのは、何年のことなの?,1460年,Syntactic variation
17551,91,ラーンナー,1460年にスコータイ(スコータイ自体、アユタヤ王朝の支配下にあった)の支配下にあったチャリエン(現在のシーサッチャナーライ郡)がラーンナーに帰順すると、今度はピッサヌロークとカムペーンペットを攻撃したが失敗した。,もともとチャリエンは、どこにて形成された勢力の支配かに置かれていましたか?,スコータイ,Lexical variation (world knowledge)
17552,91,ラーンナー,1460年にスコータイ(スコータイ自体、アユタヤ王朝の支配下にあった)の支配下にあったチャリエン(現在のシーサッチャナーライ郡)がラーンナーに帰順すると、今度はピッサヌロークとカムペーンペットを攻撃したが失敗した。,攻略に失敗した地域としては、カムペーンペットとどこが挙げられているか?,ピッサヌローク,Lexical variation (world knowledge)
17553,91,ラーンナー,1460年にスコータイ(スコータイ自体、アユタヤ王朝の支配下にあった)の支配下にあったチャリエン(現在のシーサッチャナーライ郡)がラーンナーに帰順すると、今度はピッサヌロークとカムペーンペットを攻撃したが失敗した。,スコータイは、どの王朝の勢力圏に入っていたか?,アユタヤ王朝,Lexical variation (world knowledge)
17554,92,ラーンナー,しかし当時、ラーンナーの南に台頭してきたアユタヤの王トライローカナートは、この侵攻に堪えきれず北進を開始し、ピッサヌロークに遷都する一方、膠着していた戦いを収め、ラーンナーと表面上は友好関係を結んだ。結局ラーンナーとアユタヤの対立は1474年まで続いた。この両国の戦いは同時代のアユタヤ人に影響を与え、この戦争の様子を描いた文学作品『リリット・ユワンパーイ』を生み出した。,ラーンナー征服を決心したアユタヤ王朝は、どこへと遷都したの?,ピッサヌローク,Lexical variation (world knowledge)
17555,92,ラーンナー,しかし当時、ラーンナーの南に台頭してきたアユタヤの王トライローカナートは、この侵攻に堪えきれず北進を開始し、ピッサヌロークに遷都する一方、膠着していた戦いを収め、ラーンナーと表面上は友好関係を結んだ。結局ラーンナーとアユタヤの対立は1474年まで続いた。この両国の戦いは同時代のアユタヤ人に影響を与え、この戦争の様子を描いた文学作品『リリット・ユワンパーイ』を生み出した。,アユタヤ王朝の首都がピッサヌロークとなったのは、どの王朝への征服のためだったの?,ラーンナー,Lexical variation (world knowledge)
17556,92,ラーンナー,しかし当時、ラーンナーの南に台頭してきたアユタヤの王トライローカナートは、この侵攻に堪えきれず北進を開始し、ピッサヌロークに遷都する一方、膠着していた戦いを収め、ラーンナーと表面上は友好関係を結んだ。結局ラーンナーとアユタヤの対立は1474年まで続いた。この両国の戦いは同時代のアユタヤ人に影響を与え、この戦争の様子を描いた文学作品『リリット・ユワンパーイ』を生み出した。,当時、ピッサヌロークは、誰が君主として君臨している王朝の支配領域であったか?,トライローカナート,Lexical variation (world knowledge)
17557,92,ラーンナー,しかし当時、ラーンナーの南に台頭してきたアユタヤの王トライローカナートは、この侵攻に堪えきれず北進を開始し、ピッサヌロークに遷都する一方、膠着していた戦いを収め、ラーンナーと表面上は友好関係を結んだ。結局ラーンナーとアユタヤの対立は1474年まで続いた。この両国の戦いは同時代のアユタヤ人に影響を与え、この戦争の様子を描いた文学作品『リリット・ユワンパーイ』を生み出した。,ラーンナーとアユタヤの対立は、何年まで続いたか?,1474年,Syntactic variation
17558,93,ラーンナー,1480年、後レ朝ダイベトのレ・タイントンがラーンサーン王国に侵攻し、国王を殺した。ティローカラートは、このときにラーンナーへ逃げてきたラーンサーンの王子パヤー・サイカーオを保護し、これを追ってラーンナーへ侵攻してきたレ・タイントンを撃退した。この後パヤー・サイカーオはラーンサーンの王位につき、ラーンナーと強力な友好関係を結ぶ。また、この戦いに勝利したことにより、ティローカラートは明から報奨を受け取っている。,後レ朝ダイベトがラーンサーン王国に侵攻したのは、何年のことなの?,1480年,Syntactic variation
17559,93,ラーンナー,1480年、後レ朝ダイベトのレ・タイントンがラーンサーン王国に侵攻し、国王を殺した。ティローカラートは、このときにラーンナーへ逃げてきたラーンサーンの王子パヤー・サイカーオを保護し、これを追ってラーンナーへ侵攻してきたレ・タイントンを撃退した。この後パヤー・サイカーオはラーンサーンの王位につき、ラーンナーと強力な友好関係を結ぶ。また、この戦いに勝利したことにより、ティローカラートは明から報奨を受け取っている。,1480年、後レ朝ダイベトから侵攻され、国王が殺害されたのは、どの国ですか?,ラーンサーン王国,Lexical variation (synonymy)
17560,93,ラーンナー,1480年、後レ朝ダイベトのレ・タイントンがラーンサーン王国に侵攻し、国王を殺した。ティローカラートは、このときにラーンナーへ逃げてきたラーンサーンの王子パヤー・サイカーオを保護し、これを追ってラーンナーへ侵攻してきたレ・タイントンを撃退した。この後パヤー・サイカーオはラーンサーンの王位につき、ラーンナーと強力な友好関係を結ぶ。また、この戦いに勝利したことにより、ティローカラートは明から報奨を受け取っている。,1480年にラーンサーン王国への侵攻を行った、後レ朝ダイベトの人物は、誰か?,レ・タイントン,Lexical variation (world knowledge)
17561,93,ラーンナー,1480年、後レ朝ダイベトのレ・タイントンがラーンサーン王国に侵攻し、国王を殺した。ティローカラートは、このときにラーンナーへ逃げてきたラーンサーンの王子パヤー・サイカーオを保護し、これを追ってラーンナーへ侵攻してきたレ・タイントンを撃退した。この後パヤー・サイカーオはラーンサーンの王位につき、ラーンナーと強力な友好関係を結ぶ。また、この戦いに勝利したことにより、ティローカラートは明から報奨を受け取っている。,1480年にラーンサーン王国への侵攻を行った国は、どの国か?,後レ朝ダイベト,Lexical variation (world knowledge)
17562,94,ラーンナー,衰退期のラーンナーにおいては、国王の威光も衰退し、台頭してきた官吏らによる政治が行われた。1525年のケートクラオの即位は官吏らの指名によるものである。ケートクラオはそれまでムアンノーイという一地方の国主であり、チエンマイに政治基盤を持たなかった故に、脆弱であった。1535年にラムプーンの国主によるクーデタが起きる。これは失敗に終わるが、1538年官吏らによってケートクラオは王位を簒奪され、ケートクラオの子、チャーイが官吏らに擁立された。しかし5年間の統治の後チャーイも暗殺され、再びケートクラオが擁立されるが、これも2年後に暗殺される。,ケートクラオが即位したのは、何年のことなの?,1525年,Syntactic variation
17563,94,ラーンナー,衰退期のラーンナーにおいては、国王の威光も衰退し、台頭してきた官吏らによる政治が行われた。1525年のケートクラオの即位は官吏らの指名によるものである。ケートクラオはそれまでムアンノーイという一地方の国主であり、チエンマイに政治基盤を持たなかった故に、脆弱であった。1535年にラムプーンの国主によるクーデタが起きる。これは失敗に終わるが、1538年官吏らによってケートクラオは王位を簒奪され、ケートクラオの子、チャーイが官吏らに擁立された。しかし5年間の統治の後チャーイも暗殺され、再びケートクラオが擁立されるが、これも2年後に暗殺される。,1525年に官吏らから君主として選ばれ、即位したのは、誰ですか?,ケートクラオ,Lexical variation (world knowledge)
17564,94,ラーンナー,衰退期のラーンナーにおいては、国王の威光も衰退し、台頭してきた官吏らによる政治が行われた。1525年のケートクラオの即位は官吏らの指名によるものである。ケートクラオはそれまでムアンノーイという一地方の国主であり、チエンマイに政治基盤を持たなかった故に、脆弱であった。1535年にラムプーンの国主によるクーデタが起きる。これは失敗に終わるが、1538年官吏らによってケートクラオは王位を簒奪され、ケートクラオの子、チャーイが官吏らに擁立された。しかし5年間の統治の後チャーイも暗殺され、再びケートクラオが擁立されるが、これも2年後に暗殺される。,ラムプーンの国主によるクーデタが起きたのは、何年のことか?,1535年,Syntactic variation
17565,94,ラーンナー,衰退期のラーンナーにおいては、国王の威光も衰退し、台頭してきた官吏らによる政治が行われた。1525年のケートクラオの即位は官吏らの指名によるものである。ケートクラオはそれまでムアンノーイという一地方の国主であり、チエンマイに政治基盤を持たなかった故に、脆弱であった。1535年にラムプーンの国主によるクーデタが起きる。これは失敗に終わるが、1538年官吏らによってケートクラオは王位を簒奪され、ケートクラオの子、チャーイが官吏らに擁立された。しかし5年間の統治の後チャーイも暗殺され、再びケートクラオが擁立されるが、これも2年後に暗殺される。,チャーイが即位したのは、何年のことか?,1538年,Syntactic variation
17566,95,ラーンナー,1551年にメクティ(メーク)が王位につくが、1558年東方への領土拡大を狙ったタウングー王朝のバインナウンの侵攻に遭い、その支配下に入り、独立国としてのラーンナー王朝は終わりを告げた。その後、マンラーイ王家はチエンマイの土地を引き続き認められるが、1564年から1578年までウィスッティテーウィー女王が君主としてチエンマイを統治した。,独立国としてのラーンナー王朝の最後の君主は、誰なの?,メクティ,Logical reasoning
17567,95,ラーンナー,1551年にメクティ(メーク)が王位につくが、1558年東方への領土拡大を狙ったタウングー王朝のバインナウンの侵攻に遭い、その支配下に入り、独立国としてのラーンナー王朝は終わりを告げた。その後、マンラーイ王家はチエンマイの土地を引き続き認められるが、1564年から1578年までウィスッティテーウィー女王が君主としてチエンマイを統治した。,ラーンナー王朝が独立国としての地位を失ったのは、何年のことですか?,1558年,Lexical variation (world knowledge)
17568,96,軍服(ドイツ国防軍陸軍),"1933年にナチ党政権が誕生すると新しい野戦服が検討され、いくつかの改良を経たのち、1935年9月5日にM36野戦服が制定された。

フィールドグレー色を基調としたレーヨンが5%混ざったウール製の軍服であり、襟と肩章の部分だけダークグリーン色の上質なラシャ製だった。襟は閉じても開襟でもよかった。前ボタンは5つ、波型のふた付きプリーツポケットが両胸・両裾に合計4つ付いており、右胸ポケットの上部には鷲章が付いていた。両腰にはそれぞれ小穴があり、後述の装備ベルトを支えるためのフックを設けた。このフックは上衣内側の腋下から布ベルトで吊るし、フックの先端を外部へ出すようになっていた。上衣背面の裾にはセンターベントが設けられている。",M36野戦服はいつ制定されたか。,1935年9月5日,Syntactic variation
17569,96,軍服(ドイツ国防軍陸軍),"1933年にナチ党政権が誕生すると新しい野戦服が検討され、いくつかの改良を経たのち、1935年9月5日にM36野戦服が制定された。

フィールドグレー色を基調としたレーヨンが5%混ざったウール製の軍服であり、襟と肩章の部分だけダークグリーン色の上質なラシャ製だった。襟は閉じても開襟でもよかった。前ボタンは5つ、波型のふた付きプリーツポケットが両胸・両裾に合計4つ付いており、右胸ポケットの上部には鷲章が付いていた。両腰にはそれぞれ小穴があり、後述の装備ベルトを支えるためのフックを設けた。このフックは上衣内側の腋下から布ベルトで吊るし、フックの先端を外部へ出すようになっていた。上衣背面の裾にはセンターベントが設けられている。",M36野戦服は何色だった?,フィールドグレー色,Multiple sentence reasoning
17570,96,軍服(ドイツ国防軍陸軍),"1933年にナチ党政権が誕生すると新しい野戦服が検討され、いくつかの改良を経たのち、1935年9月5日にM36野戦服が制定された。

フィールドグレー色を基調としたレーヨンが5%混ざったウール製の軍服であり、襟と肩章の部分だけダークグリーン色の上質なラシャ製だった。襟は閉じても開襟でもよかった。前ボタンは5つ、波型のふた付きプリーツポケットが両胸・両裾に合計4つ付いており、右胸ポケットの上部には鷲章が付いていた。両腰にはそれぞれ小穴があり、後述の装備ベルトを支えるためのフックを設けた。このフックは上衣内側の腋下から布ベルトで吊るし、フックの先端を外部へ出すようになっていた。上衣背面の裾にはセンターベントが設けられている。",M36野戦服の襟と肩章の部分は何色でしたか。,ダークグリーン色,Multiple sentence reasoning
17571,97,軍服(ドイツ国防軍陸軍),"戦争が長期化するにつれて野戦服の生産工程の簡略化がすすめられ、1940年には襟と肩章が服と同じフィールドグレー色の野戦服が作られるようになった。これをM40野戦服と呼ぶことがある。合成繊維の比率も20%程度に増加したため、ウールの品質に低下が見られる。

さらに1943年にはポケットのプリーツが廃止され、またポケットのふたが波型ではなく直角になった野戦服の製造が開始された。これをM43野戦服と呼ぶこともある。ボタンは一つ増えて6個になっている。襟は閉じても開襟でもよいが、1943年に襟付きシャツが制定されたので開けることが多くなった。この襟付きシャツはそれ以前のシャツに代わって導入された物で、かぶって着るシャツであり、袖は長いが袖口をボタンで絞り込めるようになっていた。夏場などはこのシャツに肩章を取り付けて過ごす場合も多かったという。",M40野戦服の襟と肩章は何色?,フィールドグレー色,Multiple sentence reasoning
17572,97,軍服(ドイツ国防軍陸軍),"戦争が長期化するにつれて野戦服の生産工程の簡略化がすすめられ、1940年には襟と肩章が服と同じフィールドグレー色の野戦服が作られるようになった。これをM40野戦服と呼ぶことがある。合成繊維の比率も20%程度に増加したため、ウールの品質に低下が見られる。

さらに1943年にはポケットのプリーツが廃止され、またポケットのふたが波型ではなく直角になった野戦服の製造が開始された。これをM43野戦服と呼ぶこともある。ボタンは一つ増えて6個になっている。襟は閉じても開襟でもよいが、1943年に襟付きシャツが制定されたので開けることが多くなった。この襟付きシャツはそれ以前のシャツに代わって導入された物で、かぶって着るシャツであり、袖は長いが袖口をボタンで絞り込めるようになっていた。夏場などはこのシャツに肩章を取り付けて過ごす場合も多かったという。",戦争が長期化するにつれて、1940年に襟と肩章が服と同じフィールドグレー色になった野戦服を何と呼んだりしたの?,M40野戦服,Multiple sentence reasoning
17573,97,軍服(ドイツ国防軍陸軍),"戦争が長期化するにつれて野戦服の生産工程の簡略化がすすめられ、1940年には襟と肩章が服と同じフィールドグレー色の野戦服が作られるようになった。これをM40野戦服と呼ぶことがある。合成繊維の比率も20%程度に増加したため、ウールの品質に低下が見られる。

さらに1943年にはポケットのプリーツが廃止され、またポケットのふたが波型ではなく直角になった野戦服の製造が開始された。これをM43野戦服と呼ぶこともある。ボタンは一つ増えて6個になっている。襟は閉じても開襟でもよいが、1943年に襟付きシャツが制定されたので開けることが多くなった。この襟付きシャツはそれ以前のシャツに代わって導入された物で、かぶって着るシャツであり、袖は長いが袖口をボタンで絞り込めるようになっていた。夏場などはこのシャツに肩章を取り付けて過ごす場合も多かったという。",M43野戦服のボタンは何個?,6個,Multiple sentence reasoning
17574,97,軍服(ドイツ国防軍陸軍),"戦争が長期化するにつれて野戦服の生産工程の簡略化がすすめられ、1940年には襟と肩章が服と同じフィールドグレー色の野戦服が作られるようになった。これをM40野戦服と呼ぶことがある。合成繊維の比率も20%程度に増加したため、ウールの品質に低下が見られる。

さらに1943年にはポケットのプリーツが廃止され、またポケットのふたが波型ではなく直角になった野戦服の製造が開始された。これをM43野戦服と呼ぶこともある。ボタンは一つ増えて6個になっている。襟は閉じても開襟でもよいが、1943年に襟付きシャツが制定されたので開けることが多くなった。この襟付きシャツはそれ以前のシャツに代わって導入された物で、かぶって着るシャツであり、袖は長いが袖口をボタンで絞り込めるようになっていた。夏場などはこのシャツに肩章を取り付けて過ごす場合も多かったという。",M43野戦服とM40野戦服と、ボタンの数がもっと多いのはどっちなの?,M43野戦服,Logical reasoning
17575,98,軍服(ドイツ国防軍陸軍),"戦況の悪化でウール不足が深刻化し、1943年から1944年頃になると再生ウールが多く使用されるようになり、レーヨンの混紡率も高くなり、保温機能が悪化した。素材の変化でM43野戦服の頃からフィールドグレーというよりグレーブラウンに似た色になっていった。

1944年には更なる生産工程の簡略化のためM44野戦服が登場した。これはもはやドイツ軍というより英軍の野戦服「バトルドレス」に似た形状であり、丈が短く下ポケットが廃止され、襟も開襟で着るのが普通になった。またこれまで下士官は襟廻りにトレッセという縁取りを入れて兵と区別されていたのだが、M44ではそれが廃止され、兵卒か下士官かの違いは肩章のみで判別するようになった。前ボタンはM43の6つが維持された。服の素材もますます劣悪となり、スパンレーヨンにわずかに再生ウールが入ってるだけになり、その色はますますグレーブラウンになっていき、この色は「フェルトグラウ(フィールドグレー)44」と呼ばれた。",M43野戦服の色はフィールドグレーに近い色でしたか、グレーブラウンに近い色でしたか。,グレーブラウン,Logical reasoning
17576,98,軍服(ドイツ国防軍陸軍),"戦況の悪化でウール不足が深刻化し、1943年から1944年頃になると再生ウールが多く使用されるようになり、レーヨンの混紡率も高くなり、保温機能が悪化した。素材の変化でM43野戦服の頃からフィールドグレーというよりグレーブラウンに似た色になっていった。

1944年には更なる生産工程の簡略化のためM44野戦服が登場した。これはもはやドイツ軍というより英軍の野戦服「バトルドレス」に似た形状であり、丈が短く下ポケットが廃止され、襟も開襟で着るのが普通になった。またこれまで下士官は襟廻りにトレッセという縁取りを入れて兵と区別されていたのだが、M44ではそれが廃止され、兵卒か下士官かの違いは肩章のみで判別するようになった。前ボタンはM43の6つが維持された。服の素材もますます劣悪となり、スパンレーヨンにわずかに再生ウールが入ってるだけになり、その色はますますグレーブラウンになっていき、この色は「フェルトグラウ(フィールドグレー)44」と呼ばれた。",1944年に更なる生産工程の簡略化のため登場した野戦服は何と呼ばれますか。,M44野戦服,Syntactic variation
17577,98,軍服(ドイツ国防軍陸軍),"戦況の悪化でウール不足が深刻化し、1943年から1944年頃になると再生ウールが多く使用されるようになり、レーヨンの混紡率も高くなり、保温機能が悪化した。素材の変化でM43野戦服の頃からフィールドグレーというよりグレーブラウンに似た色になっていった。

1944年には更なる生産工程の簡略化のためM44野戦服が登場した。これはもはやドイツ軍というより英軍の野戦服「バトルドレス」に似た形状であり、丈が短く下ポケットが廃止され、襟も開襟で着るのが普通になった。またこれまで下士官は襟廻りにトレッセという縁取りを入れて兵と区別されていたのだが、M44ではそれが廃止され、兵卒か下士官かの違いは肩章のみで判別するようになった。前ボタンはM43の6つが維持された。服の素材もますます劣悪となり、スパンレーヨンにわずかに再生ウールが入ってるだけになり、その色はますますグレーブラウンになっていき、この色は「フェルトグラウ(フィールドグレー)44」と呼ばれた。",M44野戦服の形状はドイツ軍の野戦服に似ていましたか、英軍の野戦服に似ていましたか。,英軍の野戦服,Logical reasoning
17578,98,軍服(ドイツ国防軍陸軍),"戦況の悪化でウール不足が深刻化し、1943年から1944年頃になると再生ウールが多く使用されるようになり、レーヨンの混紡率も高くなり、保温機能が悪化した。素材の変化でM43野戦服の頃からフィールドグレーというよりグレーブラウンに似た色になっていった。

1944年には更なる生産工程の簡略化のためM44野戦服が登場した。これはもはやドイツ軍というより英軍の野戦服「バトルドレス」に似た形状であり、丈が短く下ポケットが廃止され、襟も開襟で着るのが普通になった。またこれまで下士官は襟廻りにトレッセという縁取りを入れて兵と区別されていたのだが、M44ではそれが廃止され、兵卒か下士官かの違いは肩章のみで判別するようになった。前ボタンはM43の6つが維持された。服の素材もますます劣悪となり、スパンレーヨンにわずかに再生ウールが入ってるだけになり、その色はますますグレーブラウンになっていき、この色は「フェルトグラウ(フィールドグレー)44」と呼ばれた。",M44野戦服の前ボタンはいくつでしたか。,6つ,Multiple sentence reasoning
17579,99,軍服(ドイツ国防軍陸軍),"将校は支給品のM36野戦服のような制服を洋服屋で自ら仕立てて着用するのが基本であった。M36と規格の上で違う点としては袖の部分に折りカフスが付いていること、襟が高いこと、襟章のドッペルリッツェンがより精巧な事、ベルトを止めるホックが付いていなかったことなどがある。折りカフスは命令書などを挟むのに使われていたという。素材は一般に支給軍服より良い物が使われていることが多く、ドスキンというラシャ地で作る者が多かった。ただ消耗を避けるために野戦では将校も支給品の野戦服を着用するのが一般的で、オーダーメイド野戦服は後方勤務の場合に使用されることが多かった。

将校は下衣としてフィールドグレーのシャツと黒いネクタイを用いていたが、当初将校は襟を閉じるように規定されていたためネクタイは見えなかった。しかし1943年にネクタイが見えるように開襟で着用することが許可された(とはいっても開襟にする者はほとんどいなかったようである)。",将校の下衣のシャツは何色だった?,フィールドグレー,Syntactic variation
17580,100,軍服(ドイツ国防軍陸軍),"将校の中でも将官はとりわけ高級感漂う軍服を仕立てた。

また規格の上でも大佐以下の将校とは明確な違いがあった。将官は赤の台布に金のアラベスク模様が描かれたラーリシュ・シュティッケライという襟章を着用し、また右胸鷲章や服のボタンなどが金色になっていた。将官のかぶる軍帽のパイピングや顎紐やボタンや刺繍帽章も金色であった。制帽の金属の帽章類ははじめ大佐以下と同じ銀色だったが、これも1942年11月16日以降には金に変更された。

ズボンは基本的に乗馬ズボンを用い、約3センチの赤い側章が2本記入されていた。

将官ともなると勤務が長期間に及ぶため、ヴァイマル共和政時代の国軍の軍服に国防軍の徽章を用いた軍服を着用する者が多かった。国軍時代の軍服やオーストリア併合後にドイツ軍に吸収された旧オーストリア軍の軍服について国防軍は着用を禁止していなかったためである。国軍時代の野戦服は前ボタンが8個ついており、また腰のポケットが切り込みになっているため外見からして判別が付く。",ラーリシュ・シュティッケライには何の模様が描かれていましたか。,アラベスク模様,Syntactic variation
17581,100,軍服(ドイツ国防軍陸軍),"将校の中でも将官はとりわけ高級感漂う軍服を仕立てた。

また規格の上でも大佐以下の将校とは明確な違いがあった。将官は赤の台布に金のアラベスク模様が描かれたラーリシュ・シュティッケライという襟章を着用し、また右胸鷲章や服のボタンなどが金色になっていた。将官のかぶる軍帽のパイピングや顎紐やボタンや刺繍帽章も金色であった。制帽の金属の帽章類ははじめ大佐以下と同じ銀色だったが、これも1942年11月16日以降には金に変更された。

ズボンは基本的に乗馬ズボンを用い、約3センチの赤い側章が2本記入されていた。

将官ともなると勤務が長期間に及ぶため、ヴァイマル共和政時代の国軍の軍服に国防軍の徽章を用いた軍服を着用する者が多かった。国軍時代の軍服やオーストリア併合後にドイツ軍に吸収された旧オーストリア軍の軍服について国防軍は着用を禁止していなかったためである。国軍時代の野戦服は前ボタンが8個ついており、また腰のポケットが切り込みになっているため外見からして判別が付く。",国軍時代の野戦服には前ボタンが何個ありましたか。,8個,Syntactic variation
17582,101,軍服(ドイツ国防軍陸軍),野戦服の上衣の下に着る下着は、1933年5月採用のレーヨン混紡の綿ニット素材で製造される生成り色のシャツだった。シャツに襟はないのでカラーの使用が必要だった。布で補強された前立てを合成樹脂ないし紙製のボタン4つで留めた。熱帯地で上衣を脱ぐ際に生成り色シャツは目立つため、後にグリーンに染められるようになった。1941年には襟付きでレーヨンの混紡率が高めな灰緑色のシャツが登場した。夏にはこのシャツだけで過ごすことが認められていた。1943年にはM43シャツが登場した。これは胸にプリーツ付きのポケットが付き、肩章を付けることができた。合成繊維の含有率はより高くなり、色はよりグレーに近かった。,野戦服の上衣の下に着るシャツは何色でしたか。,生成り色,Syntactic variation
17583,101,軍服(ドイツ国防軍陸軍),野戦服の上衣の下に着る下着は、1933年5月採用のレーヨン混紡の綿ニット素材で製造される生成り色のシャツだった。シャツに襟はないのでカラーの使用が必要だった。布で補強された前立てを合成樹脂ないし紙製のボタン4つで留めた。熱帯地で上衣を脱ぐ際に生成り色シャツは目立つため、後にグリーンに染められるようになった。1941年には襟付きでレーヨンの混紡率が高めな灰緑色のシャツが登場した。夏にはこのシャツだけで過ごすことが認められていた。1943年にはM43シャツが登場した。これは胸にプリーツ付きのポケットが付き、肩章を付けることができた。合成繊維の含有率はより高くなり、色はよりグレーに近かった。,M43シャツは何年に登場したの?,1943年,Syntactic variation
17584,102,軍服(ドイツ国防軍陸軍),"礼服(Waffenrock)は式典などの公式行事や外出着として着用する軍服である。国軍時代から礼服は存在していたが、1935年6月29日に陸軍総司令部はドイツ国防軍用の礼服を生産することを認可した。将校は出来る限り早く新礼服を仕立てるべきとされ、また下士官は1935年中、兵士は1936年中に支給されることとなった。ただし国軍時代の旧礼服も着潰すまで着用することが認められていた。

旧礼服との違いとしてはポケットが外されたこと、袖のカフスに粉飾が施されたこと、背部にひれ状の粉飾が付けられたことがある。旧礼服と同じ特徴としては前ボタンが8個であること、襟章のドッペルリッツェンが通常の野戦服より派手で台布も兵科色になっていること、前立てや襟の縁取りなどに幅2ミリの兵科色のパイピングが付いていることがある。礼服のデザインは基本的に将校も下士官・兵士も同じだが、下士官・兵士用は銃剣をベルトからつるすことがあるため、ウェストの部分の後部左側にホックが付いており、また下士官の場合は襟とカフスに銀モールの白い縁取り(トレッセ)が付いている。礼服の上着は野戦服と同じフィールドグレー色であったが、ズボンは暗いグレー色で兵科を示す縦線が側面部分に入っていた。ただ将校の場合は乗馬ズボンをはく場合もあった。

礼服着用の際の将校は飾緒を右肩に着用した。また下士官兵士であっても「射撃優等用飾緒」を授与されている者はそれを着用することができた。「射撃優等用飾緒」は12等級存在し、バッジの違いや「ドングリ」の数で等級が分かるようになっていた。さらに軍楽隊である場合には肩飾りシュヴァルベンネスター(Schwalbennester)を付ける。また、帯刀は将校のみだが、騎兵下士官はサーベルを佩いていた。

1940年2月に戦時中限定の軍服規定として礼服は停止され、代わりに通常の野戦服が礼服としても使用できるようになり、この際に帯刀できるようになった。ただし飾緒や礼装ベルトなどの着用は禁じられていた。",式典などの公式行事や外出着として着用する軍服を何といいますか。,礼服(Waffenrock),Syntactic variation
17585,102,軍服(ドイツ国防軍陸軍),"礼服(Waffenrock)は式典などの公式行事や外出着として着用する軍服である。国軍時代から礼服は存在していたが、1935年6月29日に陸軍総司令部はドイツ国防軍用の礼服を生産することを認可した。将校は出来る限り早く新礼服を仕立てるべきとされ、また下士官は1935年中、兵士は1936年中に支給されることとなった。ただし国軍時代の旧礼服も着潰すまで着用することが認められていた。

旧礼服との違いとしてはポケットが外されたこと、袖のカフスに粉飾が施されたこと、背部にひれ状の粉飾が付けられたことがある。旧礼服と同じ特徴としては前ボタンが8個であること、襟章のドッペルリッツェンが通常の野戦服より派手で台布も兵科色になっていること、前立てや襟の縁取りなどに幅2ミリの兵科色のパイピングが付いていることがある。礼服のデザインは基本的に将校も下士官・兵士も同じだが、下士官・兵士用は銃剣をベルトからつるすことがあるため、ウェストの部分の後部左側にホックが付いており、また下士官の場合は襟とカフスに銀モールの白い縁取り(トレッセ)が付いている。礼服の上着は野戦服と同じフィールドグレー色であったが、ズボンは暗いグレー色で兵科を示す縦線が側面部分に入っていた。ただ将校の場合は乗馬ズボンをはく場合もあった。

礼服着用の際の将校は飾緒を右肩に着用した。また下士官兵士であっても「射撃優等用飾緒」を授与されている者はそれを着用することができた。「射撃優等用飾緒」は12等級存在し、バッジの違いや「ドングリ」の数で等級が分かるようになっていた。さらに軍楽隊である場合には肩飾りシュヴァルベンネスター(Schwalbennester)を付ける。また、帯刀は将校のみだが、騎兵下士官はサーベルを佩いていた。

1940年2月に戦時中限定の軍服規定として礼服は停止され、代わりに通常の野戦服が礼服としても使用できるようになり、この際に帯刀できるようになった。ただし飾緒や礼装ベルトなどの着用は禁じられていた。",軍楽隊の場合、肩の部分に何をつけるの?,シュヴァルベンネスター(Schwalbennester),Lexical variation (synonymy)
17586,102,軍服(ドイツ国防軍陸軍),"礼服(Waffenrock)は式典などの公式行事や外出着として着用する軍服である。国軍時代から礼服は存在していたが、1935年6月29日に陸軍総司令部はドイツ国防軍用の礼服を生産することを認可した。将校は出来る限り早く新礼服を仕立てるべきとされ、また下士官は1935年中、兵士は1936年中に支給されることとなった。ただし国軍時代の旧礼服も着潰すまで着用することが認められていた。

旧礼服との違いとしてはポケットが外されたこと、袖のカフスに粉飾が施されたこと、背部にひれ状の粉飾が付けられたことがある。旧礼服と同じ特徴としては前ボタンが8個であること、襟章のドッペルリッツェンが通常の野戦服より派手で台布も兵科色になっていること、前立てや襟の縁取りなどに幅2ミリの兵科色のパイピングが付いていることがある。礼服のデザインは基本的に将校も下士官・兵士も同じだが、下士官・兵士用は銃剣をベルトからつるすことがあるため、ウェストの部分の後部左側にホックが付いており、また下士官の場合は襟とカフスに銀モールの白い縁取り(トレッセ)が付いている。礼服の上着は野戦服と同じフィールドグレー色であったが、ズボンは暗いグレー色で兵科を示す縦線が側面部分に入っていた。ただ将校の場合は乗馬ズボンをはく場合もあった。

礼服着用の際の将校は飾緒を右肩に着用した。また下士官兵士であっても「射撃優等用飾緒」を授与されている者はそれを着用することができた。「射撃優等用飾緒」は12等級存在し、バッジの違いや「ドングリ」の数で等級が分かるようになっていた。さらに軍楽隊である場合には肩飾りシュヴァルベンネスター(Schwalbennester)を付ける。また、帯刀は将校のみだが、騎兵下士官はサーベルを佩いていた。

1940年2月に戦時中限定の軍服規定として礼服は停止され、代わりに通常の野戦服が礼服としても使用できるようになり、この際に帯刀できるようになった。ただし飾緒や礼装ベルトなどの着用は禁じられていた。",1940年2月に戦時中限定の軍服規定として礼服は停止され、代わりに何が礼服として使われるようになりましたか。,通常の野戦服,Lexical variation (synonymy)
17587,103,軍服(ドイツ国防軍陸軍),"ドイツ軍の基本的な防寒具はオーバーコートである。将校と下士官・兵士でデザイン上の大きな違いはない。素材や細部に個人差が見られる程度である。

オーバーコートの前ボタンは6個のボタンがダブルになっている。背中の腰部分には2個のボタンで止めるハーフベルトが付いており、そこからプリーツ(のちセンターベント)が下に伸びていた。コートには襟章は付けず、肩章と袖章のみを付けた。素材はウールであることが多かった。

1934年制定の支給オーバーコートは襟の部分だけダークグリーンだったが、野戦服と同様に1940年からコート全体がフィールドグレー色で統一された。1942年に新しい支給オーバーコートが採用されたが、これは1941年から1942年にかけてのロシアでの厳寒の経験を踏まえて襟を大きくし、顔の下半分を隠せるようにしていた。また両脇にスリット・ポケットが加えられていた。また動きやすいように背中のプリーツがセンターベント(切り込み)になり、必要ならボタンで留める仕様となった。

大佐以下は襟を閉じてコートを着用するが、将官は開襟でコートを着用した。陸軍将官のオーバーコートの下襟の内側はカーマインレッド色であり、それを外部に見せつけるように開襟した。",オーバーコートの前ボタンは何個なの?,6個,Syntactic variation
17588,103,軍服(ドイツ国防軍陸軍),"ドイツ軍の基本的な防寒具はオーバーコートである。将校と下士官・兵士でデザイン上の大きな違いはない。素材や細部に個人差が見られる程度である。

オーバーコートの前ボタンは6個のボタンがダブルになっている。背中の腰部分には2個のボタンで止めるハーフベルトが付いており、そこからプリーツ(のちセンターベント)が下に伸びていた。コートには襟章は付けず、肩章と袖章のみを付けた。素材はウールであることが多かった。

1934年制定の支給オーバーコートは襟の部分だけダークグリーンだったが、野戦服と同様に1940年からコート全体がフィールドグレー色で統一された。1942年に新しい支給オーバーコートが採用されたが、これは1941年から1942年にかけてのロシアでの厳寒の経験を踏まえて襟を大きくし、顔の下半分を隠せるようにしていた。また両脇にスリット・ポケットが加えられていた。また動きやすいように背中のプリーツがセンターベント(切り込み)になり、必要ならボタンで留める仕様となった。

大佐以下は襟を閉じてコートを着用するが、将官は開襟でコートを着用した。陸軍将官のオーバーコートの下襟の内側はカーマインレッド色であり、それを外部に見せつけるように開襟した。",オーバーコートの素材は何が多かった?,ウール,Multiple sentence reasoning
17589,103,軍服(ドイツ国防軍陸軍),"ドイツ軍の基本的な防寒具はオーバーコートである。将校と下士官・兵士でデザイン上の大きな違いはない。素材や細部に個人差が見られる程度である。

オーバーコートの前ボタンは6個のボタンがダブルになっている。背中の腰部分には2個のボタンで止めるハーフベルトが付いており、そこからプリーツ(のちセンターベント)が下に伸びていた。コートには襟章は付けず、肩章と袖章のみを付けた。素材はウールであることが多かった。

1934年制定の支給オーバーコートは襟の部分だけダークグリーンだったが、野戦服と同様に1940年からコート全体がフィールドグレー色で統一された。1942年に新しい支給オーバーコートが採用されたが、これは1941年から1942年にかけてのロシアでの厳寒の経験を踏まえて襟を大きくし、顔の下半分を隠せるようにしていた。また両脇にスリット・ポケットが加えられていた。また動きやすいように背中のプリーツがセンターベント(切り込み)になり、必要ならボタンで留める仕様となった。

大佐以下は襟を閉じてコートを着用するが、将官は開襟でコートを着用した。陸軍将官のオーバーコートの下襟の内側はカーマインレッド色であり、それを外部に見せつけるように開襟した。",陸軍将官のオーバーコートの下襟の内側は何色でしたか。,カーマインレッド色,Syntactic variation
17590,103,軍服(ドイツ国防軍陸軍),"ドイツ軍の基本的な防寒具はオーバーコートである。将校と下士官・兵士でデザイン上の大きな違いはない。素材や細部に個人差が見られる程度である。

オーバーコートの前ボタンは6個のボタンがダブルになっている。背中の腰部分には2個のボタンで止めるハーフベルトが付いており、そこからプリーツ(のちセンターベント)が下に伸びていた。コートには襟章は付けず、肩章と袖章のみを付けた。素材はウールであることが多かった。

1934年制定の支給オーバーコートは襟の部分だけダークグリーンだったが、野戦服と同様に1940年からコート全体がフィールドグレー色で統一された。1942年に新しい支給オーバーコートが採用されたが、これは1941年から1942年にかけてのロシアでの厳寒の経験を踏まえて襟を大きくし、顔の下半分を隠せるようにしていた。また両脇にスリット・ポケットが加えられていた。また動きやすいように背中のプリーツがセンターベント(切り込み)になり、必要ならボタンで留める仕様となった。

大佐以下は襟を閉じてコートを着用するが、将官は開襟でコートを着用した。陸軍将官のオーバーコートの下襟の内側はカーマインレッド色であり、それを外部に見せつけるように開襟した。",開襟でコートを着用したのは大佐以下だったか、将官だった。,将官,Logical reasoning
17591,104,軍服(ドイツ国防軍陸軍),"ドイツ国防軍陸軍の正式な軍帽が制帽(Schirmmütze)である。制帽には顎紐、鷲章、円形章(コカルデ)が付いており、円形章の周りを柏葉が取り囲んでいるデザインになっている。大佐以下は帽子のトップ周りとバンド(円形章が入っている帯の部分)の上下に兵科色のパイピングが入っているが、将官は金色であった。顎紐は将官が金、大佐以下の将校が銀、下士官兵士は黒い革であった。鷲章と円形章ははじめ全階級で銀色だったが、将官のみ1942年11月16日以降に金色になっている。

戦前は兵士から将校までパレードや外出の場合にはこの制帽を用いるのが基本であった。しかし戦時中には制帽の着用は基本的には将校のみであり、野戦で下士官、まして兵士が制帽をかぶるのはまれであったという。

将校はオーダーメイドなので将校制帽にも個人差が見られる。軍の規格に沿っていないクラッシュキャップ風になっている制帽も数多く存在した(顎紐がなかったもの、通常の形状よりトップがやや潰れているもの、鷲章・円形章・柏葉章などが金属ではなく刺繍されていたもの)。正規のトップの高い制帽は「ザッテルフォルム(Sattelform)」と呼ばれていた。",1942年11月16日以前、鷲章と円形章ははじめ全階級で何色でしたか。,銀色,Logical reasoning
17592,104,軍服(ドイツ国防軍陸軍),"ドイツ国防軍陸軍の正式な軍帽が制帽(Schirmmütze)である。制帽には顎紐、鷲章、円形章(コカルデ)が付いており、円形章の周りを柏葉が取り囲んでいるデザインになっている。大佐以下は帽子のトップ周りとバンド(円形章が入っている帯の部分)の上下に兵科色のパイピングが入っているが、将官は金色であった。顎紐は将官が金、大佐以下の将校が銀、下士官兵士は黒い革であった。鷲章と円形章ははじめ全階級で銀色だったが、将官のみ1942年11月16日以降に金色になっている。

戦前は兵士から将校までパレードや外出の場合にはこの制帽を用いるのが基本であった。しかし戦時中には制帽の着用は基本的には将校のみであり、野戦で下士官、まして兵士が制帽をかぶるのはまれであったという。

将校はオーダーメイドなので将校制帽にも個人差が見られる。軍の規格に沿っていないクラッシュキャップ風になっている制帽も数多く存在した(顎紐がなかったもの、通常の形状よりトップがやや潰れているもの、鷲章・円形章・柏葉章などが金属ではなく刺繍されていたもの)。正規のトップの高い制帽は「ザッテルフォルム(Sattelform)」と呼ばれていた。",正規のトップの高い制帽は何と呼ばれていたか。,「ザッテルフォルム(Sattelform)」,Syntactic variation
17593,105,軍服(ドイツ国防軍陸軍),"クラッシュキャップは将校が制帽の代わりに用いた戦闘用の略帽である。「クラッシュキャップ」(Crushercap)は俗称であり、正式名称は「野戦帽」(Feldmütze)である。後に支給を廃されたので「旧式野戦帽」(FeldmützeältererArt)と名付けられた。制帽に似た形状だが、中に形状を保つワイヤーが入っておらず、柔らかい。また顎紐がなく、顎紐を留めるためのボタンもない。鷲章・円形章・柏葉章も金属ではなく刺繍だった。兵科色がトップ周りとバンド部に入っているのは制帽と同じである。

1934年に制定されるも1938年に支給が廃止された。しかし持ち運びに便利であることから、前線では下士官以上の者がオーダーメイドしてよく使用していた。",将校が制帽の代わりに用いた戦闘用の略帽を何といいますか。,クラッシュキャップ,Syntactic variation
17594,105,軍服(ドイツ国防軍陸軍),"クラッシュキャップは将校が制帽の代わりに用いた戦闘用の略帽である。「クラッシュキャップ」(Crushercap)は俗称であり、正式名称は「野戦帽」(Feldmütze)である。後に支給を廃されたので「旧式野戦帽」(FeldmützeältererArt)と名付けられた。制帽に似た形状だが、中に形状を保つワイヤーが入っておらず、柔らかい。また顎紐がなく、顎紐を留めるためのボタンもない。鷲章・円形章・柏葉章も金属ではなく刺繍だった。兵科色がトップ周りとバンド部に入っているのは制帽と同じである。

1934年に制定されるも1938年に支給が廃止された。しかし持ち運びに便利であることから、前線では下士官以上の者がオーダーメイドしてよく使用していた。",「野戦帽」(Feldmütze)の俗称は何ですか。,「クラッシュキャップ」(Crushercap),Multiple sentence reasoning
17595,105,軍服(ドイツ国防軍陸軍),"クラッシュキャップは将校が制帽の代わりに用いた戦闘用の略帽である。「クラッシュキャップ」(Crushercap)は俗称であり、正式名称は「野戦帽」(Feldmütze)である。後に支給を廃されたので「旧式野戦帽」(FeldmützeältererArt)と名付けられた。制帽に似た形状だが、中に形状を保つワイヤーが入っておらず、柔らかい。また顎紐がなく、顎紐を留めるためのボタンもない。鷲章・円形章・柏葉章も金属ではなく刺繍だった。兵科色がトップ周りとバンド部に入っているのは制帽と同じである。

1934年に制定されるも1938年に支給が廃止された。しかし持ち運びに便利であることから、前線では下士官以上の者がオーダーメイドしてよく使用していた。",クラッシュキャップは何年に廃されたの?,1938年,Multiple sentence reasoning
17596,106,軍服(ドイツ国防軍陸軍),"全ドイツ軍人が制帽の代わりに用いた戦闘用の折り返し型の略帽である。このような折り返し帽はドイツに限らず他国にも多く見られる。正式名称はクラッシュキャップと同じく「野戦帽」(Feldmütze)であった。逆さにすると船のような形なので「小船」(Schiffchen)という愛称があった。日本では一般に略帽と呼ばれている。野戦服に使われていたのと同じウールとセルロース繊維混紡の布地で作られていた。

略帽には下士官・兵士用の1934年型と将校用の1938年型があった。将校用のは旧野戦帽(上記のクラッシュキャップ)に代わる物としての導入である。略帽の基本的なデザインは下士官兵士用も将校用も同じだが、将校用は頭部にアルミ糸で縁取りが付けられており、よりスマートなデザインだった。帽子正面にはクラウン部分に鷲章、折り返し部分に円形章がついており、円形章を逆Vの字で囲むように兵科色のパイピングが二本入っている(この逆Vの字のパイピングはスータッシェと呼ばれた)。両側面には通気孔のハトメがあった。シュタールヘルムの下に略帽を被って更に頭部を守り、被り心地がよくなるよう考えられていた。

1942年には略帽の形状が改良された。最大の違いは折り返し部分が前面で2個のボタンによって留められ、寒い時には折り返し部分を降ろして耳などを保護できるようになった点である。ボタンの部分にあった円形章はクラウン部分に移され、逆Vの字のパイピングは廃止された。しかしこの廃止の通達はしばしば無視された。

さらに1943年にはそれにバイザーを付けた規格帽が登場して取って代わられることとなった。",全ドイツ軍人が制帽の代わりに用いた戦闘用の折り返し型の略帽の愛称は何でしたか。,「小船」(Schiffchen),Multiple sentence reasoning
17597,106,軍服(ドイツ国防軍陸軍),"全ドイツ軍人が制帽の代わりに用いた戦闘用の折り返し型の略帽である。このような折り返し帽はドイツに限らず他国にも多く見られる。正式名称はクラッシュキャップと同じく「野戦帽」(Feldmütze)であった。逆さにすると船のような形なので「小船」(Schiffchen)という愛称があった。日本では一般に略帽と呼ばれている。野戦服に使われていたのと同じウールとセルロース繊維混紡の布地で作られていた。

略帽には下士官・兵士用の1934年型と将校用の1938年型があった。将校用のは旧野戦帽(上記のクラッシュキャップ)に代わる物としての導入である。略帽の基本的なデザインは下士官兵士用も将校用も同じだが、将校用は頭部にアルミ糸で縁取りが付けられており、よりスマートなデザインだった。帽子正面にはクラウン部分に鷲章、折り返し部分に円形章がついており、円形章を逆Vの字で囲むように兵科色のパイピングが二本入っている(この逆Vの字のパイピングはスータッシェと呼ばれた)。両側面には通気孔のハトメがあった。シュタールヘルムの下に略帽を被って更に頭部を守り、被り心地がよくなるよう考えられていた。

1942年には略帽の形状が改良された。最大の違いは折り返し部分が前面で2個のボタンによって留められ、寒い時には折り返し部分を降ろして耳などを保護できるようになった点である。ボタンの部分にあった円形章はクラウン部分に移され、逆Vの字のパイピングは廃止された。しかしこの廃止の通達はしばしば無視された。

さらに1943年にはそれにバイザーを付けた規格帽が登場して取って代わられることとなった。",全ドイツ軍人が制帽の代わりに用いた戦闘用の折り返し型の略帽を逆さにすると何のような形になりますか。,船,Multiple sentence reasoning
17598,106,軍服(ドイツ国防軍陸軍),"全ドイツ軍人が制帽の代わりに用いた戦闘用の折り返し型の略帽である。このような折り返し帽はドイツに限らず他国にも多く見られる。正式名称はクラッシュキャップと同じく「野戦帽」(Feldmütze)であった。逆さにすると船のような形なので「小船」(Schiffchen)という愛称があった。日本では一般に略帽と呼ばれている。野戦服に使われていたのと同じウールとセルロース繊維混紡の布地で作られていた。

略帽には下士官・兵士用の1934年型と将校用の1938年型があった。将校用のは旧野戦帽(上記のクラッシュキャップ)に代わる物としての導入である。略帽の基本的なデザインは下士官兵士用も将校用も同じだが、将校用は頭部にアルミ糸で縁取りが付けられており、よりスマートなデザインだった。帽子正面にはクラウン部分に鷲章、折り返し部分に円形章がついており、円形章を逆Vの字で囲むように兵科色のパイピングが二本入っている(この逆Vの字のパイピングはスータッシェと呼ばれた)。両側面には通気孔のハトメがあった。シュタールヘルムの下に略帽を被って更に頭部を守り、被り心地がよくなるよう考えられていた。

1942年には略帽の形状が改良された。最大の違いは折り返し部分が前面で2個のボタンによって留められ、寒い時には折り返し部分を降ろして耳などを保護できるようになった点である。ボタンの部分にあった円形章はクラウン部分に移され、逆Vの字のパイピングは廃止された。しかしこの廃止の通達はしばしば無視された。

さらに1943年にはそれにバイザーを付けた規格帽が登場して取って代わられることとなった。",略帽の折り返し部分が前面で2個のボタンによって留められるようになったにはいつからでしたか。,1942年,Multiple sentence reasoning
17599,106,軍服(ドイツ国防軍陸軍),"全ドイツ軍人が制帽の代わりに用いた戦闘用の折り返し型の略帽である。このような折り返し帽はドイツに限らず他国にも多く見られる。正式名称はクラッシュキャップと同じく「野戦帽」(Feldmütze)であった。逆さにすると船のような形なので「小船」(Schiffchen)という愛称があった。日本では一般に略帽と呼ばれている。野戦服に使われていたのと同じウールとセルロース繊維混紡の布地で作られていた。

略帽には下士官・兵士用の1934年型と将校用の1938年型があった。将校用のは旧野戦帽(上記のクラッシュキャップ)に代わる物としての導入である。略帽の基本的なデザインは下士官兵士用も将校用も同じだが、将校用は頭部にアルミ糸で縁取りが付けられており、よりスマートなデザインだった。帽子正面にはクラウン部分に鷲章、折り返し部分に円形章がついており、円形章を逆Vの字で囲むように兵科色のパイピングが二本入っている(この逆Vの字のパイピングはスータッシェと呼ばれた)。両側面には通気孔のハトメがあった。シュタールヘルムの下に略帽を被って更に頭部を守り、被り心地がよくなるよう考えられていた。

1942年には略帽の形状が改良された。最大の違いは折り返し部分が前面で2個のボタンによって留められ、寒い時には折り返し部分を降ろして耳などを保護できるようになった点である。ボタンの部分にあった円形章はクラウン部分に移され、逆Vの字のパイピングは廃止された。しかしこの廃止の通達はしばしば無視された。

さらに1943年にはそれにバイザーを付けた規格帽が登場して取って代わられることとなった。",略帽の逆Vの字のパイピングは何年に廃止されたか。,1942年,Multiple sentence reasoning
17600,107,軍服(ドイツ国防軍陸軍),"大戦後期、恐らくシュタールヘルムに次いでドイツ兵に多く用いられていたのがこの統一規格野戦帽(Einheitsfeldmütze)である。異なる規格の陸軍、空軍、SSの略帽を統一する形で1943年6月11日に制定された。日本では規格帽と呼ばれることが多い。1943年に制定されたためM43帽とも呼ばれる。1943年以降上記の略帽に取って代わった山岳帽型の野戦帽である。

山岳部隊が使用した山岳帽や北アフリカで使用されたバイザー付き略帽が兵たちから非常に好評だったため、この型の帽子を全軍に支給するために1942年型略帽にバイザーを付ける形で開発された。山岳帽や1942年型略帽と同様に折り返し部分の前部に2個のボタンがついており、これを外して折り返しを垂れ下げることで耳を寒さから保護することができた。

布地はセルロース繊維が70%から90%の割合で入った混紡である。鷲章と国家色の帽章は灰緑色の台布の上にグレーの人絹糸で刺繍されていた。ボタンは無塗装か艶消しの灰緑色の石目柄のアルミニウム製のほか、合成樹脂やガラス、ベークライト、紙、木のボタンが使われることもあった。鍔の芯は多くはボール紙か合成素材だったので、濡れたり、畳んでポケットにしまう時などに曲がったり、折れたりすることがあった。",異なる規格の陸軍、空軍、SSの略帽を統一する形で制定したのは何年のことですか。,1943年,Syntactic variation
17601,107,軍服(ドイツ国防軍陸軍),"大戦後期、恐らくシュタールヘルムに次いでドイツ兵に多く用いられていたのがこの統一規格野戦帽(Einheitsfeldmütze)である。異なる規格の陸軍、空軍、SSの略帽を統一する形で1943年6月11日に制定された。日本では規格帽と呼ばれることが多い。1943年に制定されたためM43帽とも呼ばれる。1943年以降上記の略帽に取って代わった山岳帽型の野戦帽である。

山岳部隊が使用した山岳帽や北アフリカで使用されたバイザー付き略帽が兵たちから非常に好評だったため、この型の帽子を全軍に支給するために1942年型略帽にバイザーを付ける形で開発された。山岳帽や1942年型略帽と同様に折り返し部分の前部に2個のボタンがついており、これを外して折り返しを垂れ下げることで耳を寒さから保護することができた。

布地はセルロース繊維が70%から90%の割合で入った混紡である。鷲章と国家色の帽章は灰緑色の台布の上にグレーの人絹糸で刺繍されていた。ボタンは無塗装か艶消しの灰緑色の石目柄のアルミニウム製のほか、合成樹脂やガラス、ベークライト、紙、木のボタンが使われることもあった。鍔の芯は多くはボール紙か合成素材だったので、濡れたり、畳んでポケットにしまう時などに曲がったり、折れたりすることがあった。",日本で規格帽と呼ばれるのは何年に制定されましたのですか。,1943年,Multiple sentence reasoning
17602,108,軍服(ドイツ国防軍陸軍),"ドイツ軍人を象徴する防具がこの鉄兜、シュタールヘルム(Stahlhelm)である。国防軍は1935年6月25日にM35シュタールヘルムを制定した。それまでに使われていた第一次世界大戦時のM16やM18よりも軽量化されてデザイン的にも洗練された。もっとも西方電撃戦ぐらいまでの頃には一次大戦時のシュタールヘルムが依然として用いられていたという。

シュタールヘルムは国防軍、SS、警察で共通であり、貼り付けるデカールのみが異なった。国防軍のシュタールヘルムのデカールは右側にドイツ帝国以来の「黒白赤(シュヴァルツ=ヴァイス=ロート)」の国家色、左側には鷲章が貼り付けられていたが、迷彩効果を優先する為、国家色デカールは1940年3月21日、鷲章は1943年8月23日に廃止命令が出された。",国防軍はいつM35シュタールヘルムを制定したか。,1935年6月25日,Syntactic variation
17603,108,軍服(ドイツ国防軍陸軍),"ドイツ軍人を象徴する防具がこの鉄兜、シュタールヘルム(Stahlhelm)である。国防軍は1935年6月25日にM35シュタールヘルムを制定した。それまでに使われていた第一次世界大戦時のM16やM18よりも軽量化されてデザイン的にも洗練された。もっとも西方電撃戦ぐらいまでの頃には一次大戦時のシュタールヘルムが依然として用いられていたという。

シュタールヘルムは国防軍、SS、警察で共通であり、貼り付けるデカールのみが異なった。国防軍のシュタールヘルムのデカールは右側にドイツ帝国以来の「黒白赤(シュヴァルツ=ヴァイス=ロート)」の国家色、左側には鷲章が貼り付けられていたが、迷彩効果を優先する為、国家色デカールは1940年3月21日、鷲章は1943年8月23日に廃止命令が出された。",M16とM35と、どっちの方が先に使われていたの?,M16,Logical reasoning
17604,108,軍服(ドイツ国防軍陸軍),"ドイツ軍人を象徴する防具がこの鉄兜、シュタールヘルム(Stahlhelm)である。国防軍は1935年6月25日にM35シュタールヘルムを制定した。それまでに使われていた第一次世界大戦時のM16やM18よりも軽量化されてデザイン的にも洗練された。もっとも西方電撃戦ぐらいまでの頃には一次大戦時のシュタールヘルムが依然として用いられていたという。

シュタールヘルムは国防軍、SS、警察で共通であり、貼り付けるデカールのみが異なった。国防軍のシュタールヘルムのデカールは右側にドイツ帝国以来の「黒白赤(シュヴァルツ=ヴァイス=ロート)」の国家色、左側には鷲章が貼り付けられていたが、迷彩効果を優先する為、国家色デカールは1940年3月21日、鷲章は1943年8月23日に廃止命令が出された。",国防軍のシュタールヘルムのデカールはいつ廃止されたか。,1940年3月21日,Syntactic variation
17605,108,軍服(ドイツ国防軍陸軍),"ドイツ軍人を象徴する防具がこの鉄兜、シュタールヘルム(Stahlhelm)である。国防軍は1935年6月25日にM35シュタールヘルムを制定した。それまでに使われていた第一次世界大戦時のM16やM18よりも軽量化されてデザイン的にも洗練された。もっとも西方電撃戦ぐらいまでの頃には一次大戦時のシュタールヘルムが依然として用いられていたという。

シュタールヘルムは国防軍、SS、警察で共通であり、貼り付けるデカールのみが異なった。国防軍のシュタールヘルムのデカールは右側にドイツ帝国以来の「黒白赤(シュヴァルツ=ヴァイス=ロート)」の国家色、左側には鷲章が貼り付けられていたが、迷彩効果を優先する為、国家色デカールは1940年3月21日、鷲章は1943年8月23日に廃止命令が出された。",国防軍のシュタールヘルムの鷲章はいつ廃止されたか。,1943年8月23日,Syntactic variation
17606,109,軍服(ドイツ国防軍陸軍),"ドイツ軍は当初全兵に黒革のブーツを支給しており、それがシュタールヘルムと並んでドイツ軍の特徴であった。ドイツの軍用ブーツはプロイセン軍が1866年に採用したものが端緒であり、靴底には野外での滑り止め用に鉄製の金具が打たれていた。公的には「マルシュシュティーフェル(行軍ブーツ)」(Marschstiefel)と呼称されたが、俗に「クノーベルベッヒャー(サイコロ壺)」(Knobelbecher)とも呼ばれた。

行軍ブーツは上等な黒染の牛革で製造されたジャックブーツで、ふくらはぎの部分の丈は35センチから41センチだった。1939年11月9日の通達で35センチから29センチに短縮された。この規定が実際に効力を持ったのは1940年春からである。革の節約のために短めにされたものだった。

二重の靴底に35個から45個のスパイク(鋲)で補強されている。しかしこのスパイクは東部戦線で断熱効果を発揮し兵士たちの足を凍えさせ、凍傷の原因になったとされる。",ドイツ軍の特徴には黒革のブーツのまた何がありましたか。,シュタールヘルム,Syntactic variation
17607,109,軍服(ドイツ国防軍陸軍),"ドイツ軍は当初全兵に黒革のブーツを支給しており、それがシュタールヘルムと並んでドイツ軍の特徴であった。ドイツの軍用ブーツはプロイセン軍が1866年に採用したものが端緒であり、靴底には野外での滑り止め用に鉄製の金具が打たれていた。公的には「マルシュシュティーフェル(行軍ブーツ)」(Marschstiefel)と呼称されたが、俗に「クノーベルベッヒャー(サイコロ壺)」(Knobelbecher)とも呼ばれた。

行軍ブーツは上等な黒染の牛革で製造されたジャックブーツで、ふくらはぎの部分の丈は35センチから41センチだった。1939年11月9日の通達で35センチから29センチに短縮された。この規定が実際に効力を持ったのは1940年春からである。革の節約のために短めにされたものだった。

二重の靴底に35個から45個のスパイク(鋲)で補強されている。しかしこのスパイクは東部戦線で断熱効果を発揮し兵士たちの足を凍えさせ、凍傷の原因になったとされる。",ドイツの軍用ブーツの公的な名称は何ですか。,「マルシュシュティーフェル(行軍ブーツ)」(Marschstiefel),Multiple sentence reasoning
17608,109,軍服(ドイツ国防軍陸軍),"ドイツ軍は当初全兵に黒革のブーツを支給しており、それがシュタールヘルムと並んでドイツ軍の特徴であった。ドイツの軍用ブーツはプロイセン軍が1866年に採用したものが端緒であり、靴底には野外での滑り止め用に鉄製の金具が打たれていた。公的には「マルシュシュティーフェル(行軍ブーツ)」(Marschstiefel)と呼称されたが、俗に「クノーベルベッヒャー(サイコロ壺)」(Knobelbecher)とも呼ばれた。

行軍ブーツは上等な黒染の牛革で製造されたジャックブーツで、ふくらはぎの部分の丈は35センチから41センチだった。1939年11月9日の通達で35センチから29センチに短縮された。この規定が実際に効力を持ったのは1940年春からである。革の節約のために短めにされたものだった。

二重の靴底に35個から45個のスパイク(鋲)で補強されている。しかしこのスパイクは東部戦線で断熱効果を発揮し兵士たちの足を凍えさせ、凍傷の原因になったとされる。",ドイツの軍用ブーツの俗称は何ですか。,「クノーベルベッヒャー(サイコロ壺)」(Knobelbecher),Multiple sentence reasoning
17609,110,軍服(ドイツ国防軍陸軍),"ベルトは将校か下士官兵士で大きく分かれる。下士官兵士は長方形バックルの付いた黒いベルト、将校はオープン・フレームのバックルの茶色ベルトを用いることが多かった。将校の茶色ベルトはサイズ調整用の穴が2列に開けられている。対して下士官兵士のベルトはベルトの一端にバックルに引っ掛けるフックが付いていた。

下士官兵士用のベルトのバックルにはプロイセン時代からの格言「神は我らと共に(GottMitUns)」という文字が鷲の周りを取り囲むように刻まれている。一方将校にも礼装用やアフリカ軍団使用のベルトに丸型バックルの付いた物があったが、このバックルには文字は刻まれておらず、かわりに鷲の周りを柏葉が取り囲んでいるデザインになっていた。SSでは将校の丸型ベルトにも下士官兵士の四角いバックルにも「忠誠こそ我が名誉」という文字が刻まれており、ヒトラー個人への忠誠を陸軍よりも強く打ち出していた。

初期のベルトには右肩から斜革がたすき状に付けられていたが、これは1940年から使用されなくなった。",下士官兵士が使ったベルトは黒いベルトでしたか、茶色ベルトでしたか。,黒いベルト,Logical reasoning
17610,110,軍服(ドイツ国防軍陸軍),"ベルトは将校か下士官兵士で大きく分かれる。下士官兵士は長方形バックルの付いた黒いベルト、将校はオープン・フレームのバックルの茶色ベルトを用いることが多かった。将校の茶色ベルトはサイズ調整用の穴が2列に開けられている。対して下士官兵士のベルトはベルトの一端にバックルに引っ掛けるフックが付いていた。

下士官兵士用のベルトのバックルにはプロイセン時代からの格言「神は我らと共に(GottMitUns)」という文字が鷲の周りを取り囲むように刻まれている。一方将校にも礼装用やアフリカ軍団使用のベルトに丸型バックルの付いた物があったが、このバックルには文字は刻まれておらず、かわりに鷲の周りを柏葉が取り囲んでいるデザインになっていた。SSでは将校の丸型ベルトにも下士官兵士の四角いバックルにも「忠誠こそ我が名誉」という文字が刻まれており、ヒトラー個人への忠誠を陸軍よりも強く打ち出していた。

初期のベルトには右肩から斜革がたすき状に付けられていたが、これは1940年から使用されなくなった。",下士官兵士用のベルトのバックルには何という文字が刻まれているか。,「神は我らと共に(GottMitUns)」,Syntactic variation
17611,111,軍服(ドイツ国防軍陸軍),"第二次大戦時には戦争での毒ガス使用はジュネーヴ議定書によって禁じられていたが、連合軍がいつ使用してくるか分からなかったため、ドイツ軍兵士たちはガスマスクの支給を受けて常時携帯していた。結局この大戦で毒ガスが使用されることはなく、ガスマスクが耐ガス防具として使用されることはなかった。しかしながら耐ガス以外の目的でガスマスクが着用された例はあった。シールドがない初期型のパンツァーシュレックの耐火防護マスクとしての使用、東部戦線での防寒マスクとしての使用などである。

ガスマスクには1930年型と1938年型の2種類があり、いずれもキャニスターをマスクに取り付ける直結式であった。ガスマスクとして以外の使用の場合はキャニスターは外して使用する。

ガスマスクを携行するためのコンテナも一緒に支給された。これは鉄製の筒のような形状であった。ガスマスクとコンテナあわせて重量は2キロほどであった。野戦装備を携行する際には、まずガスマスクコンテナを身に付け、その上からY字サスペンダーを装着するよう定められていた。また毒ガスが空中散布された場合に備えてガスケープも支給されていた。ガスケープは専用の袋の中に収納し、その袋はコンテナに巻き付けるかコンテナのストラップに取り付けて携帯した。",第二次大戦のとき、毒ガス使用は何によって禁じられていたか。,ジュネーヴ議定書,Syntactic variation
17612,111,軍服(ドイツ国防軍陸軍),"第二次大戦時には戦争での毒ガス使用はジュネーヴ議定書によって禁じられていたが、連合軍がいつ使用してくるか分からなかったため、ドイツ軍兵士たちはガスマスクの支給を受けて常時携帯していた。結局この大戦で毒ガスが使用されることはなく、ガスマスクが耐ガス防具として使用されることはなかった。しかしながら耐ガス以外の目的でガスマスクが着用された例はあった。シールドがない初期型のパンツァーシュレックの耐火防護マスクとしての使用、東部戦線での防寒マスクとしての使用などである。

ガスマスクには1930年型と1938年型の2種類があり、いずれもキャニスターをマスクに取り付ける直結式であった。ガスマスクとして以外の使用の場合はキャニスターは外して使用する。

ガスマスクを携行するためのコンテナも一緒に支給された。これは鉄製の筒のような形状であった。ガスマスクとコンテナあわせて重量は2キロほどであった。野戦装備を携行する際には、まずガスマスクコンテナを身に付け、その上からY字サスペンダーを装着するよう定められていた。また毒ガスが空中散布された場合に備えてガスケープも支給されていた。ガスケープは専用の袋の中に収納し、その袋はコンテナに巻き付けるかコンテナのストラップに取り付けて携帯した。",ガスマスクには何種類ありますか。,2種類,Syntactic variation
17613,112,軍服(ドイツ国防軍陸軍),"ツェルトバーン(Zeltbahn)とは迷彩柄のテントである。南米の古来からの衣服の名前を取ってポンチョと呼ばれることもある。1931年に制定された。二等辺三角形の防水布でできており、頂点は折り返され、周辺にボタンとボタン穴が設けられている。また中央部に雨具として使う際に頭を通すためのスリットがある。頭部を保護するためのフードは無い。通常は雨具として利用したり、ツェルトバーンを何枚か合わせてテントを作るためのものである。ツェルトバーンをテントにするためのピンとポールは布製のケースに入れてリュックサックかAフレーム・バッグに入れて携帯した。迷彩ははじめスプリンター・パターンと呼ばれる直線的な迷彩が多かったが、後にウォーターパターンと呼ばれるぼかしタイプの迷彩が増えた。

ツェルトバーンはテント以外にも様々に利用された。代表的な使い方が迷彩服としての使用である。陸軍の迷彩の使用はこのツェルトバーンやシュタールヘルムの迷彩カバー、スナイパーと装甲擲弾兵に使用された迷彩スモック、一部の防寒着などに限られており、迷彩服の一般的な支給はされなかった。そのため陸軍兵士で迷彩服が欲しい者はツェルトバーンを迷彩服の代わりとして使用したのである。それ以外には負傷者の搬送に使われたり、ツェルトバーン数枚を使ってワラなどを包み、浮力を得て渡河用の橋に利用したなどの例もある。",ツェルトバーン(Zeltbahn)は何年に制定された?,1931年,Multiple sentence reasoning
17614,113,軍服(ドイツ国防軍陸軍),"ハーケンクロイツの上に留まる鷲の紋章(Adler)はナチス・ドイツの国章である。軍服の右胸や軍帽のトップにこれが貼り付けられていた。鷲章は国軍時代、いまだパウル・フォン・ヒンデンブルク大統領が最高司令官だった頃の1934年2月25日に付けるよう命じられたものである。

陸軍において右胸鷲章は、ダークグリーンの台布の上にレーヨン糸で刺繍されていた。兵士・下士官は白やグレーの糸で、大佐以下の将校は銀モールで、将官たる将校は金モールで刺繍されていた。しかしやがて支給軍服の台布はダークグリーンではなく、服と同じフィールドグレーになっていった。また刺繍ではなく染めつけただけの物も増え、1944年からは鷲の形に切り取る労力が惜しまれて三角形の台布になった。

軍帽の鷲章も基本的には右胸鷲章と同様である。しかし制帽の鷲章だけは金属製であった。ただ制帽のところで前述したが、将校は制帽をオーダーメイドしていたので個人差があり、台布に鷲を刺繍している将校制帽も多く見られる。",ハーケンクロイツの上に留まる鷲の紋章(Adler)はどこの国章ですか。,ナチス・ドイツ,Syntactic variation
17615,113,軍服(ドイツ国防軍陸軍),"ハーケンクロイツの上に留まる鷲の紋章(Adler)はナチス・ドイツの国章である。軍服の右胸や軍帽のトップにこれが貼り付けられていた。鷲章は国軍時代、いまだパウル・フォン・ヒンデンブルク大統領が最高司令官だった頃の1934年2月25日に付けるよう命じられたものである。

陸軍において右胸鷲章は、ダークグリーンの台布の上にレーヨン糸で刺繍されていた。兵士・下士官は白やグレーの糸で、大佐以下の将校は銀モールで、将官たる将校は金モールで刺繍されていた。しかしやがて支給軍服の台布はダークグリーンではなく、服と同じフィールドグレーになっていった。また刺繍ではなく染めつけただけの物も増え、1944年からは鷲の形に切り取る労力が惜しまれて三角形の台布になった。

軍帽の鷲章も基本的には右胸鷲章と同様である。しかし制帽の鷲章だけは金属製であった。ただ制帽のところで前述したが、将校は制帽をオーダーメイドしていたので個人差があり、台布に鷲を刺繍している将校制帽も多く見られる。",鷲章をつけるようと命令があったのはいつでしたか。,1934年2月25日,Syntactic variation
17616,114,軍服(ドイツ国防軍陸軍),"ドイツ陸軍において襟章(Kragenspiegel)は上級将校(将官)、中級・下級将校(大佐から少尉)、下士官、兵という4段階の大雑把な区別で示された。細かい階級は肩章によって示され、これは親衛隊とは異なる(一般親衛隊は肩章で将官、佐官、尉官、下士官、兵という5段階の大雑把な区分で、襟章で細かい階級を示した。ただし武装親衛隊では陸軍の肩章が用いられたので肩章でも細かい階級が分かり二重表示になっていた)。

将官の襟章は赤地の上に金モールでラーリシュ・シュティッケライと呼ばれるデザインが配われている。アラベスクとも呼ばれるこのデザインはもともとプロイセン陸軍の制服の飾りで使用されていた物であり、1900年からプロイセン軍将官の襟章として用いられるようになったものである。一部のコレクターの間ではその形から「エビフライ」と俗称されている。元来、将官と元帥は同じラリシュ・シュティッケライを用いたが、1941年4月3日から元帥用にラーリシュ・シュティッケライを長くした独自の襟章が制定された。",ドイツ陸軍において襟章は、大きくいくつの段階に区別されていましたか。,4段階,Lexical variation (synonymy)
17617,115,雨氷,"雨氷(うひょう)は、0°C以下でも凍っていない過冷却状態の雨(着氷性の雨)が、地面や木などの物体に付着することをきっかけに凍って形成される硬く透明な氷のこと。着氷現象の一種でもある。

水はふつう凝固点である0°Cを下回ると凝固(凍結)し氷となる。しかし、ある条件下では0°C以下であっても凍結しないで液体のままを保つことがある。水を構成する分子が非常に安定しているときに起こるもので、これを過冷却状態という。自然界では、雲や霧を構成する水滴のように3-数百μmの大きさでは−20°C程度まで、雨粒のように数百μm-数mmの大きさでは−4°C程度まで、過冷却のものが存在することが知られている。

雨粒がこのような過冷却状態にある雨を着氷性の雨という。なお、直径0.5mm以下の雨粒からなる雨を霧雨というが、同様に過冷却状態にある霧雨を着氷性の霧雨という。本項目ではこれ以降、特に注記がない場合は「着氷性の雨」には霧雨も含めることとする。過冷却状態の水に衝撃を与えると急速に凍結を始めて氷となるが、着氷性の雨も同様に樹木、地面、電線などの(0°C以下に冷えている)物体に触れた衝撃で凍結する。このようにしてできる付着氷が雨氷である。なお、雨よりも小さな水滴でできている霧の場合にも起こりうる。過冷却状態にある霧を着氷性の霧という。着氷性の霧は、後述のように風速や気温などの条件次第で付着の様子が変わるため、雨氷に限らず、粗氷、樹氷にもなる。",水を構成する分子が非常に安定しているとき、0°C以下であっても凍結しないで液体のままを保つ現象をどう呼びますか?,過冷却状態,Syntactic variation
17618,115,雨氷,"雨氷(うひょう)は、0°C以下でも凍っていない過冷却状態の雨(着氷性の雨)が、地面や木などの物体に付着することをきっかけに凍って形成される硬く透明な氷のこと。着氷現象の一種でもある。

水はふつう凝固点である0°Cを下回ると凝固(凍結)し氷となる。しかし、ある条件下では0°C以下であっても凍結しないで液体のままを保つことがある。水を構成する分子が非常に安定しているときに起こるもので、これを過冷却状態という。自然界では、雲や霧を構成する水滴のように3-数百μmの大きさでは−20°C程度まで、雨粒のように数百μm-数mmの大きさでは−4°C程度まで、過冷却のものが存在することが知られている。

雨粒がこのような過冷却状態にある雨を着氷性の雨という。なお、直径0.5mm以下の雨粒からなる雨を霧雨というが、同様に過冷却状態にある霧雨を着氷性の霧雨という。本項目ではこれ以降、特に注記がない場合は「着氷性の雨」には霧雨も含めることとする。過冷却状態の水に衝撃を与えると急速に凍結を始めて氷となるが、着氷性の雨も同様に樹木、地面、電線などの(0°C以下に冷えている)物体に触れた衝撃で凍結する。このようにしてできる付着氷が雨氷である。なお、雨よりも小さな水滴でできている霧の場合にも起こりうる。過冷却状態にある霧を着氷性の霧という。着氷性の霧は、後述のように風速や気温などの条件次第で付着の様子が変わるため、雨氷に限らず、粗氷、樹氷にもなる。",着氷性の雨が物体に衝突したら凍っちゃう原因は何ですか?,衝撃,Lexical variation (world knowledge)
17619,115,雨氷,"雨氷(うひょう)は、0°C以下でも凍っていない過冷却状態の雨(着氷性の雨)が、地面や木などの物体に付着することをきっかけに凍って形成される硬く透明な氷のこと。着氷現象の一種でもある。

水はふつう凝固点である0°Cを下回ると凝固(凍結)し氷となる。しかし、ある条件下では0°C以下であっても凍結しないで液体のままを保つことがある。水を構成する分子が非常に安定しているときに起こるもので、これを過冷却状態という。自然界では、雲や霧を構成する水滴のように3-数百μmの大きさでは−20°C程度まで、雨粒のように数百μm-数mmの大きさでは−4°C程度まで、過冷却のものが存在することが知られている。

雨粒がこのような過冷却状態にある雨を着氷性の雨という。なお、直径0.5mm以下の雨粒からなる雨を霧雨というが、同様に過冷却状態にある霧雨を着氷性の霧雨という。本項目ではこれ以降、特に注記がない場合は「着氷性の雨」には霧雨も含めることとする。過冷却状態の水に衝撃を与えると急速に凍結を始めて氷となるが、着氷性の雨も同様に樹木、地面、電線などの(0°C以下に冷えている)物体に触れた衝撃で凍結する。このようにしてできる付着氷が雨氷である。なお、雨よりも小さな水滴でできている霧の場合にも起こりうる。過冷却状態にある霧を着氷性の霧という。着氷性の霧は、後述のように風速や気温などの条件次第で付着の様子が変わるため、雨氷に限らず、粗氷、樹氷にもなる。",着氷性雨が通常の雨と異なる点は何ですか?,過冷却状態,Lexical variation (world knowledge)
17620,116,雨氷,"1873年の国際会議で決定された気象用語では、ほぼ透明な付着氷が「glazedfrost」、白色で脆いものは「silverthaw」であった。日本では前者を「樹氷」に後者を「凝霜」と訳す予定であったが、1877年に内務省地理局が英語から気象用語を翻訳する際、2つの英文が入れ替わったため、「glazedfrost」は「凝霜」に「silverthaw」は「樹氷」と訳された。後に霜と混同して誤解を生むとされたことから、中国語の「霧淞」をより平易にした「雨氷」が1915年(大正4年)から使用されるようになった。

英語では「上ぐすり(釉薬)」の意味があるglaze、glazeiceを雨氷を意味する語として用いる。また、航空の分野では航空機に付着する雨氷を特にcleariceと呼ぶことがある。また、着氷性の雨、霧雨、霧はそれぞれFreezingrain、Freezingdrizzle、Freezingfogという。",もともと「glazedfrost」は和訳でどんな名前だった?,「樹氷」,Lexical variation (synonymy)
17621,116,雨氷,"1873年の国際会議で決定された気象用語では、ほぼ透明な付着氷が「glazedfrost」、白色で脆いものは「silverthaw」であった。日本では前者を「樹氷」に後者を「凝霜」と訳す予定であったが、1877年に内務省地理局が英語から気象用語を翻訳する際、2つの英文が入れ替わったため、「glazedfrost」は「凝霜」に「silverthaw」は「樹氷」と訳された。後に霜と混同して誤解を生むとされたことから、中国語の「霧淞」をより平易にした「雨氷」が1915年(大正4年)から使用されるようになった。

英語では「上ぐすり(釉薬)」の意味があるglaze、glazeiceを雨氷を意味する語として用いる。また、航空の分野では航空機に付着する雨氷を特にcleariceと呼ぶことがある。また、着氷性の雨、霧雨、霧はそれぞれFreezingrain、Freezingdrizzle、Freezingfogという。",1877年に「silverthaw」に間違いでつけられた和訳は何ですか?,「樹氷」,Lexical variation (synonymy)
17622,116,雨氷,"1873年の国際会議で決定された気象用語では、ほぼ透明な付着氷が「glazedfrost」、白色で脆いものは「silverthaw」であった。日本では前者を「樹氷」に後者を「凝霜」と訳す予定であったが、1877年に内務省地理局が英語から気象用語を翻訳する際、2つの英文が入れ替わったため、「glazedfrost」は「凝霜」に「silverthaw」は「樹氷」と訳された。後に霜と混同して誤解を生むとされたことから、中国語の「霧淞」をより平易にした「雨氷」が1915年(大正4年)から使用されるようになった。

英語では「上ぐすり(釉薬)」の意味があるglaze、glazeiceを雨氷を意味する語として用いる。また、航空の分野では航空機に付着する雨氷を特にcleariceと呼ぶことがある。また、着氷性の雨、霧雨、霧はそれぞれFreezingrain、Freezingdrizzle、Freezingfogという。",今使われている雨氷の名称はどの国から由来したものですか?,中国,Lexical variation (world knowledge)
17623,117,雨氷,"雨氷は、物体表面に硬く滑らかで透明な氷の層を作る。同じ着氷現象の1種である樹氷や粗氷とは、色や性質により区別されている。樹氷は白色不透明、粗氷は半透明なのに対して、雨氷は透明である。また樹氷より粗氷の方が固いがどちらも手で触れば崩れる程度の硬さであるのに対して、雨氷は固く手で触った程度では崩れない。色や脆さの違いは、気泡の含有率に起因している。樹氷は小さな気泡をたくさん含むため白色で脆く、粗氷は樹氷よりは固いがそれでも気泡を多く含むため半透明を呈する。一方の雨氷は気泡の含有率が低いため透明であり、氷が形成されるとき水滴同士が融合しあうので表面が滑らかになる。雨氷の密度は約0.9であり、純粋な氷とほぼ同じである。

なお、0°Cを僅かに超えた雨粒が0°C以下に冷えた物体に付着しても透明な氷ができ、雨氷と混同される場合がある。また、積雪が融解したあと再び凍結するなどして透明な氷ができることもある。これらは雨氷ではない。なお、再凍結によりできるもののうち、例えば細く地面に向かって垂れ下がるものは氷柱、反対に空に向かって伸びるものは氷筍という。",雨氷が他の着氷現象より硬い理由は何が高いためですか?,密度,Logical reasoning
17624,117,雨氷,"雨氷は、物体表面に硬く滑らかで透明な氷の層を作る。同じ着氷現象の1種である樹氷や粗氷とは、色や性質により区別されている。樹氷は白色不透明、粗氷は半透明なのに対して、雨氷は透明である。また樹氷より粗氷の方が固いがどちらも手で触れば崩れる程度の硬さであるのに対して、雨氷は固く手で触った程度では崩れない。色や脆さの違いは、気泡の含有率に起因している。樹氷は小さな気泡をたくさん含むため白色で脆く、粗氷は樹氷よりは固いがそれでも気泡を多く含むため半透明を呈する。一方の雨氷は気泡の含有率が低いため透明であり、氷が形成されるとき水滴同士が融合しあうので表面が滑らかになる。雨氷の密度は約0.9であり、純粋な氷とほぼ同じである。

なお、0°Cを僅かに超えた雨粒が0°C以下に冷えた物体に付着しても透明な氷ができ、雨氷と混同される場合がある。また、積雪が融解したあと再び凍結するなどして透明な氷ができることもある。これらは雨氷ではない。なお、再凍結によりできるもののうち、例えば細く地面に向かって垂れ下がるものは氷柱、反対に空に向かって伸びるものは氷筍という。",白色不透明の色をもつ着氷現象は?,樹氷,Syntactic variation
17625,117,雨氷,"雨氷は、物体表面に硬く滑らかで透明な氷の層を作る。同じ着氷現象の1種である樹氷や粗氷とは、色や性質により区別されている。樹氷は白色不透明、粗氷は半透明なのに対して、雨氷は透明である。また樹氷より粗氷の方が固いがどちらも手で触れば崩れる程度の硬さであるのに対して、雨氷は固く手で触った程度では崩れない。色や脆さの違いは、気泡の含有率に起因している。樹氷は小さな気泡をたくさん含むため白色で脆く、粗氷は樹氷よりは固いがそれでも気泡を多く含むため半透明を呈する。一方の雨氷は気泡の含有率が低いため透明であり、氷が形成されるとき水滴同士が融合しあうので表面が滑らかになる。雨氷の密度は約0.9であり、純粋な氷とほぼ同じである。

なお、0°Cを僅かに超えた雨粒が0°C以下に冷えた物体に付着しても透明な氷ができ、雨氷と混同される場合がある。また、積雪が融解したあと再び凍結するなどして透明な氷ができることもある。これらは雨氷ではない。なお、再凍結によりできるもののうち、例えば細く地面に向かって垂れ下がるものは氷柱、反対に空に向かって伸びるものは氷筍という。",着氷現象同士で色や脆さの違いが起こる要因は何ですか?,気泡の含有率,Syntactic variation
17626,118,雨氷,"着氷性の雨が発生する条件として、地上気温は0°Cからマイナス数°Cの狭い範囲に限られ、後述のように上空に適度な厚みの逆転層が存在することが必要である。ごくありふれた現象である雨や雪と比べて、雨氷は目にする機会が少なく、発生頻度も低いため、珍しい気象現象とされている。

低地の平野部よりも、地形に起伏のある山地などのほうが発生しやすい。これは起伏により逆転層が形成されやすくなることなどが原因である。

雨氷が物体に大量に付着すると、樹木の枝が重くなりって折れ曲がったり、地面に氷の層を作って人の転倒や車両のスリップを引き起こすなど、被害を発生させることがある。一方、樹木などに付着した雨氷が美しい風景を作り出すという側面もある。着氷性の雨や霧は上空でも生じるが、これにより雨氷が航空機の翼などに付着して運行に重大な支障を引き起こす例がある。",山地と平野の中では雨氷が多いのはどっち?,山地,Lexical variation (world knowledge)
17627,119,雨氷,"着氷性の雨の形成には2通りある。1つは雪が融けて生じるもので、上空で生成された雪が落下する間に融ける「融解過程」を経る。融解過程には、上空に逆転層が生じることが必要である。もう1つははじめから過冷却の状態にあるもので、始めから過冷却の水滴として雲の中で水滴が発達し、地上に達するものである。このプロセスは「過冷却の暖かい雨」と呼ばれている。

着氷性の霧の場合、はじめから過冷却の「過冷却の暖かい雨」である。",融解過程を経て着氷性の雨が形成されるために必要なものは何でしょう?,逆転層,Syntactic variation
17628,119,雨氷,"着氷性の雨の形成には2通りある。1つは雪が融けて生じるもので、上空で生成された雪が落下する間に融ける「融解過程」を経る。融解過程には、上空に逆転層が生じることが必要である。もう1つははじめから過冷却の状態にあるもので、始めから過冷却の水滴として雲の中で水滴が発達し、地上に達するものである。このプロセスは「過冷却の暖かい雨」と呼ばれている。

着氷性の霧の場合、はじめから過冷却の「過冷却の暖かい雨」である。",はじめから過冷却の状態で降る雨をどう呼びますか?,「過冷却の暖かい雨」,Syntactic variation
17629,120,雨氷,"通常、大気は上に行くほど気温が下がるが、例えば上空の高さごとに風向が異なり、上下の冷たい空気の層(冷気層)の間に暖かい空気の層(暖気層)が侵入すると、逆転層が発生する。逆転層発生の要因は他にも地形による寒気のブロックなどがある。

上下の冷気層が気温0°C以下、真ん中の暖気層が気温0°C以上のとき、上の冷気層の雲から雪が降ると、暖気層で融解して雨、冷気層で再冷却され着氷性の雨となる。

雪(固体)→加熱による融解→雨(液体)→冷却→着氷性の雨(過冷却の液体)となる。
ただし、前記のような逆転層があっても、必ずしも着氷性の雨にはならない。逆転層があっても、暖気層で雪が完全に融けないで雪となる場合もあれば、冷気層で凍結してしまい氷の粒が降る凍雨として観測される場合もあるからである。実際、着氷性の雨より凍雨の方が遥かに発生頻度は高い。

具体的に暖気層の厚さが何百mないし、気温が何°Cというようなデータはいくつか報告されているが、事例によりまちまちで定性的ではない。",逆転層を経ても着氷性の雨にならなかった場合水滴はどんな形で観測されますか?,凍雨,Syntactic variation
17630,120,雨氷,"通常、大気は上に行くほど気温が下がるが、例えば上空の高さごとに風向が異なり、上下の冷たい空気の層(冷気層)の間に暖かい空気の層(暖気層)が侵入すると、逆転層が発生する。逆転層発生の要因は他にも地形による寒気のブロックなどがある。

上下の冷気層が気温0°C以下、真ん中の暖気層が気温0°C以上のとき、上の冷気層の雲から雪が降ると、暖気層で融解して雨、冷気層で再冷却され着氷性の雨となる。

雪(固体)→加熱による融解→雨(液体)→冷却→着氷性の雨(過冷却の液体)となる。
ただし、前記のような逆転層があっても、必ずしも着氷性の雨にはならない。逆転層があっても、暖気層で雪が完全に融けないで雪となる場合もあれば、冷気層で凍結してしまい氷の粒が降る凍雨として観測される場合もあるからである。実際、着氷性の雨より凍雨の方が遥かに発生頻度は高い。

具体的に暖気層の厚さが何百mないし、気温が何°Cというようなデータはいくつか報告されているが、事例によりまちまちで定性的ではない。",凍雨と着氷性の雨でもっと多く観測されるのはどっちですか?,凍雨,Lexical variation (world knowledge)
17631,121,雨氷,着氷性の霧は条件により、雨氷・樹氷・粗氷になる。3者の違いは気泡の含有率にあることは概要の節で述べたが、これと相関性が高いのは付着成長していくときの気温と風速である。気温が高いほど、また風速が速いほど、気泡が少ない傾向にある。ある研究によれば気温−2°C以上では風速に関係なくほとんどが雨氷になり、気温−2°Cから−4°Cの間では風速により雨氷と粗氷に分かれ、気温−4°C以下ではほとんど雨氷は発生しない。,着氷性の霧の気泡の含有率に影響を与える要因は気温以外に何があるか?,風速,Syntactic variation
17632,121,雨氷,着氷性の霧は条件により、雨氷・樹氷・粗氷になる。3者の違いは気泡の含有率にあることは概要の節で述べたが、これと相関性が高いのは付着成長していくときの気温と風速である。気温が高いほど、また風速が速いほど、気泡が少ない傾向にある。ある研究によれば気温−2°C以上では風速に関係なくほとんどが雨氷になり、気温−2°Cから−4°Cの間では風速により雨氷と粗氷に分かれ、気温−4°C以下ではほとんど雨氷は発生しない。,風速に関係なくほとんどが雨氷になるために越えなきゃならない気温は?,−2°C,Lexical variation (synonymy)
17633,122,雨氷,"着氷性の雨や霧が物体に付着してから完全に凍結するまでには、多少の時間がかかる。この時間は、凍結に伴う潜熱放出による加熱、蒸発に伴う潜熱吸収による冷却などの熱のバランスに左右され、湿度・気温・風速などに相関性がある。凍結速度が遅いと、枝の表面などでは水の部分は重力により落下していくほか、氷の表面は濡れた状態である。

着氷性の雨(過冷却の液体)→物体表面に付着→冷却による凍結→雨氷(固体)となる。
なお、雨氷の凍結を決定する熱的な収支バランスは、顕熱フラックスQs、潜熱フラックスQl、雨氷の凍結に必要な熱量Qfの3つの和により表され、木の枝など円柱表面における算出式は以下のようになる。この値が負で値が大きいほど、凍結は速いと考えられる。

Qs=-πhaΔT(W/m2)とは(haは大気の熱交換係数(W/(m2・°C))、ΔTは大気と雨氷表面の温度差(°C))である。
Ql=-πLehvΔρv(W/m2)とは(Leは水の蒸発潜熱(J/kg)、hvは水蒸気の交換係数(m/s)、Δρvは水蒸気密度の差(kg/m3))である。
Qf=Lfwとは(Lfは水の凍結潜熱(J/kg)、wは降水フラックス(kg/(m2・s))である。
気温と物体表面の温度が低いなどの条件が整うと、着氷性の雨は物体に付着してすぐに凍結し、次々と積もって厚い氷として成長していく。屋根や壁のような平面の物体では低い方へ広がりながら凍結していく。電線や木の枝のように細長い物体ではそれを取り巻くように凍結する。時には氷柱)のように滴りながら成長したり、風のある場合は風上や風下に偏って成長したりする。地面に積もる量としては、極度に激しい雨氷の場合、最大でおよそ4–6インチ(10–15cm)程度の厚さになった記録がある。",雨氷の表面が濡れた状態となるのはどの要因と関係がありますか?,凍結速度,Syntactic variation
17634,122,雨氷,"着氷性の雨や霧が物体に付着してから完全に凍結するまでには、多少の時間がかかる。この時間は、凍結に伴う潜熱放出による加熱、蒸発に伴う潜熱吸収による冷却などの熱のバランスに左右され、湿度・気温・風速などに相関性がある。凍結速度が遅いと、枝の表面などでは水の部分は重力により落下していくほか、氷の表面は濡れた状態である。

着氷性の雨(過冷却の液体)→物体表面に付着→冷却による凍結→雨氷(固体)となる。
なお、雨氷の凍結を決定する熱的な収支バランスは、顕熱フラックスQs、潜熱フラックスQl、雨氷の凍結に必要な熱量Qfの3つの和により表され、木の枝など円柱表面における算出式は以下のようになる。この値が負で値が大きいほど、凍結は速いと考えられる。

Qs=-πhaΔT(W/m2)とは(haは大気の熱交換係数(W/(m2・°C))、ΔTは大気と雨氷表面の温度差(°C))である。
Ql=-πLehvΔρv(W/m2)とは(Leは水の蒸発潜熱(J/kg)、hvは水蒸気の交換係数(m/s)、Δρvは水蒸気密度の差(kg/m3))である。
Qf=Lfwとは(Lfは水の凍結潜熱(J/kg)、wは降水フラックス(kg/(m2・s))である。
気温と物体表面の温度が低いなどの条件が整うと、着氷性の雨は物体に付着してすぐに凍結し、次々と積もって厚い氷として成長していく。屋根や壁のような平面の物体では低い方へ広がりながら凍結していく。電線や木の枝のように細長い物体ではそれを取り巻くように凍結する。時には氷柱)のように滴りながら成長したり、風のある場合は風上や風下に偏って成長したりする。地面に積もる量としては、極度に激しい雨氷の場合、最大でおよそ4–6インチ(10–15cm)程度の厚さになった記録がある。",低い方へ広がりながら凍結するのはどういうところに着氷する場合ですか?,平面の物体,Syntactic variation
17635,122,雨氷,"着氷性の雨や霧が物体に付着してから完全に凍結するまでには、多少の時間がかかる。この時間は、凍結に伴う潜熱放出による加熱、蒸発に伴う潜熱吸収による冷却などの熱のバランスに左右され、湿度・気温・風速などに相関性がある。凍結速度が遅いと、枝の表面などでは水の部分は重力により落下していくほか、氷の表面は濡れた状態である。

着氷性の雨(過冷却の液体)→物体表面に付着→冷却による凍結→雨氷(固体)となる。
なお、雨氷の凍結を決定する熱的な収支バランスは、顕熱フラックスQs、潜熱フラックスQl、雨氷の凍結に必要な熱量Qfの3つの和により表され、木の枝など円柱表面における算出式は以下のようになる。この値が負で値が大きいほど、凍結は速いと考えられる。

Qs=-πhaΔT(W/m2)とは(haは大気の熱交換係数(W/(m2・°C))、ΔTは大気と雨氷表面の温度差(°C))である。
Ql=-πLehvΔρv(W/m2)とは(Leは水の蒸発潜熱(J/kg)、hvは水蒸気の交換係数(m/s)、Δρvは水蒸気密度の差(kg/m3))である。
Qf=Lfwとは(Lfは水の凍結潜熱(J/kg)、wは降水フラックス(kg/(m2・s))である。
気温と物体表面の温度が低いなどの条件が整うと、着氷性の雨は物体に付着してすぐに凍結し、次々と積もって厚い氷として成長していく。屋根や壁のような平面の物体では低い方へ広がりながら凍結していく。電線や木の枝のように細長い物体ではそれを取り巻くように凍結する。時には氷柱)のように滴りながら成長したり、風のある場合は風上や風下に偏って成長したりする。地面に積もる量としては、極度に激しい雨氷の場合、最大でおよそ4–6インチ(10–15cm)程度の厚さになった記録がある。",顕熱フラックスQs、潜熱フラックスQl、雨氷の凍結に必要な熱量Qfの総和が小さいほど凍結のスピードはどうなりますか?,速い,Logical reasoning
17636,123,雨氷,"総観スケールの気象は地域により差異があるため一概には言えないが、いくつかの例を挙げる。

日本においては主に2つの様式が多い。1つは海に面した平野部で、下層に北寄りの風による寒気の移流、中層に南寄りの風による暖気の移流があって、そこに逆転層が生じる様式である。もう1つは内陸の盆地で、弱風下で下層の盆地内に寒気が滞留していて(「冷気湖」という)、中層に南寄りの風による暖気の移流があって、そこに逆転層ができる様式である。天気図で見ると、大局的には日本海と本州南岸の2つの低気圧が並んで東進する「二つ玉低気圧」の時に起こる場合が多い。また着氷性の雨の分布は、低気圧の東側にある温暖前線の寒気側から低気圧の周囲付近にかけての細長い地域となる場合が多い。

アメリカではいくつかの様式がある。前線を伴った低気圧の北側(温暖前線や停滞前線の寒気側)で発生する様式、大陸に張り出す高気圧の辺縁部(寒冷前線の寒気側)で発生する様式、大陸を東進する低気圧と東海岸の高気圧との間で発生する様式、アパラチア山脈による寒気のせき止めにより発生する様式である。",日本で海に面した平野部で逆転層が生じる過程で寒気の移流はどの方向からですか?,北,Lexical variation (world knowledge)
17637,123,雨氷,"総観スケールの気象は地域により差異があるため一概には言えないが、いくつかの例を挙げる。

日本においては主に2つの様式が多い。1つは海に面した平野部で、下層に北寄りの風による寒気の移流、中層に南寄りの風による暖気の移流があって、そこに逆転層が生じる様式である。もう1つは内陸の盆地で、弱風下で下層の盆地内に寒気が滞留していて(「冷気湖」という)、中層に南寄りの風による暖気の移流があって、そこに逆転層ができる様式である。天気図で見ると、大局的には日本海と本州南岸の2つの低気圧が並んで東進する「二つ玉低気圧」の時に起こる場合が多い。また着氷性の雨の分布は、低気圧の東側にある温暖前線の寒気側から低気圧の周囲付近にかけての細長い地域となる場合が多い。

アメリカではいくつかの様式がある。前線を伴った低気圧の北側(温暖前線や停滞前線の寒気側)で発生する様式、大陸に張り出す高気圧の辺縁部(寒冷前線の寒気側)で発生する様式、大陸を東進する低気圧と東海岸の高気圧との間で発生する様式、アパラチア山脈による寒気のせき止めにより発生する様式である。",日本で逆転層が作られるとき暖かい風は普通どっから吹くの?,南,Multiple sentence reasoning
17638,123,雨氷,"総観スケールの気象は地域により差異があるため一概には言えないが、いくつかの例を挙げる。

日本においては主に2つの様式が多い。1つは海に面した平野部で、下層に北寄りの風による寒気の移流、中層に南寄りの風による暖気の移流があって、そこに逆転層が生じる様式である。もう1つは内陸の盆地で、弱風下で下層の盆地内に寒気が滞留していて(「冷気湖」という)、中層に南寄りの風による暖気の移流があって、そこに逆転層ができる様式である。天気図で見ると、大局的には日本海と本州南岸の2つの低気圧が並んで東進する「二つ玉低気圧」の時に起こる場合が多い。また着氷性の雨の分布は、低気圧の東側にある温暖前線の寒気側から低気圧の周囲付近にかけての細長い地域となる場合が多い。

アメリカではいくつかの様式がある。前線を伴った低気圧の北側(温暖前線や停滞前線の寒気側)で発生する様式、大陸に張り出す高気圧の辺縁部(寒冷前線の寒気側)で発生する様式、大陸を東進する低気圧と東海岸の高気圧との間で発生する様式、アパラチア山脈による寒気のせき止めにより発生する様式である。",アメリカと日本で逆転層が生じる様式はどっちが多いですか?,アメリカ,Logical reasoning
17639,124,雨氷,"山地など起伏のある地形の場所では、斜面を空気が上昇すると空気かかき混ぜられて逆転層ができ、雨氷が発生することがある。一般的に、標高が高いほど雨氷が発生しやすい。例えば日本で雨氷被害の多い長野県では、雨氷の発生日数が標高に対応して分布するという報告がある。ただし、ある程度の高さを超えると逆に発生しにくくなることがある。これは逆転層のできやすい高さがあり、標高が高くなると逆に暖気層に覆われることが多くなるためとみられている。また、山の斜面沿いでは一時的に狭い範囲で逆転層が発生し、山の斜面のある高さの付近あるいは片側だけ、雨氷が発生した例もある。

一般的に起伏のある地形では樹氷や粗氷も発生しやすいが、例年のように樹氷が現れる場所で同様に雨氷が見られるかと言えばそうではない。雨氷は条件が非常に限定的なため、限られた狭い地域で偶発的に発生し、年々変動が大きい。",雨氷が発生しやすくなる地形的要因は何ですか?,標高,Syntactic variation
17640,125,雨氷,"広域的には、アメリカ、カナダ、ヨーロッパ、中国、日本など各地で発生例が報告されている。特にアメリカとカナダにまたがるセントローレンス川沿岸ではよく発生することが知られている。セントローレンス川沿岸に位置するモントリオールでは、年間約12–17回、時間にして年間計約45–65時間という頻度で雨氷が発生する。

アメリカで1948–2000年の着氷性の雨の年間平均発生日数を調べた調査では、最多のアディロンダック山地南部で7日、ミズーリ州からペンシルベニア州までの帯状の地域及びアイオワ州・ミネソタ州西部で5日などとなっている。同様にカナダで1961–1990年の着氷性の雨・霧雨の年間発生日数を調べた調査では、ニューブランズウィック州、ノバスコシア州、ニューファンドランド島東部で年間50日(着氷性の雨に限っても25日)などとなっている。

日本では、長野県で特に多く報告され多いところでは年平均2–3回の発生がある。また、1989–2003年に気象台や測候所のある都市の着氷性の雨・霧雨を調べた調査において、中部から東北にかけての山間部や東北と北海道の太平洋側平野部のいくつかの都市で4–5年に1回程度の発生が報告されているほか、被害をもたらすレベルの雨氷は国内で10年に1件程度という調査がある。

時期については、研究報告のある北半球では、冬季に発生のピークがくる地域が多いが、北極に近く寒冷な地域の中には夏季にピークがくるところもある。",年間約12–17回、時間にして年間計約45–65時間の雨氷が発生する地域はどこですか?,モントリオール,Syntactic variation
17641,125,雨氷,"広域的には、アメリカ、カナダ、ヨーロッパ、中国、日本など各地で発生例が報告されている。特にアメリカとカナダにまたがるセントローレンス川沿岸ではよく発生することが知られている。セントローレンス川沿岸に位置するモントリオールでは、年間約12–17回、時間にして年間計約45–65時間という頻度で雨氷が発生する。

アメリカで1948–2000年の着氷性の雨の年間平均発生日数を調べた調査では、最多のアディロンダック山地南部で7日、ミズーリ州からペンシルベニア州までの帯状の地域及びアイオワ州・ミネソタ州西部で5日などとなっている。同様にカナダで1961–1990年の着氷性の雨・霧雨の年間発生日数を調べた調査では、ニューブランズウィック州、ノバスコシア州、ニューファンドランド島東部で年間50日(着氷性の雨に限っても25日)などとなっている。

日本では、長野県で特に多く報告され多いところでは年平均2–3回の発生がある。また、1989–2003年に気象台や測候所のある都市の着氷性の雨・霧雨を調べた調査において、中部から東北にかけての山間部や東北と北海道の太平洋側平野部のいくつかの都市で4–5年に1回程度の発生が報告されているほか、被害をもたらすレベルの雨氷は国内で10年に1件程度という調査がある。

時期については、研究報告のある北半球では、冬季に発生のピークがくる地域が多いが、北極に近く寒冷な地域の中には夏季にピークがくるところもある。",アメリカで1948–2000年の着氷性の雨の年間平均発生日数調査で最大7日という結果が出たのはどこですか?,アディロンダック山地南部,Syntactic variation
17642,126,雨氷,"アメリカでは、着氷性の雨または着氷性の霧雨によって道路等の凍結で交通状況が悪くなることが予想される場合に「WinterWeatherAdvisory」、雨氷が1/4インチ以上積もることが予想される場合に「IceStormWarning」が、アメリカ海洋大気庁(NOAA)の気象局(NWS)によってそれぞれ発表され、警戒が呼びかけられる。カナダでは、7時間以上着氷性霧雨が降り続くことが予想される場合や大量の着氷性霧雨が降ることが予想される場合は「SpecialWeatherStatement」に付随する注意情報または「FreezingDrizzleWarning」が、1–4時間以上着氷性の雨が降り続くことが予想される場合や2mm以上雨氷が降り積もることが予想される場合は「FreezingRainWarning」が、カナダ環境省の気象局(MSC)によってそれぞれ発表される。

日本では、着氷全般(雨氷以外の霧氷・樹氷・粗氷・樹霜、融雪の再凍結なども対象としている)に注意を呼びかける着氷注意報というものがあり、雨氷の発生が予測される場合に出される注意報・警報等ではこれが最も重い。着氷注意報の発表基準は都道府県や地域によって異なり、(24時間降雪量などが基準になる)大雪警報発表時に気温が−2–2°Cとなる場合(大雪注意報まで含めたり、湿度90%以上という条件を付加したものもある)、大雪注意報発表時に気温が-2°C以上となる場合、著しい着氷が予想される場合、気温0°C付近で並以上の雪が数時間以上降り続くと予想される場合、船への着氷のみを対象に発表する場合等がある。また、着雪注意報という類似の注意報があり、この基準のみを定めて着氷注意報の基準を定めていない所や、両方とも定めていない所もある。",アメリカで「IceStormWarning」が下される基準は雨氷何インチですか?,1/4インチ,Syntactic variation
17643,126,雨氷,"アメリカでは、着氷性の雨または着氷性の霧雨によって道路等の凍結で交通状況が悪くなることが予想される場合に「WinterWeatherAdvisory」、雨氷が1/4インチ以上積もることが予想される場合に「IceStormWarning」が、アメリカ海洋大気庁(NOAA)の気象局(NWS)によってそれぞれ発表され、警戒が呼びかけられる。カナダでは、7時間以上着氷性霧雨が降り続くことが予想される場合や大量の着氷性霧雨が降ることが予想される場合は「SpecialWeatherStatement」に付随する注意情報または「FreezingDrizzleWarning」が、1–4時間以上着氷性の雨が降り続くことが予想される場合や2mm以上雨氷が降り積もることが予想される場合は「FreezingRainWarning」が、カナダ環境省の気象局(MSC)によってそれぞれ発表される。

日本では、着氷全般(雨氷以外の霧氷・樹氷・粗氷・樹霜、融雪の再凍結なども対象としている)に注意を呼びかける着氷注意報というものがあり、雨氷の発生が予測される場合に出される注意報・警報等ではこれが最も重い。着氷注意報の発表基準は都道府県や地域によって異なり、(24時間降雪量などが基準になる)大雪警報発表時に気温が−2–2°Cとなる場合(大雪注意報まで含めたり、湿度90%以上という条件を付加したものもある)、大雪注意報発表時に気温が-2°C以上となる場合、著しい着氷が予想される場合、気温0°C付近で並以上の雪が数時間以上降り続くと予想される場合、船への着氷のみを対象に発表する場合等がある。また、着雪注意報という類似の注意報があり、この基準のみを定めて着氷注意報の基準を定めていない所や、両方とも定めていない所もある。",カナダで5時間以上着氷性の雨が降り続くことが予想される場合に発表されるのは何ですか?,「FreezingRainWarning」,Logical reasoning
17644,126,雨氷,"アメリカでは、着氷性の雨または着氷性の霧雨によって道路等の凍結で交通状況が悪くなることが予想される場合に「WinterWeatherAdvisory」、雨氷が1/4インチ以上積もることが予想される場合に「IceStormWarning」が、アメリカ海洋大気庁(NOAA)の気象局(NWS)によってそれぞれ発表され、警戒が呼びかけられる。カナダでは、7時間以上着氷性霧雨が降り続くことが予想される場合や大量の着氷性霧雨が降ることが予想される場合は「SpecialWeatherStatement」に付随する注意情報または「FreezingDrizzleWarning」が、1–4時間以上着氷性の雨が降り続くことが予想される場合や2mm以上雨氷が降り積もることが予想される場合は「FreezingRainWarning」が、カナダ環境省の気象局(MSC)によってそれぞれ発表される。

日本では、着氷全般(雨氷以外の霧氷・樹氷・粗氷・樹霜、融雪の再凍結なども対象としている)に注意を呼びかける着氷注意報というものがあり、雨氷の発生が予測される場合に出される注意報・警報等ではこれが最も重い。着氷注意報の発表基準は都道府県や地域によって異なり、(24時間降雪量などが基準になる)大雪警報発表時に気温が−2–2°Cとなる場合(大雪注意報まで含めたり、湿度90%以上という条件を付加したものもある)、大雪注意報発表時に気温が-2°C以上となる場合、著しい着氷が予想される場合、気温0°C付近で並以上の雪が数時間以上降り続くと予想される場合、船への着氷のみを対象に発表する場合等がある。また、着雪注意報という類似の注意報があり、この基準のみを定めて着氷注意報の基準を定めていない所や、両方とも定めていない所もある。",日本で雨氷が予測される場合出される注意報でもっとも重いやつはどれ?,着氷注意報,Syntactic variation
17645,127,雨氷,"雨氷ができた後、気温が上昇するなどして氷が融けてしまえば大きな被害は発生しない。しかし、例えばカナダ・アメリカでは、着氷性の雨の約45%が1時間以内、約90%が5時間以内に終わってしまうという研究があり、長時間続くと被害が大きくなる。

雪や霧氷などに比べて雨氷は密度が高く、固い。雨氷による被害の主なものとして、樹木の被害、電力網への被害、交通の支障、人的被害等が挙げられる。北東部を中心に被害が多いアメリカでは、着氷性の雨を伴った天候をアイスストームと言うが、1949年から2000年までの間にアイスストームによる損害額は163億ドル(2000年時点)に上るとされ、同国内の気象災害によるケガの20%がアイスストームによるものだという報告もある。",1949年から2000年までの間の着氷性の雨によるアメリカの被害額はいくらですか?,163億ドル,Lexical variation (synonymy)
17646,127,雨氷,"雨氷ができた後、気温が上昇するなどして氷が融けてしまえば大きな被害は発生しない。しかし、例えばカナダ・アメリカでは、着氷性の雨の約45%が1時間以内、約90%が5時間以内に終わってしまうという研究があり、長時間続くと被害が大きくなる。

雪や霧氷などに比べて雨氷は密度が高く、固い。雨氷による被害の主なものとして、樹木の被害、電力網への被害、交通の支障、人的被害等が挙げられる。北東部を中心に被害が多いアメリカでは、着氷性の雨を伴った天候をアイスストームと言うが、1949年から2000年までの間にアイスストームによる損害額は163億ドル(2000年時点)に上るとされ、同国内の気象災害によるケガの20%がアイスストームによるものだという報告もある。",雨氷をアメリカではどう呼ぶ?,アイスストーム,Syntactic variation
17647,128,雨氷,"雨氷は高山で発生することが多いため、山地で局地的に雨氷が発生し、樹木への被害をもたらす例が多数報告されている。雨氷が樹木にもたらす被害は、枝のみが折れる軽微なものもあるが、傾いたり、大きく曲がったり、地面に倒れこんだり、根ごと倒れたり、途中で折れたりといった深刻なものもあり、林業にとっては大きな打撃となる。

雪が樹木の上部や外部にのみ付着するのに対し、雨氷は樹木の枝葉1つ1つに氷がついて重くなるため、雪の半分程度の降水量で折れ曲がったり倒壊してしまう。ある調査では、樹木に付着する雨氷の重さは、平均で木の総重量の5–16倍に達していたといい、15mの木に総重量4.5トンの雨氷が付着した例もある。日本における事例では、森林に被害を与える気象現象の中で雨氷は珍しい部類ではあるが、北海道、岩手、長野などで詳しい記録がある。なお、雨氷で森林被害が生じても氷が解けるとそれが雨氷が原因であったことがわからないこともあるため、報告されていないものもあると考えられている。北海道のカラマツ人工林で行われた被害調査では、同年齢の樹木の中で太く高いものが被害を受ける事例、逆に細く低いものが被害を受ける事例、また樹勢に関係なく被害を受ける事例があり、樹勢よりも風や付着の仕方などの気象条件の方が雨氷被害との相関性が高いと報告されている。

2016年1月末に長野県中部で発生した雨氷による倒木被害は標高800–1100mの範囲に被害が集中していたが、このように雨氷による倒木被害が一定の標高に集中するのは、標高がより高い場所では雨粒が雪になり、標高がより低い場所の地表付近は気温が高く雨氷現象が起こらなくなるためという見方がある。",2016年長野県中部で発生した雨氷は何月のものですか?,1月,Syntactic variation
17648,128,雨氷,"雨氷は高山で発生することが多いため、山地で局地的に雨氷が発生し、樹木への被害をもたらす例が多数報告されている。雨氷が樹木にもたらす被害は、枝のみが折れる軽微なものもあるが、傾いたり、大きく曲がったり、地面に倒れこんだり、根ごと倒れたり、途中で折れたりといった深刻なものもあり、林業にとっては大きな打撃となる。

雪が樹木の上部や外部にのみ付着するのに対し、雨氷は樹木の枝葉1つ1つに氷がついて重くなるため、雪の半分程度の降水量で折れ曲がったり倒壊してしまう。ある調査では、樹木に付着する雨氷の重さは、平均で木の総重量の5–16倍に達していたといい、15mの木に総重量4.5トンの雨氷が付着した例もある。日本における事例では、森林に被害を与える気象現象の中で雨氷は珍しい部類ではあるが、北海道、岩手、長野などで詳しい記録がある。なお、雨氷で森林被害が生じても氷が解けるとそれが雨氷が原因であったことがわからないこともあるため、報告されていないものもあると考えられている。北海道のカラマツ人工林で行われた被害調査では、同年齢の樹木の中で太く高いものが被害を受ける事例、逆に細く低いものが被害を受ける事例、また樹勢に関係なく被害を受ける事例があり、樹勢よりも風や付着の仕方などの気象条件の方が雨氷被害との相関性が高いと報告されている。

2016年1月末に長野県中部で発生した雨氷による倒木被害は標高800–1100mの範囲に被害が集中していたが、このように雨氷による倒木被害が一定の標高に集中するのは、標高がより高い場所では雨粒が雪になり、標高がより低い場所の地表付近は気温が高く雨氷現象が起こらなくなるためという見方がある。",雨氷によって被害を負う主な犠牲者は誰ですか?,樹木,Lexical variation (world knowledge)
17649,128,雨氷,"雨氷は高山で発生することが多いため、山地で局地的に雨氷が発生し、樹木への被害をもたらす例が多数報告されている。雨氷が樹木にもたらす被害は、枝のみが折れる軽微なものもあるが、傾いたり、大きく曲がったり、地面に倒れこんだり、根ごと倒れたり、途中で折れたりといった深刻なものもあり、林業にとっては大きな打撃となる。

雪が樹木の上部や外部にのみ付着するのに対し、雨氷は樹木の枝葉1つ1つに氷がついて重くなるため、雪の半分程度の降水量で折れ曲がったり倒壊してしまう。ある調査では、樹木に付着する雨氷の重さは、平均で木の総重量の5–16倍に達していたといい、15mの木に総重量4.5トンの雨氷が付着した例もある。日本における事例では、森林に被害を与える気象現象の中で雨氷は珍しい部類ではあるが、北海道、岩手、長野などで詳しい記録がある。なお、雨氷で森林被害が生じても氷が解けるとそれが雨氷が原因であったことがわからないこともあるため、報告されていないものもあると考えられている。北海道のカラマツ人工林で行われた被害調査では、同年齢の樹木の中で太く高いものが被害を受ける事例、逆に細く低いものが被害を受ける事例、また樹勢に関係なく被害を受ける事例があり、樹勢よりも風や付着の仕方などの気象条件の方が雨氷被害との相関性が高いと報告されている。

2016年1月末に長野県中部で発生した雨氷による倒木被害は標高800–1100mの範囲に被害が集中していたが、このように雨氷による倒木被害が一定の標高に集中するのは、標高がより高い場所では雨粒が雪になり、標高がより低い場所の地表付近は気温が高く雨氷現象が起こらなくなるためという見方がある。",カラマツ人工林の所在地はどこですか?,北海道,Lexical variation (world knowledge)
17650,128,雨氷,"雨氷は高山で発生することが多いため、山地で局地的に雨氷が発生し、樹木への被害をもたらす例が多数報告されている。雨氷が樹木にもたらす被害は、枝のみが折れる軽微なものもあるが、傾いたり、大きく曲がったり、地面に倒れこんだり、根ごと倒れたり、途中で折れたりといった深刻なものもあり、林業にとっては大きな打撃となる。

雪が樹木の上部や外部にのみ付着するのに対し、雨氷は樹木の枝葉1つ1つに氷がついて重くなるため、雪の半分程度の降水量で折れ曲がったり倒壊してしまう。ある調査では、樹木に付着する雨氷の重さは、平均で木の総重量の5–16倍に達していたといい、15mの木に総重量4.5トンの雨氷が付着した例もある。日本における事例では、森林に被害を与える気象現象の中で雨氷は珍しい部類ではあるが、北海道、岩手、長野などで詳しい記録がある。なお、雨氷で森林被害が生じても氷が解けるとそれが雨氷が原因であったことがわからないこともあるため、報告されていないものもあると考えられている。北海道のカラマツ人工林で行われた被害調査では、同年齢の樹木の中で太く高いものが被害を受ける事例、逆に細く低いものが被害を受ける事例、また樹勢に関係なく被害を受ける事例があり、樹勢よりも風や付着の仕方などの気象条件の方が雨氷被害との相関性が高いと報告されている。

2016年1月末に長野県中部で発生した雨氷による倒木被害は標高800–1100mの範囲に被害が集中していたが、このように雨氷による倒木被害が一定の標高に集中するのは、標高がより高い場所では雨粒が雪になり、標高がより低い場所の地表付近は気温が高く雨氷現象が起こらなくなるためという見方がある。",長野県中部で発生した雨氷の被害が、標高が高いところで逆に少なくなった理由は何ですか?,雨粒が雪になり,Lexical variation (world knowledge)
17651,129,雨氷,"市街で発生した場合は、特に被害が大きくなる。氷が電線に付着して電柱が倒壊し、氷の量が多い場合には送電線の鉄塔でさえ倒れることもある。鉄道の架線に付着した場合は、給電がストップして運行ができなくなるが、雨氷を取り除く作業は着雪などに比べて時間がかかり、運行再開は遅れがちになる。また、電線の一定の方向にだけ雨氷が付着すると、強風によりギャロッピング現象と呼ばれる振動現象を起こし、電線同士が接触するなどしてショートし、断線することがある。

雨氷が道路を覆うと、表面は硬く滑らかなため非常に滑りやすい状態となり、車はスリップし、歩行者も転倒しやすくなる。雨氷に覆われた道路の制動距離は、乾いている場合の10倍、雪に覆われている場合の2倍といわれている。雨氷は表面が滑らかで透明なうえ、雪が降るとすぐ覆い隠されてしまうため、道路が雨氷に覆われていることに気付かないことがある。また、気づいていても滑りやすいので、誤って怪我をしてしまうことが多い。戸外での移動に際しては、靴や車のタイヤのスリップ対策が必要になる。また、鉄道の線路や飛行場の滑走路も凍結した場合、交通網の深刻な停滞・麻痺を来たす。

また、特に雨氷の場合に留意しなければならないのが、停電に伴う影響である。雨氷は電線に付着して停電を起こしやすいため、ガスや電気の代わりとして暖房に火を使うことになる。それによって火災の危険性が高まり、締め切った室内で暖房器具や発電機を使うことで一酸化炭素中毒の危険性も高まる。1998年1月上旬に北米を襲ったアイスストームでは、多数の一酸化炭素中毒患者が出ている。",電柱と送電線の鉄塔で重いのはどっちですか?,送電線の鉄塔,Logical reasoning
17652,129,雨氷,"市街で発生した場合は、特に被害が大きくなる。氷が電線に付着して電柱が倒壊し、氷の量が多い場合には送電線の鉄塔でさえ倒れることもある。鉄道の架線に付着した場合は、給電がストップして運行ができなくなるが、雨氷を取り除く作業は着雪などに比べて時間がかかり、運行再開は遅れがちになる。また、電線の一定の方向にだけ雨氷が付着すると、強風によりギャロッピング現象と呼ばれる振動現象を起こし、電線同士が接触するなどしてショートし、断線することがある。

雨氷が道路を覆うと、表面は硬く滑らかなため非常に滑りやすい状態となり、車はスリップし、歩行者も転倒しやすくなる。雨氷に覆われた道路の制動距離は、乾いている場合の10倍、雪に覆われている場合の2倍といわれている。雨氷は表面が滑らかで透明なうえ、雪が降るとすぐ覆い隠されてしまうため、道路が雨氷に覆われていることに気付かないことがある。また、気づいていても滑りやすいので、誤って怪我をしてしまうことが多い。戸外での移動に際しては、靴や車のタイヤのスリップ対策が必要になる。また、鉄道の線路や飛行場の滑走路も凍結した場合、交通網の深刻な停滞・麻痺を来たす。

また、特に雨氷の場合に留意しなければならないのが、停電に伴う影響である。雨氷は電線に付着して停電を起こしやすいため、ガスや電気の代わりとして暖房に火を使うことになる。それによって火災の危険性が高まり、締め切った室内で暖房器具や発電機を使うことで一酸化炭素中毒の危険性も高まる。1998年1月上旬に北米を襲ったアイスストームでは、多数の一酸化炭素中毒患者が出ている。",電線の一定の方向にだけ雨氷が付着した状態で強風によって振動が起こる現象をどう呼びますか?,ギャロッピング現象,Syntactic variation
17653,129,雨氷,"市街で発生した場合は、特に被害が大きくなる。氷が電線に付着して電柱が倒壊し、氷の量が多い場合には送電線の鉄塔でさえ倒れることもある。鉄道の架線に付着した場合は、給電がストップして運行ができなくなるが、雨氷を取り除く作業は着雪などに比べて時間がかかり、運行再開は遅れがちになる。また、電線の一定の方向にだけ雨氷が付着すると、強風によりギャロッピング現象と呼ばれる振動現象を起こし、電線同士が接触するなどしてショートし、断線することがある。

雨氷が道路を覆うと、表面は硬く滑らかなため非常に滑りやすい状態となり、車はスリップし、歩行者も転倒しやすくなる。雨氷に覆われた道路の制動距離は、乾いている場合の10倍、雪に覆われている場合の2倍といわれている。雨氷は表面が滑らかで透明なうえ、雪が降るとすぐ覆い隠されてしまうため、道路が雨氷に覆われていることに気付かないことがある。また、気づいていても滑りやすいので、誤って怪我をしてしまうことが多い。戸外での移動に際しては、靴や車のタイヤのスリップ対策が必要になる。また、鉄道の線路や飛行場の滑走路も凍結した場合、交通網の深刻な停滞・麻痺を来たす。

また、特に雨氷の場合に留意しなければならないのが、停電に伴う影響である。雨氷は電線に付着して停電を起こしやすいため、ガスや電気の代わりとして暖房に火を使うことになる。それによって火災の危険性が高まり、締め切った室内で暖房器具や発電機を使うことで一酸化炭素中毒の危険性も高まる。1998年1月上旬に北米を襲ったアイスストームでは、多数の一酸化炭素中毒患者が出ている。",道路の制動距離は乾いている場合と雪に覆われている場合、どっちが長いですか?,雪に覆われている場合,Logical reasoning
17654,129,雨氷,"市街で発生した場合は、特に被害が大きくなる。氷が電線に付着して電柱が倒壊し、氷の量が多い場合には送電線の鉄塔でさえ倒れることもある。鉄道の架線に付着した場合は、給電がストップして運行ができなくなるが、雨氷を取り除く作業は着雪などに比べて時間がかかり、運行再開は遅れがちになる。また、電線の一定の方向にだけ雨氷が付着すると、強風によりギャロッピング現象と呼ばれる振動現象を起こし、電線同士が接触するなどしてショートし、断線することがある。

雨氷が道路を覆うと、表面は硬く滑らかなため非常に滑りやすい状態となり、車はスリップし、歩行者も転倒しやすくなる。雨氷に覆われた道路の制動距離は、乾いている場合の10倍、雪に覆われている場合の2倍といわれている。雨氷は表面が滑らかで透明なうえ、雪が降るとすぐ覆い隠されてしまうため、道路が雨氷に覆われていることに気付かないことがある。また、気づいていても滑りやすいので、誤って怪我をしてしまうことが多い。戸外での移動に際しては、靴や車のタイヤのスリップ対策が必要になる。また、鉄道の線路や飛行場の滑走路も凍結した場合、交通網の深刻な停滞・麻痺を来たす。

また、特に雨氷の場合に留意しなければならないのが、停電に伴う影響である。雨氷は電線に付着して停電を起こしやすいため、ガスや電気の代わりとして暖房に火を使うことになる。それによって火災の危険性が高まり、締め切った室内で暖房器具や発電機を使うことで一酸化炭素中毒の危険性も高まる。1998年1月上旬に北米を襲ったアイスストームでは、多数の一酸化炭素中毒患者が出ている。",密閉された空間で暖房器具や発電機を使うことで生じる危険とは?,一酸化炭素中毒,Lexical variation (synonymy)
17655,130,雨氷,"地上に限らず、上空でも雨氷の付着被害が発生する。航空機に雨氷が付着すると、視界が悪くなったり、機体の重量や空気抵抗が増加したり、翼に付着して揚力を低下させたり、ジェットエンジンやプロペラに付着して出力を低下させたりして、航行に支障が生じることがある。その他の着氷も航行への支障の原因となるが、付着速度は雨氷が最も速く、氷が硬く取れにくいため、もっとも厄介な着氷とされる。現在では航空機の防氷システム(英語版)が普及しており、中型機では主に防氷ブーツ、大型機では主にヒーターや空圧を利用した機構により着氷を防止したり、氷を除去(除氷)したりしている。

なお、航空機においては地表では凍雨として観測されていても上空では着氷性の雨という場合があり、予報の際には凍雨を含めて考える必要がある。",中型機で主な除氷手段として使われるものは何でしょう?,防氷ブーツ,Syntactic variation
17656,130,雨氷,"地上に限らず、上空でも雨氷の付着被害が発生する。航空機に雨氷が付着すると、視界が悪くなったり、機体の重量や空気抵抗が増加したり、翼に付着して揚力を低下させたり、ジェットエンジンやプロペラに付着して出力を低下させたりして、航行に支障が生じることがある。その他の着氷も航行への支障の原因となるが、付着速度は雨氷が最も速く、氷が硬く取れにくいため、もっとも厄介な着氷とされる。現在では航空機の防氷システム(英語版)が普及しており、中型機では主に防氷ブーツ、大型機では主にヒーターや空圧を利用した機構により着氷を防止したり、氷を除去(除氷)したりしている。

なお、航空機においては地表では凍雨として観測されていても上空では着氷性の雨という場合があり、予報の際には凍雨を含めて考える必要がある。",一番付着速度が早い着氷現象は何ですか?,雨氷,Multiple sentence reasoning
17657,131,ウィリアム・グラッドストン,"ウィリアム・グラッドストンはスコットランド豪族の末裔である大富豪の貿易商の四男としてリヴァプールに生まれる。イートン校からオックスフォード大学クライスト・チャーチへ進学。同大学在学中にイングランド国教会への信仰心を強めた。1831年に同大学を首席で卒業する。

1832年の総選挙(英語版)で初当選し、23歳にして保守党所属の庶民院議員となる。二度のサー・ロバート・ピール准男爵内閣(保守党政権)において下級大蔵卿(在職1834年-1835年)、陸軍・植民地省政務次官(英語版)(在職1835年)、商務庁副長官(英語版)(在職1841年-1843年)、商務庁長官(在職1843年-1845年)、陸軍・植民地大臣(在職1845年-1846年)を歴任して政治キャリアを積む。商務庁副長官・商務庁長官時代には様々な品目の関税削減・廃止を手がけ、自由貿易推進に貢献した。

1846年の穀物法廃止をめぐる保守党分裂では、穀物自由貿易を奉じるピール派に属して保守党を離党した。保守党から離れたことで経済思想以外も徐々に自由主義化していった。特に1850年秋に訪問した両シチリア王国において過酷な自由主義弾圧を目の当たりにして保守主義に嫌悪感を持つようになった。

1852年には第一次ダービー伯爵内閣(保守党政権)の大蔵大臣ベンジャミン・ディズレーリの予算案を徹底的に論破して否決に追い込み、同内閣の倒閣に主導的役割を果たした。続くアバディーン伯爵内閣(ピール派・ホイッグ党連立政権)においては大蔵大臣(在職1852年-1855年)として入閣し、更に多くの品目の関税廃止を実施して自由貿易を一層推進した。",グラッドストンの出生地はどこですか?,リヴァプール,Syntactic variation
17658,131,ウィリアム・グラッドストン,"ウィリアム・グラッドストンはスコットランド豪族の末裔である大富豪の貿易商の四男としてリヴァプールに生まれる。イートン校からオックスフォード大学クライスト・チャーチへ進学。同大学在学中にイングランド国教会への信仰心を強めた。1831年に同大学を首席で卒業する。

1832年の総選挙(英語版)で初当選し、23歳にして保守党所属の庶民院議員となる。二度のサー・ロバート・ピール准男爵内閣(保守党政権)において下級大蔵卿(在職1834年-1835年)、陸軍・植民地省政務次官(英語版)(在職1835年)、商務庁副長官(英語版)(在職1841年-1843年)、商務庁長官(在職1843年-1845年)、陸軍・植民地大臣(在職1845年-1846年)を歴任して政治キャリアを積む。商務庁副長官・商務庁長官時代には様々な品目の関税削減・廃止を手がけ、自由貿易推進に貢献した。

1846年の穀物法廃止をめぐる保守党分裂では、穀物自由貿易を奉じるピール派に属して保守党を離党した。保守党から離れたことで経済思想以外も徐々に自由主義化していった。特に1850年秋に訪問した両シチリア王国において過酷な自由主義弾圧を目の当たりにして保守主義に嫌悪感を持つようになった。

1852年には第一次ダービー伯爵内閣(保守党政権)の大蔵大臣ベンジャミン・ディズレーリの予算案を徹底的に論破して否決に追い込み、同内閣の倒閣に主導的役割を果たした。続くアバディーン伯爵内閣(ピール派・ホイッグ党連立政権)においては大蔵大臣(在職1852年-1855年)として入閣し、更に多くの品目の関税廃止を実施して自由貿易を一層推進した。",オックスフォード大学クライスト・チャーチを卒業したのは何年ですか?,1831年,Multiple sentence reasoning
17659,131,ウィリアム・グラッドストン,"ウィリアム・グラッドストンはスコットランド豪族の末裔である大富豪の貿易商の四男としてリヴァプールに生まれる。イートン校からオックスフォード大学クライスト・チャーチへ進学。同大学在学中にイングランド国教会への信仰心を強めた。1831年に同大学を首席で卒業する。

1832年の総選挙(英語版)で初当選し、23歳にして保守党所属の庶民院議員となる。二度のサー・ロバート・ピール准男爵内閣(保守党政権)において下級大蔵卿(在職1834年-1835年)、陸軍・植民地省政務次官(英語版)(在職1835年)、商務庁副長官(英語版)(在職1841年-1843年)、商務庁長官(在職1843年-1845年)、陸軍・植民地大臣(在職1845年-1846年)を歴任して政治キャリアを積む。商務庁副長官・商務庁長官時代には様々な品目の関税削減・廃止を手がけ、自由貿易推進に貢献した。

1846年の穀物法廃止をめぐる保守党分裂では、穀物自由貿易を奉じるピール派に属して保守党を離党した。保守党から離れたことで経済思想以外も徐々に自由主義化していった。特に1850年秋に訪問した両シチリア王国において過酷な自由主義弾圧を目の当たりにして保守主義に嫌悪感を持つようになった。

1852年には第一次ダービー伯爵内閣(保守党政権)の大蔵大臣ベンジャミン・ディズレーリの予算案を徹底的に論破して否決に追い込み、同内閣の倒閣に主導的役割を果たした。続くアバディーン伯爵内閣(ピール派・ホイッグ党連立政権)においては大蔵大臣(在職1852年-1855年)として入閣し、更に多くの品目の関税廃止を実施して自由貿易を一層推進した。",グラッドストンの初当選の総選挙は何年ですか?,1832年,Syntactic variation
17660,131,ウィリアム・グラッドストン,"ウィリアム・グラッドストンはスコットランド豪族の末裔である大富豪の貿易商の四男としてリヴァプールに生まれる。イートン校からオックスフォード大学クライスト・チャーチへ進学。同大学在学中にイングランド国教会への信仰心を強めた。1831年に同大学を首席で卒業する。

1832年の総選挙(英語版)で初当選し、23歳にして保守党所属の庶民院議員となる。二度のサー・ロバート・ピール准男爵内閣(保守党政権)において下級大蔵卿(在職1834年-1835年)、陸軍・植民地省政務次官(英語版)(在職1835年)、商務庁副長官(英語版)(在職1841年-1843年)、商務庁長官(在職1843年-1845年)、陸軍・植民地大臣(在職1845年-1846年)を歴任して政治キャリアを積む。商務庁副長官・商務庁長官時代には様々な品目の関税削減・廃止を手がけ、自由貿易推進に貢献した。

1846年の穀物法廃止をめぐる保守党分裂では、穀物自由貿易を奉じるピール派に属して保守党を離党した。保守党から離れたことで経済思想以外も徐々に自由主義化していった。特に1850年秋に訪問した両シチリア王国において過酷な自由主義弾圧を目の当たりにして保守主義に嫌悪感を持つようになった。

1852年には第一次ダービー伯爵内閣(保守党政権)の大蔵大臣ベンジャミン・ディズレーリの予算案を徹底的に論破して否決に追い込み、同内閣の倒閣に主導的役割を果たした。続くアバディーン伯爵内閣(ピール派・ホイッグ党連立政権)においては大蔵大臣(在職1852年-1855年)として入閣し、更に多くの品目の関税廃止を実施して自由貿易を一層推進した。",第一次ダービー伯爵内閣の大蔵大臣の人は誰ですか?,ベンジャミン・ディズレーリ,Syntactic variation
17661,132,ウィリアム・グラッドストン,"1855年2月、クリミア戦争の泥沼化で総辞職したアバディーン伯爵内閣に代わって第一次パーマストン子爵内閣(ホイッグ党政権)が成立した。はじめ同内閣にも大蔵大臣として入閣していたが、首相との方針の食い違いからすぐにも下野した。以降はパーマストン卿の強硬外交を批判した。

第二次ダービー伯爵内閣(保守党)期の1859年には保守党政権打倒のためホイッグ党、ピール派、急進派(英語版)が大同団結して自由党を結成。これに伴いグラッドストンも自由党議員となった。

第二次ダービー伯爵内閣倒閣後の1859年6月に成立した第二次パーマストン子爵内閣(自由党政権)には大蔵大臣(在職1859年-1865年)として入閣し、英仏通商条約(英語版)を締結するなどして自由貿易体制を完成させた。また「知識に対する税金」として批判されていた紙税を廃止した。続く1865年から1866年の第二次ラッセル伯爵内閣(自由党政権)では蔵相(在職1865年-1866年)留任のうえ、庶民院院内総務を兼務した。選挙法改正の機運が高まる中、自助を確立している上層労働者階級に選挙権を広げる選挙法改正を目指し、保守党庶民院院内総務ディズレーリと激闘したが、敗れ、内閣総辞職に追い込まれた。

つづく第三次ダービー伯爵内閣(保守党政権)で庶民院院内総務ディズレーリが行った第二次選挙法改正には選挙権が貧民にまで拡大される恐れありとして反対したが、阻止できなかった。1867年末に引退したラッセル伯爵の後継として自由党党首となる。1868年2月に成立した第一次ディズレーリ内閣(保守党)に対して、アイルランド国教会廃止を掲げて挑み、11月の総選挙に勝利したことで同内閣を総辞職に追い込んだ。",第一次パーマストン子爵内閣でグランストンが務めた職務は?,大蔵大臣,Multiple sentence reasoning
17662,132,ウィリアム・グラッドストン,"1855年2月、クリミア戦争の泥沼化で総辞職したアバディーン伯爵内閣に代わって第一次パーマストン子爵内閣(ホイッグ党政権)が成立した。はじめ同内閣にも大蔵大臣として入閣していたが、首相との方針の食い違いからすぐにも下野した。以降はパーマストン卿の強硬外交を批判した。

第二次ダービー伯爵内閣(保守党)期の1859年には保守党政権打倒のためホイッグ党、ピール派、急進派(英語版)が大同団結して自由党を結成。これに伴いグラッドストンも自由党議員となった。

第二次ダービー伯爵内閣倒閣後の1859年6月に成立した第二次パーマストン子爵内閣(自由党政権)には大蔵大臣(在職1859年-1865年)として入閣し、英仏通商条約(英語版)を締結するなどして自由貿易体制を完成させた。また「知識に対する税金」として批判されていた紙税を廃止した。続く1865年から1866年の第二次ラッセル伯爵内閣(自由党政権)では蔵相(在職1865年-1866年)留任のうえ、庶民院院内総務を兼務した。選挙法改正の機運が高まる中、自助を確立している上層労働者階級に選挙権を広げる選挙法改正を目指し、保守党庶民院院内総務ディズレーリと激闘したが、敗れ、内閣総辞職に追い込まれた。

つづく第三次ダービー伯爵内閣(保守党政権)で庶民院院内総務ディズレーリが行った第二次選挙法改正には選挙権が貧民にまで拡大される恐れありとして反対したが、阻止できなかった。1867年末に引退したラッセル伯爵の後継として自由党党首となる。1868年2月に成立した第一次ディズレーリ内閣(保守党)に対して、アイルランド国教会廃止を掲げて挑み、11月の総選挙に勝利したことで同内閣を総辞職に追い込んだ。",第一次パーマストンで大蔵大臣であったグランストンとの意見の差によって、グランストンが下野することになった、その人の名前は何ですか?,パーマストン,Logical reasoning
17663,132,ウィリアム・グラッドストン,"1855年2月、クリミア戦争の泥沼化で総辞職したアバディーン伯爵内閣に代わって第一次パーマストン子爵内閣(ホイッグ党政権)が成立した。はじめ同内閣にも大蔵大臣として入閣していたが、首相との方針の食い違いからすぐにも下野した。以降はパーマストン卿の強硬外交を批判した。

第二次ダービー伯爵内閣(保守党)期の1859年には保守党政権打倒のためホイッグ党、ピール派、急進派(英語版)が大同団結して自由党を結成。これに伴いグラッドストンも自由党議員となった。

第二次ダービー伯爵内閣倒閣後の1859年6月に成立した第二次パーマストン子爵内閣(自由党政権)には大蔵大臣(在職1859年-1865年)として入閣し、英仏通商条約(英語版)を締結するなどして自由貿易体制を完成させた。また「知識に対する税金」として批判されていた紙税を廃止した。続く1865年から1866年の第二次ラッセル伯爵内閣(自由党政権)では蔵相(在職1865年-1866年)留任のうえ、庶民院院内総務を兼務した。選挙法改正の機運が高まる中、自助を確立している上層労働者階級に選挙権を広げる選挙法改正を目指し、保守党庶民院院内総務ディズレーリと激闘したが、敗れ、内閣総辞職に追い込まれた。

つづく第三次ダービー伯爵内閣(保守党政権)で庶民院院内総務ディズレーリが行った第二次選挙法改正には選挙権が貧民にまで拡大される恐れありとして反対したが、阻止できなかった。1867年末に引退したラッセル伯爵の後継として自由党党首となる。1868年2月に成立した第一次ディズレーリ内閣(保守党)に対して、アイルランド国教会廃止を掲げて挑み、11月の総選挙に勝利したことで同内閣を総辞職に追い込んだ。",1867年、自由党党首となったグランストンの先に自由党党首だった人は誰ですか?,ラッセル伯爵,Logical reasoning
17664,133,ウィリアム・グラッドストン,"代わって組閣の大命を受け、第一次グラッドストン内閣を組閣した。内政において様々な改革を実施した。まず先の総選挙での公約通りアイルランド国教会を廃止した。不在地主に理由なく追い出されたり、法外な地代をかけられたアイルランド小作人への補償制度を定めた法律も制定したが、これはほぼ「ざる法」に終わった。他の欧米諸国と比べて小学校教育普及が遅れていることを念頭に初等教育法(英語版)を制定して小学校教育の普及を図った。外務省以外の省庁で採用試験を導入し、また軍隊の階級買い取り制度を廃することで、官界や軍における貴族優遇に歯止めをかけた。労働者上層に選挙権が広がったことを念頭に秘密投票制度の導入も行った。労働組合法を制定し、労働組合が賃金と労働時間以外のことを交渉するのを解禁した。一方で外交は不得手で、ドイツ帝国の勃興やロシア帝国のパリ条約黒海艦隊保有禁止条項の一方的破棄などを阻止できず、またアメリカ合衆国に対してもアラバマ号事件で賠償金を支払うことになるなど、相対的にイギリスの地位を低下させた。
自由党内の分裂が深刻化し、1874年には所得税廃止を目指して解散総選挙に打って出るも、大英帝国の威信回復を訴えるディズレーリ率いる保守党が勝利し、総辞職を余儀なくされた。

1875年には自由党党首も辞し、半ば引退した生活に入ったが、1875年から1877年にかけてのバルカン半島をめぐる騒乱でディズレーリ政権の親トルコ・反ロシア外交を批判する運動の先頭に立って政治活動を再開した。総選挙を間近にした1879年には「ミッドロージアン・キャンペーン(英語版)」を展開し、ディズレーリの第二次アフガン戦争、トランスヴァール共和国併合、ズールー戦争などの帝国主義政策を批判した。",第一次グラッドストン内閣が小学校教育普及のため行った教育政策として立案した法律は?,初等教育法,Lexical variation (synonymy)
17665,133,ウィリアム・グラッドストン,"代わって組閣の大命を受け、第一次グラッドストン内閣を組閣した。内政において様々な改革を実施した。まず先の総選挙での公約通りアイルランド国教会を廃止した。不在地主に理由なく追い出されたり、法外な地代をかけられたアイルランド小作人への補償制度を定めた法律も制定したが、これはほぼ「ざる法」に終わった。他の欧米諸国と比べて小学校教育普及が遅れていることを念頭に初等教育法(英語版)を制定して小学校教育の普及を図った。外務省以外の省庁で採用試験を導入し、また軍隊の階級買い取り制度を廃することで、官界や軍における貴族優遇に歯止めをかけた。労働者上層に選挙権が広がったことを念頭に秘密投票制度の導入も行った。労働組合法を制定し、労働組合が賃金と労働時間以外のことを交渉するのを解禁した。一方で外交は不得手で、ドイツ帝国の勃興やロシア帝国のパリ条約黒海艦隊保有禁止条項の一方的破棄などを阻止できず、またアメリカ合衆国に対してもアラバマ号事件で賠償金を支払うことになるなど、相対的にイギリスの地位を低下させた。
自由党内の分裂が深刻化し、1874年には所得税廃止を目指して解散総選挙に打って出るも、大英帝国の威信回復を訴えるディズレーリ率いる保守党が勝利し、総辞職を余儀なくされた。

1875年には自由党党首も辞し、半ば引退した生活に入ったが、1875年から1877年にかけてのバルカン半島をめぐる騒乱でディズレーリ政権の親トルコ・反ロシア外交を批判する運動の先頭に立って政治活動を再開した。総選挙を間近にした1879年には「ミッドロージアン・キャンペーン(英語版)」を展開し、ディズレーリの第二次アフガン戦争、トランスヴァール共和国併合、ズールー戦争などの帝国主義政策を批判した。",所得税廃止、アイルランド国教会を廃止、初等教育法のなかで、第一次グラッドストン内閣が行っていないものはどれか?,所得税廃止,Logical reasoning
17666,133,ウィリアム・グラッドストン,"代わって組閣の大命を受け、第一次グラッドストン内閣を組閣した。内政において様々な改革を実施した。まず先の総選挙での公約通りアイルランド国教会を廃止した。不在地主に理由なく追い出されたり、法外な地代をかけられたアイルランド小作人への補償制度を定めた法律も制定したが、これはほぼ「ざる法」に終わった。他の欧米諸国と比べて小学校教育普及が遅れていることを念頭に初等教育法(英語版)を制定して小学校教育の普及を図った。外務省以外の省庁で採用試験を導入し、また軍隊の階級買い取り制度を廃することで、官界や軍における貴族優遇に歯止めをかけた。労働者上層に選挙権が広がったことを念頭に秘密投票制度の導入も行った。労働組合法を制定し、労働組合が賃金と労働時間以外のことを交渉するのを解禁した。一方で外交は不得手で、ドイツ帝国の勃興やロシア帝国のパリ条約黒海艦隊保有禁止条項の一方的破棄などを阻止できず、またアメリカ合衆国に対してもアラバマ号事件で賠償金を支払うことになるなど、相対的にイギリスの地位を低下させた。
自由党内の分裂が深刻化し、1874年には所得税廃止を目指して解散総選挙に打って出るも、大英帝国の威信回復を訴えるディズレーリ率いる保守党が勝利し、総辞職を余儀なくされた。

1875年には自由党党首も辞し、半ば引退した生活に入ったが、1875年から1877年にかけてのバルカン半島をめぐる騒乱でディズレーリ政権の親トルコ・反ロシア外交を批判する運動の先頭に立って政治活動を再開した。総選挙を間近にした1879年には「ミッドロージアン・キャンペーン(英語版)」を展開し、ディズレーリの第二次アフガン戦争、トランスヴァール共和国併合、ズールー戦争などの帝国主義政策を批判した。",グラッドストンが自由党党首も辞したのは何年か?,1875年,Syntactic variation
17667,134,ウィリアム・グラッドストン,"1880年の総選挙で自由党が大勝したため、第二次グラッドストン内閣を組閣した。
アイルランド土地法を改正し、アイルランド小作農の地代を地代法廷で決めるなど小作農保護を強化した。
また選挙区割りについて野党保守党に妥協することで第三次選挙法改正を達成し、男子普通選挙に近い状態を実現した。
グラッドストンは小英国主義者であり、帝国主義には消極的だったが、オラービー革命が発生したエジプトには派兵し、革命を鎮圧してエジプトを半植民地となした。
一方マフディーの反乱が発生したスーダンは放棄を決定し、国民的英雄チャールズ・ゴードン将軍を同地に派遣してスーダン駐屯エジプト軍の撤退の指揮をとらせようとしたが、ゴードンは撤退しようとせずに戦死したため、内閣支持率に大きな打撃を受けた。
1885年にアイルランド強圧法を制定しようとしたことにアイルランド国民党が反発してソールズベリー侯爵率いる保守党との連携に動いた結果、議会で敗北して総辞職に追い込まれた。",第二次グラッドストン内閣でのアイルランド土地法の改正は誰のための政策ですか?,小作農,Lexical variation (synonymy)
17668,134,ウィリアム・グラッドストン,"1880年の総選挙で自由党が大勝したため、第二次グラッドストン内閣を組閣した。
アイルランド土地法を改正し、アイルランド小作農の地代を地代法廷で決めるなど小作農保護を強化した。
また選挙区割りについて野党保守党に妥協することで第三次選挙法改正を達成し、男子普通選挙に近い状態を実現した。
グラッドストンは小英国主義者であり、帝国主義には消極的だったが、オラービー革命が発生したエジプトには派兵し、革命を鎮圧してエジプトを半植民地となした。
一方マフディーの反乱が発生したスーダンは放棄を決定し、国民的英雄チャールズ・ゴードン将軍を同地に派遣してスーダン駐屯エジプト軍の撤退の指揮をとらせようとしたが、ゴードンは撤退しようとせずに戦死したため、内閣支持率に大きな打撃を受けた。
1885年にアイルランド強圧法を制定しようとしたことにアイルランド国民党が反発してソールズベリー侯爵率いる保守党との連携に動いた結果、議会で敗北して総辞職に追い込まれた。",第二次グラッドストン内閣集権中、スーダンで戦死した将軍の名前は?,チャールズ・ゴードン,Multiple sentence reasoning
17669,135,ウィリアム・グラッドストン,"1885年の総選挙(英語版)の自由党の勝利、また保守党政権とアイルランド国民党の連携の崩壊により、ソールズベリー侯爵内閣倒閣に成功し、第三次グラッドストン内閣を組閣した。アイルランド国民党と連携してアイルランド自治法案を通そうとしたが、党内の反自治派が党を割って自由統一党を結成したため否決された。解散総選挙(英語版)に打って出るも敗北して退陣した。

退陣後もアイルランド自治を掲げ、1892年の解散総選挙(英語版)に辛勝したことで第四次グラッドストン内閣(英語版)を組閣した。再びアイルランド自治法案を提出するも貴族院で否決された。さらに海軍増強に反対したことで閣内で孤立し、1894年に首相職を辞職した。次の総選挙にも出馬することなく、政界から引退した。

1898年5月19日に死去した。",グラットストンが2回も通そうとして失敗した法は何ですか?,アイルランド自治法案,Multiple sentence reasoning
17670,135,ウィリアム・グラッドストン,"1885年の総選挙(英語版)の自由党の勝利、また保守党政権とアイルランド国民党の連携の崩壊により、ソールズベリー侯爵内閣倒閣に成功し、第三次グラッドストン内閣を組閣した。アイルランド国民党と連携してアイルランド自治法案を通そうとしたが、党内の反自治派が党を割って自由統一党を結成したため否決された。解散総選挙(英語版)に打って出るも敗北して退陣した。

退陣後もアイルランド自治を掲げ、1892年の解散総選挙(英語版)に辛勝したことで第四次グラッドストン内閣(英語版)を組閣した。再びアイルランド自治法案を提出するも貴族院で否決された。さらに海軍増強に反対したことで閣内で孤立し、1894年に首相職を辞職した。次の総選挙にも出馬することなく、政界から引退した。

1898年5月19日に死去した。",グラッドストンが生涯最後に組閣した閣内で彼の意見が孤立し首相職を辞職することになったが、それは何に対する意見の違いでしたか?,海軍増強,Multiple sentence reasoning
17671,135,ウィリアム・グラッドストン,"1885年の総選挙(英語版)の自由党の勝利、また保守党政権とアイルランド国民党の連携の崩壊により、ソールズベリー侯爵内閣倒閣に成功し、第三次グラッドストン内閣を組閣した。アイルランド国民党と連携してアイルランド自治法案を通そうとしたが、党内の反自治派が党を割って自由統一党を結成したため否決された。解散総選挙(英語版)に打って出るも敗北して退陣した。

退陣後もアイルランド自治を掲げ、1892年の解散総選挙(英語版)に辛勝したことで第四次グラッドストン内閣(英語版)を組閣した。再びアイルランド自治法案を提出するも貴族院で否決された。さらに海軍増強に反対したことで閣内で孤立し、1894年に首相職を辞職した。次の総選挙にも出馬することなく、政界から引退した。

1898年5月19日に死去した。",グラッドストンが死亡したのはいつですか?,1898年5月19日,Lexical variation (synonymy)
17672,136,ウィリアム・グラッドストン,"1828年10月にオックスフォード大学へ進み、クライスト・チャーチに在籍した。

クライスト・チャーチはオックスフォードのカレッジの中でももっとも貴族的だが、読書には自由な風潮であり、グラッドストンも早朝4時間と就寝前2時間から3時間は読書に費やしたという。とりわけヘロドトス、アリストテレス、プラトン、ホメーロスなどの古典研究に明け暮れたという。

1829年10月には十数人の友人とともに大学内に論文討論クラブを結成している。メンバーが論文を提出し、それについて賛否を表明するクラブだった。このクラブはウィリアム・ユワート・グラッドストン(WilliamEwartGladstone)の頭文字をとって、「WEG」と名付けられた。また1830年からはオックスフォード大学の各カレッジの代表学生が集まるオックスフォード連合(英語版)の討論にも参加するようになり、後にはその議長に選出された。",グラッドストンが大学の時組織した論文討論クラブの名は?,「WEG」,Multiple sentence reasoning
17673,136,ウィリアム・グラッドストン,"1828年10月にオックスフォード大学へ進み、クライスト・チャーチに在籍した。

クライスト・チャーチはオックスフォードのカレッジの中でももっとも貴族的だが、読書には自由な風潮であり、グラッドストンも早朝4時間と就寝前2時間から3時間は読書に費やしたという。とりわけヘロドトス、アリストテレス、プラトン、ホメーロスなどの古典研究に明け暮れたという。

1829年10月には十数人の友人とともに大学内に論文討論クラブを結成している。メンバーが論文を提出し、それについて賛否を表明するクラブだった。このクラブはウィリアム・ユワート・グラッドストン(WilliamEwartGladstone)の頭文字をとって、「WEG」と名付けられた。また1830年からはオックスフォード大学の各カレッジの代表学生が集まるオックスフォード連合(英語版)の討論にも参加するようになり、後にはその議長に選出された。",グラッドストンが在籍したオックスフォード大学のカレッジは何ですか?,クライスト・チャーチ,Syntactic variation
17674,137,ウィリアム・グラッドストン,"大学時代のグラッドストンは宗教的な葛藤を感じることが多くなった。オックスフォード大学はもともと教会付属の学校が発展したものだが、この頃のオックスフォードは形骸化していて宗教への情熱が感じられなかった。軽薄と宗教的情熱の欠如を嫌うグラッドストンにはこれが許せなかった。彼はこの葛藤を勉学への打ち込みと一層の信仰心によって満たそうとした。その結果、一時は政治家の夢を断念して聖職者の道を希望するようにさえなった。

彼は1日に何度も説教を聞き、やがて自らが神に遣わされた者であり、神に恥じることをしてはならないと思い込むようになった。1830年4月25日付けの日記には「1.愛、2.自己犠牲、3.誠実、4.活力」の4つの精神を持つことがその重要な柱と位置付けている。この宗教的確信を得るようになると、義務感からではなく意志をもって勉学に打ち込むようになった。この時以来、彼は休息を全く取らない異常な勤勉家と化したという。",4つの精神美徳が記された彼の日記はいつのものですか?,1830年4月25日,Lexical variation (synonymy)
17675,138,ウィリアム・グラッドストン,卒業試験も近くなった1831年4月から5月、選挙権を中層中産階級に広げる選挙法改正法案をめぐって反対派の野党トーリー党と賛成派の与党ホイッグ党が争う中、解散総選挙(英語版)が行われた。グラッドストンは「WEG」や「オックスフォード連合」の討論会で選挙法改正反対を表明した。有権者は貴族や上層中産階級など高い教養と責任感を持つ者に限定しないと衆愚政治になって社会秩序が崩壊すると考えたからである。こうしたノブレス・オブリージュ的な考え方は、オックスフォード大学の貴族学生の間では一般的な意見だったから多くの出席者から支持された。とりわけリンカン伯爵は、父ニューカッスル公爵に宛てた手紙の中で「父さんの影響力が強い選挙区にグラッドストンを保守党候補として立ててやってほしい」と頼み込んでいる。この願いは1年後にかなえられることになる。,選挙法改正法案を巡ってそれに賛成した党はどれですか?,ホイッグ党,Syntactic variation
17676,138,ウィリアム・グラッドストン,卒業試験も近くなった1831年4月から5月、選挙権を中層中産階級に広げる選挙法改正法案をめぐって反対派の野党トーリー党と賛成派の与党ホイッグ党が争う中、解散総選挙(英語版)が行われた。グラッドストンは「WEG」や「オックスフォード連合」の討論会で選挙法改正反対を表明した。有権者は貴族や上層中産階級など高い教養と責任感を持つ者に限定しないと衆愚政治になって社会秩序が崩壊すると考えたからである。こうしたノブレス・オブリージュ的な考え方は、オックスフォード大学の貴族学生の間では一般的な意見だったから多くの出席者から支持された。とりわけリンカン伯爵は、父ニューカッスル公爵に宛てた手紙の中で「父さんの影響力が強い選挙区にグラッドストンを保守党候補として立ててやってほしい」と頼み込んでいる。この願いは1年後にかなえられることになる。,選挙法改正法案を巡ってグラッドストンは賛成か反対か?,反対,Syntactic variation
17677,139,ウィリアム・グラッドストン,"選挙戦中、グラッドストンはトーリー党の選挙活動に参加し、選挙法改正反対のプラカードを掲げて行進した。選挙権を持てない庶民から泥を投げつけられ泥だらけになったが、それでも屈することはなかったという。しかし総選挙の結果はホイッグ党の大勝に終わり、議会での一悶着の末に第一次選挙法改正が達成された。これにより中層の中産階級にも選挙権が広がり、成年男子の15%が選挙権を持つようになった。

選挙活動中も卒業試験に向けての勉学を怠ることはなく、選挙後は更に勉学に集中した。当時の卒業試験は数学と古典に分かれていたが、グラッドストンは両方で首席をとっている。二冠に輝いたのは20年以上前の卒業生であるロバート・ピール以来のことであった。1832年1月に学位を得てオックスフォード大学を卒業した。",選挙法改正法案を巡ってそれに賛成した党はどれですか?,ホイッグ党,Logical reasoning
17678,139,ウィリアム・グラッドストン,"選挙戦中、グラッドストンはトーリー党の選挙活動に参加し、選挙法改正反対のプラカードを掲げて行進した。選挙権を持てない庶民から泥を投げつけられ泥だらけになったが、それでも屈することはなかったという。しかし総選挙の結果はホイッグ党の大勝に終わり、議会での一悶着の末に第一次選挙法改正が達成された。これにより中層の中産階級にも選挙権が広がり、成年男子の15%が選挙権を持つようになった。

選挙活動中も卒業試験に向けての勉学を怠ることはなく、選挙後は更に勉学に集中した。当時の卒業試験は数学と古典に分かれていたが、グラッドストンは両方で首席をとっている。二冠に輝いたのは20年以上前の卒業生であるロバート・ピール以来のことであった。1832年1月に学位を得てオックスフォード大学を卒業した。",グラッドストンが卒業試験で数学と古典両方首席をとる前にそれを達した人の名前は?,ロバート・ピール,Lexical variation (world knowledge)
17679,140,ウィリアム・グラッドストン,"ミラノ滞在中の1832年6月、オックスフォードの学友リンカン伯爵から手紙をもらい、彼の父ニューカッスル公爵の強い影響下にあるニューアーク選挙区(英語版)からの出馬を勧められた。

グラッドストンにとっては有難い申し出であると同時に不安なことだった。グラッドストンは自分の信念を曲げることを嫌ったので、トーリー党守旧派のニューカッスル公爵の支援を受けてしまうと、守旧的な信念を強要されると懸念したのである。しかし父ジョンは「公爵はこれまで支援する候補者に信念を押し付けたことはないし、公爵と私はすでに話を進めており、私が選挙資金の半分を持つことになっている。」と息子を説得し、出馬を決意させた。",グラッドストンが初めて選挙に出た選挙区はどこですか?,ニューアーク選挙区,Multiple sentence reasoning
17680,140,ウィリアム・グラッドストン,"ミラノ滞在中の1832年6月、オックスフォードの学友リンカン伯爵から手紙をもらい、彼の父ニューカッスル公爵の強い影響下にあるニューアーク選挙区(英語版)からの出馬を勧められた。

グラッドストンにとっては有難い申し出であると同時に不安なことだった。グラッドストンは自分の信念を曲げることを嫌ったので、トーリー党守旧派のニューカッスル公爵の支援を受けてしまうと、守旧的な信念を強要されると懸念したのである。しかし父ジョンは「公爵はこれまで支援する候補者に信念を押し付けたことはないし、公爵と私はすでに話を進めており、私が選挙資金の半分を持つことになっている。」と息子を説得し、出馬を決意させた。",グラッドストンが初選挙を支援してくれた人は誰ですか?,ニューカッスル公爵,Multiple sentence reasoning
17681,141,ウィリアム・グラッドストン,"旅行を中断して帰国し、1832年8月からニューアーク選挙区で選挙活動に入った。トーリー党選対事務所が全力で支えてくれたおかげで、活発な選挙活動が可能となった。しかし当時植民地奴隷制廃止運動が盛んだったため、選挙戦中にもっとも頻繁に受けた攻撃は「悪名高い奴隷農場主の息子」という批判だった。これに対して彼は「植民地の奴隷の即時解放は白人に対する暴動を誘発する恐れがある。それを防ぐためにはまず奴隷たちにキリスト教育を施し、その後に解放するべき」という「漸進的解放」論で反論した。

選挙の結果は3人の候補のうち最多得票での当選だった。",選挙戦中、グラッドストンはどんな呼び方で批判されましたか?,「悪名高い奴隷農場主の息子」,Syntactic variation
17682,141,ウィリアム・グラッドストン,"旅行を中断して帰国し、1832年8月からニューアーク選挙区で選挙活動に入った。トーリー党選対事務所が全力で支えてくれたおかげで、活発な選挙活動が可能となった。しかし当時植民地奴隷制廃止運動が盛んだったため、選挙戦中にもっとも頻繁に受けた攻撃は「悪名高い奴隷農場主の息子」という批判だった。これに対して彼は「植民地の奴隷の即時解放は白人に対する暴動を誘発する恐れがある。それを防ぐためにはまず奴隷たちにキリスト教育を施し、その後に解放するべき」という「漸進的解放」論で反論した。

選挙の結果は3人の候補のうち最多得票での当選だった。",「悪名高い奴隷農場主の息子」という批判に対してグラッドストンが出した対案とは?,「漸進的解放」,Lexical variation (synonymy)
17683,142,ウィリアム・グラッドストン,"1833年1月に議会が招集された(この会期からトーリー党は保守党という名称を使用するようになった)。

グラッドストンは、6月3日の庶民院で処女演説(英語版)を行った。この数日前に与党ホイッグ党の議員が父の奴隷農場を攻撃する演説を行っており、彼の演説は「漸進的解放」論を唱えてそれに反論するものだった。

このような考え方の議員は少なくなかったし、またグラッドストンの演説態度は真面目だったので好評を博したという。与党ホイッグ党の庶民院院内総務オールトラップ子爵も、国王ウィリアム4世に前途有望な議員としてグラッドストンのことを報告している。ウィリアム4世は「朕はグラッドストンのごとき前途有望な議員が進出したことを喜ぶ」と応じたという。",グラッドストンの初演説で彼が唱えたことは何ですか?,「漸進的解放」,Lexical variation (synonymy)
17684,142,ウィリアム・グラッドストン,"1833年1月に議会が招集された(この会期からトーリー党は保守党という名称を使用するようになった)。

グラッドストンは、6月3日の庶民院で処女演説(英語版)を行った。この数日前に与党ホイッグ党の議員が父の奴隷農場を攻撃する演説を行っており、彼の演説は「漸進的解放」論を唱えてそれに反論するものだった。

このような考え方の議員は少なくなかったし、またグラッドストンの演説態度は真面目だったので好評を博したという。与党ホイッグ党の庶民院院内総務オールトラップ子爵も、国王ウィリアム4世に前途有望な議員としてグラッドストンのことを報告している。ウィリアム4世は「朕はグラッドストンのごとき前途有望な議員が進出したことを喜ぶ」と応じたという。",グラッドストンの初演説は何年のことですか?,1833年,Multiple sentence reasoning
17685,143,ウィリアム・グラッドストン,"1834年11月、国王ウィリアム4世はホイッグ党の首相メルバーン子爵を罷免し、保守党党首サー・ロバート・ピール准男爵に組閣の大命を与えた(第1次ピール内閣)。

グラッドストンは第一大蔵卿(首相)を補佐する下級大蔵卿(JuniorLordoftheTreasury)に任命された。この役職は複数人置かれる役職なので、各省に一人ずつ置かれる政務次官(Undersecretary)と比べると地位は低いが、首相の側近くにあることから政府全般の事務に関与する役職だった。

王の気まぐれで政権についたピール政権は少数与党政権であったため、1835年1月にも解散総選挙(英語版)となった。この選挙ではホイッグ党がニューアーク選挙区に対立候補を立てなかったので、グラッドストンは無投票再選を決めている。総選挙全体の結果は、保守党が100議席回復して300議席近くを獲得した(ただし過半数には届かず)。",グラッドストンが第1次ピール内閣で補佐した人物は誰ですか?,サー・ロバート・ピール,Multiple sentence reasoning
17686,143,ウィリアム・グラッドストン,"1834年11月、国王ウィリアム4世はホイッグ党の首相メルバーン子爵を罷免し、保守党党首サー・ロバート・ピール准男爵に組閣の大命を与えた(第1次ピール内閣)。

グラッドストンは第一大蔵卿(首相)を補佐する下級大蔵卿(JuniorLordoftheTreasury)に任命された。この役職は複数人置かれる役職なので、各省に一人ずつ置かれる政務次官(Undersecretary)と比べると地位は低いが、首相の側近くにあることから政府全般の事務に関与する役職だった。

王の気まぐれで政権についたピール政権は少数与党政権であったため、1835年1月にも解散総選挙(英語版)となった。この選挙ではホイッグ党がニューアーク選挙区に対立候補を立てなかったので、グラッドストンは無投票再選を決めている。総選挙全体の結果は、保守党が100議席回復して300議席近くを獲得した(ただし過半数には届かず)。",グラッドストンが第1次ピール内閣で務めた職務は何ですか?,下級大蔵卿,Syntactic variation
17687,144,ウィリアム・グラッドストン,"先の総選挙で陸軍・植民地省政務次官(英語版)が落選したため、ピールは、父が植民地大地主で植民地問題に造詣が深いであろうグラッドストンをその後任にした。当時の陸軍・植民地大臣は貴族院議員アバディーン伯爵だったため、グラッドストンは庶民院における陸軍・植民地省の代表者となった。

新議会が召集されると野党ホイッグ党党庶民院院内総務(英語版)ジョン・ラッセル卿が、アイルランド国教会の収入を国教会以外の目的にも使用するべきとする動議を提出したが(アイルランド人はカトリックが多数派だが、アイルランド国教会に教会税を納めさせられていたため、強い反発が起こっていた)、与党保守党はこの動議に反対した。グラッドストンもアイルランドにおける国教会制度を崩壊させるものとして反対演説を行った。しかしこの動議は1835年4月7日に可決されたため、ピール内閣は総辞職に追い込まれた。グラッドストンも就任から三カ月で陸軍・植民地省政務次官を辞することとなった。

代わってホイッグ党党首メルバーン子爵に組閣の大命があり、第二次メルバーン子爵内閣(英語版)が発足した。この政権は1841年まで続き、その間保守党は野党となった。",グラッドストンが庶民院で代表を務めたのはどの省ですか?,陸軍・植民地省,Syntactic variation
17688,144,ウィリアム・グラッドストン,"先の総選挙で陸軍・植民地省政務次官(英語版)が落選したため、ピールは、父が植民地大地主で植民地問題に造詣が深いであろうグラッドストンをその後任にした。当時の陸軍・植民地大臣は貴族院議員アバディーン伯爵だったため、グラッドストンは庶民院における陸軍・植民地省の代表者となった。

新議会が召集されると野党ホイッグ党党庶民院院内総務(英語版)ジョン・ラッセル卿が、アイルランド国教会の収入を国教会以外の目的にも使用するべきとする動議を提出したが(アイルランド人はカトリックが多数派だが、アイルランド国教会に教会税を納めさせられていたため、強い反発が起こっていた)、与党保守党はこの動議に反対した。グラッドストンもアイルランドにおける国教会制度を崩壊させるものとして反対演説を行った。しかしこの動議は1835年4月7日に可決されたため、ピール内閣は総辞職に追い込まれた。グラッドストンも就任から三カ月で陸軍・植民地省政務次官を辞することとなった。

代わってホイッグ党党首メルバーン子爵に組閣の大命があり、第二次メルバーン子爵内閣(英語版)が発足した。この政権は1841年まで続き、その間保守党は野党となった。",グラッドストン陸軍・植民地省政務次官を務めたのはどれくらいの間ですか?,三カ月,Lexical variation (world knowledge)
17689,145,ウィリアム・グラッドストン,"下野して時間に余裕ができたグラッドストンは改めて宗教問題に関心を寄せた。1830年代はオックスフォード運動の影響で宗教問題がイギリスで盛んになっていた時期だった。

この頃、エディンバラ大学神学教授トーマス・チャーマーズは「国家は宗教の真理を定める義務を負っているが、全体像だけ決めればよく、細部は神学者に任せるべきである」という主張を行っていたが、グラッドストンはこれに強く反発した。また自由主義者による無宗教の風潮、アイルランド国教会廃止を狙う勢力の台頭にも脅威を感じ、国教会を守るための執筆を行う決意を固めた。

そうして書きあげた『教会との関係における国家』を1838年秋に出版した。この著作の中でグラッドストンは「国家は人間と同じく一つの宗教を良心として奉じなければならず、それはローマ教会よりも純粋なキリスト教であるイングランド国教会以外はありえない。だから国家は国教会を優遇して援助しなければならない。アイルランド人にも彼らが好むと好まざるとに関わらず、唯一の真理である国教会を信仰させなければならない。教義の比較検討は、チャルマーズが言うような""細部""にあたるものではなく重要なことである。国家はその宗教的良心に照らし合わせて、各教義を比較検討し、真理と虚偽を峻別する義務を負っている。」と主張した。この本は保守派から好評を博したが、自由主義派からは一顧だにされなかった。保守党党首ながら自由主義的なところがあるピールも「こんな下らない本を書いていたら、彼は政治生命を台無しにしてしまうぞ」と述べて心配したという。",宗教の真理を定めることに置いて国家の領域を制限し神学者の力を促すべきと主張したのは誰ですか?,トーマス・チャーマーズ,Lexical variation (synonymy)
17690,145,ウィリアム・グラッドストン,"下野して時間に余裕ができたグラッドストンは改めて宗教問題に関心を寄せた。1830年代はオックスフォード運動の影響で宗教問題がイギリスで盛んになっていた時期だった。

この頃、エディンバラ大学神学教授トーマス・チャーマーズは「国家は宗教の真理を定める義務を負っているが、全体像だけ決めればよく、細部は神学者に任せるべきである」という主張を行っていたが、グラッドストンはこれに強く反発した。また自由主義者による無宗教の風潮、アイルランド国教会廃止を狙う勢力の台頭にも脅威を感じ、国教会を守るための執筆を行う決意を固めた。

そうして書きあげた『教会との関係における国家』を1838年秋に出版した。この著作の中でグラッドストンは「国家は人間と同じく一つの宗教を良心として奉じなければならず、それはローマ教会よりも純粋なキリスト教であるイングランド国教会以外はありえない。だから国家は国教会を優遇して援助しなければならない。アイルランド人にも彼らが好むと好まざるとに関わらず、唯一の真理である国教会を信仰させなければならない。教義の比較検討は、チャルマーズが言うような""細部""にあたるものではなく重要なことである。国家はその宗教的良心に照らし合わせて、各教義を比較検討し、真理と虚偽を峻別する義務を負っている。」と主張した。この本は保守派から好評を博したが、自由主義派からは一顧だにされなかった。保守党党首ながら自由主義的なところがあるピールも「こんな下らない本を書いていたら、彼は政治生命を台無しにしてしまうぞ」と述べて心配したという。",トーマス・チャーマーズの主張に反発しグラッドストンが出した著作のタイトルは?,『教会との関係における国家』,Multiple sentence reasoning
17691,146,ウィリアム・グラッドストン,"メルバーン卿の議会における求心力は低下し続け、1841年6月4日には保守党提出の内閣不信任案が1票差で可決された。メルバーン卿はヴィクトリア女王に上奏して解散総選挙(英語版)に打って出たが、保守党の勝利に終わった。グラッドストンもニューアーク選挙区から圧勝で再選した。メルバーン卿は召集された議会で敗北して総辞職し、代わってピールが組閣の大命を受け、第二次ピール内閣(英語版)が発足した。

グラッドストンはアイルランド担当大臣(英語版)としての入閣を希望したが、ピールはグラッドストンにその地位を与えたらアイルランド人に国教会を押し付けることに利用するだろうと見ていた。ピールはグラッドストンに神学論争から離れてほしがっており、そのためにも実際的な仕事をさせようと商務庁副長官(英語版)のポストを与えた。商務庁長官は貴族院議員リポン伯爵だったため、グラッドストンが庶民院における商務庁代表者となった。グラッドストンは財政には門外漢だったが、この役職に就任したのを機に急速に財政に関する知識を身に付け、その勤勉さでリポン伯爵よりも商務庁の政務に精通するようになった。やがてリポン伯爵を傀儡にして商務庁の経済政策を主導するようになった。",メルバーン卿の内閣に内閣不信任案が可決したのはいつですか?,1841年6月4日,Syntactic variation
17692,146,ウィリアム・グラッドストン,"メルバーン卿の議会における求心力は低下し続け、1841年6月4日には保守党提出の内閣不信任案が1票差で可決された。メルバーン卿はヴィクトリア女王に上奏して解散総選挙(英語版)に打って出たが、保守党の勝利に終わった。グラッドストンもニューアーク選挙区から圧勝で再選した。メルバーン卿は召集された議会で敗北して総辞職し、代わってピールが組閣の大命を受け、第二次ピール内閣(英語版)が発足した。

グラッドストンはアイルランド担当大臣(英語版)としての入閣を希望したが、ピールはグラッドストンにその地位を与えたらアイルランド人に国教会を押し付けることに利用するだろうと見ていた。ピールはグラッドストンに神学論争から離れてほしがっており、そのためにも実際的な仕事をさせようと商務庁副長官(英語版)のポストを与えた。商務庁長官は貴族院議員リポン伯爵だったため、グラッドストンが庶民院における商務庁代表者となった。グラッドストンは財政には門外漢だったが、この役職に就任したのを機に急速に財政に関する知識を身に付け、その勤勉さでリポン伯爵よりも商務庁の政務に精通するようになった。やがてリポン伯爵を傀儡にして商務庁の経済政策を主導するようになった。",第二次ピール内閣での商務庁長官は誰ですか?,リポン伯爵,Syntactic variation
17693,147,ウィリアム・グラッドストン,"ピール内閣の経済政策は関税の引き下げによって殖産興業を促し、その間の一時的な減収は所得税を導入して補う事を基本としていた。
そして関税引き下げの具体的内容は商務庁、つまりグラッドストンに一任された。
グラッドストンは、与野党の意見を調整して、関税が定められている1200品目のうち750品目もの関税を廃止するか引き下げることに成功した。
さらに彼は穀物法で保護されている小麦についてもただちに自由貿易に移行させようとしたが、ピール首相が保守党の支持基盤である地主(保護貿易主義者が多い)に配慮してブレーキをかけた。
結局、小麦についてはスライド制にして段階的自由貿易を目指すことになった。
この関税問題を通じてグラッドストンは庶民院で何度も演説することになったため、雄弁家として高く評価されるようになり、「小ピール」とあだ名されるようになったという。",ピール内閣の関税政策の一環で廃止された品目は何品目ですか?,750品目,Multiple sentence reasoning
17694,147,ウィリアム・グラッドストン,"ピール内閣の経済政策は関税の引き下げによって殖産興業を促し、その間の一時的な減収は所得税を導入して補う事を基本としていた。
そして関税引き下げの具体的内容は商務庁、つまりグラッドストンに一任された。
グラッドストンは、与野党の意見を調整して、関税が定められている1200品目のうち750品目もの関税を廃止するか引き下げることに成功した。
さらに彼は穀物法で保護されている小麦についてもただちに自由貿易に移行させようとしたが、ピール首相が保守党の支持基盤である地主(保護貿易主義者が多い)に配慮してブレーキをかけた。
結局、小麦についてはスライド制にして段階的自由貿易を目指すことになった。
この関税問題を通じてグラッドストンは庶民院で何度も演説することになったため、雄弁家として高く評価されるようになり、「小ピール」とあだ名されるようになったという。",グラッドストンが自由貿易に移行しようとしたが、党内での反対で挫折された品目はどれですか?,小麦,Lexical variation (synonymy)
17695,148,ウィリアム・グラッドストン,"総辞職したパーマストン子爵内閣の後を受けて、1858年2月25日には保守党政権の第二次ダービー伯爵内閣が成立した。

1859年3月に大蔵大臣・庶民院院内総務ディズレーリが庶民院に提出した選挙法改正法案が否決されたことで解散総選挙(英語版)となり、保守党があと少しで過半数を獲得できるところまで議席を伸ばした。これに対する野党の危機感とイタリア統一戦争の勃発による自由主義ナショナリズムの盛り上がりを背景にホイッグ党の二大派閥(ジョン・ラッセル卿派とパーマストン子爵派)、ジョン・ブライト率いる急進派、ピール派が合同して自由党が結成された。

これによりグラッドストンも自由党議員となった。ダービー伯爵政権は少数与党政権なので野党が一つに団結すれば政権は維持できず、1859年5月にも自由党から内閣不信任案を突き付けられて内閣総辞職に追い込まれた。グラッドストンは自由党議員でありながらこの不信任案に反対票を投じた。グラッドストンは自由党を率いるパーマストン子爵と(保守党の大部分を占める親オーストリア派を排除した)保守党少数派を率いるダービー伯爵による連立政権を希望していたためといわれる。",第二次ダービー伯爵内閣が成立したのは何年ですか?,1858年,Syntactic variation
17696,148,ウィリアム・グラッドストン,"総辞職したパーマストン子爵内閣の後を受けて、1858年2月25日には保守党政権の第二次ダービー伯爵内閣が成立した。

1859年3月に大蔵大臣・庶民院院内総務ディズレーリが庶民院に提出した選挙法改正法案が否決されたことで解散総選挙(英語版)となり、保守党があと少しで過半数を獲得できるところまで議席を伸ばした。これに対する野党の危機感とイタリア統一戦争の勃発による自由主義ナショナリズムの盛り上がりを背景にホイッグ党の二大派閥(ジョン・ラッセル卿派とパーマストン子爵派)、ジョン・ブライト率いる急進派、ピール派が合同して自由党が結成された。

これによりグラッドストンも自由党議員となった。ダービー伯爵政権は少数与党政権なので野党が一つに団結すれば政権は維持できず、1859年5月にも自由党から内閣不信任案を突き付けられて内閣総辞職に追い込まれた。グラッドストンは自由党議員でありながらこの不信任案に反対票を投じた。グラッドストンは自由党を率いるパーマストン子爵と(保守党の大部分を占める親オーストリア派を排除した)保守党少数派を率いるダービー伯爵による連立政権を希望していたためといわれる。",自由党の結成はホイッグ党の急進派とどこの合同で行われましたか?,ピール派,Syntactic variation
17697,148,ウィリアム・グラッドストン,"総辞職したパーマストン子爵内閣の後を受けて、1858年2月25日には保守党政権の第二次ダービー伯爵内閣が成立した。

1859年3月に大蔵大臣・庶民院院内総務ディズレーリが庶民院に提出した選挙法改正法案が否決されたことで解散総選挙(英語版)となり、保守党があと少しで過半数を獲得できるところまで議席を伸ばした。これに対する野党の危機感とイタリア統一戦争の勃発による自由主義ナショナリズムの盛り上がりを背景にホイッグ党の二大派閥(ジョン・ラッセル卿派とパーマストン子爵派)、ジョン・ブライト率いる急進派、ピール派が合同して自由党が結成された。

これによりグラッドストンも自由党議員となった。ダービー伯爵政権は少数与党政権なので野党が一つに団結すれば政権は維持できず、1859年5月にも自由党から内閣不信任案を突き付けられて内閣総辞職に追い込まれた。グラッドストンは自由党議員でありながらこの不信任案に反対票を投じた。グラッドストンは自由党を率いるパーマストン子爵と(保守党の大部分を占める親オーストリア派を排除した)保守党少数派を率いるダービー伯爵による連立政権を希望していたためといわれる。",グラッドストンがダービー伯爵政権の不信任案に反対票を投げたのはどんな形式の政権を求めてのことでしたか?,連立政権,Lexical variation (synonymy)
17698,149,ウィリアム・グラッドストン,1868年12月1日、59歳の誕生日を目前にしたグラッドストンがハワーデン城で木を伐採していた時、女王の近臣であるチャールズ・グレイ将軍(英語版)がそちらへ向かうという電報が彼の下に届けられた。それを読んだグラッドストンは「非常に重大だ」と一言だけ述べ、木の伐採に戻ったという。その翌日にグレイ将軍が到着し、ウィンザー城への参内を求める勅書をグラッドストンに手渡した。グラッドストンはただちにウィンザー城へ向かい、12月3日に女王の引見を受けた。そこで組閣の大命を受けたグラッドストンはこれを拝受し、第一次グラッドストン内閣を組閣した。,チャールズ・グレイ将軍から電報を受けた時、グラッドストンは何をしていましたか?,伐採,Syntactic variation
17699,149,ウィリアム・グラッドストン,1868年12月1日、59歳の誕生日を目前にしたグラッドストンがハワーデン城で木を伐採していた時、女王の近臣であるチャールズ・グレイ将軍(英語版)がそちらへ向かうという電報が彼の下に届けられた。それを読んだグラッドストンは「非常に重大だ」と一言だけ述べ、木の伐採に戻ったという。その翌日にグレイ将軍が到着し、ウィンザー城への参内を求める勅書をグラッドストンに手渡した。グラッドストンはただちにウィンザー城へ向かい、12月3日に女王の引見を受けた。そこで組閣の大命を受けたグラッドストンはこれを拝受し、第一次グラッドストン内閣を組閣した。,グラッドストンが女王から第一次グラッドストン内閣を組閣の大命を受けたのは何年ですか?,1868年,Multiple sentence reasoning
17700,150,ウィリアム・グラッドストン,"1869年2月に新議会が招集された。グラッドストンは早速アイルランド国教会廃止法案を庶民院に提出した。自由党はアイルランド国教会問題を争点にして総選挙に勝利したのだから、庶民院でこの法案を止められる者はなく、法案は100票以上の大差をもって各読会を通過した。

問題は保守党が恒常的に多数を占める貴族院だった。さすがに総選挙で勝利した法案に表立って逆らうのは貴族院でも難しい情勢だったが、それでも貴族院(とりわけ利害関係のある聖職者議員)は条件闘争を行い、教会の財産問題をめぐって何度も庶民院への差し戻しを行った。だがジョン・ブライトが「貴族院がいつまでも頑固な態度を続けるなら、彼らは不利な立場に追いやられるかもしれない」と貴族院改革を臭わせる脅迫を行ったのが功を奏して、決定的な修正をされることなく、1871年になって法案は貴族院を通過した。

この法案の成立によりアイルランド国教会は公的地位を喪失して自由教会となった。アイルランド人が教会税を納める必要もなくなった。また国教会の残余財産900万ポンドは国教会廃止により損害を被った者への補償に充てることとなった。",グラッドストンが集権してすぐ、庶民院に出した法案は何ですか?,アイルランド国教会廃止法案,Lexical variation (world knowledge)
17701,150,ウィリアム・グラッドストン,"1869年2月に新議会が招集された。グラッドストンは早速アイルランド国教会廃止法案を庶民院に提出した。自由党はアイルランド国教会問題を争点にして総選挙に勝利したのだから、庶民院でこの法案を止められる者はなく、法案は100票以上の大差をもって各読会を通過した。

問題は保守党が恒常的に多数を占める貴族院だった。さすがに総選挙で勝利した法案に表立って逆らうのは貴族院でも難しい情勢だったが、それでも貴族院(とりわけ利害関係のある聖職者議員)は条件闘争を行い、教会の財産問題をめぐって何度も庶民院への差し戻しを行った。だがジョン・ブライトが「貴族院がいつまでも頑固な態度を続けるなら、彼らは不利な立場に追いやられるかもしれない」と貴族院改革を臭わせる脅迫を行ったのが功を奏して、決定的な修正をされることなく、1871年になって法案は貴族院を通過した。

この法案の成立によりアイルランド国教会は公的地位を喪失して自由教会となった。アイルランド人が教会税を納める必要もなくなった。また国教会の残余財産900万ポンドは国教会廃止により損害を被った者への補償に充てることとなった。",アイルランド国教会廃止法案がやっと貴族院を通過したのは何年ですか?,1871年,Syntactic variation
17702,151,ウィリアム・グラッドストン,"当時のイギリスにはまだ義務教育制度がなく、4割ほどの国民が小学校も出ていなかった。初等教育の内容も著しく不十分だったので、残りの6割の中でも小学校しか出ていない者は知識が乏しかった。初等教育においてイギリスは、プロイセン王国他ドイツ諸国やアメリカに先んじられていた。欧米型近代国家に生まれ変わるのが遅れた日本でも明治5年(1872年)には学制発布で義務教育制度の基礎が置かれたことを考えると、イギリスは欧米諸国としては義務教育制度導入が非常に遅れた国といえる。

普仏戦争のプロイセンの勝利やアメリカ南北戦争の北軍の勝利はプロイセンやアメリカ北部の初等教育の充実のためと主張されていた。また第二次選挙法改正で選挙権が労働者層上層部(熟練工)まで拡大している今、初等教育を充実させることは急務であるという意見も根強くなっていた。しかしそれでもなお義務教育導入はイギリスでは意見が分かれる問題だった。特に非国教徒は義務教育で国教会信仰の押し付けが行われることを恐れており、義務教育導入に反対する者が多かった。",日本に義務教育が導入されたのは西暦で何年ですか?,1872年,Syntactic variation
17703,151,ウィリアム・グラッドストン,"当時のイギリスにはまだ義務教育制度がなく、4割ほどの国民が小学校も出ていなかった。初等教育の内容も著しく不十分だったので、残りの6割の中でも小学校しか出ていない者は知識が乏しかった。初等教育においてイギリスは、プロイセン王国他ドイツ諸国やアメリカに先んじられていた。欧米型近代国家に生まれ変わるのが遅れた日本でも明治5年(1872年)には学制発布で義務教育制度の基礎が置かれたことを考えると、イギリスは欧米諸国としては義務教育制度導入が非常に遅れた国といえる。

普仏戦争のプロイセンの勝利やアメリカ南北戦争の北軍の勝利はプロイセンやアメリカ北部の初等教育の充実のためと主張されていた。また第二次選挙法改正で選挙権が労働者層上層部(熟練工)まで拡大している今、初等教育を充実させることは急務であるという意見も根強くなっていた。しかしそれでもなお義務教育導入はイギリスでは意見が分かれる問題だった。特に非国教徒は義務教育で国教会信仰の押し付けが行われることを恐れており、義務教育導入に反対する者が多かった。",当時のイギリスの国民のなか小学校を通うことができた国民の割合はどれくらいですか?,6割,Syntactic variation
17704,152,ウィリアム・グラッドストン,"グラッドストンはそうした反対を押し切ってでも義務教育を導入することを決意し、内閣で教育を所管している枢密院副議長ウィリアム・エドワード・フォースター(英語版)(急進派)に主導させて初等教育法案(英語版)を作成した。この法案は1870年に議会に提出され、急進派や非国教徒の激しい反発に遭いながらも、保守党の一部議員の賛成を得ることができ、なんとか両院を通過した。

この法律により「既存の学校は私立学校として宗教教育を自由にやってよいが、父兄から反対があった時はその子弟に対しては宗教教育をしてはならない」「学校がない地区には教育委員会の監督下に公立学校を設置・運営する。公立学校では特定宗派を引き立てる教育はしてはならない」「義務教育にするかどうかは各地区の教育委員会の判断にゆだねる」ことが定められた。

急進派であるフォースターはもともと既存の学校を全て買収して無宗教公立学校に変えたがっていたが、それは熱心な国教徒であるグラッドストンが許さなかったため、この辺りが落とし所となった。しかし急進派や非国教徒の不満はくすぶり続け、自由党内に埋めがたい亀裂が生じ、1875年の総選挙の惨敗につながることになる。",グラッドストン内閣でウィリアム・エドワード・フォースターが務めた職務は?,枢密院副議長,Lexical variation (synonymy)
17705,152,ウィリアム・グラッドストン,"グラッドストンはそうした反対を押し切ってでも義務教育を導入することを決意し、内閣で教育を所管している枢密院副議長ウィリアム・エドワード・フォースター(英語版)(急進派)に主導させて初等教育法案(英語版)を作成した。この法案は1870年に議会に提出され、急進派や非国教徒の激しい反発に遭いながらも、保守党の一部議員の賛成を得ることができ、なんとか両院を通過した。

この法律により「既存の学校は私立学校として宗教教育を自由にやってよいが、父兄から反対があった時はその子弟に対しては宗教教育をしてはならない」「学校がない地区には教育委員会の監督下に公立学校を設置・運営する。公立学校では特定宗派を引き立てる教育はしてはならない」「義務教育にするかどうかは各地区の教育委員会の判断にゆだねる」ことが定められた。

急進派であるフォースターはもともと既存の学校を全て買収して無宗教公立学校に変えたがっていたが、それは熱心な国教徒であるグラッドストンが許さなかったため、この辺りが落とし所となった。しかし急進派や非国教徒の不満はくすぶり続け、自由党内に埋めがたい亀裂が生じ、1875年の総選挙の惨敗につながることになる。",イギリスの義務教育導入に反対した2勢力は急進派の他、どの勢力ですか?,非国教徒,Syntactic variation
17706,152,ウィリアム・グラッドストン,"グラッドストンはそうした反対を押し切ってでも義務教育を導入することを決意し、内閣で教育を所管している枢密院副議長ウィリアム・エドワード・フォースター(英語版)(急進派)に主導させて初等教育法案(英語版)を作成した。この法案は1870年に議会に提出され、急進派や非国教徒の激しい反発に遭いながらも、保守党の一部議員の賛成を得ることができ、なんとか両院を通過した。

この法律により「既存の学校は私立学校として宗教教育を自由にやってよいが、父兄から反対があった時はその子弟に対しては宗教教育をしてはならない」「学校がない地区には教育委員会の監督下に公立学校を設置・運営する。公立学校では特定宗派を引き立てる教育はしてはならない」「義務教育にするかどうかは各地区の教育委員会の判断にゆだねる」ことが定められた。

急進派であるフォースターはもともと既存の学校を全て買収して無宗教公立学校に変えたがっていたが、それは熱心な国教徒であるグラッドストンが許さなかったため、この辺りが落とし所となった。しかし急進派や非国教徒の不満はくすぶり続け、自由党内に埋めがたい亀裂が生じ、1875年の総選挙の惨敗につながることになる。",グラッドストンの集権が終わったのは何年ですか?,1875年,Logical reasoning
17707,153,トゲウオ科,"トゲウオ科(トゲウオか、英:Sticklebacks、学名:Gasterosteidae)は、トゲウオ目に所属する魚類の分類群の一つ。
独特な巣作りや求愛および子育てなど、よく発達した繁殖行動を示すことで知られ、動物行動学の研究対象として利用される一群である。
イトヨ・トミヨなど少なくとも5属8種が認められているが、1つの「種」の中に多様な生態および形態学的特徴を示す個体群が存在し、実際にはさらに多くの種が含まれることが確実視されている。",トゲウオ科は現在何属が認められているの?,5属,Multiple sentence reasoning
17708,153,トゲウオ科,"トゲウオ科(トゲウオか、英:Sticklebacks、学名:Gasterosteidae)は、トゲウオ目に所属する魚類の分類群の一つ。
独特な巣作りや求愛および子育てなど、よく発達した繁殖行動を示すことで知られ、動物行動学の研究対象として利用される一群である。
イトヨ・トミヨなど少なくとも5属8種が認められているが、1つの「種」の中に多様な生態および形態学的特徴を示す個体群が存在し、実際にはさらに多くの種が含まれることが確実視されている。",トゲウオ科は現在何種が認められているの?,8種,Multiple sentence reasoning
17709,153,トゲウオ科,"トゲウオ科(トゲウオか、英:Sticklebacks、学名:Gasterosteidae)は、トゲウオ目に所属する魚類の分類群の一つ。
独特な巣作りや求愛および子育てなど、よく発達した繁殖行動を示すことで知られ、動物行動学の研究対象として利用される一群である。
イトヨ・トミヨなど少なくとも5属8種が認められているが、1つの「種」の中に多様な生態および形態学的特徴を示す個体群が存在し、実際にはさらに多くの種が含まれることが確実視されている。",イトヨとトミヨは何科の魚類ですか?,トゲウオ科,Multiple sentence reasoning
17710,153,トゲウオ科,"トゲウオ科(トゲウオか、英:Sticklebacks、学名:Gasterosteidae)は、トゲウオ目に所属する魚類の分類群の一つ。
独特な巣作りや求愛および子育てなど、よく発達した繁殖行動を示すことで知られ、動物行動学の研究対象として利用される一群である。
イトヨ・トミヨなど少なくとも5属8種が認められているが、1つの「種」の中に多様な生態および形態学的特徴を示す個体群が存在し、実際にはさらに多くの種が含まれることが確実視されている。",トゲウオ科の学名は何?,Gasterosteidae,Syntactic variation
17711,154,トゲウオ科,"トゲウオ科の仲間は細長い体をもつもの、体高の高いものなど様々な体型をもつ。
通常は体長10cm未満の小型魚類で、最大で全長18cmほどに成長する。
体側には硬い鱗板が並び、一般に淡水性の種は海水・汽水性のものよりも鱗板の数が少ない。
背鰭の棘条はよく発達し、3-16本が独立して並ぶ。
腹鰭は1棘1-2軟条だが、一部の地域個体群では腹鰭の骨格を失っていることが知られている。
背鰭軟条は6-14本、尾鰭の鰭条は通常12本。
後擬鎖骨を欠き、眼窩周囲の骨は後部で欠損する。
鰓条骨は3本、椎骨は28-42個。
イトヨ種群は生態だけでなく形態の多様性も高いことが知られている。
多くが3本の背鰭棘条をもつ一方で、2あるいは4本の個体も存在する。",トゲウオ科の仲間は通常どれくらいのサイズですか?,10cm未満,Multiple sentence reasoning
17712,154,トゲウオ科,"トゲウオ科の仲間は細長い体をもつもの、体高の高いものなど様々な体型をもつ。
通常は体長10cm未満の小型魚類で、最大で全長18cmほどに成長する。
体側には硬い鱗板が並び、一般に淡水性の種は海水・汽水性のものよりも鱗板の数が少ない。
背鰭の棘条はよく発達し、3-16本が独立して並ぶ。
腹鰭は1棘1-2軟条だが、一部の地域個体群では腹鰭の骨格を失っていることが知られている。
背鰭軟条は6-14本、尾鰭の鰭条は通常12本。
後擬鎖骨を欠き、眼窩周囲の骨は後部で欠損する。
鰓条骨は3本、椎骨は28-42個。
イトヨ種群は生態だけでなく形態の多様性も高いことが知られている。
多くが3本の背鰭棘条をもつ一方で、2あるいは4本の個体も存在する。",トゲウオ科の仲間は最大でどれくらいまで成長するの?,18cm,Multiple sentence reasoning
17713,154,トゲウオ科,"トゲウオ科の仲間は細長い体をもつもの、体高の高いものなど様々な体型をもつ。
通常は体長10cm未満の小型魚類で、最大で全長18cmほどに成長する。
体側には硬い鱗板が並び、一般に淡水性の種は海水・汽水性のものよりも鱗板の数が少ない。
背鰭の棘条はよく発達し、3-16本が独立して並ぶ。
腹鰭は1棘1-2軟条だが、一部の地域個体群では腹鰭の骨格を失っていることが知られている。
背鰭軟条は6-14本、尾鰭の鰭条は通常12本。
後擬鎖骨を欠き、眼窩周囲の骨は後部で欠損する。
鰓条骨は3本、椎骨は28-42個。
イトヨ種群は生態だけでなく形態の多様性も高いことが知られている。
多くが3本の背鰭棘条をもつ一方で、2あるいは4本の個体も存在する。",本数が多いのは背鰭軟条と尾鰭の鰭条のどちらですか?,背鰭軟条,Logical reasoning
17714,155,トゲウオ科,"トゲウオ科魚類は一般的に流れの緩やかな河川や湖沼、あるいは沿岸の浅い海で暮らし、水底付近を遊泳して生活する底生魚である。
強靭な背鰭棘条を備えているものの、大型の魚類や鳥類にしばしば捕食され、それぞれの生態系における食物連鎖の中で重要な存在となっている。",大型魚類や鳥類の生態系における食物連鎖の中で重要な存在となっている魚類は何ですか?,トゲウオ科魚類,Multiple sentence reasoning
17715,155,トゲウオ科,"トゲウオ科魚類は一般的に流れの緩やかな河川や湖沼、あるいは沿岸の浅い海で暮らし、水底付近を遊泳して生活する底生魚である。
強靭な背鰭棘条を備えているものの、大型の魚類や鳥類にしばしば捕食され、それぞれの生態系における食物連鎖の中で重要な存在となっている。",トゲウオ科魚類は水中以外では何から捕食されますか?,鳥類,Multiple sentence reasoning
17716,155,トゲウオ科,"トゲウオ科魚類は一般的に流れの緩やかな河川や湖沼、あるいは沿岸の浅い海で暮らし、水底付近を遊泳して生活する底生魚である。
強靭な背鰭棘条を備えているものの、大型の魚類や鳥類にしばしば捕食され、それぞれの生態系における食物連鎖の中で重要な存在となっている。",トゲウオ科は背鰭に何を備えているの?,背鰭棘条,Syntactic variation
17717,156,トゲウオ科,"トゲウオ類はすべての種が、雄による巣作りと卵塊の保護を行う。
海産種は海藻を、淡水産種は水草または水底を利用した巣を形成する。
本科魚類は進化学・遺伝学・動物行動学・生理学の研究対象として古くから利用され、多くの業績が導かれている。
オランダの動物行動学者であるニコ・ティンバーゲンは、イトヨの本能行動を詳細に解析した研究により、1973年のノーベル生理学・医学賞を受賞している。",巣作りを行うのはトゲウオ類の中で雄と雌のどちらですか?,雄,Lexical variation (world knowledge)
17718,156,トゲウオ科,"トゲウオ類はすべての種が、雄による巣作りと卵塊の保護を行う。
海産種は海藻を、淡水産種は水草または水底を利用した巣を形成する。
本科魚類は進化学・遺伝学・動物行動学・生理学の研究対象として古くから利用され、多くの業績が導かれている。
オランダの動物行動学者であるニコ・ティンバーゲンは、イトヨの本能行動を詳細に解析した研究により、1973年のノーベル生理学・医学賞を受賞している。",卵塊を保護するのはトゲウオ類の中で雄と雌のどちらですか?,雄,Lexical variation (world knowledge)
17719,156,トゲウオ科,"トゲウオ類はすべての種が、雄による巣作りと卵塊の保護を行う。
海産種は海藻を、淡水産種は水草または水底を利用した巣を形成する。
本科魚類は進化学・遺伝学・動物行動学・生理学の研究対象として古くから利用され、多くの業績が導かれている。
オランダの動物行動学者であるニコ・ティンバーゲンは、イトヨの本能行動を詳細に解析した研究により、1973年のノーベル生理学・医学賞を受賞している。",ニコ・ティンバーゲンが1973年にノーベル賞を受賞した時に研究対象だった生物は何でしたか?,イトヨ,Lexical variation (world knowledge)
17720,156,トゲウオ科,"トゲウオ類はすべての種が、雄による巣作りと卵塊の保護を行う。
海産種は海藻を、淡水産種は水草または水底を利用した巣を形成する。
本科魚類は進化学・遺伝学・動物行動学・生理学の研究対象として古くから利用され、多くの業績が導かれている。
オランダの動物行動学者であるニコ・ティンバーゲンは、イトヨの本能行動を詳細に解析した研究により、1973年のノーベル生理学・医学賞を受賞している。",イトヨの研究によってノーベル賞を受賞した学者は誰でしたか?,ニコ・ティンバーゲン,Lexical variation (synonymy)
17721,157,トゲウオ科,"トゲウオ類、特にイトヨ属の雄が示す繁殖行動の特徴として、鮮やかな婚姻色、分泌物を利用した巣作り、求愛のダンス、および卵の世話が挙げられる。
繁殖期を迎えた雄の腹部は赤色を呈し、水底に縄張りを形成するようになる。
腎臓から分泌される特殊な粘液状の物質(グル―)を使って巣作りをし、ジグザグに泳ぐ独特なダンスによって雌を呼び込む。
背鰭の棘条で突き上げる仕草(ブリッキング)によって巣に誘導された雌は、数十秒かけて産卵した後ただちに雄から追い立てられ、子育てに参加することはない。",グルーが分泌される部位はどこですか?,腎臓,Lexical variation (world knowledge)
17722,157,トゲウオ科,"トゲウオ類、特にイトヨ属の雄が示す繁殖行動の特徴として、鮮やかな婚姻色、分泌物を利用した巣作り、求愛のダンス、および卵の世話が挙げられる。
繁殖期を迎えた雄の腹部は赤色を呈し、水底に縄張りを形成するようになる。
腎臓から分泌される特殊な粘液状の物質(グル―)を使って巣作りをし、ジグザグに泳ぐ独特なダンスによって雌を呼び込む。
背鰭の棘条で突き上げる仕草(ブリッキング)によって巣に誘導された雌は、数十秒かけて産卵した後ただちに雄から追い立てられ、子育てに参加することはない。",背鰭の棘条で突き上げる仕草を何といいますか?,ブリッキング,Lexical variation (world knowledge)
17723,157,トゲウオ科,"トゲウオ類、特にイトヨ属の雄が示す繁殖行動の特徴として、鮮やかな婚姻色、分泌物を利用した巣作り、求愛のダンス、および卵の世話が挙げられる。
繁殖期を迎えた雄の腹部は赤色を呈し、水底に縄張りを形成するようになる。
腎臓から分泌される特殊な粘液状の物質(グル―)を使って巣作りをし、ジグザグに泳ぐ独特なダンスによって雌を呼び込む。
背鰭の棘条で突き上げる仕草(ブリッキング)によって巣に誘導された雌は、数十秒かけて産卵した後ただちに雄から追い立てられ、子育てに参加することはない。",繁殖期に雄の腹部は何色になりますか?,赤色,Syntactic variation
17724,158,トゲウオ科,"こうして何匹かの雌に卵を産ませると、雄は巣をグル―によってさらに固め、卵塊を保護する。
雄は鰭を使って卵に新鮮な水流を送り(ファニング)、胚発生が進むにつれて徐々に巣を壊し、充分な酸素が供給されるようにする。
孵化した仔魚はしばらく巣にとどまり、離れた仔魚を雄が口に入れて連れ戻す姿が観察される。",雄が鰭を使って卵に新鮮な水流を送る行為を何といいますか?,ファニング,Lexical variation (world knowledge)
17725,159,トゲウオ科,"本科の中で最も原始的な群とされるウミトゲウオでは、繁殖行動はやや単純化されている。
海産の本種は藻場に縄張りをもち、海藻の根元に鳥の巣に似た巣を形成する。
雄は求愛のダンスはせず、巣に近づくものは雌雄を問わず攻撃する。
産卵の意思をもつ雌は攻撃にひるまず、これを確認した雄は吻を巣に突っ込んだり、雌の尾柄をかんだりして巣に誘導する。
産卵と受精が済むと、イトヨと同じように雌は雄の攻撃によってすぐに巣から追い払われる。
これを何度か繰り返した後、雄はファニングで新鮮な水を卵塊に送り、胚の成長につれてその頻度が増加する。
ウミトゲウオの雄は他の巣に産み付けられた卵を奪い、元親に代わって育てるという特異な習性も知られている。
この習性の意義はよくわかっていないが、繁殖経験を有する(強い)雄であることを雌にアピールしている可能性が指摘されている。",トゲウオ科の中で最も原始的な群とされる種類は何ですか?,ウミトゲウオ,Lexical variation (world knowledge)
17726,159,トゲウオ科,"本科の中で最も原始的な群とされるウミトゲウオでは、繁殖行動はやや単純化されている。
海産の本種は藻場に縄張りをもち、海藻の根元に鳥の巣に似た巣を形成する。
雄は求愛のダンスはせず、巣に近づくものは雌雄を問わず攻撃する。
産卵の意思をもつ雌は攻撃にひるまず、これを確認した雄は吻を巣に突っ込んだり、雌の尾柄をかんだりして巣に誘導する。
産卵と受精が済むと、イトヨと同じように雌は雄の攻撃によってすぐに巣から追い払われる。
これを何度か繰り返した後、雄はファニングで新鮮な水を卵塊に送り、胚の成長につれてその頻度が増加する。
ウミトゲウオの雄は他の巣に産み付けられた卵を奪い、元親に代わって育てるという特異な習性も知られている。
この習性の意義はよくわかっていないが、繁殖経験を有する(強い)雄であることを雌にアピールしている可能性が指摘されている。",雄が他の巣に産み付けられた卵を奪い、元親に代わって育てるという習性を持つ種類は何ですか?,ウミトゲウオ,Lexical variation (world knowledge)
17727,159,トゲウオ科,"本科の中で最も原始的な群とされるウミトゲウオでは、繁殖行動はやや単純化されている。
海産の本種は藻場に縄張りをもち、海藻の根元に鳥の巣に似た巣を形成する。
雄は求愛のダンスはせず、巣に近づくものは雌雄を問わず攻撃する。
産卵の意思をもつ雌は攻撃にひるまず、これを確認した雄は吻を巣に突っ込んだり、雌の尾柄をかんだりして巣に誘導する。
産卵と受精が済むと、イトヨと同じように雌は雄の攻撃によってすぐに巣から追い払われる。
これを何度か繰り返した後、雄はファニングで新鮮な水を卵塊に送り、胚の成長につれてその頻度が増加する。
ウミトゲウオの雄は他の巣に産み付けられた卵を奪い、元親に代わって育てるという特異な習性も知られている。
この習性の意義はよくわかっていないが、繁殖経験を有する(強い)雄であることを雌にアピールしている可能性が指摘されている。",ウミトゲウオはどこに縄張りを持ちますか?,藻場,Multiple sentence reasoning
17728,159,トゲウオ科,"本科の中で最も原始的な群とされるウミトゲウオでは、繁殖行動はやや単純化されている。
海産の本種は藻場に縄張りをもち、海藻の根元に鳥の巣に似た巣を形成する。
雄は求愛のダンスはせず、巣に近づくものは雌雄を問わず攻撃する。
産卵の意思をもつ雌は攻撃にひるまず、これを確認した雄は吻を巣に突っ込んだり、雌の尾柄をかんだりして巣に誘導する。
産卵と受精が済むと、イトヨと同じように雌は雄の攻撃によってすぐに巣から追い払われる。
これを何度か繰り返した後、雄はファニングで新鮮な水を卵塊に送り、胚の成長につれてその頻度が増加する。
ウミトゲウオの雄は他の巣に産み付けられた卵を奪い、元親に代わって育てるという特異な習性も知られている。
この習性の意義はよくわかっていないが、繁殖経験を有する(強い)雄であることを雌にアピールしている可能性が指摘されている。",イトヨと同じく雌の産卵と受精後に雄が雌を攻撃する種類とは何ですか?,ウミトゲウオ,Multiple sentence reasoning
17729,160,トゲウオ科,"同じトゲウオ亜目に所属する近縁のシワイカナゴ科・クダヤガラ科にも、類似の行動が知られているが、トゲウオ科の繁殖行動はより複雑に特化している。
トゲウオ亜目の中で最も原始的なグループとして位置付けられるシワイカナゴ科では、卵は海藻にそのまま産み付けられ、むき出しのままである。
雄は卵をつついて固める動作をするが、その後は特に保護することもなく、巣から離れてしまう。
クダヤガラ科のチューブスナウトでは海藻を束ねた簡素な巣を作るようになるが、やはり孵化まで卵を見守ることはない。",トゲウオ亜目の中で最も原始的なグループとして位置付けられるのは何科ですか?,シワイカナゴ科,Syntactic variation
17730,160,トゲウオ科,"同じトゲウオ亜目に所属する近縁のシワイカナゴ科・クダヤガラ科にも、類似の行動が知られているが、トゲウオ科の繁殖行動はより複雑に特化している。
トゲウオ亜目の中で最も原始的なグループとして位置付けられるシワイカナゴ科では、卵は海藻にそのまま産み付けられ、むき出しのままである。
雄は卵をつついて固める動作をするが、その後は特に保護することもなく、巣から離れてしまう。
クダヤガラ科のチューブスナウトでは海藻を束ねた簡素な巣を作るようになるが、やはり孵化まで卵を見守ることはない。",卵を海藻に産み付けても巣を作らないのは何科のトゲウオですか?,シワイカナゴ科,Lexical variation (synonymy)
17731,160,トゲウオ科,"同じトゲウオ亜目に所属する近縁のシワイカナゴ科・クダヤガラ科にも、類似の行動が知られているが、トゲウオ科の繁殖行動はより複雑に特化している。
トゲウオ亜目の中で最も原始的なグループとして位置付けられるシワイカナゴ科では、卵は海藻にそのまま産み付けられ、むき出しのままである。
雄は卵をつついて固める動作をするが、その後は特に保護することもなく、巣から離れてしまう。
クダヤガラ科のチューブスナウトでは海藻を束ねた簡素な巣を作るようになるが、やはり孵化まで卵を見守ることはない。",卵を海藻に産み付けて、簡単にでも巣を作るのは何科のトゲウオですか?,クダヤガラ科,Lexical variation (synonymy)
17732,160,トゲウオ科,"同じトゲウオ亜目に所属する近縁のシワイカナゴ科・クダヤガラ科にも、類似の行動が知られているが、トゲウオ科の繁殖行動はより複雑に特化している。
トゲウオ亜目の中で最も原始的なグループとして位置付けられるシワイカナゴ科では、卵は海藻にそのまま産み付けられ、むき出しのままである。
雄は卵をつついて固める動作をするが、その後は特に保護することもなく、巣から離れてしまう。
クダヤガラ科のチューブスナウトでは海藻を束ねた簡素な巣を作るようになるが、やはり孵化まで卵を見守ることはない。",シワイカナゴ科とシワイカナゴ科は卵をどこに産み付けますか?,海藻,Multiple sentence reasoning
17733,161,トゲウオ科,"これがトゲウオ科になると、前述の通りスピナキア属は束ねた海藻にグル―を用いて巣材を付着させ、新鮮な水流を送るといった保護行動が伴うようになる。
さらに派生的な群であるトミヨ属・アペルテス属やクレア属では海藻(水草)を束ねることはせず、より多くの巣材を付着させることによって卵塊を露出させないようにする。
イトヨ属は水草を使わずに水底に巣を作り、卵の保護と子育ての様式がさらに発達している。
卵塊の隠蔽とファニングの必要性はトレードオフの関係にあり、卵を隠せば被捕食率は下がるが、新鮮な水を供給し続けなければならなくなる。
形態だけでなく、このような行動様式の進化にも着目することが、トゲウオ亜目内の分類体系確立に寄与するものと考えられる。",束ねた海藻にグル―を用いて巣材を付着させ、新鮮な水流を送るといった保護行動を行うのは何属ですか?,スピナキア属,Syntactic variation
17734,162,トゲウオ科,"トゲウオ科の魚類は北半球の淡水・汽水域、および沿岸海域にかけて幅広く分布する。
本科に記載される5属のうち、スピナキア属(ウミトゲウオSpinachiaspinachiaのみ)は海産で、北欧の大西洋岸に生息する。
イトヨ属の1種(Gasterosteuswheatlandi)およびアペルテス属(Apeltesquadracusのみ)も通常は海水魚で、北アメリカ北東部の大西洋岸に産する。",トゲウオ科の魚類が幅広く分布するのは北半球と南半球のどちらか?,北半球,Lexical variation (world knowledge)
17735,162,トゲウオ科,"トゲウオ科の魚類は北半球の淡水・汽水域、および沿岸海域にかけて幅広く分布する。
本科に記載される5属のうち、スピナキア属(ウミトゲウオSpinachiaspinachiaのみ)は海産で、北欧の大西洋岸に生息する。
イトヨ属の1種(Gasterosteuswheatlandi)およびアペルテス属(Apeltesquadracusのみ)も通常は海水魚で、北アメリカ北東部の大西洋岸に産する。",トゲウオ科の魚類が多く分布しているのはどんな水域?,淡水・汽水域,Lexical variation (world knowledge)
17736,162,トゲウオ科,"トゲウオ科の魚類は北半球の淡水・汽水域、および沿岸海域にかけて幅広く分布する。
本科に記載される5属のうち、スピナキア属(ウミトゲウオSpinachiaspinachiaのみ)は海産で、北欧の大西洋岸に生息する。
イトヨ属の1種(Gasterosteuswheatlandi)およびアペルテス属(Apeltesquadracusのみ)も通常は海水魚で、北アメリカ北東部の大西洋岸に産する。",スピナキア属、アペルテス属、イトヨ属の中で北欧の大西洋岸に生息しているものはどれですか?,スピナキア属,Multiple sentence reasoning
17737,163,トゲウオ科,"イトヨ種群(G.aculeatuscomplex)には海性・淡水性・遡河回遊性など、多様な生態をもつ個体群が含まれる。
北アメリカの太平洋・大西洋岸、日本を含めたユーラシア大陸および北極海の一部に至る広大な範囲に分布し、特に標高100m未満の低地に多い。
カナダ・ブリティッシュコロンビア州のハイダ・グワイ(クイーンシャーロット諸島)には、体長20cm(通常は8cm未満)に達する大型個体群が存在し、同所的種分化の例として知られている。",イトヨ種群が多く分布しているのは標高何m未満の低地ですか?,100m未満,Multiple sentence reasoning
17738,163,トゲウオ科,"イトヨ種群(G.aculeatuscomplex)には海性・淡水性・遡河回遊性など、多様な生態をもつ個体群が含まれる。
北アメリカの太平洋・大西洋岸、日本を含めたユーラシア大陸および北極海の一部に至る広大な範囲に分布し、特に標高100m未満の低地に多い。
カナダ・ブリティッシュコロンビア州のハイダ・グワイ(クイーンシャーロット諸島)には、体長20cm(通常は8cm未満)に達する大型個体群が存在し、同所的種分化の例として知られている。",イトヨ種群の通常の体長はどれくらいですか?,8cm未満,Multiple sentence reasoning
17739,163,トゲウオ科,"イトヨ種群(G.aculeatuscomplex)には海性・淡水性・遡河回遊性など、多様な生態をもつ個体群が含まれる。
北アメリカの太平洋・大西洋岸、日本を含めたユーラシア大陸および北極海の一部に至る広大な範囲に分布し、特に標高100m未満の低地に多い。
カナダ・ブリティッシュコロンビア州のハイダ・グワイ(クイーンシャーロット諸島)には、体長20cm(通常は8cm未満)に達する大型個体群が存在し、同所的種分化の例として知られている。",体長20cmに達するイトヨ種群が生息している場所はどこですか?,ハイダ・グワイ,Multiple sentence reasoning
17740,163,トゲウオ科,"イトヨ種群(G.aculeatuscomplex)には海性・淡水性・遡河回遊性など、多様な生態をもつ個体群が含まれる。
北アメリカの太平洋・大西洋岸、日本を含めたユーラシア大陸および北極海の一部に至る広大な範囲に分布し、特に標高100m未満の低地に多い。
カナダ・ブリティッシュコロンビア州のハイダ・グワイ(クイーンシャーロット諸島)には、体長20cm(通常は8cm未満)に達する大型個体群が存在し、同所的種分化の例として知られている。",体長20cmに達するイトヨ種群が生息している国はどこですか?,カナダ,Multiple sentence reasoning
17741,164,トゲウオ科,"トミヨ種群(Pungitiuspungitiuscomplex)は主に淡水性、ごくまれに回遊性で、北アメリカ・ユーラシア大陸の標高600mまでの河川・湖沼に分布する。
トミヨ属に所属する2種、P.platygasterとP.hellenicusはそれぞれ黒海からアラル海、およびギリシャに産する。
クレア属(カワトゲウオCulaeainconstansのみ)は北アメリカに生息する淡水魚である。
このほかに中新世の化石種として、イトヨ属の仲間がシベリア東部とカリフォルニア州から知られている。",クレア属の生息地はどこですか?,北アメリカ,Lexical variation (world knowledge)
17742,164,トゲウオ科,"トミヨ種群(Pungitiuspungitiuscomplex)は主に淡水性、ごくまれに回遊性で、北アメリカ・ユーラシア大陸の標高600mまでの河川・湖沼に分布する。
トミヨ属に所属する2種、P.platygasterとP.hellenicusはそれぞれ黒海からアラル海、およびギリシャに産する。
クレア属(カワトゲウオCulaeainconstansのみ)は北アメリカに生息する淡水魚である。
このほかに中新世の化石種として、イトヨ属の仲間がシベリア東部とカリフォルニア州から知られている。",トミヨ種群の分布水域はどのような場所ですか?,河川・湖沼,Lexical variation (world knowledge)
17743,165,トゲウオ科,"日本ではイトヨ属がイトヨ、ニホンイトヨとハリヨ、トミヨ属ではエゾトミヨ、トミヨ属淡水型、トミヨ属雄物型、トミヨ属汽水型、ムサシトミヨ、ミナミトミヨが報告されている。
このうちムサシトミヨ(Pungitiussp.)は、現在では埼玉県の一部(熊谷市)にしか生息しない日本の固有種である。
また、関西地方に分布していたミナミトミヨ(P.kaibaraeもしくはP.sinensiskaibarae)はすでに絶滅したとみられている。",日本のトミヨ属の中で埼玉県の一部しか生息しない種類は何ですか?,ムサシトミヨ,Multiple sentence reasoning
17744,165,トゲウオ科,"日本ではイトヨ属がイトヨ、ニホンイトヨとハリヨ、トミヨ属ではエゾトミヨ、トミヨ属淡水型、トミヨ属雄物型、トミヨ属汽水型、ムサシトミヨ、ミナミトミヨが報告されている。
このうちムサシトミヨ(Pungitiussp.)は、現在では埼玉県の一部(熊谷市)にしか生息しない日本の固有種である。
また、関西地方に分布していたミナミトミヨ(P.kaibaraeもしくはP.sinensiskaibarae)はすでに絶滅したとみられている。",日本のトミヨ属の中で、既に絶滅したとされる種類は何ですか?,ミナミトミヨ,Multiple sentence reasoning
17745,165,トゲウオ科,"日本ではイトヨ属がイトヨ、ニホンイトヨとハリヨ、トミヨ属ではエゾトミヨ、トミヨ属淡水型、トミヨ属雄物型、トミヨ属汽水型、ムサシトミヨ、ミナミトミヨが報告されている。
このうちムサシトミヨ(Pungitiussp.)は、現在では埼玉県の一部(熊谷市)にしか生息しない日本の固有種である。
また、関西地方に分布していたミナミトミヨ(P.kaibaraeもしくはP.sinensiskaibarae)はすでに絶滅したとみられている。",日本の固有種であるトミヨ属の名前は何ですか?,ムサシトミヨ,Multiple sentence reasoning
17746,165,トゲウオ科,"日本ではイトヨ属がイトヨ、ニホンイトヨとハリヨ、トミヨ属ではエゾトミヨ、トミヨ属淡水型、トミヨ属雄物型、トミヨ属汽水型、ムサシトミヨ、ミナミトミヨが報告されている。
このうちムサシトミヨ(Pungitiussp.)は、現在では埼玉県の一部(熊谷市)にしか生息しない日本の固有種である。
また、関西地方に分布していたミナミトミヨ(P.kaibaraeもしくはP.sinensiskaibarae)はすでに絶滅したとみられている。",ミナミトミヨが分布していた地域はどこでしたか?,関西地方,Lexical variation (world knowledge)
17747,166,トゲウオ科,"日本のイトヨ(Gasterosteusaculeatus)には生活史多型が存在し、生涯を淡水域で送る淡水(陸封)性の個体は北海道(阿寒湖など)と本州(福島県・栃木県・福井県など)の内陸部に、海で成長して産卵期に河川に遡上する遡河回遊性の個体が北海道の太平洋側に分布する。
また、ニホンイトヨ(G.nipponicus)は遡河回遊性の生活史を持ち、北海道から九州以北の日本海沿岸部、千葉県銚子付近までの太平洋沿岸部に生息する。
ハリヨは滋賀県ならびに岐阜県に分布し、後者の生息地はトゲウオ科魚類の南限の一つとみなされている。",二ホンイトヨはどのような生活史を持っているの?,遡河回遊性,Syntactic variation
17748,166,トゲウオ科,"日本のイトヨ(Gasterosteusaculeatus)には生活史多型が存在し、生涯を淡水域で送る淡水(陸封)性の個体は北海道(阿寒湖など)と本州(福島県・栃木県・福井県など)の内陸部に、海で成長して産卵期に河川に遡上する遡河回遊性の個体が北海道の太平洋側に分布する。
また、ニホンイトヨ(G.nipponicus)は遡河回遊性の生活史を持ち、北海道から九州以北の日本海沿岸部、千葉県銚子付近までの太平洋沿岸部に生息する。
ハリヨは滋賀県ならびに岐阜県に分布し、後者の生息地はトゲウオ科魚類の南限の一つとみなされている。",ハリヨの分布地域は岐阜県とどこですか?,滋賀県,Lexical variation (world knowledge)
17749,167,トゲウオ科,"トミヨ属では、エゾトミヨが北海道、トミヨ属淡水型は太平洋側では岩手県以北、日本海側では福井県以北の本州および北海道に分布する。
トミヨ属雄物型は秋田県雄物川水系と山形県のみに、トミヨ属汽水型は北海道東部に生息する。
トミヨ属淡水型、雄物型、汽水型はそれぞれが独立した分類群である可能性が指摘されているが、適用すべき学名も和名も持たない。",北海道東部に生息しているのは何型のトミヨ属ですか?,汽水型,Syntactic variation
17750,167,トゲウオ科,"トミヨ属では、エゾトミヨが北海道、トミヨ属淡水型は太平洋側では岩手県以北、日本海側では福井県以北の本州および北海道に分布する。
トミヨ属雄物型は秋田県雄物川水系と山形県のみに、トミヨ属汽水型は北海道東部に生息する。
トミヨ属淡水型、雄物型、汽水型はそれぞれが独立した分類群である可能性が指摘されているが、適用すべき学名も和名も持たない。",北海道に分布しているトミヨ属の名前は何?,エゾトミヨ,Syntactic variation
17751,167,トゲウオ科,"トミヨ属では、エゾトミヨが北海道、トミヨ属淡水型は太平洋側では岩手県以北、日本海側では福井県以北の本州および北海道に分布する。
トミヨ属雄物型は秋田県雄物川水系と山形県のみに、トミヨ属汽水型は北海道東部に生息する。
トミヨ属淡水型、雄物型、汽水型はそれぞれが独立した分類群である可能性が指摘されているが、適用すべき学名も和名も持たない。",秋田県雄物川水系と山形県のみに分布しているトミヨ属は何型ですか?,雄物型,Lexical variation (synonymy)
17752,168,喉鳴らし,"喉鳴らし(のどならし)はネコ科およびジャコウネコ科の動物の一部が行う発声の一種である。
低周波の音で、呼気と吸気の双方で発生する。
生後2日目には聞かれるようになる。
喉鳴らしのメカニズムはまだ明確にはなっていない。
支配的な理論は、神経振動により喉頭の筋肉の収縮が引き起こされ声帯を振動させることにより音が発生するというものである。
ネコ科の各動物、特にヒョウ亜科の動物たちが喉を鳴らすことができるのか否かも議論の的となっている。",喉鳴らしは生後何日目には聞くことが出来ますか?,2日目,Multiple sentence reasoning
17753,168,喉鳴らし,"喉鳴らし(のどならし)はネコ科およびジャコウネコ科の動物の一部が行う発声の一種である。
低周波の音で、呼気と吸気の双方で発生する。
生後2日目には聞かれるようになる。
喉鳴らしのメカニズムはまだ明確にはなっていない。
支配的な理論は、神経振動により喉頭の筋肉の収縮が引き起こされ声帯を振動させることにより音が発生するというものである。
ネコ科の各動物、特にヒョウ亜科の動物たちが喉を鳴らすことができるのか否かも議論の的となっている。",ネコ科とジャコウネコ科の動物の一部が行う発声の一種を何といいますか?,喉鳴らし,Syntactic variation
17754,168,喉鳴らし,"喉鳴らし(のどならし)はネコ科およびジャコウネコ科の動物の一部が行う発声の一種である。
低周波の音で、呼気と吸気の双方で発生する。
生後2日目には聞かれるようになる。
喉鳴らしのメカニズムはまだ明確にはなっていない。
支配的な理論は、神経振動により喉頭の筋肉の収縮が引き起こされ声帯を振動させることにより音が発生するというものである。
ネコ科の各動物、特にヒョウ亜科の動物たちが喉を鳴らすことができるのか否かも議論の的となっている。",低周波の音で呼気と吸気の両方で発生する発声行為とは何?,喉鳴らし,Multiple sentence reasoning
17755,169,喉鳴らし,"ネコは嬉しい時にも苦しい時にも喉を鳴らすことがあり、このため喉鳴らしの意味合いはあまり明確ではない。
飼いネコでは頻繁であるが、自然ではネコが喉を鳴らすのは主として母子関係の中に限られる。
一部の研究者たちによれば喉鳴らしは人間の微笑みに近いものであり、仲間に対するものも人間に対するものも含めその社会的な役割が最も重要である。
喉鳴らしには治療的な役割があるとする理論もある――喉鳴らしにより送り出される低周波が骨、筋肉、腱を強化し、さらには鎮痛効果もあるのだという。
喉鳴らしを指すフランス語ronronnement、ドイツ語Schnurren、英語Purrなどの語はいずれも「ごろごろ」という音の擬声語である。",野生のネコが喉鳴らしをするのはどういった関係の中に限られるの?,母子関係,Lexical variation (synonymy)
17756,169,喉鳴らし,"ネコは嬉しい時にも苦しい時にも喉を鳴らすことがあり、このため喉鳴らしの意味合いはあまり明確ではない。
飼いネコでは頻繁であるが、自然ではネコが喉を鳴らすのは主として母子関係の中に限られる。
一部の研究者たちによれば喉鳴らしは人間の微笑みに近いものであり、仲間に対するものも人間に対するものも含めその社会的な役割が最も重要である。
喉鳴らしには治療的な役割があるとする理論もある――喉鳴らしにより送り出される低周波が骨、筋肉、腱を強化し、さらには鎮痛効果もあるのだという。
喉鳴らしを指すフランス語ronronnement、ドイツ語Schnurren、英語Purrなどの語はいずれも「ごろごろ」という音の擬声語である。",喉鳴らしを英語で表すとどうなる?,Purr,Lexical variation (synonymy)
17757,169,喉鳴らし,"ネコは嬉しい時にも苦しい時にも喉を鳴らすことがあり、このため喉鳴らしの意味合いはあまり明確ではない。
飼いネコでは頻繁であるが、自然ではネコが喉を鳴らすのは主として母子関係の中に限られる。
一部の研究者たちによれば喉鳴らしは人間の微笑みに近いものであり、仲間に対するものも人間に対するものも含めその社会的な役割が最も重要である。
喉鳴らしには治療的な役割があるとする理論もある――喉鳴らしにより送り出される低周波が骨、筋肉、腱を強化し、さらには鎮痛効果もあるのだという。
喉鳴らしを指すフランス語ronronnement、ドイツ語Schnurren、英語Purrなどの語はいずれも「ごろごろ」という音の擬声語である。",喉鳴らしをドイツ語で表すとどうなる?,Schnurren,Lexical variation (synonymy)
17758,169,喉鳴らし,"ネコは嬉しい時にも苦しい時にも喉を鳴らすことがあり、このため喉鳴らしの意味合いはあまり明確ではない。
飼いネコでは頻繁であるが、自然ではネコが喉を鳴らすのは主として母子関係の中に限られる。
一部の研究者たちによれば喉鳴らしは人間の微笑みに近いものであり、仲間に対するものも人間に対するものも含めその社会的な役割が最も重要である。
喉鳴らしには治療的な役割があるとする理論もある――喉鳴らしにより送り出される低周波が骨、筋肉、腱を強化し、さらには鎮痛効果もあるのだという。
喉鳴らしを指すフランス語ronronnement、ドイツ語Schnurren、英語Purrなどの語はいずれも「ごろごろ」という音の擬声語である。",喉鳴らしをフランス語で表すとどうなる?,ronronnement,Lexical variation (synonymy)
17759,170,喉鳴らし,"喉鳴らしは呼気と吸気の間の数十〜百ミリ秒ほどの短い休止を除く呼吸の全段階を通じて発生し続ける振幅の小さい連続音である。
吸気の時の方が強く低くなると考えられているが、2010年に公刊された研究によると、ネコの喉鳴らしは呼気・吸気で振幅に変化はなく、チーターでは逆に呼気の方が強かった。
口を閉じた状態で発生し、最も多くの場合で2秒以上持続し、周波数は25-20Hz、基本周波数は約20Hzである。
ネコの喉鳴らしは3メートル四方、チーターのものは40メートル四方にまで聞こえる。
音は鼻の高さで最も強くなる。",喉鳴らしの基本周波数は?,約20Hz,Multiple sentence reasoning
17760,170,喉鳴らし,"喉鳴らしは呼気と吸気の間の数十〜百ミリ秒ほどの短い休止を除く呼吸の全段階を通じて発生し続ける振幅の小さい連続音である。
吸気の時の方が強く低くなると考えられているが、2010年に公刊された研究によると、ネコの喉鳴らしは呼気・吸気で振幅に変化はなく、チーターでは逆に呼気の方が強かった。
口を閉じた状態で発生し、最も多くの場合で2秒以上持続し、周波数は25-20Hz、基本周波数は約20Hzである。
ネコの喉鳴らしは3メートル四方、チーターのものは40メートル四方にまで聞こえる。
音は鼻の高さで最も強くなる。",喉鳴らしが聞こえる範囲が広いのは、ネコとチーターのどちらですか?,チーター,Logical reasoning
17761,170,喉鳴らし,"喉鳴らしは呼気と吸気の間の数十〜百ミリ秒ほどの短い休止を除く呼吸の全段階を通じて発生し続ける振幅の小さい連続音である。
吸気の時の方が強く低くなると考えられているが、2010年に公刊された研究によると、ネコの喉鳴らしは呼気・吸気で振幅に変化はなく、チーターでは逆に呼気の方が強かった。
口を閉じた状態で発生し、最も多くの場合で2秒以上持続し、周波数は25-20Hz、基本周波数は約20Hzである。
ネコの喉鳴らしは3メートル四方、チーターのものは40メートル四方にまで聞こえる。
音は鼻の高さで最も強くなる。",チーターの喉鳴らしで振幅が強いのは呼気と吸気のどちらですか?,呼気,Lexical variation (world knowledge)
17762,171,喉鳴らし,"発声のメカニズムは呼気音でもあり吸気音でもある。
吸気音の発声はイヌやキツネなど他の多くの動物も行うことがチャールズ・ダーウィン以来知られている。
人間においても、吸気音はゲルマン語派などで用いられている。
チーターとネコの喉鳴らしを比較した2010年発表の調査によれば、チーターにおいては呼気音の段階の方が長く、より多くのサイクルを含むが、ネコにおいては呼気音と吸気音の段階の間に差は存在しないか、存在しても僅かであった。
2つの段階を通じ、チーターはネコより多くのサイクルを発生させるが、基本周波数は同じであった。",ネコとチーターはどちらが呼気音の段階が長い?,チーター,Lexical variation (world knowledge)
17763,171,喉鳴らし,"発声のメカニズムは呼気音でもあり吸気音でもある。
吸気音の発声はイヌやキツネなど他の多くの動物も行うことがチャールズ・ダーウィン以来知られている。
人間においても、吸気音はゲルマン語派などで用いられている。
チーターとネコの喉鳴らしを比較した2010年発表の調査によれば、チーターにおいては呼気音の段階の方が長く、より多くのサイクルを含むが、ネコにおいては呼気音と吸気音の段階の間に差は存在しないか、存在しても僅かであった。
2つの段階を通じ、チーターはネコより多くのサイクルを発生させるが、基本周波数は同じであった。",ゲルマン語派などで用いられる発生メカニズムは、呼気音と吸気音のどちらですか?,吸気音,Multiple sentence reasoning
17764,172,喉鳴らし,"喉鳴らしは生後2日目には授乳の際に聞かれるようになり、これにより母子はコミュニケーションを行う。
この現象は母猫によるグルーミングの際にも見られる。
喉鳴らしは子猫が涙と共に発する最初の鳴き声であり、母猫も子猫に喉鳴らしで答える。
自然においては、喉鳴らしは母と子の関係において最も頻繁に見られるが、イエネコでは人間や物体との接触によっても喉鳴らしが起きる。
ネコは睡眠中には決して喉を鳴らさないが、その代わりニャーと鳴くことがある。",ネコは眠っている最中はどのような鳴き声で鳴きますか?,ニャー,Lexical variation (synonymy)
17765,172,喉鳴らし,"喉鳴らしは生後2日目には授乳の際に聞かれるようになり、これにより母子はコミュニケーションを行う。
この現象は母猫によるグルーミングの際にも見られる。
喉鳴らしは子猫が涙と共に発する最初の鳴き声であり、母猫も子猫に喉鳴らしで答える。
自然においては、喉鳴らしは母と子の関係において最も頻繁に見られるが、イエネコでは人間や物体との接触によっても喉鳴らしが起きる。
ネコは睡眠中には決して喉を鳴らさないが、その代わりニャーと鳴くことがある。",産まれたばかりの赤ちゃん猫が最初に発する鳴き声とは?,喉鳴らし,Lexical variation (synonymy)
17766,172,喉鳴らし,"喉鳴らしは生後2日目には授乳の際に聞かれるようになり、これにより母子はコミュニケーションを行う。
この現象は母猫によるグルーミングの際にも見られる。
喉鳴らしは子猫が涙と共に発する最初の鳴き声であり、母猫も子猫に喉鳴らしで答える。
自然においては、喉鳴らしは母と子の関係において最も頻繁に見られるが、イエネコでは人間や物体との接触によっても喉鳴らしが起きる。
ネコは睡眠中には決して喉を鳴らさないが、その代わりニャーと鳴くことがある。",人間や物体との接触によって喉鳴らしが起きる動物は何?,イエネコ,Lexical variation (world knowledge)
17767,173,喉鳴らし,"ネコ科の動物に喉鳴らし専用の器官があるわけではない。
最も流布している仮説は、喉頭の筋肉の極めて急速な収縮が声門を収縮・膨張させ、音の発生源となる声帯の急激な分離が引き起こされるというものである。
この仮説は喉頭の筋肉の筋電計による計測に基づいている。
毎秒20-30回のピークからなる規則的・反復的な型が観測され、これが喉頭の規則的な緊張をもたらす。
喉頭の変化は30-40ミリ秒の周期を作り出す神経振動によりもたらされるこの神経振動を止めることはできず、このことは中枢神経系の内部そのものに高周波の振動機構があることを示唆している。
この振動を引き起こす脳の部位は視床下部の近くである。",30-40ミリ秒の周期を作り出しているものは何?,神経振動,Syntactic variation
17768,173,喉鳴らし,"ネコ科の動物に喉鳴らし専用の器官があるわけではない。
最も流布している仮説は、喉頭の筋肉の極めて急速な収縮が声門を収縮・膨張させ、音の発生源となる声帯の急激な分離が引き起こされるというものである。
この仮説は喉頭の筋肉の筋電計による計測に基づいている。
毎秒20-30回のピークからなる規則的・反復的な型が観測され、これが喉頭の規則的な緊張をもたらす。
喉頭の変化は30-40ミリ秒の周期を作り出す神経振動によりもたらされるこの神経振動を止めることはできず、このことは中枢神経系の内部そのものに高周波の振動機構があることを示唆している。
この振動を引き起こす脳の部位は視床下部の近くである。",神経振動を引き起こす脳の部位はどこ?,視床下部の近く,Multiple sentence reasoning
17769,174,喉鳴らし,"1972年の研究によれば、吸息中の横隔膜の緊張には均等な切れ目があり、喉頭と横隔膜との間の筋電図のピークは同期していなかった。
この交互な活性化は気管の圧力の負の変動を抑えることを可能にし、喉頭が抵抗を最小とする期間中の吸息における空気の流れを促進する。
1987年の新しい研究は筋電図により、呼息にかかわる筋肉もまた喉鳴らしに関与している可能性があることを示した。
2000年のデニス・C・ターナーとパトリック・ベイトソンの研究では横隔膜やその他の筋肉は呼吸をするために必要ではあるが喉鳴らしそのものに必要なわけではないとしている。
喉頭の筋肉の収縮という仮説を否定しうる要素の一つとして、喉頭切除術を受けたネコたちが横隔膜を用いて喉を鳴らすことができるという事実がある。
他の仮説では、気管支・気管鼻腔により増幅された大静脈の振動や、さらには仮声帯もしくは軟口蓋の振動なども言及されている。",呼息に関わる筋肉も喉鳴らしに関係している可能性があると分かったのは何年の研究によるものですか?,1987年,Lexical variation (synonymy)
17770,174,喉鳴らし,"1972年の研究によれば、吸息中の横隔膜の緊張には均等な切れ目があり、喉頭と横隔膜との間の筋電図のピークは同期していなかった。
この交互な活性化は気管の圧力の負の変動を抑えることを可能にし、喉頭が抵抗を最小とする期間中の吸息における空気の流れを促進する。
1987年の新しい研究は筋電図により、呼息にかかわる筋肉もまた喉鳴らしに関与している可能性があることを示した。
2000年のデニス・C・ターナーとパトリック・ベイトソンの研究では横隔膜やその他の筋肉は呼吸をするために必要ではあるが喉鳴らしそのものに必要なわけではないとしている。
喉頭の筋肉の収縮という仮説を否定しうる要素の一つとして、喉頭切除術を受けたネコたちが横隔膜を用いて喉を鳴らすことができるという事実がある。
他の仮説では、気管支・気管鼻腔により増幅された大静脈の振動や、さらには仮声帯もしくは軟口蓋の振動なども言及されている。",横隔膜が喉鳴らしに関係ないと示した人はパトリック・ベイトソンと誰ですか?,デニス・C・ターナー,Lexical variation (synonymy)
17771,175,喉鳴らし,"ネコ科動物の喉鳴らしは常に議論の的となってきた――ライオンやヒョウのような最も良く知られているものも含む多くの種について喉を鳴らせるのか否かは謎のままとなっている。
情報が全くないかあっても不充分な種が多いのである。
ライオン、トラ、ヒョウ、ジャガー、ユキヒョウなどのヒョウ亜科の動物たちは骨化が部分的であるかもしくは骨化していない舌骨の靭帯を有しており、これにより吼えることが可能となっている反面喉を鳴らすことはできなくなっているという。
しかしながら、こうした区別には1990年代になると疑問が呈されるようになる――ヒョウ亜科の発声構造では喉を鳴らすのは困難ではあるが、可能なのかもしれないのである。
ポール・ハイニーは、大型のネコ科動物たちは呼気でしか喉を鳴らせない(呼気では喉を鳴らせる)と主張している。",大型のネコ科動物たちは呼気でした喉を鳴らせないと主張している人は誰?,ポール・ハイニー,Syntactic variation
17772,176,喉鳴らし,"骨化が部分的であるか骨化していない舌骨のお陰で吼える(ほえる)ことができる、というのはリチャード・オーウェンと、続いてレジナルド・インズ・ポコックが1916年に立てた歴史的な仮説であり、これによりネコ科のさまざまな種を分類することが可能となった――吼える(よって喉を鳴らさない)ネコ科動物であるヒョウ亜科と、吼えない(喉を鳴らす)ネコ科動物であるネコ亜科である。
グスタフ・ペータースによると、喉鳴らしはネコ科の共通祖先の持っていた特徴であり、同様の発声は収斂進化として他の哺乳類(例えばアライグマやウサギなど)にも見られる。
ケープジェネットやヨーロッパジェネットなど、一部のジャコウネコ科動物も喉を鳴らす。",ネコ以外で喉鳴らしをする動物はウサギと何ですか?,アライグマ,Lexical variation (world knowledge)
17773,176,喉鳴らし,"骨化が部分的であるか骨化していない舌骨のお陰で吼える(ほえる)ことができる、というのはリチャード・オーウェンと、続いてレジナルド・インズ・ポコックが1916年に立てた歴史的な仮説であり、これによりネコ科のさまざまな種を分類することが可能となった――吼える(よって喉を鳴らさない)ネコ科動物であるヒョウ亜科と、吼えない(喉を鳴らす)ネコ科動物であるネコ亜科である。
グスタフ・ペータースによると、喉鳴らしはネコ科の共通祖先の持っていた特徴であり、同様の発声は収斂進化として他の哺乳類(例えばアライグマやウサギなど)にも見られる。
ケープジェネットやヨーロッパジェネットなど、一部のジャコウネコ科動物も喉を鳴らす。",喉鳴らしはネコ科の共通先祖の持っていた特徴であると述べたのは誰?,グスタフ・ペータース,Lexical variation (synonymy)
17774,177,喉鳴らし,"喉鳴らしは接触と結びつくことが最も多く、仲の良い仲間や、人間、さらには物体との触れ合いとも共に発せられる。
物体の例としては、ネコが前脚でクッションを「もみもみ」する時などがある。
喉鳴らしは動物が喜びを感じている時に現れるほか、苦痛を感じている時にも現れる。
獣医師はネコ達がストレスを受けたり、傷ついたり、さらには死につつあったりするときに絶え間なく喉を鳴らし続けるのを観察している。",物体との接触の際に喉鳴らしをする例で挙がっている物とは何ですか?,クッション,Multiple sentence reasoning
17775,177,喉鳴らし,"喉鳴らしは接触と結びつくことが最も多く、仲の良い仲間や、人間、さらには物体との触れ合いとも共に発せられる。
物体の例としては、ネコが前脚でクッションを「もみもみ」する時などがある。
喉鳴らしは動物が喜びを感じている時に現れるほか、苦痛を感じている時にも現れる。
獣医師はネコ達がストレスを受けたり、傷ついたり、さらには死につつあったりするときに絶え間なく喉を鳴らし続けるのを観察している。",動物が喉鳴らしをする時は、喜びを感じている時とどんな時ですか?,苦痛を感じている時,Lexical variation (synonymy)
17776,178,喉鳴らし,"ネコは依存を表す時に喉を鳴らすことが一番多い。
子猫は母猫とその乳に依存し、また世話や愛撫を求める時には人間に依存する。
喉鳴らしはネコたちの社会関係で重要な役割を担っており、ネコは喉鳴らしによって状態を周囲にいる人間やネコに伝える。
喉を鳴らす子猫は母猫に自分が元気だと伝え、成猫は愛撫されての満足を表す。
また社会的な絆を強め、紛争を防ぐこともある(支配的なネコと遭遇したネコは喉を鳴らす)。
デニス・C・ターナーとパトリック・ベイトソンによれば、喉鳴らしの社会的役割は人間でいう微笑みに相当するものであり、デズモンド・モリスは共通するメッセージが「悪意のなさ」であると説明している。
1985年にジョエル・ドゥハッスは、ネコが自分自身のため、例えば落ち着きを取り戻すために喉を鳴らす場合があるという仮説を唱えた。
病気のネコが喉を鳴らすことがある理由をこの仮説は説明する。
グスタフ・ペータースもまた喉鳴らしが自己コミュニケーションの一例となり得るとしている。",ネコが喉鳴らしをする時が最も多いのは、どんな時?,依存を表す時,Lexical variation (synonymy)
17777,178,喉鳴らし,"ネコは依存を表す時に喉を鳴らすことが一番多い。
子猫は母猫とその乳に依存し、また世話や愛撫を求める時には人間に依存する。
喉鳴らしはネコたちの社会関係で重要な役割を担っており、ネコは喉鳴らしによって状態を周囲にいる人間やネコに伝える。
喉を鳴らす子猫は母猫に自分が元気だと伝え、成猫は愛撫されての満足を表す。
また社会的な絆を強め、紛争を防ぐこともある(支配的なネコと遭遇したネコは喉を鳴らす)。
デニス・C・ターナーとパトリック・ベイトソンによれば、喉鳴らしの社会的役割は人間でいう微笑みに相当するものであり、デズモンド・モリスは共通するメッセージが「悪意のなさ」であると説明している。
1985年にジョエル・ドゥハッスは、ネコが自分自身のため、例えば落ち着きを取り戻すために喉を鳴らす場合があるという仮説を唱えた。
病気のネコが喉を鳴らすことがある理由をこの仮説は説明する。
グスタフ・ペータースもまた喉鳴らしが自己コミュニケーションの一例となり得るとしている。",喉鳴らしの社会的役割は人間でいうなら何に値いしますか?,微笑み,Lexical variation (synonymy)
17778,178,喉鳴らし,"ネコは依存を表す時に喉を鳴らすことが一番多い。
子猫は母猫とその乳に依存し、また世話や愛撫を求める時には人間に依存する。
喉鳴らしはネコたちの社会関係で重要な役割を担っており、ネコは喉鳴らしによって状態を周囲にいる人間やネコに伝える。
喉を鳴らす子猫は母猫に自分が元気だと伝え、成猫は愛撫されての満足を表す。
また社会的な絆を強め、紛争を防ぐこともある(支配的なネコと遭遇したネコは喉を鳴らす)。
デニス・C・ターナーとパトリック・ベイトソンによれば、喉鳴らしの社会的役割は人間でいう微笑みに相当するものであり、デズモンド・モリスは共通するメッセージが「悪意のなさ」であると説明している。
1985年にジョエル・ドゥハッスは、ネコが自分自身のため、例えば落ち着きを取り戻すために喉を鳴らす場合があるという仮説を唱えた。
病気のネコが喉を鳴らすことがある理由をこの仮説は説明する。
グスタフ・ペータースもまた喉鳴らしが自己コミュニケーションの一例となり得るとしている。",デズモンド・モリスは、喉鳴らしと微笑みの共通点が何だと説明しましたか?,「悪意のなさ」,Lexical variation (synonymy)
17779,178,喉鳴らし,"ネコは依存を表す時に喉を鳴らすことが一番多い。
子猫は母猫とその乳に依存し、また世話や愛撫を求める時には人間に依存する。
喉鳴らしはネコたちの社会関係で重要な役割を担っており、ネコは喉鳴らしによって状態を周囲にいる人間やネコに伝える。
喉を鳴らす子猫は母猫に自分が元気だと伝え、成猫は愛撫されての満足を表す。
また社会的な絆を強め、紛争を防ぐこともある(支配的なネコと遭遇したネコは喉を鳴らす)。
デニス・C・ターナーとパトリック・ベイトソンによれば、喉鳴らしの社会的役割は人間でいう微笑みに相当するものであり、デズモンド・モリスは共通するメッセージが「悪意のなさ」であると説明している。
1985年にジョエル・ドゥハッスは、ネコが自分自身のため、例えば落ち着きを取り戻すために喉を鳴らす場合があるという仮説を唱えた。
病気のネコが喉を鳴らすことがある理由をこの仮説は説明する。
グスタフ・ペータースもまた喉鳴らしが自己コミュニケーションの一例となり得るとしている。",ネコ自身が落ち着きを取り戻すために喉鳴らしをする事があるという仮説を立てた人は誰ですか?,グスタフ・ペータース,Lexical variation (synonymy)
17780,179,喉鳴らし,"イエネコは、赤ちゃんの鳴き声と対比されるような非常に鋭い声が通常の喉鳴らしと混淆した、「追加の」喉鳴らしを発達させた。
通常の喉鳴らしと混ぜてこの「懇願の」喉鳴らしを50人の被験者に聞かせたところ、全ての被験者がこの喉鳴らしに切迫のニュアンスを感じ取った。
これは人間とのコミュニケーションに適応したものであろうと研究者は結論づけている。",「追加の」喉鳴らしを発達させた動物は何ですか?,イエネコ,Lexical variation (world knowledge)
17781,179,喉鳴らし,"イエネコは、赤ちゃんの鳴き声と対比されるような非常に鋭い声が通常の喉鳴らしと混淆した、「追加の」喉鳴らしを発達させた。
通常の喉鳴らしと混ぜてこの「懇願の」喉鳴らしを50人の被験者に聞かせたところ、全ての被験者がこの喉鳴らしに切迫のニュアンスを感じ取った。
これは人間とのコミュニケーションに適応したものであろうと研究者は結論づけている。",人間とのコミュニケーションに適応したとされるのは、どのような喉鳴らしですか?,「懇願の」喉鳴らし,Multiple sentence reasoning
17782,179,喉鳴らし,"イエネコは、赤ちゃんの鳴き声と対比されるような非常に鋭い声が通常の喉鳴らしと混淆した、「追加の」喉鳴らしを発達させた。
通常の喉鳴らしと混ぜてこの「懇願の」喉鳴らしを50人の被験者に聞かせたところ、全ての被験者がこの喉鳴らしに切迫のニュアンスを感じ取った。
これは人間とのコミュニケーションに適応したものであろうと研究者は結論づけている。",「懇願の」喉鳴らしを聞いた被験者は何人でしたか?,50人,Syntactic variation
17783,180,喉鳴らし,"ネコは骨折の治癒が速く、手術後の併発症が少なく、イヌに比して骨・筋肉・靭帯の有病割合が低いと獣医師たちは考えている。
周波数が25-30ヘルツの喉鳴らしには骨・腱・靭帯に関する治癒とさらには鎮痛の効果があるという仮説が出されている。
ネコ科の動物の多くが、鋭い痛みや腱・筋肉・関節の問題を鎮める効果のある周波数の振動を発するのである。
この仮説によるなら、ネコにとって喉鳴らしは体の維持を行い健康を保つ手段ということになる。",骨や筋肉の有病割合が低いのは、イヌとネコのどちらですか?,ネコ,Lexical variation (world knowledge)
17784,180,喉鳴らし,"ネコは骨折の治癒が速く、手術後の併発症が少なく、イヌに比して骨・筋肉・靭帯の有病割合が低いと獣医師たちは考えている。
周波数が25-30ヘルツの喉鳴らしには骨・腱・靭帯に関する治癒とさらには鎮痛の効果があるという仮説が出されている。
ネコ科の動物の多くが、鋭い痛みや腱・筋肉・関節の問題を鎮める効果のある周波数の振動を発するのである。
この仮説によるなら、ネコにとって喉鳴らしは体の維持を行い健康を保つ手段ということになる。",イヌとネコのうち、靭帯の有病割合が高いのはどちらですか?,イヌ,Lexical variation (world knowledge)
17785,180,喉鳴らし,"ネコは骨折の治癒が速く、手術後の併発症が少なく、イヌに比して骨・筋肉・靭帯の有病割合が低いと獣医師たちは考えている。
周波数が25-30ヘルツの喉鳴らしには骨・腱・靭帯に関する治癒とさらには鎮痛の効果があるという仮説が出されている。
ネコ科の動物の多くが、鋭い痛みや腱・筋肉・関節の問題を鎮める効果のある周波数の振動を発するのである。
この仮説によるなら、ネコにとって喉鳴らしは体の維持を行い健康を保つ手段ということになる。",骨や靭帯を治癒する以外に、喉鳴らしにはどのような効果があるの?,鎮痛の効果,Lexical variation (world knowledge)
17786,181,喉鳴らし,"フランス語«ronron»([ʀɔ̃ʀɔ̃]、「ロンロン」)は日本語でいう「ゴロゴロ」というネコの出す音を真似た擬声語であり、初出はジャン=ジャック・ルソーの1731年の小説『新エロイーズ』の一節であった。
この名詞から「喉を鳴らす」という意味の動詞«ronronner»(「ロンロネ」)が派生し、さらに喉鳴らし一般を指すronronの同義語«ronronnement»(「ロンロヌマン」)が派生した。
アナロジーにより、ronronやronronnementという語はエンジンなどの鈍い連続音も指す。",フランス語ではネコの喉鳴らしの擬声語はどのように表されていますか?,「ロンロン」,Lexical variation (synonymy)
17787,181,喉鳴らし,"フランス語«ronron»([ʀɔ̃ʀɔ̃]、「ロンロン」)は日本語でいう「ゴロゴロ」というネコの出す音を真似た擬声語であり、初出はジャン=ジャック・ルソーの1731年の小説『新エロイーズ』の一節であった。
この名詞から「喉を鳴らす」という意味の動詞«ronronner»(「ロンロネ」)が派生し、さらに喉鳴らし一般を指すronronの同義語«ronronnement»(「ロンロヌマン」)が派生した。
アナロジーにより、ronronやronronnementという語はエンジンなどの鈍い連続音も指す。",日本語ではネコの喉鳴らしの擬声語はどのように表されていますか?,「ゴロゴロ」,Lexical variation (synonymy)
17788,181,喉鳴らし,"フランス語«ronron»([ʀɔ̃ʀɔ̃]、「ロンロン」)は日本語でいう「ゴロゴロ」というネコの出す音を真似た擬声語であり、初出はジャン=ジャック・ルソーの1731年の小説『新エロイーズ』の一節であった。
この名詞から「喉を鳴らす」という意味の動詞«ronronner»(「ロンロネ」)が派生し、さらに喉鳴らし一般を指すronronの同義語«ronronnement»(「ロンロヌマン」)が派生した。
アナロジーにより、ronronやronronnementという語はエンジンなどの鈍い連続音も指す。",『新エロイーズ』の著者は誰?,ジャン=ジャック・ルソー,Lexical variation (world knowledge)
17789,181,喉鳴らし,"フランス語«ronron»([ʀɔ̃ʀɔ̃]、「ロンロン」)は日本語でいう「ゴロゴロ」というネコの出す音を真似た擬声語であり、初出はジャン=ジャック・ルソーの1731年の小説『新エロイーズ』の一節であった。
この名詞から「喉を鳴らす」という意味の動詞«ronronner»(「ロンロネ」)が派生し、さらに喉鳴らし一般を指すronronの同義語«ronronnement»(「ロンロヌマン」)が派生した。
アナロジーにより、ronronやronronnementという語はエンジンなどの鈍い連続音も指す。",『新エロイーズ』は何年に出版されたの?,1731年,Lexical variation (world knowledge)
17790,182,喉鳴らし,"英語では喉を鳴らすことは名詞・動詞ともにpurrという。
初出は16世紀で、これも擬声語である。
日本語では、「喉を鳴らす」や「喉鳴らし」などの語句は日本国語大辞典でも見出し語となっていないが、「ごろ」「ごろごろ」及び「ぐるぐる」が「猫などが喉を鳴らす声」として掲載されており、1890-92年の『小公子』の邦訳に用例がある。",purrという言葉が初めて世に出たのはいつでしたか?,16世紀,Multiple sentence reasoning
17791,182,喉鳴らし,"英語では喉を鳴らすことは名詞・動詞ともにpurrという。
初出は16世紀で、これも擬声語である。
日本語では、「喉を鳴らす」や「喉鳴らし」などの語句は日本国語大辞典でも見出し語となっていないが、「ごろ」「ごろごろ」及び「ぐるぐる」が「猫などが喉を鳴らす声」として掲載されており、1890-92年の『小公子』の邦訳に用例がある。",邦訳された喉鳴らしの用例が記載されている外国文学とは何?,『小公子』,Lexical variation (world knowledge)
17792,183,喉鳴らし,"喉鳴らしにはリラックス効果があるので人間にとっても非常に有益になりうる。
喉を鳴らすネコがいることで傷の治癒が早くもなるという。
ネコの喉鳴らしは『失われた時を求めて』におけるマドレーヌのように快い思い出を蘇らせ、ストレスを解消する効果があるという。
一部の病院では特に高齢者に対してネコによる安らぎの効果を試行しており、また日本では誰でもネコのそばで時間を過ごし安らぐことが出来る猫カフェが営業されている。
(音楽つき、もしくはなしで)喉鳴らしを録音したものまで販売されている。
Purr-likevibrationdevice(喉鳴らし風バイブレーター)という、低周波の(ありうる)治癒効果を利用した発明もある。
体に固定し、喉鳴らしの周波数の振動を送り込む小さな装置である。
認知行動療法では、ネコの喉鳴らしを真似て呼気を中心とした呼吸を学び直すことを狙ったソフロロジーの訓練が行われている。
短く、フランス語のRの音に似た喉音を伴う呼気を行うのである。",ネコと共に時間を過ごしゆっくり安らげるお店を何と言いますか?,猫カフェ,Lexical variation (synonymy)
17793,183,喉鳴らし,"喉鳴らしにはリラックス効果があるので人間にとっても非常に有益になりうる。
喉を鳴らすネコがいることで傷の治癒が早くもなるという。
ネコの喉鳴らしは『失われた時を求めて』におけるマドレーヌのように快い思い出を蘇らせ、ストレスを解消する効果があるという。
一部の病院では特に高齢者に対してネコによる安らぎの効果を試行しており、また日本では誰でもネコのそばで時間を過ごし安らぐことが出来る猫カフェが営業されている。
(音楽つき、もしくはなしで)喉鳴らしを録音したものまで販売されている。
Purr-likevibrationdevice(喉鳴らし風バイブレーター)という、低周波の(ありうる)治癒効果を利用した発明もある。
体に固定し、喉鳴らしの周波数の振動を送り込む小さな装置である。
認知行動療法では、ネコの喉鳴らしを真似て呼気を中心とした呼吸を学び直すことを狙ったソフロロジーの訓練が行われている。
短く、フランス語のRの音に似た喉音を伴う呼気を行うのである。",低周波の治癒効果を利用した発明品名は何?,喉鳴らし風バイブレーター,Lexical variation (world knowledge)
17794,183,喉鳴らし,"喉鳴らしにはリラックス効果があるので人間にとっても非常に有益になりうる。
喉を鳴らすネコがいることで傷の治癒が早くもなるという。
ネコの喉鳴らしは『失われた時を求めて』におけるマドレーヌのように快い思い出を蘇らせ、ストレスを解消する効果があるという。
一部の病院では特に高齢者に対してネコによる安らぎの効果を試行しており、また日本では誰でもネコのそばで時間を過ごし安らぐことが出来る猫カフェが営業されている。
(音楽つき、もしくはなしで)喉鳴らしを録音したものまで販売されている。
Purr-likevibrationdevice(喉鳴らし風バイブレーター)という、低周波の(ありうる)治癒効果を利用した発明もある。
体に固定し、喉鳴らしの周波数の振動を送り込む小さな装置である。
認知行動療法では、ネコの喉鳴らしを真似て呼気を中心とした呼吸を学び直すことを狙ったソフロロジーの訓練が行われている。
短く、フランス語のRの音に似た喉音を伴う呼気を行うのである。",体に固定して喉鳴らしの周波数の振動を送り込む小さな装置の名前は何?,喉鳴らし風バイブレーター,Multiple sentence reasoning
17795,184,喉鳴らし,"フランスの童謡『小さな羊飼いの娘』(Ilétaitunebergère)にはチーズを守るために子猫を殺してしまう羊飼いの娘が登場する。
この歌のリフレインはネコの喉鳴らしを模倣している。
サー・パー(SirPurr;「ごろごろ卿」)はアメリカンフットボールのチームカロライナ・パンサーズのマスコットである。",『小さな羊飼いの娘』はどこの国の童謡ですか?,フランス,Lexical variation (world knowledge)
17796,184,喉鳴らし,"フランスの童謡『小さな羊飼いの娘』(Ilétaitunebergère)にはチーズを守るために子猫を殺してしまう羊飼いの娘が登場する。
この歌のリフレインはネコの喉鳴らしを模倣している。
サー・パー(SirPurr;「ごろごろ卿」)はアメリカンフットボールのチームカロライナ・パンサーズのマスコットである。",『小さな羊飼いの娘』の歌のリフレインは何を模倣しているの?,ネコの喉鳴らし,Multiple sentence reasoning
17797,185,南硫黄島原生自然環境保全地域,南硫黄島は東京から南南東約1300kmの、北緯24度13.7分、東経141度27.7分に位置している。緯度的には台湾の中部にあたり、北回帰線のすぐ北側にある。南硫黄島の北約60kmには、同じ火山列島に属する硫黄島があり、小笠原諸島の父島からは330km離れている。また、南東約540km先にはマリアナ諸島の北端にあるファラリョン・デ・パハロス島(ウラカス島)がある。南硫黄島は、ほぼ南北方向に延びる、全長約1200km、幅約400kmの島弧である伊豆小笠原弧の最南部に位置している。伊豆諸島や火山列島を構成する島々は、伊豆小笠原弧の火山フロントである七島-硫黄島海嶺に属し、258万8000年前以降の第四紀に活動している火山であるが、南硫黄島もやはり第四紀に火山活動によって形成された火山島である。南硫黄島がいつ頃島として誕生したのかについてははっきりしていないが、採集された岩石の分析から地磁気の逆転が見られないため、数十万年より新しいと考えられている。日本列島のように、かつて大陸と地続きであったが切り離された島を大陸島と呼ぶ。一方海洋底から火山活動によって誕生し、これまで大陸と一度も地続きとなったことがない島を海洋島ないし大洋島と呼ぶ。伊豆小笠原弧の火山フロントである七島-硫黄島海嶺に属する南硫黄島は、典型的な大洋島である。,硫黄島と小笠原諸島の父島のうち、南硫黄島からより近いのは、どの島なの?,硫黄島,Logical reasoning
17798,185,南硫黄島原生自然環境保全地域,南硫黄島は東京から南南東約1300kmの、北緯24度13.7分、東経141度27.7分に位置している。緯度的には台湾の中部にあたり、北回帰線のすぐ北側にある。南硫黄島の北約60kmには、同じ火山列島に属する硫黄島があり、小笠原諸島の父島からは330km離れている。また、南東約540km先にはマリアナ諸島の北端にあるファラリョン・デ・パハロス島(ウラカス島)がある。南硫黄島は、ほぼ南北方向に延びる、全長約1200km、幅約400kmの島弧である伊豆小笠原弧の最南部に位置している。伊豆諸島や火山列島を構成する島々は、伊豆小笠原弧の火山フロントである七島-硫黄島海嶺に属し、258万8000年前以降の第四紀に活動している火山であるが、南硫黄島もやはり第四紀に火山活動によって形成された火山島である。南硫黄島がいつ頃島として誕生したのかについてははっきりしていないが、採集された岩石の分析から地磁気の逆転が見られないため、数十万年より新しいと考えられている。日本列島のように、かつて大陸と地続きであったが切り離された島を大陸島と呼ぶ。一方海洋底から火山活動によって誕生し、これまで大陸と一度も地続きとなったことがない島を海洋島ないし大洋島と呼ぶ。伊豆小笠原弧の火山フロントである七島-硫黄島海嶺に属する南硫黄島は、典型的な大洋島である。,マリアナ諸島と小笠原諸島の父島のうち、南硫黄島からより遠いのは、どの島ですか?,マリアナ諸島,Logical reasoning
17799,185,南硫黄島原生自然環境保全地域,南硫黄島は東京から南南東約1300kmの、北緯24度13.7分、東経141度27.7分に位置している。緯度的には台湾の中部にあたり、北回帰線のすぐ北側にある。南硫黄島の北約60kmには、同じ火山列島に属する硫黄島があり、小笠原諸島の父島からは330km離れている。また、南東約540km先にはマリアナ諸島の北端にあるファラリョン・デ・パハロス島(ウラカス島)がある。南硫黄島は、ほぼ南北方向に延びる、全長約1200km、幅約400kmの島弧である伊豆小笠原弧の最南部に位置している。伊豆諸島や火山列島を構成する島々は、伊豆小笠原弧の火山フロントである七島-硫黄島海嶺に属し、258万8000年前以降の第四紀に活動している火山であるが、南硫黄島もやはり第四紀に火山活動によって形成された火山島である。南硫黄島がいつ頃島として誕生したのかについてははっきりしていないが、採集された岩石の分析から地磁気の逆転が見られないため、数十万年より新しいと考えられている。日本列島のように、かつて大陸と地続きであったが切り離された島を大陸島と呼ぶ。一方海洋底から火山活動によって誕生し、これまで大陸と一度も地続きとなったことがない島を海洋島ないし大洋島と呼ぶ。伊豆小笠原弧の火山フロントである七島-硫黄島海嶺に属する南硫黄島は、典型的な大洋島である。,南硫黄島の誕生時期についてははっきりされてないものの、数十万年より新しいと考えられているのは、何が見られないからであるか?,地磁気の逆転,Syntactic variation
17800,186,南硫黄島原生自然環境保全地域,島の面積は3.67km2で、周囲は約7.5kmであるが、伊豆諸島と小笠原諸島の中で最高峰である916mの山が聳え、島の海岸線は湾や入江などの出入りがほとんど見られず、大小の岩に覆われた5mから50mの幅の浜辺があり、砂浜はほとんど見られない。そして浜辺の背後には数十-200mの海食崖が発達している。山体は平均斜度45度に達する急斜面で、侵食が進んでおらず火山体の原型を比較的良く留めている北西部が最も傾斜が緩やかであるが、その部分でも斜度30度に達する。また南硫黄島の地形の特徴としては、川や湖沼などの淡水系が全く見られないことも挙げられる。南硫黄島を構成する岩石は玄武岩であり、体積比では溶岩流とアグルチネートが島のほとんどを占める。島の急斜面が保たれているのはこのアグルチネートによるもので、強く溶結されている。山頂部には直径約150m、深さ30-40mの東側に開析された火口がある。火口の東側は崩落しており噴火の記録はなく現在噴気活動も認められない。山体全体も東斜面が西斜面よりも侵食が進んでいる。また南硫黄島には確認されているだけで254本の岩脈が貫入している。島の周囲の海域ではサンゴ礁の発達は悪く、海岸線に外洋の波浪が直接打ちつけるようになっている。南硫黄島周囲は水深40-50m付近までは緩やかな傾斜であるが、それ以深では急速に深度を増す。そして南硫黄島の北東約5kmには、しばしば活発な火山活動が観測されている海底火山である福徳岡ノ場がある。南硫黄島の誕生は数十万年前と考えられる。まず溶岩の流出を繰り返しながら小型の火山体が成長していった。短い噴火の休止期に続いて再び溶岩の流出などの火山活動が続き、今の南硫黄島山頂よりも少し東側に火山体が成長していった。その後現在の山頂部からの噴火が始まり現在の南硫黄島が形成された。その後、火山活動は南硫黄島の北東約5kmの福徳岡の場に移り、活動が休止した南硫黄島では侵食活動によって現在の形となったと考えられる,南硫黄島と伊豆諸島、そして小笠原諸島の中で最も高い山を持っている島は、どの島なの?,南硫黄島,Lexical variation (world knowledge)
17801,186,南硫黄島原生自然環境保全地域,島の面積は3.67km2で、周囲は約7.5kmであるが、伊豆諸島と小笠原諸島の中で最高峰である916mの山が聳え、島の海岸線は湾や入江などの出入りがほとんど見られず、大小の岩に覆われた5mから50mの幅の浜辺があり、砂浜はほとんど見られない。そして浜辺の背後には数十-200mの海食崖が発達している。山体は平均斜度45度に達する急斜面で、侵食が進んでおらず火山体の原型を比較的良く留めている北西部が最も傾斜が緩やかであるが、その部分でも斜度30度に達する。また南硫黄島の地形の特徴としては、川や湖沼などの淡水系が全く見られないことも挙げられる。南硫黄島を構成する岩石は玄武岩であり、体積比では溶岩流とアグルチネートが島のほとんどを占める。島の急斜面が保たれているのはこのアグルチネートによるもので、強く溶結されている。山頂部には直径約150m、深さ30-40mの東側に開析された火口がある。火口の東側は崩落しており噴火の記録はなく現在噴気活動も認められない。山体全体も東斜面が西斜面よりも侵食が進んでいる。また南硫黄島には確認されているだけで254本の岩脈が貫入している。島の周囲の海域ではサンゴ礁の発達は悪く、海岸線に外洋の波浪が直接打ちつけるようになっている。南硫黄島周囲は水深40-50m付近までは緩やかな傾斜であるが、それ以深では急速に深度を増す。そして南硫黄島の北東約5kmには、しばしば活発な火山活動が観測されている海底火山である福徳岡ノ場がある。南硫黄島の誕生は数十万年前と考えられる。まず溶岩の流出を繰り返しながら小型の火山体が成長していった。短い噴火の休止期に続いて再び溶岩の流出などの火山活動が続き、今の南硫黄島山頂よりも少し東側に火山体が成長していった。その後現在の山頂部からの噴火が始まり現在の南硫黄島が形成された。その後、火山活動は南硫黄島の北東約5kmの福徳岡の場に移り、活動が休止した南硫黄島では侵食活動によって現在の形となったと考えられる,南硫黄島はどのような岩石により構成されていますか?,玄武岩,Syntactic variation
17802,186,南硫黄島原生自然環境保全地域,島の面積は3.67km2で、周囲は約7.5kmであるが、伊豆諸島と小笠原諸島の中で最高峰である916mの山が聳え、島の海岸線は湾や入江などの出入りがほとんど見られず、大小の岩に覆われた5mから50mの幅の浜辺があり、砂浜はほとんど見られない。そして浜辺の背後には数十-200mの海食崖が発達している。山体は平均斜度45度に達する急斜面で、侵食が進んでおらず火山体の原型を比較的良く留めている北西部が最も傾斜が緩やかであるが、その部分でも斜度30度に達する。また南硫黄島の地形の特徴としては、川や湖沼などの淡水系が全く見られないことも挙げられる。南硫黄島を構成する岩石は玄武岩であり、体積比では溶岩流とアグルチネートが島のほとんどを占める。島の急斜面が保たれているのはこのアグルチネートによるもので、強く溶結されている。山頂部には直径約150m、深さ30-40mの東側に開析された火口がある。火口の東側は崩落しており噴火の記録はなく現在噴気活動も認められない。山体全体も東斜面が西斜面よりも侵食が進んでいる。また南硫黄島には確認されているだけで254本の岩脈が貫入している。島の周囲の海域ではサンゴ礁の発達は悪く、海岸線に外洋の波浪が直接打ちつけるようになっている。南硫黄島周囲は水深40-50m付近までは緩やかな傾斜であるが、それ以深では急速に深度を増す。そして南硫黄島の北東約5kmには、しばしば活発な火山活動が観測されている海底火山である福徳岡ノ場がある。南硫黄島の誕生は数十万年前と考えられる。まず溶岩の流出を繰り返しながら小型の火山体が成長していった。短い噴火の休止期に続いて再び溶岩の流出などの火山活動が続き、今の南硫黄島山頂よりも少し東側に火山体が成長していった。その後現在の山頂部からの噴火が始まり現在の南硫黄島が形成された。その後、火山活動は南硫黄島の北東約5kmの福徳岡の場に移り、活動が休止した南硫黄島では侵食活動によって現在の形となったと考えられる,体積比で南硫黄島のほとんどを占めるもののうち、島の急斜面が強く溶結されて保たれている理由となるのは、何か?,アグルチネート,Multiple sentence reasoning
17803,186,南硫黄島原生自然環境保全地域,島の面積は3.67km2で、周囲は約7.5kmであるが、伊豆諸島と小笠原諸島の中で最高峰である916mの山が聳え、島の海岸線は湾や入江などの出入りがほとんど見られず、大小の岩に覆われた5mから50mの幅の浜辺があり、砂浜はほとんど見られない。そして浜辺の背後には数十-200mの海食崖が発達している。山体は平均斜度45度に達する急斜面で、侵食が進んでおらず火山体の原型を比較的良く留めている北西部が最も傾斜が緩やかであるが、その部分でも斜度30度に達する。また南硫黄島の地形の特徴としては、川や湖沼などの淡水系が全く見られないことも挙げられる。南硫黄島を構成する岩石は玄武岩であり、体積比では溶岩流とアグルチネートが島のほとんどを占める。島の急斜面が保たれているのはこのアグルチネートによるもので、強く溶結されている。山頂部には直径約150m、深さ30-40mの東側に開析された火口がある。火口の東側は崩落しており噴火の記録はなく現在噴気活動も認められない。山体全体も東斜面が西斜面よりも侵食が進んでいる。また南硫黄島には確認されているだけで254本の岩脈が貫入している。島の周囲の海域ではサンゴ礁の発達は悪く、海岸線に外洋の波浪が直接打ちつけるようになっている。南硫黄島周囲は水深40-50m付近までは緩やかな傾斜であるが、それ以深では急速に深度を増す。そして南硫黄島の北東約5kmには、しばしば活発な火山活動が観測されている海底火山である福徳岡ノ場がある。南硫黄島の誕生は数十万年前と考えられる。まず溶岩の流出を繰り返しながら小型の火山体が成長していった。短い噴火の休止期に続いて再び溶岩の流出などの火山活動が続き、今の南硫黄島山頂よりも少し東側に火山体が成長していった。その後現在の山頂部からの噴火が始まり現在の南硫黄島が形成された。その後、火山活動は南硫黄島の北東約5kmの福徳岡の場に移り、活動が休止した南硫黄島では侵食活動によって現在の形となったと考えられる,南硫黄島周囲の水深が急激に深くなるのは、水深何mからか?,50m,Lexical variation (world knowledge)
17804,187,南硫黄島原生自然環境保全地域,南硫黄島は、サンゴ礁の発達が悪い上に湾や入江がほとんど見られないため、外洋の波浪が海岸線に直接打ちつけており上陸自体が困難である。島自体も皇居ほどの大きさの島に916mという山が聳え、平均斜度45度という極めて険しい地形であり、また真水もほとんどないことから、人間が上陸した記録自体が少なく、これまで開発の手が入ることがなかった。南硫黄島の発見は1543年、スペイン船サン・ファン号による火山列島発見時のこととされる。その後も北太平洋を航海する船によって目撃された記録が残っている。1885年(明治18年)末、函館を出航した松尾丸が遭難、漂流の結果、南硫黄島に漂着し、乗組員のうち3名が救助されるまでの約3年半、島で過ごしたことがまがりなりにも南硫黄島で生活したことが確実な唯一の記録である。また第二次世界大戦終了直後、アメリカ軍によって南硫黄島で1人の日本人が発見されたとの話が伝えられているが不確実である。しかし南硫黄島を開発しようとする試みがこれまで全く行われなかったわけではない。1896年(明治29年)から北硫黄島の開拓を始めた石野平之丞は、火山列島を構成する北硫黄島、硫黄島、南硫黄島全てを調査した上で北硫黄島の開拓に乗り出したと伝えられており、また1917年(大正6年)には硫黄島の住民が南硫黄島に上陸し、サトウキビなどの栽培を試みた。しかし上陸自体が困難である上に、島自体の極めて険しい地形、そして真水が極めて乏しいという悪条件は、このような開発の試みを挫折させたと考えられる。,南硫黄島を最初に発見したのは、どの国なの?,スペイン,Lexical variation (world knowledge)
17805,187,南硫黄島原生自然環境保全地域,南硫黄島は、サンゴ礁の発達が悪い上に湾や入江がほとんど見られないため、外洋の波浪が海岸線に直接打ちつけており上陸自体が困難である。島自体も皇居ほどの大きさの島に916mという山が聳え、平均斜度45度という極めて険しい地形であり、また真水もほとんどないことから、人間が上陸した記録自体が少なく、これまで開発の手が入ることがなかった。南硫黄島の発見は1543年、スペイン船サン・ファン号による火山列島発見時のこととされる。その後も北太平洋を航海する船によって目撃された記録が残っている。1885年(明治18年)末、函館を出航した松尾丸が遭難、漂流の結果、南硫黄島に漂着し、乗組員のうち3名が救助されるまでの約3年半、島で過ごしたことがまがりなりにも南硫黄島で生活したことが確実な唯一の記録である。また第二次世界大戦終了直後、アメリカ軍によって南硫黄島で1人の日本人が発見されたとの話が伝えられているが不確実である。しかし南硫黄島を開発しようとする試みがこれまで全く行われなかったわけではない。1896年(明治29年)から北硫黄島の開拓を始めた石野平之丞は、火山列島を構成する北硫黄島、硫黄島、南硫黄島全てを調査した上で北硫黄島の開拓に乗り出したと伝えられており、また1917年(大正6年)には硫黄島の住民が南硫黄島に上陸し、サトウキビなどの栽培を試みた。しかし上陸自体が困難である上に、島自体の極めて険しい地形、そして真水が極めて乏しいという悪条件は、このような開発の試みを挫折させたと考えられる。,南硫黄島で生活したという確実かつ唯一の記録とは、何年に出航し、南硫黄島に漂着した人々のことであるか?,1885年,Lexical variation (world knowledge)
17806,187,南硫黄島原生自然環境保全地域,南硫黄島は、サンゴ礁の発達が悪い上に湾や入江がほとんど見られないため、外洋の波浪が海岸線に直接打ちつけており上陸自体が困難である。島自体も皇居ほどの大きさの島に916mという山が聳え、平均斜度45度という極めて険しい地形であり、また真水もほとんどないことから、人間が上陸した記録自体が少なく、これまで開発の手が入ることがなかった。南硫黄島の発見は1543年、スペイン船サン・ファン号による火山列島発見時のこととされる。その後も北太平洋を航海する船によって目撃された記録が残っている。1885年(明治18年)末、函館を出航した松尾丸が遭難、漂流の結果、南硫黄島に漂着し、乗組員のうち3名が救助されるまでの約3年半、島で過ごしたことがまがりなりにも南硫黄島で生活したことが確実な唯一の記録である。また第二次世界大戦終了直後、アメリカ軍によって南硫黄島で1人の日本人が発見されたとの話が伝えられているが不確実である。しかし南硫黄島を開発しようとする試みがこれまで全く行われなかったわけではない。1896年(明治29年)から北硫黄島の開拓を始めた石野平之丞は、火山列島を構成する北硫黄島、硫黄島、南硫黄島全てを調査した上で北硫黄島の開拓に乗り出したと伝えられており、また1917年(大正6年)には硫黄島の住民が南硫黄島に上陸し、サトウキビなどの栽培を試みた。しかし上陸自体が困難である上に、島自体の極めて険しい地形、そして真水が極めて乏しいという悪条件は、このような開発の試みを挫折させたと考えられる。,火山列島を構成する島々のうち、1896年から開拓され始まったのは、どの島か?,北硫黄島,Syntactic variation
17807,187,南硫黄島原生自然環境保全地域,南硫黄島は、サンゴ礁の発達が悪い上に湾や入江がほとんど見られないため、外洋の波浪が海岸線に直接打ちつけており上陸自体が困難である。島自体も皇居ほどの大きさの島に916mという山が聳え、平均斜度45度という極めて険しい地形であり、また真水もほとんどないことから、人間が上陸した記録自体が少なく、これまで開発の手が入ることがなかった。南硫黄島の発見は1543年、スペイン船サン・ファン号による火山列島発見時のこととされる。その後も北太平洋を航海する船によって目撃された記録が残っている。1885年(明治18年)末、函館を出航した松尾丸が遭難、漂流の結果、南硫黄島に漂着し、乗組員のうち3名が救助されるまでの約3年半、島で過ごしたことがまがりなりにも南硫黄島で生活したことが確実な唯一の記録である。また第二次世界大戦終了直後、アメリカ軍によって南硫黄島で1人の日本人が発見されたとの話が伝えられているが不確実である。しかし南硫黄島を開発しようとする試みがこれまで全く行われなかったわけではない。1896年(明治29年)から北硫黄島の開拓を始めた石野平之丞は、火山列島を構成する北硫黄島、硫黄島、南硫黄島全てを調査した上で北硫黄島の開拓に乗り出したと伝えられており、また1917年(大正6年)には硫黄島の住民が南硫黄島に上陸し、サトウキビなどの栽培を試みた。しかし上陸自体が困難である上に、島自体の極めて険しい地形、そして真水が極めて乏しいという悪条件は、このような開発の試みを挫折させたと考えられる。,1917年に南硫黄島への上陸、そして、そこでの作物の栽培を図ったが、南硫黄島の様々な環境のことで失敗したのは、どの島の住民らか?,硫黄島,Lexical variation (world knowledge)
17808,188,南硫黄島原生自然環境保全地域,人間による開発の手が及ばず、手付かずの原始の自然が残された南硫黄島は、やがてその貴重な自然環境が注目されるようになった。1930年(昭和5年)に南硫黄島で採取され、小笠原営林署で栽培された植物が中井猛之進の手に渡ったことにより、南硫黄島の生物が最初に学会にもたらされることになった。そして1935年(昭和10年)10月、小笠原営林署による植物調査が実施され、標高約700m付近まで調査を実施して多数の植物標本を持ち帰った。これが初めての南硫黄島の学術調査である。翌1936年(昭和11年)3月、より本格的な植物調査が実施された。この時の調査では島の南西部から登頂を行って初めて島の最高点に到達し、海岸部から山頂部まで調査を行うことに成功した。調査では維管束植物89種を採集し、南硫黄島の植物相の特徴がとらえられるようになった。,南硫黄島における最初の学術調査が行われたのは、何年?,1935年,Lexical variation (synonymy)
17809,188,南硫黄島原生自然環境保全地域,人間による開発の手が及ばず、手付かずの原始の自然が残された南硫黄島は、やがてその貴重な自然環境が注目されるようになった。1930年(昭和5年)に南硫黄島で採取され、小笠原営林署で栽培された植物が中井猛之進の手に渡ったことにより、南硫黄島の生物が最初に学会にもたらされることになった。そして1935年(昭和10年)10月、小笠原営林署による植物調査が実施され、標高約700m付近まで調査を実施して多数の植物標本を持ち帰った。これが初めての南硫黄島の学術調査である。翌1936年(昭和11年)3月、より本格的な植物調査が実施された。この時の調査では島の南西部から登頂を行って初めて島の最高点に到達し、海岸部から山頂部まで調査を行うことに成功した。調査では維管束植物89種を採集し、南硫黄島の植物相の特徴がとらえられるようになった。,南硫黄島の植物相の特徴がとらえられるようになったのは、何年の調査によることか?,1936年,Syntactic variation
17810,188,南硫黄島原生自然環境保全地域,人間による開発の手が及ばず、手付かずの原始の自然が残された南硫黄島は、やがてその貴重な自然環境が注目されるようになった。1930年(昭和5年)に南硫黄島で採取され、小笠原営林署で栽培された植物が中井猛之進の手に渡ったことにより、南硫黄島の生物が最初に学会にもたらされることになった。そして1935年(昭和10年)10月、小笠原営林署による植物調査が実施され、標高約700m付近まで調査を実施して多数の植物標本を持ち帰った。これが初めての南硫黄島の学術調査である。翌1936年(昭和11年)3月、より本格的な植物調査が実施された。この時の調査では島の南西部から登頂を行って初めて島の最高点に到達し、海岸部から山頂部まで調査を行うことに成功した。調査では維管束植物89種を採集し、南硫黄島の植物相の特徴がとらえられるようになった。,南硫黄島の生物に対する学術調査では、植物と動物のうち、どちらが主に取り扱われたのか?,植物,Multiple sentence reasoning
17811,189,南硫黄島原生自然環境保全地域,1968年(昭和43年)6月の小笠原諸島の日本復帰後、人間の影響が極めて希薄で、自然環境の調査が進んでいない南硫黄島についての関心が高まっていった。まず1969年(昭和44年)7月には鳥類調査を目的として文部省の調査船が南硫黄島周辺を調査し、同月東京都建設局公園緑地部の調査船も調査のため南硫黄島を一周した。1972年(昭和47年)10月、南硫黄島は小笠原国立公園の区域に指定され、1972年11月には南硫黄島全体が天然記念物に指定された。さらに1975年(昭和50年)5月、環境庁によって人間による環境への影響が少なく原始の自然が残されている地域として、自然環境保全法に基づき原生自然環境保全地域に指定された。1979年(昭和54年)4月には、地質調査所が南硫黄島の岩石採集を目的として上陸調査を行ったが、天候急変のために数時間で調査を切り上げざるを得なかった。1981年(昭和56年)6月には国土庁が岩石採集を目的とした調査を試みたが、高波のために上陸を断念した。1981年(昭和56年)6月、日本シダの会の調査員が上陸に成功し、130m付近まで登頂を行い、新たに13種の植物を採集した。環境庁は原生自然環境保護地域に指定された5か所の総合的な学術調査を昭和55年度から実施した。その中で南硫黄島も、1982年(昭和57年)6月に総合的な学術調査が実施された。1936年以来46年ぶりに海岸部から山頂まで各種調査が実施され、これまで多くの謎に包まれていた南硫黄島の貴重な地形、地質、土壌、植物、動物などの自然環境が明らかになってきた。この時の調査結果を踏まえ、1983年(昭和58年)6月、南硫黄島全体が原生自然環境保護地域の立入制限地区に指定されることになった。,小笠原国立公園の区域と天然記念物のうち、南硫黄島がどちらに指定されたのがより遅いの?,天然記念物,Logical reasoning
17812,189,南硫黄島原生自然環境保全地域,1968年(昭和43年)6月の小笠原諸島の日本復帰後、人間の影響が極めて希薄で、自然環境の調査が進んでいない南硫黄島についての関心が高まっていった。まず1969年(昭和44年)7月には鳥類調査を目的として文部省の調査船が南硫黄島周辺を調査し、同月東京都建設局公園緑地部の調査船も調査のため南硫黄島を一周した。1972年(昭和47年)10月、南硫黄島は小笠原国立公園の区域に指定され、1972年11月には南硫黄島全体が天然記念物に指定された。さらに1975年(昭和50年)5月、環境庁によって人間による環境への影響が少なく原始の自然が残されている地域として、自然環境保全法に基づき原生自然環境保全地域に指定された。1979年(昭和54年)4月には、地質調査所が南硫黄島の岩石採集を目的として上陸調査を行ったが、天候急変のために数時間で調査を切り上げざるを得なかった。1981年(昭和56年)6月には国土庁が岩石採集を目的とした調査を試みたが、高波のために上陸を断念した。1981年(昭和56年)6月、日本シダの会の調査員が上陸に成功し、130m付近まで登頂を行い、新たに13種の植物を採集した。環境庁は原生自然環境保護地域に指定された5か所の総合的な学術調査を昭和55年度から実施した。その中で南硫黄島も、1982年(昭和57年)6月に総合的な学術調査が実施された。1936年以来46年ぶりに海岸部から山頂まで各種調査が実施され、これまで多くの謎に包まれていた南硫黄島の貴重な地形、地質、土壌、植物、動物などの自然環境が明らかになってきた。この時の調査結果を踏まえ、1983年(昭和58年)6月、南硫黄島全体が原生自然環境保護地域の立入制限地区に指定されることになった。,1982年6月の環境庁による学術調査以前に、南硫黄島の海岸部から山頂まで調査を行うのに成功したのは、何年のことか?,1936年,Syntactic variation
17813,189,南硫黄島原生自然環境保全地域,1968年(昭和43年)6月の小笠原諸島の日本復帰後、人間の影響が極めて希薄で、自然環境の調査が進んでいない南硫黄島についての関心が高まっていった。まず1969年(昭和44年)7月には鳥類調査を目的として文部省の調査船が南硫黄島周辺を調査し、同月東京都建設局公園緑地部の調査船も調査のため南硫黄島を一周した。1972年(昭和47年)10月、南硫黄島は小笠原国立公園の区域に指定され、1972年11月には南硫黄島全体が天然記念物に指定された。さらに1975年(昭和50年)5月、環境庁によって人間による環境への影響が少なく原始の自然が残されている地域として、自然環境保全法に基づき原生自然環境保全地域に指定された。1979年(昭和54年)4月には、地質調査所が南硫黄島の岩石採集を目的として上陸調査を行ったが、天候急変のために数時間で調査を切り上げざるを得なかった。1981年(昭和56年)6月には国土庁が岩石採集を目的とした調査を試みたが、高波のために上陸を断念した。1981年(昭和56年)6月、日本シダの会の調査員が上陸に成功し、130m付近まで登頂を行い、新たに13種の植物を採集した。環境庁は原生自然環境保護地域に指定された5か所の総合的な学術調査を昭和55年度から実施した。その中で南硫黄島も、1982年(昭和57年)6月に総合的な学術調査が実施された。1936年以来46年ぶりに海岸部から山頂まで各種調査が実施され、これまで多くの謎に包まれていた南硫黄島の貴重な地形、地質、土壌、植物、動物などの自然環境が明らかになってきた。この時の調査結果を踏まえ、1983年(昭和58年)6月、南硫黄島全体が原生自然環境保護地域の立入制限地区に指定されることになった。,南硫黄島全体が原生自然環境保護地域の立入制限地区に指定されるきっかけとなった調査とは、何年に行われたのか?,1982年,Multiple sentence reasoning
17814,190,南硫黄島原生自然環境保全地域,2007年(平成19年)6月、東京都環境局と首都大学東京の手によって25年ぶりの南硫黄島調査が行われた。これは小笠原諸島が世界遺産の自然遺産の候補地とされる中で、調査回数が少なくいまだ全貌が明らかとなっていない南硫黄島の自然環境についての調査を実施し、人間からの影響が極めて少ない海洋島である南硫黄島の生物多様性、生態系のあり方や生物進化の過程を知り、そして南硫黄島への外来生物の進入状況を把握することが小笠原諸島の世界遺産としての価値を証明するためにも必要と判断されたためであった。2007年の調査では1936年、1982年に続き3回目となる山頂までの総合調査が実施され、南硫黄島の自然環境について貴重な知見を得ることができた。また2007年の調査時は、人間からの影響が最小限に抑えられている南硫黄島への外来種の持ち込みを避けるために、島内に持ち込む荷物をクリーンルーム内で殺虫剤の燻蒸を行い、調査隊員の排泄物やゴミも全て持ち帰るなど、調査によって南硫黄島の自然環境に影響を与えぬよう万全の体制を取った。2017年(平成29年)6月、東京都、首都大学東京、日本放送協会の合同による南硫黄島学術調査が実施された。立ち入り困難な場所も多いため、科学者らはロッククライミングの専門家から事前に指導を受け(調査にも同行)、マルチコプターによる空撮も使用された。この記録は2018年のNHKスペシャルで放送された。南硫黄島でこれまで行われた本格的な学術調査は、1936年、1982年、2007年、2017年の4回にすぎず、4回とも山頂部までの調査が実施されたものの、全て島の南西部からほぼ同一コースを取って山頂を目指したため、海岸部を除くと島の南西部から山頂への登頂ルート周辺という島内のほぼ同一地域の調査に限られている。また戦後の1982年、2007年、2017年の調査とも、天候が比較的安定していて台風も少なく波が一番穏やかな季節とされる6月に実施されており、冬季に南硫黄島で繁殖活動を行っている可能性があるとされるアホウドリ類の調査が進んでいないなど、まだ南硫黄島の自然環境については調査が進んでいない部分が残されている。,山頂までの総合調査が初めて行われたのは、何年?,1936年,Logical reasoning
17815,190,南硫黄島原生自然環境保全地域,2007年(平成19年)6月、東京都環境局と首都大学東京の手によって25年ぶりの南硫黄島調査が行われた。これは小笠原諸島が世界遺産の自然遺産の候補地とされる中で、調査回数が少なくいまだ全貌が明らかとなっていない南硫黄島の自然環境についての調査を実施し、人間からの影響が極めて少ない海洋島である南硫黄島の生物多様性、生態系のあり方や生物進化の過程を知り、そして南硫黄島への外来生物の進入状況を把握することが小笠原諸島の世界遺産としての価値を証明するためにも必要と判断されたためであった。2007年の調査では1936年、1982年に続き3回目となる山頂までの総合調査が実施され、南硫黄島の自然環境について貴重な知見を得ることができた。また2007年の調査時は、人間からの影響が最小限に抑えられている南硫黄島への外来種の持ち込みを避けるために、島内に持ち込む荷物をクリーンルーム内で殺虫剤の燻蒸を行い、調査隊員の排泄物やゴミも全て持ち帰るなど、調査によって南硫黄島の自然環境に影響を与えぬよう万全の体制を取った。2017年(平成29年)6月、東京都、首都大学東京、日本放送協会の合同による南硫黄島学術調査が実施された。立ち入り困難な場所も多いため、科学者らはロッククライミングの専門家から事前に指導を受け(調査にも同行)、マルチコプターによる空撮も使用された。この記録は2018年のNHKスペシャルで放送された。南硫黄島でこれまで行われた本格的な学術調査は、1936年、1982年、2007年、2017年の4回にすぎず、4回とも山頂部までの調査が実施されたものの、全て島の南西部からほぼ同一コースを取って山頂を目指したため、海岸部を除くと島の南西部から山頂への登頂ルート周辺という島内のほぼ同一地域の調査に限られている。また戦後の1982年、2007年、2017年の調査とも、天候が比較的安定していて台風も少なく波が一番穏やかな季節とされる6月に実施されており、冬季に南硫黄島で繁殖活動を行っている可能性があるとされるアホウドリ類の調査が進んでいないなど、まだ南硫黄島の自然環境については調査が進んでいない部分が残されている。,天候が安定していないにもかかわらず、山頂まで調査を行うことに成功したのは、何年の調査ですか?,1936年,Logical reasoning
17816,190,南硫黄島原生自然環境保全地域,2007年(平成19年)6月、東京都環境局と首都大学東京の手によって25年ぶりの南硫黄島調査が行われた。これは小笠原諸島が世界遺産の自然遺産の候補地とされる中で、調査回数が少なくいまだ全貌が明らかとなっていない南硫黄島の自然環境についての調査を実施し、人間からの影響が極めて少ない海洋島である南硫黄島の生物多様性、生態系のあり方や生物進化の過程を知り、そして南硫黄島への外来生物の進入状況を把握することが小笠原諸島の世界遺産としての価値を証明するためにも必要と判断されたためであった。2007年の調査では1936年、1982年に続き3回目となる山頂までの総合調査が実施され、南硫黄島の自然環境について貴重な知見を得ることができた。また2007年の調査時は、人間からの影響が最小限に抑えられている南硫黄島への外来種の持ち込みを避けるために、島内に持ち込む荷物をクリーンルーム内で殺虫剤の燻蒸を行い、調査隊員の排泄物やゴミも全て持ち帰るなど、調査によって南硫黄島の自然環境に影響を与えぬよう万全の体制を取った。2017年(平成29年)6月、東京都、首都大学東京、日本放送協会の合同による南硫黄島学術調査が実施された。立ち入り困難な場所も多いため、科学者らはロッククライミングの専門家から事前に指導を受け(調査にも同行)、マルチコプターによる空撮も使用された。この記録は2018年のNHKスペシャルで放送された。南硫黄島でこれまで行われた本格的な学術調査は、1936年、1982年、2007年、2017年の4回にすぎず、4回とも山頂部までの調査が実施されたものの、全て島の南西部からほぼ同一コースを取って山頂を目指したため、海岸部を除くと島の南西部から山頂への登頂ルート周辺という島内のほぼ同一地域の調査に限られている。また戦後の1982年、2007年、2017年の調査とも、天候が比較的安定していて台風も少なく波が一番穏やかな季節とされる6月に実施されており、冬季に南硫黄島で繁殖活動を行っている可能性があるとされるアホウドリ類の調査が進んでいないなど、まだ南硫黄島の自然環境については調査が進んでいない部分が残されている。,2018年のNHKスペシャルで放送された南硫黄島の調査記録は、何年に行われた調査記録であるか?,2017年,Multiple sentence reasoning
17817,190,南硫黄島原生自然環境保全地域,2007年(平成19年)6月、東京都環境局と首都大学東京の手によって25年ぶりの南硫黄島調査が行われた。これは小笠原諸島が世界遺産の自然遺産の候補地とされる中で、調査回数が少なくいまだ全貌が明らかとなっていない南硫黄島の自然環境についての調査を実施し、人間からの影響が極めて少ない海洋島である南硫黄島の生物多様性、生態系のあり方や生物進化の過程を知り、そして南硫黄島への外来生物の進入状況を把握することが小笠原諸島の世界遺産としての価値を証明するためにも必要と判断されたためであった。2007年の調査では1936年、1982年に続き3回目となる山頂までの総合調査が実施され、南硫黄島の自然環境について貴重な知見を得ることができた。また2007年の調査時は、人間からの影響が最小限に抑えられている南硫黄島への外来種の持ち込みを避けるために、島内に持ち込む荷物をクリーンルーム内で殺虫剤の燻蒸を行い、調査隊員の排泄物やゴミも全て持ち帰るなど、調査によって南硫黄島の自然環境に影響を与えぬよう万全の体制を取った。2017年(平成29年)6月、東京都、首都大学東京、日本放送協会の合同による南硫黄島学術調査が実施された。立ち入り困難な場所も多いため、科学者らはロッククライミングの専門家から事前に指導を受け(調査にも同行)、マルチコプターによる空撮も使用された。この記録は2018年のNHKスペシャルで放送された。南硫黄島でこれまで行われた本格的な学術調査は、1936年、1982年、2007年、2017年の4回にすぎず、4回とも山頂部までの調査が実施されたものの、全て島の南西部からほぼ同一コースを取って山頂を目指したため、海岸部を除くと島の南西部から山頂への登頂ルート周辺という島内のほぼ同一地域の調査に限られている。また戦後の1982年、2007年、2017年の調査とも、天候が比較的安定していて台風も少なく波が一番穏やかな季節とされる6月に実施されており、冬季に南硫黄島で繁殖活動を行っている可能性があるとされるアホウドリ類の調査が進んでいないなど、まだ南硫黄島の自然環境については調査が進んでいない部分が残されている。,この文書では、南硫黄島でこれまで行われた本格的な学術調査は、何回に過ぎないと言っていますか?,4回,Syntactic variation
17818,191,南硫黄島原生自然環境保全地域,南硫黄島の自然環境の中で最も研究が進んでいるのが植物に関する分野である。これは1982年の総合調査より前に、戦前の1935年、1936年、そして1981年には日本シダの会によって調査が行われた経緯があり、一番調査研究が長く行われていたことによる。これまでの南硫黄島での植物調査によって確認された維管束植物はシダ植物44種、双子葉植物59種、単子葉植物26種の計129種である。なお南硫黄島から裸子植物は確認されていない。南硫黄島の植物の中で、最も共通種が多いのは小笠原群島と北硫黄島、南硫黄島で、ともに7割近くに達している。しかし南硫黄島には小笠原群島を飛び越え、伊豆諸島や日本本土、遠くアジア大陸との共通種もかなり見られる。そしてマリアナ諸島を始めとするミクロネシアは小笠原群島よりも南硫黄島の方が近いが、ミクロネシアと共通すると考えられる植物は南硫黄島よりも小笠原群島の方が多い。これはミクロネシアから小笠原群島に植物がやって来た頃、まだ南硫黄島を始めとする火山列島が誕生していなかった可能性が指摘されている。また距離的に遠いアジア大陸などからの植物は風によって運ばれてきた可能性がある。南硫黄島の植物相を構成する種の数は、島の広さと標高から推定される数字を下回っている。面積の割に種が少ないことは大洋島の特徴の一つであり、南硫黄島の場合誕生してからの期間が比較的短いことなども原因している可能性がある。しかし南硫黄島の植物の生物多様性は豊かであるとはいえないが、後述のように多くの絶滅危惧種が生育しており、特に山頂近くの雲霧帯には多くの希少種が見られる。,南硫黄島での植物調査によって確認された維管束植物のうち、その種が最も多いのは、何?,単子葉植物,Logical reasoning
17819,191,南硫黄島原生自然環境保全地域,南硫黄島の自然環境の中で最も研究が進んでいるのが植物に関する分野である。これは1982年の総合調査より前に、戦前の1935年、1936年、そして1981年には日本シダの会によって調査が行われた経緯があり、一番調査研究が長く行われていたことによる。これまでの南硫黄島での植物調査によって確認された維管束植物はシダ植物44種、双子葉植物59種、単子葉植物26種の計129種である。なお南硫黄島から裸子植物は確認されていない。南硫黄島の植物の中で、最も共通種が多いのは小笠原群島と北硫黄島、南硫黄島で、ともに7割近くに達している。しかし南硫黄島には小笠原群島を飛び越え、伊豆諸島や日本本土、遠くアジア大陸との共通種もかなり見られる。そしてマリアナ諸島を始めとするミクロネシアは小笠原群島よりも南硫黄島の方が近いが、ミクロネシアと共通すると考えられる植物は南硫黄島よりも小笠原群島の方が多い。これはミクロネシアから小笠原群島に植物がやって来た頃、まだ南硫黄島を始めとする火山列島が誕生していなかった可能性が指摘されている。また距離的に遠いアジア大陸などからの植物は風によって運ばれてきた可能性がある。南硫黄島の植物相を構成する種の数は、島の広さと標高から推定される数字を下回っている。面積の割に種が少ないことは大洋島の特徴の一つであり、南硫黄島の場合誕生してからの期間が比較的短いことなども原因している可能性がある。しかし南硫黄島の植物の生物多様性は豊かであるとはいえないが、後述のように多くの絶滅危惧種が生育しており、特に山頂近くの雲霧帯には多くの希少種が見られる。,ミクロネシアから南硫黄島より遠いが、ミクロネシアと共通すると考えられる植物が南硫黄島より多いのは、どこですか?,小笠原群島,Lexical variation (world knowledge)
17820,191,南硫黄島原生自然環境保全地域,南硫黄島の自然環境の中で最も研究が進んでいるのが植物に関する分野である。これは1982年の総合調査より前に、戦前の1935年、1936年、そして1981年には日本シダの会によって調査が行われた経緯があり、一番調査研究が長く行われていたことによる。これまでの南硫黄島での植物調査によって確認された維管束植物はシダ植物44種、双子葉植物59種、単子葉植物26種の計129種である。なお南硫黄島から裸子植物は確認されていない。南硫黄島の植物の中で、最も共通種が多いのは小笠原群島と北硫黄島、南硫黄島で、ともに7割近くに達している。しかし南硫黄島には小笠原群島を飛び越え、伊豆諸島や日本本土、遠くアジア大陸との共通種もかなり見られる。そしてマリアナ諸島を始めとするミクロネシアは小笠原群島よりも南硫黄島の方が近いが、ミクロネシアと共通すると考えられる植物は南硫黄島よりも小笠原群島の方が多い。これはミクロネシアから小笠原群島に植物がやって来た頃、まだ南硫黄島を始めとする火山列島が誕生していなかった可能性が指摘されている。また距離的に遠いアジア大陸などからの植物は風によって運ばれてきた可能性がある。南硫黄島の植物相を構成する種の数は、島の広さと標高から推定される数字を下回っている。面積の割に種が少ないことは大洋島の特徴の一つであり、南硫黄島の場合誕生してからの期間が比較的短いことなども原因している可能性がある。しかし南硫黄島の植物の生物多様性は豊かであるとはいえないが、後述のように多くの絶滅危惧種が生育しており、特に山頂近くの雲霧帯には多くの希少種が見られる。,シダ植物と双子葉植物のうち、南硫黄島での植物調査によってより多くの種が確認されたのは、何か?,双子葉植物,Logical reasoning
17821,191,南硫黄島原生自然環境保全地域,南硫黄島の自然環境の中で最も研究が進んでいるのが植物に関する分野である。これは1982年の総合調査より前に、戦前の1935年、1936年、そして1981年には日本シダの会によって調査が行われた経緯があり、一番調査研究が長く行われていたことによる。これまでの南硫黄島での植物調査によって確認された維管束植物はシダ植物44種、双子葉植物59種、単子葉植物26種の計129種である。なお南硫黄島から裸子植物は確認されていない。南硫黄島の植物の中で、最も共通種が多いのは小笠原群島と北硫黄島、南硫黄島で、ともに7割近くに達している。しかし南硫黄島には小笠原群島を飛び越え、伊豆諸島や日本本土、遠くアジア大陸との共通種もかなり見られる。そしてマリアナ諸島を始めとするミクロネシアは小笠原群島よりも南硫黄島の方が近いが、ミクロネシアと共通すると考えられる植物は南硫黄島よりも小笠原群島の方が多い。これはミクロネシアから小笠原群島に植物がやって来た頃、まだ南硫黄島を始めとする火山列島が誕生していなかった可能性が指摘されている。また距離的に遠いアジア大陸などからの植物は風によって運ばれてきた可能性がある。南硫黄島の植物相を構成する種の数は、島の広さと標高から推定される数字を下回っている。面積の割に種が少ないことは大洋島の特徴の一つであり、南硫黄島の場合誕生してからの期間が比較的短いことなども原因している可能性がある。しかし南硫黄島の植物の生物多様性は豊かであるとはいえないが、後述のように多くの絶滅危惧種が生育しており、特に山頂近くの雲霧帯には多くの希少種が見られる。,南硫黄島の自然環境の中で最も研究が進んでいるのは、何に関する分野か?,植物,Syntactic variation
17822,192,南硫黄島原生自然環境保全地域,南硫黄島の植生は大きく分けて海岸部の乾生低木林帯、島の中腹を中心に広がる山地常緑広葉樹林帯、そして島の上部に見られる木生シダや草本植物群落の3つに分けられる。海岸部から標高200-300m付近までは断崖が多く、土壌に乏しい地域であり、保水性が悪いため土地は乾いていることが多い。このためセンダンやタコノキなどの群落が発達している。また、標高200-300m以上ではチギやオオバシロテツなどの常緑広葉樹林が広がっている。そして標高400m以上ではコブガシ林が広がっているが、コブガシ林は海鳥たちの巣穴が集中している地域と重なるため、小さな植物が極めて少ないという特徴を持っている。さらに標高500m以上の地域は雲霧林となり、コブガシの幹にはコケ植物、シダ植物、種子植物の着生が見られる。標高600-700m以上は、火山列島固有種のエダウチムニンヘゴなどの木生シダの群落や、ガクアジサイ、ヒサカキの群落、さらには草本であるススキの群落などが見られる。特にエダウチムニンヘゴ群落は幹に多くの種子植物、シダ植物、コケ植物の着生が見られ、雲霧林としての特徴を良く示している。またガクアジサイ、ヒサカキ群落は北硫黄島、そして八丈島の八丈富士にも分布しているが、父島や母島などの小笠原群島では見られない。これは南硫黄島や北硫黄島のような高い山が小笠原群島にはないためガクアジサイやヒサカキの群落が発達せず、さらには小笠原群島ではなく、伊豆諸島、日本本土そしてアジア大陸との共通種が南硫黄島に見られる原因も島の標高の高さが原因であるとの説がある。,南硫黄島の植生を大きく分けると、いくつに分けられるの?,3つ,Syntactic variation
17823,192,南硫黄島原生自然環境保全地域,南硫黄島の植生は大きく分けて海岸部の乾生低木林帯、島の中腹を中心に広がる山地常緑広葉樹林帯、そして島の上部に見られる木生シダや草本植物群落の3つに分けられる。海岸部から標高200-300m付近までは断崖が多く、土壌に乏しい地域であり、保水性が悪いため土地は乾いていることが多い。このためセンダンやタコノキなどの群落が発達している。また、標高200-300m以上ではチギやオオバシロテツなどの常緑広葉樹林が広がっている。そして標高400m以上ではコブガシ林が広がっているが、コブガシ林は海鳥たちの巣穴が集中している地域と重なるため、小さな植物が極めて少ないという特徴を持っている。さらに標高500m以上の地域は雲霧林となり、コブガシの幹にはコケ植物、シダ植物、種子植物の着生が見られる。標高600-700m以上は、火山列島固有種のエダウチムニンヘゴなどの木生シダの群落や、ガクアジサイ、ヒサカキの群落、さらには草本であるススキの群落などが見られる。特にエダウチムニンヘゴ群落は幹に多くの種子植物、シダ植物、コケ植物の着生が見られ、雲霧林としての特徴を良く示している。またガクアジサイ、ヒサカキ群落は北硫黄島、そして八丈島の八丈富士にも分布しているが、父島や母島などの小笠原群島では見られない。これは南硫黄島や北硫黄島のような高い山が小笠原群島にはないためガクアジサイやヒサカキの群落が発達せず、さらには小笠原群島ではなく、伊豆諸島、日本本土そしてアジア大陸との共通種が南硫黄島に見られる原因も島の標高の高さが原因であるとの説がある。,南硫黄島の海岸部から標高200-300m付近の間にセンダンやタコノキなどの群落が発達しているのは、何が悪く土地が乾いているからですか?,保水性,Syntactic variation
17824,192,南硫黄島原生自然環境保全地域,南硫黄島の植生は大きく分けて海岸部の乾生低木林帯、島の中腹を中心に広がる山地常緑広葉樹林帯、そして島の上部に見られる木生シダや草本植物群落の3つに分けられる。海岸部から標高200-300m付近までは断崖が多く、土壌に乏しい地域であり、保水性が悪いため土地は乾いていることが多い。このためセンダンやタコノキなどの群落が発達している。また、標高200-300m以上ではチギやオオバシロテツなどの常緑広葉樹林が広がっている。そして標高400m以上ではコブガシ林が広がっているが、コブガシ林は海鳥たちの巣穴が集中している地域と重なるため、小さな植物が極めて少ないという特徴を持っている。さらに標高500m以上の地域は雲霧林となり、コブガシの幹にはコケ植物、シダ植物、種子植物の着生が見られる。標高600-700m以上は、火山列島固有種のエダウチムニンヘゴなどの木生シダの群落や、ガクアジサイ、ヒサカキの群落、さらには草本であるススキの群落などが見られる。特にエダウチムニンヘゴ群落は幹に多くの種子植物、シダ植物、コケ植物の着生が見られ、雲霧林としての特徴を良く示している。またガクアジサイ、ヒサカキ群落は北硫黄島、そして八丈島の八丈富士にも分布しているが、父島や母島などの小笠原群島では見られない。これは南硫黄島や北硫黄島のような高い山が小笠原群島にはないためガクアジサイやヒサカキの群落が発達せず、さらには小笠原群島ではなく、伊豆諸島、日本本土そしてアジア大陸との共通種が南硫黄島に見られる原因も島の標高の高さが原因であるとの説がある。,南硫黄島でセンダンやタコノキなどの群落が発達している地域とコブガシ林が広がっている地域の間には、何が広がっているのか?,常緑広葉樹林,Multiple sentence reasoning
17825,192,南硫黄島原生自然環境保全地域,南硫黄島の植生は大きく分けて海岸部の乾生低木林帯、島の中腹を中心に広がる山地常緑広葉樹林帯、そして島の上部に見られる木生シダや草本植物群落の3つに分けられる。海岸部から標高200-300m付近までは断崖が多く、土壌に乏しい地域であり、保水性が悪いため土地は乾いていることが多い。このためセンダンやタコノキなどの群落が発達している。また、標高200-300m以上ではチギやオオバシロテツなどの常緑広葉樹林が広がっている。そして標高400m以上ではコブガシ林が広がっているが、コブガシ林は海鳥たちの巣穴が集中している地域と重なるため、小さな植物が極めて少ないという特徴を持っている。さらに標高500m以上の地域は雲霧林となり、コブガシの幹にはコケ植物、シダ植物、種子植物の着生が見られる。標高600-700m以上は、火山列島固有種のエダウチムニンヘゴなどの木生シダの群落や、ガクアジサイ、ヒサカキの群落、さらには草本であるススキの群落などが見られる。特にエダウチムニンヘゴ群落は幹に多くの種子植物、シダ植物、コケ植物の着生が見られ、雲霧林としての特徴を良く示している。またガクアジサイ、ヒサカキ群落は北硫黄島、そして八丈島の八丈富士にも分布しているが、父島や母島などの小笠原群島では見られない。これは南硫黄島や北硫黄島のような高い山が小笠原群島にはないためガクアジサイやヒサカキの群落が発達せず、さらには小笠原群島ではなく、伊豆諸島、日本本土そしてアジア大陸との共通種が南硫黄島に見られる原因も島の標高の高さが原因であるとの説がある。,南硫黄島と北硫黄島のほかに、ガクアジサイ、ヒサカキ群落が発達している島は、どの島か?,八丈島,Syntactic variation
17826,193,南硫黄島原生自然環境保全地域,南硫黄島には23種の絶滅危惧種、準絶滅危惧種が記録されている。2007年の調査ではうち18種が確認されていて、ナガバコウラボシ、ホソバチケシダ、オオトキイヌビワ、ムニンカラスウリ、ムニンホオズキ、ナンカイシダの6種は南硫黄島の個体数が日本全国の個体数の5割を越えると見られている。特にホソバチケシシダは東ヒマラヤ、フィリピン、台湾に分布しているが、日本国内では屋久島と南硫黄島しか分布しておらず、しかも屋久島ではヤクシカの食害によって絶滅の危機に瀕しており、南硫黄島の群落は極めて貴重である。これら絶滅危惧種、準絶滅危惧種の大半が標高750m以上の山頂近くで確認されている。うち800m以上の地域では1982年、2007年の調査で比較的安定した個体数を保っている種が多かったが、700mから800mにかけては2007年の調査では個体数が減少、消滅した絶滅危惧種、準絶滅危惧種が多いことが判明した。また航空写真の比較や調査に参加した人への聞き取りなどから、1982年に比べて2007年は雲霧林が減少した可能性が指摘されている。雲霧林に多く生育する南硫黄島の絶滅危惧種、準絶滅危惧種は、地球温暖化などによる環境の変化によって発生する気候の変動などによって大きな打撃を蒙る可能性がある。,南硫黄島にある絶滅危惧種や準絶滅危惧種と分類される植物の種のうち、最も多くの種が確認された調査は何年に行われたの?,2007年,Logical reasoning
17827,193,南硫黄島原生自然環境保全地域,南硫黄島には23種の絶滅危惧種、準絶滅危惧種が記録されている。2007年の調査ではうち18種が確認されていて、ナガバコウラボシ、ホソバチケシダ、オオトキイヌビワ、ムニンカラスウリ、ムニンホオズキ、ナンカイシダの6種は南硫黄島の個体数が日本全国の個体数の5割を越えると見られている。特にホソバチケシシダは東ヒマラヤ、フィリピン、台湾に分布しているが、日本国内では屋久島と南硫黄島しか分布しておらず、しかも屋久島ではヤクシカの食害によって絶滅の危機に瀕しており、南硫黄島の群落は極めて貴重である。これら絶滅危惧種、準絶滅危惧種の大半が標高750m以上の山頂近くで確認されている。うち800m以上の地域では1982年、2007年の調査で比較的安定した個体数を保っている種が多かったが、700mから800mにかけては2007年の調査では個体数が減少、消滅した絶滅危惧種、準絶滅危惧種が多いことが判明した。また航空写真の比較や調査に参加した人への聞き取りなどから、1982年に比べて2007年は雲霧林が減少した可能性が指摘されている。雲霧林に多く生育する南硫黄島の絶滅危惧種、準絶滅危惧種は、地球温暖化などによる環境の変化によって発生する気候の変動などによって大きな打撃を蒙る可能性がある。,ナガバコウラボシ、ホソバチケシダ、オオトキイヌビワ、ムニンカラスウリ、ムニンホオズキ、ナンカイシダの6種において、その個体数が日本全国で最も多いのは、どこですか?,南硫黄島,Logical reasoning
17828,193,南硫黄島原生自然環境保全地域,南硫黄島には23種の絶滅危惧種、準絶滅危惧種が記録されている。2007年の調査ではうち18種が確認されていて、ナガバコウラボシ、ホソバチケシダ、オオトキイヌビワ、ムニンカラスウリ、ムニンホオズキ、ナンカイシダの6種は南硫黄島の個体数が日本全国の個体数の5割を越えると見られている。特にホソバチケシシダは東ヒマラヤ、フィリピン、台湾に分布しているが、日本国内では屋久島と南硫黄島しか分布しておらず、しかも屋久島ではヤクシカの食害によって絶滅の危機に瀕しており、南硫黄島の群落は極めて貴重である。これら絶滅危惧種、準絶滅危惧種の大半が標高750m以上の山頂近くで確認されている。うち800m以上の地域では1982年、2007年の調査で比較的安定した個体数を保っている種が多かったが、700mから800mにかけては2007年の調査では個体数が減少、消滅した絶滅危惧種、準絶滅危惧種が多いことが判明した。また航空写真の比較や調査に参加した人への聞き取りなどから、1982年に比べて2007年は雲霧林が減少した可能性が指摘されている。雲霧林に多く生育する南硫黄島の絶滅危惧種、準絶滅危惧種は、地球温暖化などによる環境の変化によって発生する気候の変動などによって大きな打撃を蒙る可能性がある。,航空写真の比較や調査に参加した人によると、1982年に比べて2007年は何が減少した可能性があるか?,雲霧林,Syntactic variation
17829,194,南硫黄島原生自然環境保全地域,2007年の調査では、南硫黄島で7種の外来種と考えられる植物が確認された。これは南硫黄島で確認された維管束植物の5.4%であり、他の小笠原諸島の島々に比べて著しく低い数字になっている。また外来種の分布状況は島内各地に散在していて、これもまた人間による撹乱を受けていないことを示している。しかし1982年には確認されていないシンクリノイガが南硫黄島の各所で生育しているのが確認された。シンクリノイガは小笠原群島では南島などで問題となっている外来種で、南硫黄島には鳥の羽毛に付着するなどして持ち込まれたと考えられている。人間の立ち入りが原則禁止となっている南硫黄島であるが、鳥などによって今後も外来植物が侵入する可能性がある。,南硫黄島で外来種と考えられる、7種の植物が確認されたのは、何年のこと?,2007年,Syntactic variation
17830,194,南硫黄島原生自然環境保全地域,2007年の調査では、南硫黄島で7種の外来種と考えられる植物が確認された。これは南硫黄島で確認された維管束植物の5.4%であり、他の小笠原諸島の島々に比べて著しく低い数字になっている。また外来種の分布状況は島内各地に散在していて、これもまた人間による撹乱を受けていないことを示している。しかし1982年には確認されていないシンクリノイガが南硫黄島の各所で生育しているのが確認された。シンクリノイガは小笠原群島では南島などで問題となっている外来種で、南硫黄島には鳥の羽毛に付着するなどして持ち込まれたと考えられている。人間の立ち入りが原則禁止となっている南硫黄島であるが、鳥などによって今後も外来植物が侵入する可能性がある。,鳥などによって外来種が侵入したとの可能性が挙げられるのは、何において立ち入りが原則禁止となっているためか?,人間,Lexical variation (world knowledge)
17831,195,南硫黄島原生自然環境保全地域,オガサワラオオコウモリは父島列島、母島列島、火山列島に生息する、翼を広げると約1mになる大型の翼手類で、かつては父島や母島で多数のオガサワラオオコウモリが生息していたが、戦後のアメリカ統治時代に食用としてグアム島に売られたり、農作物に被害を与えるために駆除されてしまったりしたため数が激減し、天然記念物と種の保存法により国内希少野生動植物種に指定されている。現在の生息数は南硫黄島以外では父島に100-160頭、北硫黄島に数十頭、母島、硫黄島に少数の生息が確認されている。南硫黄島では戦前にオガサワラオオコウモリの生息が確認されていたが、1982年の調査によって約100頭から数百頭の生息が推定され、他の島に生息する個体よりも全体の色彩が明るいこと、そして昼間に活動するという特徴が報告された。また南硫黄島のオガサワラオオコウモリは主にタコノキやコブガシの果実を食用としていることが確認されたが、アナドリの頭部を食べている場面も目撃されており、状況によっては肉食も行っている可能性が指摘された。,オガサワラオオコウモリが国内希少野生動植物種に指定された背景としては、どんな時代に食用としてグアム島に売られたとのことがあるの?,戦後のアメリカ統治時代,Syntactic variation
17832,195,南硫黄島原生自然環境保全地域,オガサワラオオコウモリは父島列島、母島列島、火山列島に生息する、翼を広げると約1mになる大型の翼手類で、かつては父島や母島で多数のオガサワラオオコウモリが生息していたが、戦後のアメリカ統治時代に食用としてグアム島に売られたり、農作物に被害を与えるために駆除されてしまったりしたため数が激減し、天然記念物と種の保存法により国内希少野生動植物種に指定されている。現在の生息数は南硫黄島以外では父島に100-160頭、北硫黄島に数十頭、母島、硫黄島に少数の生息が確認されている。南硫黄島では戦前にオガサワラオオコウモリの生息が確認されていたが、1982年の調査によって約100頭から数百頭の生息が推定され、他の島に生息する個体よりも全体の色彩が明るいこと、そして昼間に活動するという特徴が報告された。また南硫黄島のオガサワラオオコウモリは主にタコノキやコブガシの果実を食用としていることが確認されたが、アナドリの頭部を食べている場面も目撃されており、状況によっては肉食も行っている可能性が指摘された。,南硫黄島のオガサワラオオコウモリが主に食用とするのは、タコノキと何の果実か?,コブガシ,Syntactic variation
17833,196,南硫黄島原生自然環境保全地域,2007年の調査時も100-300頭程度のオガサワラオオコウモリの生息が確認された。1982年の調査時と同じく昼間の活動が確認されたが、昼間の活動は食物探索の合間に休息をしている可能性があり、また夜間も活動していることが確認された。これまでオガサワラオオコウモリの生態について調査が行われた父島、母島、北硫黄島ではいずれも昼間の活動は確認されず、夜間の活動のみであった。南硫黄島のみ昼間にオガサワラオオコウモリの活動が行われる理由としては、猛禽類が生息しておらず昼間に活動しても捕食される恐れがないことと、慢性的な食物不足のために昼間も食物探索に当てねばならない等の理由が考えられる。1982年の調査時にも指摘された、他の生息地域の個体よりも色が明るいという特徴は2007年の調査時も確認された。2007年に捕獲された個体を観察した結果、体毛の生え際は他の地域の個体の色と変わらないと見られるため、南硫黄島のオガサワラオオコウモリの特徴である昼間の活動や、急峻な地形のため日光を遮るものが少ないために紫外線等により後天的に色が変化した可能性が高いとされた。2007年の調査時、オガサワラオオコウモリはタコノキの実の他にシマオオタニワタリとナンバンカラムシの葉を食用としていたことが確認された。これは2007年の調査直前に台風が南硫黄島付近を通過しており、その影響で著しい食物不足に陥っていた可能性があり、シマオオタニワタリとナンバンカラムシの葉は緊急的に利用していた可能性もある。また2007年の調査時に捕獲されたオガサワラオオコウモリ全てに著しい歯の磨耗が確認され、顎の噛む力も強かった。歯の著しい磨耗が台風通過直後の食糧不足に伴う一時的なものか、慢性的な食糧不足による持続的なものであるかは現在のところ不明である。,他の島とは違って南硫黄島ではオガサワラオオコウモリが昼間にも活動するのは、何が生息していないからだと考えられるの?,猛禽類,Lexical variation (world knowledge)
17834,196,南硫黄島原生自然環境保全地域,2007年の調査時も100-300頭程度のオガサワラオオコウモリの生息が確認された。1982年の調査時と同じく昼間の活動が確認されたが、昼間の活動は食物探索の合間に休息をしている可能性があり、また夜間も活動していることが確認された。これまでオガサワラオオコウモリの生態について調査が行われた父島、母島、北硫黄島ではいずれも昼間の活動は確認されず、夜間の活動のみであった。南硫黄島のみ昼間にオガサワラオオコウモリの活動が行われる理由としては、猛禽類が生息しておらず昼間に活動しても捕食される恐れがないことと、慢性的な食物不足のために昼間も食物探索に当てねばならない等の理由が考えられる。1982年の調査時にも指摘された、他の生息地域の個体よりも色が明るいという特徴は2007年の調査時も確認された。2007年に捕獲された個体を観察した結果、体毛の生え際は他の地域の個体の色と変わらないと見られるため、南硫黄島のオガサワラオオコウモリの特徴である昼間の活動や、急峻な地形のため日光を遮るものが少ないために紫外線等により後天的に色が変化した可能性が高いとされた。2007年の調査時、オガサワラオオコウモリはタコノキの実の他にシマオオタニワタリとナンバンカラムシの葉を食用としていたことが確認された。これは2007年の調査直前に台風が南硫黄島付近を通過しており、その影響で著しい食物不足に陥っていた可能性があり、シマオオタニワタリとナンバンカラムシの葉は緊急的に利用していた可能性もある。また2007年の調査時に捕獲されたオガサワラオオコウモリ全てに著しい歯の磨耗が確認され、顎の噛む力も強かった。歯の著しい磨耗が台風通過直後の食糧不足に伴う一時的なものか、慢性的な食糧不足による持続的なものであるかは現在のところ不明である。,父島と母島、北硫黄島、南硫黄島のうち、オガサワラオオコウモリが夜間だけでなく昼間にも活動するのが確認されたのは、どこでか?,南硫黄島,Lexical variation (world knowledge)
17835,196,南硫黄島原生自然環境保全地域,2007年の調査時も100-300頭程度のオガサワラオオコウモリの生息が確認された。1982年の調査時と同じく昼間の活動が確認されたが、昼間の活動は食物探索の合間に休息をしている可能性があり、また夜間も活動していることが確認された。これまでオガサワラオオコウモリの生態について調査が行われた父島、母島、北硫黄島ではいずれも昼間の活動は確認されず、夜間の活動のみであった。南硫黄島のみ昼間にオガサワラオオコウモリの活動が行われる理由としては、猛禽類が生息しておらず昼間に活動しても捕食される恐れがないことと、慢性的な食物不足のために昼間も食物探索に当てねばならない等の理由が考えられる。1982年の調査時にも指摘された、他の生息地域の個体よりも色が明るいという特徴は2007年の調査時も確認された。2007年に捕獲された個体を観察した結果、体毛の生え際は他の地域の個体の色と変わらないと見られるため、南硫黄島のオガサワラオオコウモリの特徴である昼間の活動や、急峻な地形のため日光を遮るものが少ないために紫外線等により後天的に色が変化した可能性が高いとされた。2007年の調査時、オガサワラオオコウモリはタコノキの実の他にシマオオタニワタリとナンバンカラムシの葉を食用としていたことが確認された。これは2007年の調査直前に台風が南硫黄島付近を通過しており、その影響で著しい食物不足に陥っていた可能性があり、シマオオタニワタリとナンバンカラムシの葉は緊急的に利用していた可能性もある。また2007年の調査時に捕獲されたオガサワラオオコウモリ全てに著しい歯の磨耗が確認され、顎の噛む力も強かった。歯の著しい磨耗が台風通過直後の食糧不足に伴う一時的なものか、慢性的な食糧不足による持続的なものであるかは現在のところ不明である。,2007年の調査で南硫黄島のオガサワラオオコウモリが、主に食用とする植物ではなく他の植物を食べるのが確認されたのは、何による食物不足のためだと考えられているのか?,台風,Lexical variation (world knowledge)
17836,196,南硫黄島原生自然環境保全地域,2007年の調査時も100-300頭程度のオガサワラオオコウモリの生息が確認された。1982年の調査時と同じく昼間の活動が確認されたが、昼間の活動は食物探索の合間に休息をしている可能性があり、また夜間も活動していることが確認された。これまでオガサワラオオコウモリの生態について調査が行われた父島、母島、北硫黄島ではいずれも昼間の活動は確認されず、夜間の活動のみであった。南硫黄島のみ昼間にオガサワラオオコウモリの活動が行われる理由としては、猛禽類が生息しておらず昼間に活動しても捕食される恐れがないことと、慢性的な食物不足のために昼間も食物探索に当てねばならない等の理由が考えられる。1982年の調査時にも指摘された、他の生息地域の個体よりも色が明るいという特徴は2007年の調査時も確認された。2007年に捕獲された個体を観察した結果、体毛の生え際は他の地域の個体の色と変わらないと見られるため、南硫黄島のオガサワラオオコウモリの特徴である昼間の活動や、急峻な地形のため日光を遮るものが少ないために紫外線等により後天的に色が変化した可能性が高いとされた。2007年の調査時、オガサワラオオコウモリはタコノキの実の他にシマオオタニワタリとナンバンカラムシの葉を食用としていたことが確認された。これは2007年の調査直前に台風が南硫黄島付近を通過しており、その影響で著しい食物不足に陥っていた可能性があり、シマオオタニワタリとナンバンカラムシの葉は緊急的に利用していた可能性もある。また2007年の調査時に捕獲されたオガサワラオオコウモリ全てに著しい歯の磨耗が確認され、顎の噛む力も強かった。歯の著しい磨耗が台風通過直後の食糧不足に伴う一時的なものか、慢性的な食糧不足による持続的なものであるかは現在のところ不明である。,南硫黄島のオガサワラオオコウモリが昼間にも活動する理由は、何のために昼間も食物探索に当てねばならないのであると考えられていますか?,慢性的な食物不足,Syntactic variation
17837,197,南硫黄島原生自然環境保全地域,小笠原諸島の島々では、外来種としてクマネズミなどのネズミ類が進入し、生態系に悪影響を与えている。例えば北硫黄島で戦前繁殖が確認されていたオーストンウミツバメ、クロウミツバメ、セグロミズナギドリは、クマネズミの影響で北硫黄島では繁殖が行われなくなったものと推定されており、父島列島、母島列島、聟島列島にはほとんどの島にクマネズミが侵入し、植生や鳥類、陸産貝類などに被害を与えていることが明らかになっている。南硫黄島はこれまで人間が生態系に与えた影響が極めて小さかったと考えられているが、船の難破や開墾の試みなど人間との関わりが皆無であったわけではない。また、ネズミ類は短距離ならば海を泳いで分布を広げるとの報告もある。そのため、1982年、2007年の学術調査の際にネズミ類の生息の有無の調査が行われた。1982年の調査時は、島内に設置したワナに全く捕獲されず、また島の南岸にあった難破船の生米が全くネズミ類の食害に遭っていなかったことが確認されたため、ネズミ類は生息していないものと判断された。2007年の調査時もワナの設置や食痕の調査を通じてネズミ類の存在について確認されたが、やはり生息していないものと考えられた。この結果は南硫黄島が人間からの影響がこれまで極めて小さかったことを物語っている。,小笠原諸島の島々で生態系を揺らすほどの悪影響を与えていると思われる外来種は、何なの?,クマネズミ,Lexical variation (world knowledge)
17838,197,南硫黄島原生自然環境保全地域,小笠原諸島の島々では、外来種としてクマネズミなどのネズミ類が進入し、生態系に悪影響を与えている。例えば北硫黄島で戦前繁殖が確認されていたオーストンウミツバメ、クロウミツバメ、セグロミズナギドリは、クマネズミの影響で北硫黄島では繁殖が行われなくなったものと推定されており、父島列島、母島列島、聟島列島にはほとんどの島にクマネズミが侵入し、植生や鳥類、陸産貝類などに被害を与えていることが明らかになっている。南硫黄島はこれまで人間が生態系に与えた影響が極めて小さかったと考えられているが、船の難破や開墾の試みなど人間との関わりが皆無であったわけではない。また、ネズミ類は短距離ならば海を泳いで分布を広げるとの報告もある。そのため、1982年、2007年の学術調査の際にネズミ類の生息の有無の調査が行われた。1982年の調査時は、島内に設置したワナに全く捕獲されず、また島の南岸にあった難破船の生米が全くネズミ類の食害に遭っていなかったことが確認されたため、ネズミ類は生息していないものと判断された。2007年の調査時もワナの設置や食痕の調査を通じてネズミ類の存在について確認されたが、やはり生息していないものと考えられた。この結果は南硫黄島が人間からの影響がこれまで極めて小さかったことを物語っている。,南硫黄島にネズミ類が生息していないとの調査結果が初めて出されたのは、いつか?,1982年,Logical reasoning
17839,197,南硫黄島原生自然環境保全地域,小笠原諸島の島々では、外来種としてクマネズミなどのネズミ類が進入し、生態系に悪影響を与えている。例えば北硫黄島で戦前繁殖が確認されていたオーストンウミツバメ、クロウミツバメ、セグロミズナギドリは、クマネズミの影響で北硫黄島では繁殖が行われなくなったものと推定されており、父島列島、母島列島、聟島列島にはほとんどの島にクマネズミが侵入し、植生や鳥類、陸産貝類などに被害を与えていることが明らかになっている。南硫黄島はこれまで人間が生態系に与えた影響が極めて小さかったと考えられているが、船の難破や開墾の試みなど人間との関わりが皆無であったわけではない。また、ネズミ類は短距離ならば海を泳いで分布を広げるとの報告もある。そのため、1982年、2007年の学術調査の際にネズミ類の生息の有無の調査が行われた。1982年の調査時は、島内に設置したワナに全く捕獲されず、また島の南岸にあった難破船の生米が全くネズミ類の食害に遭っていなかったことが確認されたため、ネズミ類は生息していないものと判断された。2007年の調査時もワナの設置や食痕の調査を通じてネズミ類の存在について確認されたが、やはり生息していないものと考えられた。この結果は南硫黄島が人間からの影響がこれまで極めて小さかったことを物語っている。,オーストンウミツバメ、クロウミツバメ、セグロミズナギドリが北硫黄島で繁殖を行わなくなったのは、何の影響であるか?,クマネズミ,Syntactic variation
17840,198,南硫黄島原生自然環境保全地域,1982年の調査時、南硫黄島ではオナガミズナギドリ、アナドリ、カツオドリ、アカオネッタイチョウ、シロハラミズナギドリ、クロウミツバメの6種の海鳥、そしてアカガシラカラスバト、ハシブトヒヨドリ、イソヒヨドリ、ハシナガウグイス、イオウジマメジロ、オガサワラカワラヒワの6種の陸鳥が繁殖ないし繁殖している可能性が高いとされた。2007年の調査ではセグロミズナギドリも繁殖している可能性が高いとされ、2017年の調査ではアカアシカツオドリの営巣が確認された。現在のところ海鳥8種、陸鳥6種が繁殖ないし繁殖を行っている可能性が高いとされている。うち海鳥であるセグロミズナギドリ、シロハラミズナギドリ、クロウミツバメ、アカオネッタイチョウ、陸鳥のアカガシラカラスバト、オガサワラカワラヒワは、2006年に改定されたレッドリストに記載されている。特にクロウミツバメは南硫黄島が現在確認されている全世界で唯一の繁殖地である。このように希少な海鳥、陸鳥が繁殖する南硫黄島を含む火山列島は重要野鳥生息地(IBA)に指定されている。南硫黄島の海岸部には、オナガミズナギドリ、アナドリ、カツオドリ、アカオネッタイチョウの営巣が確認されている。うちアカオネッタイチョウは日本国内ではこれまで北硫黄島、南鳥島、西之島で繁殖が確認されているが、いずれも10つがい程度の営巣で、数十つがい以上が営巣していると見られる南硫黄島は日本国内最大の繁殖地であると考えられる。地面に穴を掘って営巣するシロハラミズナギドリ、クロウミツバメ、セグロミズナギドリは南硫黄島の標高400m以上の、土壌の発達が良い場所を選んで営巣をしている。2007年の調査では、シロハラミズナギドリは標高400mから山頂付近まで、クロウミツバメは標高700m以上、セグロミズナギドリは標高800m以上で確認された。1982年の調査ではシロハラミズナギドリとクロウミツバメは標高750mを境に住み分けがなされているとされており、シロハラミズナギドリの営巣地が25年の間に拡大した可能性が指摘されている。,現在のところ、南硫黄島で繁殖ないし繁殖を行っている可能性が高いとされている、海鳥と陸鳥のうち、その種がより多いのは、どちらか?,海鳥,Logical reasoning
17841,198,南硫黄島原生自然環境保全地域,1982年の調査時、南硫黄島ではオナガミズナギドリ、アナドリ、カツオドリ、アカオネッタイチョウ、シロハラミズナギドリ、クロウミツバメの6種の海鳥、そしてアカガシラカラスバト、ハシブトヒヨドリ、イソヒヨドリ、ハシナガウグイス、イオウジマメジロ、オガサワラカワラヒワの6種の陸鳥が繁殖ないし繁殖している可能性が高いとされた。2007年の調査ではセグロミズナギドリも繁殖している可能性が高いとされ、2017年の調査ではアカアシカツオドリの営巣が確認された。現在のところ海鳥8種、陸鳥6種が繁殖ないし繁殖を行っている可能性が高いとされている。うち海鳥であるセグロミズナギドリ、シロハラミズナギドリ、クロウミツバメ、アカオネッタイチョウ、陸鳥のアカガシラカラスバト、オガサワラカワラヒワは、2006年に改定されたレッドリストに記載されている。特にクロウミツバメは南硫黄島が現在確認されている全世界で唯一の繁殖地である。このように希少な海鳥、陸鳥が繁殖する南硫黄島を含む火山列島は重要野鳥生息地(IBA)に指定されている。南硫黄島の海岸部には、オナガミズナギドリ、アナドリ、カツオドリ、アカオネッタイチョウの営巣が確認されている。うちアカオネッタイチョウは日本国内ではこれまで北硫黄島、南鳥島、西之島で繁殖が確認されているが、いずれも10つがい程度の営巣で、数十つがい以上が営巣していると見られる南硫黄島は日本国内最大の繁殖地であると考えられる。地面に穴を掘って営巣するシロハラミズナギドリ、クロウミツバメ、セグロミズナギドリは南硫黄島の標高400m以上の、土壌の発達が良い場所を選んで営巣をしている。2007年の調査では、シロハラミズナギドリは標高400mから山頂付近まで、クロウミツバメは標高700m以上、セグロミズナギドリは標高800m以上で確認された。1982年の調査ではシロハラミズナギドリとクロウミツバメは標高750mを境に住み分けがなされているとされており、シロハラミズナギドリの営巣地が25年の間に拡大した可能性が指摘されている。,現在のところ、南硫黄島で8種が繁殖ないし繁殖を行っている可能性が高いとされている鳥類のうち、一部が記載されているリストとは何か?,レッドリスト,Multiple sentence reasoning
17842,198,南硫黄島原生自然環境保全地域,1982年の調査時、南硫黄島ではオナガミズナギドリ、アナドリ、カツオドリ、アカオネッタイチョウ、シロハラミズナギドリ、クロウミツバメの6種の海鳥、そしてアカガシラカラスバト、ハシブトヒヨドリ、イソヒヨドリ、ハシナガウグイス、イオウジマメジロ、オガサワラカワラヒワの6種の陸鳥が繁殖ないし繁殖している可能性が高いとされた。2007年の調査ではセグロミズナギドリも繁殖している可能性が高いとされ、2017年の調査ではアカアシカツオドリの営巣が確認された。現在のところ海鳥8種、陸鳥6種が繁殖ないし繁殖を行っている可能性が高いとされている。うち海鳥であるセグロミズナギドリ、シロハラミズナギドリ、クロウミツバメ、アカオネッタイチョウ、陸鳥のアカガシラカラスバト、オガサワラカワラヒワは、2006年に改定されたレッドリストに記載されている。特にクロウミツバメは南硫黄島が現在確認されている全世界で唯一の繁殖地である。このように希少な海鳥、陸鳥が繁殖する南硫黄島を含む火山列島は重要野鳥生息地(IBA)に指定されている。南硫黄島の海岸部には、オナガミズナギドリ、アナドリ、カツオドリ、アカオネッタイチョウの営巣が確認されている。うちアカオネッタイチョウは日本国内ではこれまで北硫黄島、南鳥島、西之島で繁殖が確認されているが、いずれも10つがい程度の営巣で、数十つがい以上が営巣していると見られる南硫黄島は日本国内最大の繁殖地であると考えられる。地面に穴を掘って営巣するシロハラミズナギドリ、クロウミツバメ、セグロミズナギドリは南硫黄島の標高400m以上の、土壌の発達が良い場所を選んで営巣をしている。2007年の調査では、シロハラミズナギドリは標高400mから山頂付近まで、クロウミツバメは標高700m以上、セグロミズナギドリは標高800m以上で確認された。1982年の調査ではシロハラミズナギドリとクロウミツバメは標高750mを境に住み分けがなされているとされており、シロハラミズナギドリの営巣地が25年の間に拡大した可能性が指摘されている。,南硫黄島が現在確認されている全世界で唯一の繁殖地であるのは、何か?,クロウミツバメ,Syntactic variation
17843,198,南硫黄島原生自然環境保全地域,1982年の調査時、南硫黄島ではオナガミズナギドリ、アナドリ、カツオドリ、アカオネッタイチョウ、シロハラミズナギドリ、クロウミツバメの6種の海鳥、そしてアカガシラカラスバト、ハシブトヒヨドリ、イソヒヨドリ、ハシナガウグイス、イオウジマメジロ、オガサワラカワラヒワの6種の陸鳥が繁殖ないし繁殖している可能性が高いとされた。2007年の調査ではセグロミズナギドリも繁殖している可能性が高いとされ、2017年の調査ではアカアシカツオドリの営巣が確認された。現在のところ海鳥8種、陸鳥6種が繁殖ないし繁殖を行っている可能性が高いとされている。うち海鳥であるセグロミズナギドリ、シロハラミズナギドリ、クロウミツバメ、アカオネッタイチョウ、陸鳥のアカガシラカラスバト、オガサワラカワラヒワは、2006年に改定されたレッドリストに記載されている。特にクロウミツバメは南硫黄島が現在確認されている全世界で唯一の繁殖地である。このように希少な海鳥、陸鳥が繁殖する南硫黄島を含む火山列島は重要野鳥生息地(IBA)に指定されている。南硫黄島の海岸部には、オナガミズナギドリ、アナドリ、カツオドリ、アカオネッタイチョウの営巣が確認されている。うちアカオネッタイチョウは日本国内ではこれまで北硫黄島、南鳥島、西之島で繁殖が確認されているが、いずれも10つがい程度の営巣で、数十つがい以上が営巣していると見られる南硫黄島は日本国内最大の繁殖地であると考えられる。地面に穴を掘って営巣するシロハラミズナギドリ、クロウミツバメ、セグロミズナギドリは南硫黄島の標高400m以上の、土壌の発達が良い場所を選んで営巣をしている。2007年の調査では、シロハラミズナギドリは標高400mから山頂付近まで、クロウミツバメは標高700m以上、セグロミズナギドリは標高800m以上で確認された。1982年の調査ではシロハラミズナギドリとクロウミツバメは標高750mを境に住み分けがなされているとされており、シロハラミズナギドリの営巣地が25年の間に拡大した可能性が指摘されている。,南硫黄島で6種の海鳥と6種の陸鳥が繁殖ないし繁殖している可能性が高いとされたのは、何年の調査によることか?,1982年,Syntactic variation
17844,199,南硫黄島原生自然環境保全地域,シロハラミズナギドリは北西ハワイ諸島と小笠原諸島のみで繁殖が確認されており、戦前には小笠原諸島の5つの島、戦後は南硫黄島と北之島で繁殖が確認されているが、1978年以降北之島で確実な繁殖が報告されておらず、南硫黄島の繁殖地は全世界的に見ても貴重である。2007年の調査によれば南硫黄島では推定数万-数十万つがいに及ぶ多数のシロハラミズナギドリの繁殖が確認されている。セグロミズナギドリは2007年の調査でも繁殖の実態がはっきりせず、繁殖数も6000つがい程度ではないかとの推定がなされているのみであるが、他に確認されている繁殖地が父島列島の東島のみであり、南硫黄島の繁殖地はやはり貴重であると言える。そしてクロウミツバメは戦前、北硫黄島での繁殖が確認されているが戦後は繁殖が確認されていない。これはクマネズミによる食害の影響によるものと推定されている。そのため現在確認されているクロウミツバメの繁殖地は全世界で南硫黄島のみである。南硫黄島での繁殖つがいは数万-10万程度と推定されているが、確認されている全世界で唯一の繁殖地である南硫黄島の重要性は極めて高い。,シロハラミズナギドリの繁殖が確認されたのは、小笠原諸島と何諸島のみなの?,北西ハワイ諸島,Syntactic variation
17845,199,南硫黄島原生自然環境保全地域,シロハラミズナギドリは北西ハワイ諸島と小笠原諸島のみで繁殖が確認されており、戦前には小笠原諸島の5つの島、戦後は南硫黄島と北之島で繁殖が確認されているが、1978年以降北之島で確実な繁殖が報告されておらず、南硫黄島の繁殖地は全世界的に見ても貴重である。2007年の調査によれば南硫黄島では推定数万-数十万つがいに及ぶ多数のシロハラミズナギドリの繁殖が確認されている。セグロミズナギドリは2007年の調査でも繁殖の実態がはっきりせず、繁殖数も6000つがい程度ではないかとの推定がなされているのみであるが、他に確認されている繁殖地が父島列島の東島のみであり、南硫黄島の繁殖地はやはり貴重であると言える。そしてクロウミツバメは戦前、北硫黄島での繁殖が確認されているが戦後は繁殖が確認されていない。これはクマネズミによる食害の影響によるものと推定されている。そのため現在確認されているクロウミツバメの繁殖地は全世界で南硫黄島のみである。南硫黄島での繁殖つがいは数万-10万程度と推定されているが、確認されている全世界で唯一の繁殖地である南硫黄島の重要性は極めて高い。,戦後、シロハラミズナギドリの繁殖が確認されており、1978年以降にもはそれに関する報告があったところは、どこか?,南硫黄島,Lexical variation (world knowledge)
17846,200,ハンセン病,"ハンセン病(ハンセンびょう、Hansen'sdisease,Leprosy)は、抗酸菌の一種であるらい菌(Mycobacteriumleprae)の皮膚のマクロファージ内寄生および末梢神経細胞内寄生によって引き起こされる感染症である。病名は、1873年にらい菌を発見したノルウェーの医師、アルマウェル・ハンセンに由来する。かつての日本では「癩(らい)」、「癩病」、「らい病」とも呼ばれていたが、それらを差別的に感じる人も多く、歴史的な文脈以外での使用は避けられるのが一般的である。その理由は、「医療や病気への理解が乏しい時代に、その外見や感染への恐怖心などから、患者への過剰な差別が生じた時に使われた呼称である」ためで、それに関連する映画なども作成されている。感染経路は、らい菌の経鼻・経気道よりのものが主であるが、他系統も存在する(感染経路の項にて後述)。らい菌の感染力は非常に低く、治療法も確立した現状では、重篤な後遺症を残すことや感染源になることは無いものの、適切な治療を受けない・受けられない場合、皮膚に重度の病変が生じ、他者へ感染することもある。2016年のWHOによる統計では、世界におけるハンセン病の新規患者総数は、年間約21万人である。一方、日本の新規患者数は年間で0〜1人に抑制され、現在では極めて稀な疾病となっている。",ハンセン病の原因となる細菌は何?,らい菌,Lexical variation (world knowledge)
17847,200,ハンセン病,"ハンセン病(ハンセンびょう、Hansen'sdisease,Leprosy)は、抗酸菌の一種であるらい菌(Mycobacteriumleprae)の皮膚のマクロファージ内寄生および末梢神経細胞内寄生によって引き起こされる感染症である。病名は、1873年にらい菌を発見したノルウェーの医師、アルマウェル・ハンセンに由来する。かつての日本では「癩(らい)」、「癩病」、「らい病」とも呼ばれていたが、それらを差別的に感じる人も多く、歴史的な文脈以外での使用は避けられるのが一般的である。その理由は、「医療や病気への理解が乏しい時代に、その外見や感染への恐怖心などから、患者への過剰な差別が生じた時に使われた呼称である」ためで、それに関連する映画なども作成されている。感染経路は、らい菌の経鼻・経気道よりのものが主であるが、他系統も存在する(感染経路の項にて後述)。らい菌の感染力は非常に低く、治療法も確立した現状では、重篤な後遺症を残すことや感染源になることは無いものの、適切な治療を受けない・受けられない場合、皮膚に重度の病変が生じ、他者へ感染することもある。2016年のWHOによる統計では、世界におけるハンセン病の新規患者総数は、年間約21万人である。一方、日本の新規患者数は年間で0〜1人に抑制され、現在では極めて稀な疾病となっている。",ハンセン病の原因となる細菌を発見したのは、何年のことですか?,1873年,Multiple sentence reasoning
17848,200,ハンセン病,"ハンセン病(ハンセンびょう、Hansen'sdisease,Leprosy)は、抗酸菌の一種であるらい菌(Mycobacteriumleprae)の皮膚のマクロファージ内寄生および末梢神経細胞内寄生によって引き起こされる感染症である。病名は、1873年にらい菌を発見したノルウェーの医師、アルマウェル・ハンセンに由来する。かつての日本では「癩(らい)」、「癩病」、「らい病」とも呼ばれていたが、それらを差別的に感じる人も多く、歴史的な文脈以外での使用は避けられるのが一般的である。その理由は、「医療や病気への理解が乏しい時代に、その外見や感染への恐怖心などから、患者への過剰な差別が生じた時に使われた呼称である」ためで、それに関連する映画なども作成されている。感染経路は、らい菌の経鼻・経気道よりのものが主であるが、他系統も存在する(感染経路の項にて後述)。らい菌の感染力は非常に低く、治療法も確立した現状では、重篤な後遺症を残すことや感染源になることは無いものの、適切な治療を受けない・受けられない場合、皮膚に重度の病変が生じ、他者へ感染することもある。2016年のWHOによる統計では、世界におけるハンセン病の新規患者総数は、年間約21万人である。一方、日本の新規患者数は年間で0〜1人に抑制され、現在では極めて稀な疾病となっている。",2016年のWHOの統計によると、世界におけるハンセン病の新規患者総数は、年間約何人に至っていますか?,約21万人,Lexical variation (world knowledge)
17849,201,ハンセン病,"ハンセン病は古くから世界の各地に存在していた病気で、多くの古文書や宗教にハンセン病を思わせる記述が残されている。ただし、古文書に登場するleprosy、癩病と呼ばれたものはハンセン病以外の病気も含む可能性があることや、歴史的経緯からみると医学用語ではなく宗教的要素も加わった言葉であること、また聖書の翻訳に見られるように混乱を引き起こすように訳された結果を考慮すると、ハンセン病と同義にならない。古文書でのleprosyやレプラの記述の意味を確認することは容易でなく、ハンセン病の起源、歴史の研究を難しくする要因となっている。日本では「癩(らい)病」、「ハンセン病」の両方の呼称がある。上述したとおり、公的な場での前者の使用は忌避される傾向がある。近代以前の「癩(病)」は一つの独立した「ハンセン病」という疾患以外の病気も含む概念であり、断りを併記して使用されることがある。英語圏ではleprosy,Hansen'sdiseaseの両方が使用される。患者はleper(らい者)とも呼ばれるが、1953年に開催された第6回国際らい会議では、患者はleprosypatientと呼ぶことが推奨された。従来、らい療養所は「レプロサリウム、Leprosarium」と呼ばれたが、「サナトリウム、sanatorium」の方がより一般的である。",日本でらい病のことを呼ぶ他の呼称は何ですか?,ハンセン病,Syntactic variation
17850,201,ハンセン病,"ハンセン病は古くから世界の各地に存在していた病気で、多くの古文書や宗教にハンセン病を思わせる記述が残されている。ただし、古文書に登場するleprosy、癩病と呼ばれたものはハンセン病以外の病気も含む可能性があることや、歴史的経緯からみると医学用語ではなく宗教的要素も加わった言葉であること、また聖書の翻訳に見られるように混乱を引き起こすように訳された結果を考慮すると、ハンセン病と同義にならない。古文書でのleprosyやレプラの記述の意味を確認することは容易でなく、ハンセン病の起源、歴史の研究を難しくする要因となっている。日本では「癩(らい)病」、「ハンセン病」の両方の呼称がある。上述したとおり、公的な場での前者の使用は忌避される傾向がある。近代以前の「癩(病)」は一つの独立した「ハンセン病」という疾患以外の病気も含む概念であり、断りを併記して使用されることがある。英語圏ではleprosy,Hansen'sdiseaseの両方が使用される。患者はleper(らい者)とも呼ばれるが、1953年に開催された第6回国際らい会議では、患者はleprosypatientと呼ぶことが推奨された。従来、らい療養所は「レプロサリウム、Leprosarium」と呼ばれたが、「サナトリウム、sanatorium」の方がより一般的である。",英語圏でハンセン病の患者の呼称を変えることが推奨されたのは、何年にあった会議でのことなの?,1953年,Lexical variation (world knowledge)
17851,201,ハンセン病,"ハンセン病は古くから世界の各地に存在していた病気で、多くの古文書や宗教にハンセン病を思わせる記述が残されている。ただし、古文書に登場するleprosy、癩病と呼ばれたものはハンセン病以外の病気も含む可能性があることや、歴史的経緯からみると医学用語ではなく宗教的要素も加わった言葉であること、また聖書の翻訳に見られるように混乱を引き起こすように訳された結果を考慮すると、ハンセン病と同義にならない。古文書でのleprosyやレプラの記述の意味を確認することは容易でなく、ハンセン病の起源、歴史の研究を難しくする要因となっている。日本では「癩(らい)病」、「ハンセン病」の両方の呼称がある。上述したとおり、公的な場での前者の使用は忌避される傾向がある。近代以前の「癩(病)」は一つの独立した「ハンセン病」という疾患以外の病気も含む概念であり、断りを併記して使用されることがある。英語圏ではleprosy,Hansen'sdiseaseの両方が使用される。患者はleper(らい者)とも呼ばれるが、1953年に開催された第6回国際らい会議では、患者はleprosypatientと呼ぶことが推奨された。従来、らい療養所は「レプロサリウム、Leprosarium」と呼ばれたが、「サナトリウム、sanatorium」の方がより一般的である。",英語圏では、ハンセン病のことをHansen'sdisease以外に何と呼んだか?,leprosy,Syntactic variation
17852,202,ハンセン病,らい菌のヒト以外の自然感染例には、3種のサル(チンパンジー、カニクイザル、スーティーマンガベイ)とココノオビアルマジロがある。アルマジロは正常体温が30〜35°Cと低体温であり、らい菌に対し極めて高い感受性があるとされている。1971年にらい菌に対する感受性があることが明らかになって以降、ココノオビアルマジロはハンセン病の研究に用いられてきたが、1976年、突然変異により胸腺を欠いて免疫機能不全に陥ったヌードマウスに感染・発症することが明らかになり、現在の研究は主に当該マウスで行われるようになった。感染源は、菌を大量に排出するハンセン病患者(特に多菌型、LL型)である。ただし、ハンセン病治療薬の1つであるリファンピシンで治療されている患者は感染源にはならない。昆虫、特に蝿にらい菌が感染して、ヒトにベクター感染することもあるため、昆虫も感染源になり得るという報告がある。ゴキブリによる結核菌の移動実験により証明されたという報告もあるが、否定的な意見も多い。その他、ルイジアナ、アーカンソー、ミシシッピ、テキサスの低地のココノオビアルマジロかららい菌が検出されており、アルマジロから人間に感染するルートの検討や、自然界、特に川などに存在するらい菌が経鼻感染にて感染するルートの検討もある。,この文書にヒト以外にらい菌に感染した例として書かれている動物のうち、自然感染した例ではないのは、どの動物なの?,ヌードマウス,Multiple sentence reasoning
17853,202,ハンセン病,らい菌のヒト以外の自然感染例には、3種のサル(チンパンジー、カニクイザル、スーティーマンガベイ)とココノオビアルマジロがある。アルマジロは正常体温が30〜35°Cと低体温であり、らい菌に対し極めて高い感受性があるとされている。1971年にらい菌に対する感受性があることが明らかになって以降、ココノオビアルマジロはハンセン病の研究に用いられてきたが、1976年、突然変異により胸腺を欠いて免疫機能不全に陥ったヌードマウスに感染・発症することが明らかになり、現在の研究は主に当該マウスで行われるようになった。感染源は、菌を大量に排出するハンセン病患者(特に多菌型、LL型)である。ただし、ハンセン病治療薬の1つであるリファンピシンで治療されている患者は感染源にはならない。昆虫、特に蝿にらい菌が感染して、ヒトにベクター感染することもあるため、昆虫も感染源になり得るという報告がある。ゴキブリによる結核菌の移動実験により証明されたという報告もあるが、否定的な意見も多い。その他、ルイジアナ、アーカンソー、ミシシッピ、テキサスの低地のココノオビアルマジロかららい菌が検出されており、アルマジロから人間に感染するルートの検討や、自然界、特に川などに存在するらい菌が経鼻感染にて感染するルートの検討もある。,ハンセン病の研究に用いられる動物とは、ココノオビアルマジロからどの動物に代えられたのか?,ヌードマウス,Lexical variation (world knowledge)
17854,202,ハンセン病,らい菌のヒト以外の自然感染例には、3種のサル(チンパンジー、カニクイザル、スーティーマンガベイ)とココノオビアルマジロがある。アルマジロは正常体温が30〜35°Cと低体温であり、らい菌に対し極めて高い感受性があるとされている。1971年にらい菌に対する感受性があることが明らかになって以降、ココノオビアルマジロはハンセン病の研究に用いられてきたが、1976年、突然変異により胸腺を欠いて免疫機能不全に陥ったヌードマウスに感染・発症することが明らかになり、現在の研究は主に当該マウスで行われるようになった。感染源は、菌を大量に排出するハンセン病患者(特に多菌型、LL型)である。ただし、ハンセン病治療薬の1つであるリファンピシンで治療されている患者は感染源にはならない。昆虫、特に蝿にらい菌が感染して、ヒトにベクター感染することもあるため、昆虫も感染源になり得るという報告がある。ゴキブリによる結核菌の移動実験により証明されたという報告もあるが、否定的な意見も多い。その他、ルイジアナ、アーカンソー、ミシシッピ、テキサスの低地のココノオビアルマジロかららい菌が検出されており、アルマジロから人間に感染するルートの検討や、自然界、特に川などに存在するらい菌が経鼻感染にて感染するルートの検討もある。,ハンセン病の感染源とされているのは、治療にどの薬を使わなく、菌を大量に排出するハンセン病患者であるのか?,リファンピシン,Multiple sentence reasoning
17855,203,ハンセン病,感染は、未治療のらい菌保有者(特に菌を大量に排出する多菌型、LL型患者)の鼻汁や組織浸出液を感染源とするルートが主流となっている。ヌードマウスに菌のスプレーを与えた動物実験により確認された。飛沫感染(dropletinfection)とも呼ばれる。また、経鼻・経気道感染とは別に接触感染のルートも存在する。傷のある皮膚(英:abradedskin)経由説と呼ばれ、刺青部や外傷部に癩の病巣ができる病例より証明されている。前述したとおり、その他の感染経路として昆虫からのベクター感染のルートの検討もあるが、否定的な意見も多く証明されていない。たとえ菌を大量に排出するハンセン病患者(特にLL型)と接触しても、高頻度に感染が成立する訳ではない。濃密な感染環境下に置かれる等の特殊な条件が必要であり、感染力は非常に低い。らい菌と接触する人の95%は、自然免疫で感染・発症を防御できるためである。感染時期は小児が多く、大人から大人への感染及び発病は、極めて稀である。患者から医療関係者への伝染に関しては、一般的に「医療関係者に伝染発病した事実はない」と言われている。ただし、流行地で幼児期を過ごした人であれば発病する可能性がゼロではないこと、実際に患者に接触して感染した医師や神父(ダミアン神父など)も存在することを考慮する必要がある。感染してから発症するまでの潜伏期間は長く、3〜5年とされているが、10年から数十年に及ぶ例もある。,ハンセン病の主な感染ルートは、何?,飛沫感染,Lexical variation (world knowledge)
17856,203,ハンセン病,感染は、未治療のらい菌保有者(特に菌を大量に排出する多菌型、LL型患者)の鼻汁や組織浸出液を感染源とするルートが主流となっている。ヌードマウスに菌のスプレーを与えた動物実験により確認された。飛沫感染(dropletinfection)とも呼ばれる。また、経鼻・経気道感染とは別に接触感染のルートも存在する。傷のある皮膚(英:abradedskin)経由説と呼ばれ、刺青部や外傷部に癩の病巣ができる病例より証明されている。前述したとおり、その他の感染経路として昆虫からのベクター感染のルートの検討もあるが、否定的な意見も多く証明されていない。たとえ菌を大量に排出するハンセン病患者(特にLL型)と接触しても、高頻度に感染が成立する訳ではない。濃密な感染環境下に置かれる等の特殊な条件が必要であり、感染力は非常に低い。らい菌と接触する人の95%は、自然免疫で感染・発症を防御できるためである。感染時期は小児が多く、大人から大人への感染及び発病は、極めて稀である。患者から医療関係者への伝染に関しては、一般的に「医療関係者に伝染発病した事実はない」と言われている。ただし、流行地で幼児期を過ごした人であれば発病する可能性がゼロではないこと、実際に患者に接触して感染した医師や神父(ダミアン神父など)も存在することを考慮する必要がある。感染してから発症するまでの潜伏期間は長く、3〜5年とされているが、10年から数十年に及ぶ例もある。,人がらい菌に接触した時、自然免疫により感染を防御する割合と、感染する割合のうち、どちらがより小さいか?,感染,Logical reasoning
17857,203,ハンセン病,感染は、未治療のらい菌保有者(特に菌を大量に排出する多菌型、LL型患者)の鼻汁や組織浸出液を感染源とするルートが主流となっている。ヌードマウスに菌のスプレーを与えた動物実験により確認された。飛沫感染(dropletinfection)とも呼ばれる。また、経鼻・経気道感染とは別に接触感染のルートも存在する。傷のある皮膚(英:abradedskin)経由説と呼ばれ、刺青部や外傷部に癩の病巣ができる病例より証明されている。前述したとおり、その他の感染経路として昆虫からのベクター感染のルートの検討もあるが、否定的な意見も多く証明されていない。たとえ菌を大量に排出するハンセン病患者(特にLL型)と接触しても、高頻度に感染が成立する訳ではない。濃密な感染環境下に置かれる等の特殊な条件が必要であり、感染力は非常に低い。らい菌と接触する人の95%は、自然免疫で感染・発症を防御できるためである。感染時期は小児が多く、大人から大人への感染及び発病は、極めて稀である。患者から医療関係者への伝染に関しては、一般的に「医療関係者に伝染発病した事実はない」と言われている。ただし、流行地で幼児期を過ごした人であれば発病する可能性がゼロではないこと、実際に患者に接触して感染した医師や神父(ダミアン神父など)も存在することを考慮する必要がある。感染してから発症するまでの潜伏期間は長く、3〜5年とされているが、10年から数十年に及ぶ例もある。,ハンセン病の感染ルートのうち、否定的な意見が多く証明されていないのは、何ですか?,昆虫からのベクター感染,Multiple sentence reasoning
17858,204,ハンセン病,1869年、ノルウェーのアルマウェル・ハンセンはハンセン病患者の癩結節の中に大きな塊状のものがあることを顕微鏡で発見し、1873年2月28日に細菌によく似た小さな桿状の物体を発見した。1873年、オスロで「眼の癩性疾患」と題した発表の中でハンセンが癩菌をスケッチした図を残した。ただし当時は染色法もなく、らい菌の形態を正確に描いたものではなかった。その後、1874年オスロのクリスチャニア医学会で「癩の発生原因について」と題した講演とノルウェーの医学雑誌上での発表を行った。1875年には英国の医学雑誌へ再掲載し、英文で初めて発表を行った。1879年、ドイツの細菌学者であるアルベルト・ナイサーは、ハンセンから標本を分与されたらい菌の染色に成功し、らい菌の正確な形態を明らかにした。追随してハンセンも1880年に発表を行った。ちなみに、らい菌を最初にスケッチしたハンセンと、初めて染色に成功してらい菌の形態を明らかにしたナイサーは「らい菌の発見者」であると共に主張し論争が起こった。その後、ハンセンがらい菌を1873年に発見したということで決着した。,初めてらい菌の染色に成功し、らい菌の正確な形態が明らかにされたのは、誰によることだったの?,アルベルト・ナイサー,Syntactic variation
17859,204,ハンセン病,1869年、ノルウェーのアルマウェル・ハンセンはハンセン病患者の癩結節の中に大きな塊状のものがあることを顕微鏡で発見し、1873年2月28日に細菌によく似た小さな桿状の物体を発見した。1873年、オスロで「眼の癩性疾患」と題した発表の中でハンセンが癩菌をスケッチした図を残した。ただし当時は染色法もなく、らい菌の形態を正確に描いたものではなかった。その後、1874年オスロのクリスチャニア医学会で「癩の発生原因について」と題した講演とノルウェーの医学雑誌上での発表を行った。1875年には英国の医学雑誌へ再掲載し、英文で初めて発表を行った。1879年、ドイツの細菌学者であるアルベルト・ナイサーは、ハンセンから標本を分与されたらい菌の染色に成功し、らい菌の正確な形態を明らかにした。追随してハンセンも1880年に発表を行った。ちなみに、らい菌を最初にスケッチしたハンセンと、初めて染色に成功してらい菌の形態を明らかにしたナイサーは「らい菌の発見者」であると共に主張し論争が起こった。その後、ハンセンがらい菌を1873年に発見したということで決着した。,らい菌を最初に発見したのは、誰か?,ハンセン,Syntactic variation
17860,204,ハンセン病,1869年、ノルウェーのアルマウェル・ハンセンはハンセン病患者の癩結節の中に大きな塊状のものがあることを顕微鏡で発見し、1873年2月28日に細菌によく似た小さな桿状の物体を発見した。1873年、オスロで「眼の癩性疾患」と題した発表の中でハンセンが癩菌をスケッチした図を残した。ただし当時は染色法もなく、らい菌の形態を正確に描いたものではなかった。その後、1874年オスロのクリスチャニア医学会で「癩の発生原因について」と題した講演とノルウェーの医学雑誌上での発表を行った。1875年には英国の医学雑誌へ再掲載し、英文で初めて発表を行った。1879年、ドイツの細菌学者であるアルベルト・ナイサーは、ハンセンから標本を分与されたらい菌の染色に成功し、らい菌の正確な形態を明らかにした。追随してハンセンも1880年に発表を行った。ちなみに、らい菌を最初にスケッチしたハンセンと、初めて染色に成功してらい菌の形態を明らかにしたナイサーは「らい菌の発見者」であると共に主張し論争が起こった。その後、ハンセンがらい菌を1873年に発見したということで決着した。,らい菌の発見者はどの国の人ですか?,ノルウェー,Multiple sentence reasoning
17861,205,ハンセン病,"人獣共通感染症でも知られるが、自然動物ではヒト、霊長類(マンガベイモンキー)とココノオビアルマジロ以外に感染した例はない。以下、ヒトの感染状況について説明する。2008年初頭の登録患者数(治療中の患者)は218,605人、2007年の新規患者数(年間罹患者数)は258,133人である。登録患者数は一定の治療を終えた患者は治癒の有無に問わず、登録から除外されている。そのため年次報告の性質上、年内に治療が完了すると登録者から除外されるため、新規患者数(年間罹患者数)は登録患者数を上回る。MB型では1年でなく2年以上で治療しているので例外がある。また注意点としては、ハンセン病と診断されて適切に治療している人数のみをカウントしているため、ハンセン病と診断されず、治療されていない患者も相当数存在すると思われる。",ハンセン病における、2008年初頭の登録患者数と2007年の新規患者数のうち、どちらの値がより大きいですか?,2007年の新規患者数,Logical reasoning
17862,205,ハンセン病,"人獣共通感染症でも知られるが、自然動物ではヒト、霊長類(マンガベイモンキー)とココノオビアルマジロ以外に感染した例はない。以下、ヒトの感染状況について説明する。2008年初頭の登録患者数(治療中の患者)は218,605人、2007年の新規患者数(年間罹患者数)は258,133人である。登録患者数は一定の治療を終えた患者は治癒の有無に問わず、登録から除外されている。そのため年次報告の性質上、年内に治療が完了すると登録者から除外されるため、新規患者数(年間罹患者数)は登録患者数を上回る。MB型では1年でなく2年以上で治療しているので例外がある。また注意点としては、ハンセン病と診断されて適切に治療している人数のみをカウントしているため、ハンセン病と診断されず、治療されていない患者も相当数存在すると思われる。",ハンセン病において、新規患者数が登録患者数を上回る理由は、どのような人々を登録患者として数えないからか?,一定の治療を終えた患者,Multiple sentence reasoning
17863,206,ハンセン病,WHOによるハンセン病制圧の定義は、1991年5月に開催された第44回世界保健総会で決定され、人口100万人以上の国で、登録患者数が人口1万人あたり1人を下回る(有病率が1.0を下回る)こととされた。この定義を遵守すると日本では1970年前後に制圧を達成している。2005年初頭はインド・ブラジル・コンゴ民主共和国・アンゴラ・モザンビーク・ネパール・タンザニア・中央アフリカの9カ国が未制圧国であったが、2006年初頭にインド・アンゴラ・中央アフリカが、2007年初頭にマダガスカルとタンザニアが、2007年末にコンゴ民主共和国とモザンビークが制圧を達成した。現在の未制圧国はブラジル・ネパールと、新たに加わった東ティモールの3カ国となっている。東ティモールは以前より有病率が1.0を超えていたものの、人口100万人未満であったために定義より除外されていた。しかし2008年、人口100万人を突破したことにより加わった。,日本でハンセン病における登録患者数が人口1万人あたり1人を下回るようになったのは、何年前後であるか?,1970年,Lexical variation (world knowledge)
17864,206,ハンセン病,WHOによるハンセン病制圧の定義は、1991年5月に開催された第44回世界保健総会で決定され、人口100万人以上の国で、登録患者数が人口1万人あたり1人を下回る(有病率が1.0を下回る)こととされた。この定義を遵守すると日本では1970年前後に制圧を達成している。2005年初頭はインド・ブラジル・コンゴ民主共和国・アンゴラ・モザンビーク・ネパール・タンザニア・中央アフリカの9カ国が未制圧国であったが、2006年初頭にインド・アンゴラ・中央アフリカが、2007年初頭にマダガスカルとタンザニアが、2007年末にコンゴ民主共和国とモザンビークが制圧を達成した。現在の未制圧国はブラジル・ネパールと、新たに加わった東ティモールの3カ国となっている。東ティモールは以前より有病率が1.0を超えていたものの、人口100万人未満であったために定義より除外されていた。しかし2008年、人口100万人を突破したことにより加わった。,2005年初頭に未制圧国に分類された9か国のうち、2007年末になっても未制圧国と分類された国は、ブラジルとどの国か?,ネパール,Multiple sentence reasoning
17865,207,ハンセン病,ハンセン病は全世界に見られるが、分布は一様でなく、度々、流行も生じる。代表的なものとしては、1850〜1920年のノルウェー・1920年代のナウル島・1980年代のカピンガマランギ島での流行がある。流行の原因について多種多様な検討も行われているが、実際には明確になっていない。男女比に関しては、全世界を通じて男性が女性より多い。男性は小児期から活動的であり、感染しやすいと言われているが、明確には原因が分かっていない。ただし日本の全国の療養所では、一般的に男性の方が女性より寿命が短いために男女比はほとんど同じまたは逆転している。貧困層と富裕層の比較に関しては、インドの調査によると、貧困層に発症率が高い。ハンセン病患者は、亜鉛、カルシウム、マグネシウムが正常の人に比べて著しく低値であった。,1920年代にハンセン病が流行していた地域には、ノルウェーのほかに、どの地域があるの?,ナウル島,Lexical variation (world knowledge)
17866,207,ハンセン病,ハンセン病は全世界に見られるが、分布は一様でなく、度々、流行も生じる。代表的なものとしては、1850〜1920年のノルウェー・1920年代のナウル島・1980年代のカピンガマランギ島での流行がある。流行の原因について多種多様な検討も行われているが、実際には明確になっていない。男女比に関しては、全世界を通じて男性が女性より多い。男性は小児期から活動的であり、感染しやすいと言われているが、明確には原因が分かっていない。ただし日本の全国の療養所では、一般的に男性の方が女性より寿命が短いために男女比はほとんど同じまたは逆転している。貧困層と富裕層の比較に関しては、インドの調査によると、貧困層に発症率が高い。ハンセン病患者は、亜鉛、カルシウム、マグネシウムが正常の人に比べて著しく低値であった。,ノルウェーとナウル島、カピンガマランギ島のうち、ハンセン病の流行が最も遅かったのは、どこですか?,カピンガマランギ島,Logical reasoning
17867,208,ハンセン病,"1996-2018年までの日本国内の新規患者数を見ると、日本で発見された日本人の新規患者数に関しては減少傾向を示し2005年にはじめてゼロになった。よって日本で発見された新規患者は、外国で過ごしたことがある在日外国人がほとんどである。在日外国人の中ではブラジル出身者と東南アジア出身者がほとんどである。一方、登録患者数は日本では1997年(平成9年)以降、公表されていない。日本国内の療養所入所者数は、2008年現在2,717人であるが、ハンセン病が治癒しても障害を負った人々が、施設で暮らしている。WHOに定義されるように「診断されて適切に一定期間治療を行いその後は患者登録から除外される」という観点で日本の登録患者数を推定すると、新規患者数と同程度である数名となる。しかし、日本では菌をゼロにするまで治療を行う治療基準が設けられており、WHOが規定している治療期間より大幅に治療が長期化しているケースや、一旦治癒したが菌検査で少しでも陽性がみられれば治療を行うというケースも考えられるため、実際に治療を行っている患者数に関してはWHOで定義している登録患者数に比べるとかなり多いと推定される。しかし実際のところは、治療を行っている患者数に関する統計を行っていないので詳細は不明である。病型別では、昭和前半の統計ではあるが、日本では多菌型が多く癩性禿頭症や失明が多かった。光田健輔によると1911年に公立療養所第一区府県立全生病院(現、国立療養所多磨全生園)では58.63%に禿頭症がみられた。沖縄県や東南アジアの様な流行地では症状は一般的に軽いといわれている。",日本でハンセン病の新規患者数が一人もいなかったのは、何年が初めてなの?,2005年,Lexical variation (world knowledge)
17868,208,ハンセン病,"1996-2018年までの日本国内の新規患者数を見ると、日本で発見された日本人の新規患者数に関しては減少傾向を示し2005年にはじめてゼロになった。よって日本で発見された新規患者は、外国で過ごしたことがある在日外国人がほとんどである。在日外国人の中ではブラジル出身者と東南アジア出身者がほとんどである。一方、登録患者数は日本では1997年(平成9年)以降、公表されていない。日本国内の療養所入所者数は、2008年現在2,717人であるが、ハンセン病が治癒しても障害を負った人々が、施設で暮らしている。WHOに定義されるように「診断されて適切に一定期間治療を行いその後は患者登録から除外される」という観点で日本の登録患者数を推定すると、新規患者数と同程度である数名となる。しかし、日本では菌をゼロにするまで治療を行う治療基準が設けられており、WHOが規定している治療期間より大幅に治療が長期化しているケースや、一旦治癒したが菌検査で少しでも陽性がみられれば治療を行うというケースも考えられるため、実際に治療を行っている患者数に関してはWHOで定義している登録患者数に比べるとかなり多いと推定される。しかし実際のところは、治療を行っている患者数に関する統計を行っていないので詳細は不明である。病型別では、昭和前半の統計ではあるが、日本では多菌型が多く癩性禿頭症や失明が多かった。光田健輔によると1911年に公立療養所第一区府県立全生病院(現、国立療養所多磨全生園)では58.63%に禿頭症がみられた。沖縄県や東南アジアの様な流行地では症状は一般的に軽いといわれている。",日本でハンセン病の登録患者数が公表されなくなったのは、何年以降でありますか?,1997年,Syntactic variation
17869,208,ハンセン病,"1996-2018年までの日本国内の新規患者数を見ると、日本で発見された日本人の新規患者数に関しては減少傾向を示し2005年にはじめてゼロになった。よって日本で発見された新規患者は、外国で過ごしたことがある在日外国人がほとんどである。在日外国人の中ではブラジル出身者と東南アジア出身者がほとんどである。一方、登録患者数は日本では1997年(平成9年)以降、公表されていない。日本国内の療養所入所者数は、2008年現在2,717人であるが、ハンセン病が治癒しても障害を負った人々が、施設で暮らしている。WHOに定義されるように「診断されて適切に一定期間治療を行いその後は患者登録から除外される」という観点で日本の登録患者数を推定すると、新規患者数と同程度である数名となる。しかし、日本では菌をゼロにするまで治療を行う治療基準が設けられており、WHOが規定している治療期間より大幅に治療が長期化しているケースや、一旦治癒したが菌検査で少しでも陽性がみられれば治療を行うというケースも考えられるため、実際に治療を行っている患者数に関してはWHOで定義している登録患者数に比べるとかなり多いと推定される。しかし実際のところは、治療を行っている患者数に関する統計を行っていないので詳細は不明である。病型別では、昭和前半の統計ではあるが、日本では多菌型が多く癩性禿頭症や失明が多かった。光田健輔によると1911年に公立療養所第一区府県立全生病院(現、国立療養所多磨全生園)では58.63%に禿頭症がみられた。沖縄県や東南アジアの様な流行地では症状は一般的に軽いといわれている。",光田健輔によると、1911年に公立療養所第一区府県立全生病院のハンセン病の患者のうち、禿頭症が見られた患者は全体の何%に至るか?,58.63%,Syntactic variation
17870,209,ハンセン病,ハンセン病の分類に関しては様々な分類法がある。一般的な病型分類は、WHOのMB型・PB型分類法であり、この分類が望ましい。以前は、1962年提唱のRidley&Joplingの分類法が一般的に使用された。WHOは、多剤併用療法による治療方針決定上の簡便な病型分類として、MB型(多菌型、multibacillary)とPB型(少菌型、paucilbacillary)の2分類を採用している。MB型はおおむねLL型、BL型、BB型および一部のBT型に相当する。一方、PB型はおおむねI群、TT型および大部分のBT型に相当する。菌スメア検査のBI(bacterialindex)(菌指数)と皮疹(皮膚の発疹)の数によって分けられる。BIについては検査の項を参照。Ridley&Joplingの分類法とは、1962年に提唱された分類法である。分類の方法は、らい菌に対する生体の細胞性免疫の強弱に基づいている。LL型(らい腫型、lepromatoustype)、TT型(類結核型、tuberculoidtype)、B群(境界群、boderlinegroup)、I群(未定型群、indeterminategroup)に分け、さらにB群はLL型に近いBL型(borderlinelepromatoustype)、TT型に近いBT型(borderlinetuberculoidtype)、中間のBB型(mid-borderlinetype)と、1群5型に分類した。,Ridley&Joplingの分類法が使用されなくなったのは、どの機関によるハンセン病の分類法が出てきたからか?,WHO,Lexical variation (world knowledge)
17871,209,ハンセン病,ハンセン病の分類に関しては様々な分類法がある。一般的な病型分類は、WHOのMB型・PB型分類法であり、この分類が望ましい。以前は、1962年提唱のRidley&Joplingの分類法が一般的に使用された。WHOは、多剤併用療法による治療方針決定上の簡便な病型分類として、MB型(多菌型、multibacillary)とPB型(少菌型、paucilbacillary)の2分類を採用している。MB型はおおむねLL型、BL型、BB型および一部のBT型に相当する。一方、PB型はおおむねI群、TT型および大部分のBT型に相当する。菌スメア検査のBI(bacterialindex)(菌指数)と皮疹(皮膚の発疹)の数によって分けられる。BIについては検査の項を参照。Ridley&Joplingの分類法とは、1962年に提唱された分類法である。分類の方法は、らい菌に対する生体の細胞性免疫の強弱に基づいている。LL型(らい腫型、lepromatoustype)、TT型(類結核型、tuberculoidtype)、B群(境界群、boderlinegroup)、I群(未定型群、indeterminategroup)に分け、さらにB群はLL型に近いBL型(borderlinelepromatoustype)、TT型に近いBT型(borderlinetuberculoidtype)、中間のBB型(mid-borderlinetype)と、1群5型に分類した。,Ridley&Joplingの分類法は何を基準にハンセン病を分類する方法であるか?,細胞性免疫の強弱,Syntactic variation
17872,210,ハンセン病,マドリッド分類法とは、第6回国際らい会議で1953年に提唱されたリドレイとジョプリング(Ridley&Jopling)の分類法以前の分類法である。らい腫型(L型)・境界群(B群)・類結核型(T型)・不定型群(I群)の2群2型に分類している。日本の伝統的分類法では、結節らい・斑紋らい・神経らいの3型に分類している。結節らいはLL型とB群の一部、斑紋らいはTT型とB群の一部に相当するものと思われる。神経らいはTT型とB群の一部で斑紋が消失した状態に相当するものと思われる。,マドリッド分類法と日本の伝統的分類法のうち、ハンセン病をより多くの型に分類したのは、どちらですか?,日本の伝統的分類法,Logical reasoning
17873,210,ハンセン病,マドリッド分類法とは、第6回国際らい会議で1953年に提唱されたリドレイとジョプリング(Ridley&Jopling)の分類法以前の分類法である。らい腫型(L型)・境界群(B群)・類結核型(T型)・不定型群(I群)の2群2型に分類している。日本の伝統的分類法では、結節らい・斑紋らい・神経らいの3型に分類している。結節らいはLL型とB群の一部、斑紋らいはTT型とB群の一部に相当するものと思われる。神経らいはTT型とB群の一部で斑紋が消失した状態に相当するものと思われる。,マドリッド分類法が提唱されたのは、何年か?,1953年,Syntactic variation
17874,211,ハンセン病,大風子油(だいふうしゆ)は、イイギリ科Hydnocarpus属(APG植物分類体系ではアカリア科に移動)に属する何種類かの植物の種子である大風子(HydnocarpusAnthelmintica)の種皮を除いてから圧搾して得た脂肪油である。搾油直後には白色の軟膏様の性状を示し無味無臭であるが、次第に黄色に変化して特有の臭いと焼きつくような味を生じる。大風子油にはヒドノカルプス酸とチョールムーグラ酸という不飽和環状脂肪酸が含まれており、その成分がらい菌の成長阻害作用を生じる。もともとは古代より東南アジアやインドの民間療法として行われていた治療法であった。中国には明の時代に伝わり1578年の「本草綱目」にハンセン病の治療薬として漢方の処方が記載されている。日本でも江戸時代頃から用いられた。19世紀末にはヨーロッパでも使用されるようになった。1920年代にオーストリアの植物学者ヨゼフ・F・ロックにより再発見され、全世界で一般的に使用されるようになった。1917年にはイギリスの医師・ロジャース卿によって大風子油からジノカルピン(Gynocarpin)脂肪酸を製剤化し、内服薬・注射薬が作られた。その後、1920年にヒギロカルプス酸ナトリウム製剤(内服薬・注射薬)が作られた。これらは「アレポール」と呼ばれ、イギリスの植民地であるインド・ビルマを中心に使われた。その後、種々の改良が行われた。アメリカ薬局法には、内服療法では消化器障害の副作用を生じるための注射薬として記載された。大風子油の注射の欠点は注射部位に結節や瘢痕を残すことであった。効果が乏しく無効という意見も多かったが、大風子油で治療をしない場合に比べれば効果はゼロではないとした報告があることと、他に有効な薬剤が存在しなかったために、大風子油による治療は多くの国で行われた。その後、1943年のプロミンが有効であるという報告以降は、大風子油による治療は徐々に行われなくなった。,大風子から得られる、らい菌の成長阻害作用をする成分には、ヒドノカルプス酸と何があるの?,チョールムーグラ酸,Lexical variation (world knowledge)
17875,211,ハンセン病,大風子油(だいふうしゆ)は、イイギリ科Hydnocarpus属(APG植物分類体系ではアカリア科に移動)に属する何種類かの植物の種子である大風子(HydnocarpusAnthelmintica)の種皮を除いてから圧搾して得た脂肪油である。搾油直後には白色の軟膏様の性状を示し無味無臭であるが、次第に黄色に変化して特有の臭いと焼きつくような味を生じる。大風子油にはヒドノカルプス酸とチョールムーグラ酸という不飽和環状脂肪酸が含まれており、その成分がらい菌の成長阻害作用を生じる。もともとは古代より東南アジアやインドの民間療法として行われていた治療法であった。中国には明の時代に伝わり1578年の「本草綱目」にハンセン病の治療薬として漢方の処方が記載されている。日本でも江戸時代頃から用いられた。19世紀末にはヨーロッパでも使用されるようになった。1920年代にオーストリアの植物学者ヨゼフ・F・ロックにより再発見され、全世界で一般的に使用されるようになった。1917年にはイギリスの医師・ロジャース卿によって大風子油からジノカルピン(Gynocarpin)脂肪酸を製剤化し、内服薬・注射薬が作られた。その後、1920年にヒギロカルプス酸ナトリウム製剤(内服薬・注射薬)が作られた。これらは「アレポール」と呼ばれ、イギリスの植民地であるインド・ビルマを中心に使われた。その後、種々の改良が行われた。アメリカ薬局法には、内服療法では消化器障害の副作用を生じるための注射薬として記載された。大風子油の注射の欠点は注射部位に結節や瘢痕を残すことであった。効果が乏しく無効という意見も多かったが、大風子油で治療をしない場合に比べれば効果はゼロではないとした報告があることと、他に有効な薬剤が存在しなかったために、大風子油による治療は多くの国で行われた。その後、1943年のプロミンが有効であるという報告以降は、大風子油による治療は徐々に行われなくなった。,中国とヨーロッパのうち、大風子油がハンセン病の治療薬として使われ始めた時期がより遅いのは、どちらか?,ヨーロッパ,Logical reasoning
17876,211,ハンセン病,大風子油(だいふうしゆ)は、イイギリ科Hydnocarpus属(APG植物分類体系ではアカリア科に移動)に属する何種類かの植物の種子である大風子(HydnocarpusAnthelmintica)の種皮を除いてから圧搾して得た脂肪油である。搾油直後には白色の軟膏様の性状を示し無味無臭であるが、次第に黄色に変化して特有の臭いと焼きつくような味を生じる。大風子油にはヒドノカルプス酸とチョールムーグラ酸という不飽和環状脂肪酸が含まれており、その成分がらい菌の成長阻害作用を生じる。もともとは古代より東南アジアやインドの民間療法として行われていた治療法であった。中国には明の時代に伝わり1578年の「本草綱目」にハンセン病の治療薬として漢方の処方が記載されている。日本でも江戸時代頃から用いられた。19世紀末にはヨーロッパでも使用されるようになった。1920年代にオーストリアの植物学者ヨゼフ・F・ロックにより再発見され、全世界で一般的に使用されるようになった。1917年にはイギリスの医師・ロジャース卿によって大風子油からジノカルピン(Gynocarpin)脂肪酸を製剤化し、内服薬・注射薬が作られた。その後、1920年にヒギロカルプス酸ナトリウム製剤(内服薬・注射薬)が作られた。これらは「アレポール」と呼ばれ、イギリスの植民地であるインド・ビルマを中心に使われた。その後、種々の改良が行われた。アメリカ薬局法には、内服療法では消化器障害の副作用を生じるための注射薬として記載された。大風子油の注射の欠点は注射部位に結節や瘢痕を残すことであった。効果が乏しく無効という意見も多かったが、大風子油で治療をしない場合に比べれば効果はゼロではないとした報告があることと、他に有効な薬剤が存在しなかったために、大風子油による治療は多くの国で行われた。その後、1943年のプロミンが有効であるという報告以降は、大風子油による治療は徐々に行われなくなった。,大風子油がハンセン病の治療薬として使われなくなり始めたのは、どんな薬が有効であるとの報告があってからなの?,プロミン,Lexical variation (world knowledge)
17877,211,ハンセン病,大風子油(だいふうしゆ)は、イイギリ科Hydnocarpus属(APG植物分類体系ではアカリア科に移動)に属する何種類かの植物の種子である大風子(HydnocarpusAnthelmintica)の種皮を除いてから圧搾して得た脂肪油である。搾油直後には白色の軟膏様の性状を示し無味無臭であるが、次第に黄色に変化して特有の臭いと焼きつくような味を生じる。大風子油にはヒドノカルプス酸とチョールムーグラ酸という不飽和環状脂肪酸が含まれており、その成分がらい菌の成長阻害作用を生じる。もともとは古代より東南アジアやインドの民間療法として行われていた治療法であった。中国には明の時代に伝わり1578年の「本草綱目」にハンセン病の治療薬として漢方の処方が記載されている。日本でも江戸時代頃から用いられた。19世紀末にはヨーロッパでも使用されるようになった。1920年代にオーストリアの植物学者ヨゼフ・F・ロックにより再発見され、全世界で一般的に使用されるようになった。1917年にはイギリスの医師・ロジャース卿によって大風子油からジノカルピン(Gynocarpin)脂肪酸を製剤化し、内服薬・注射薬が作られた。その後、1920年にヒギロカルプス酸ナトリウム製剤(内服薬・注射薬)が作られた。これらは「アレポール」と呼ばれ、イギリスの植民地であるインド・ビルマを中心に使われた。その後、種々の改良が行われた。アメリカ薬局法には、内服療法では消化器障害の副作用を生じるための注射薬として記載された。大風子油の注射の欠点は注射部位に結節や瘢痕を残すことであった。効果が乏しく無効という意見も多かったが、大風子油で治療をしない場合に比べれば効果はゼロではないとした報告があることと、他に有効な薬剤が存在しなかったために、大風子油による治療は多くの国で行われた。その後、1943年のプロミンが有効であるという報告以降は、大風子油による治療は徐々に行われなくなった。,イギリスで開発されたハンセン病治療用の内服薬・注射薬は、ビルマとどこを中心に使われましたか?,インド,Multiple sentence reasoning
17878,212,ハンセン病,世界の各地域から採取されたらい菌を遺伝子解析し比較した研究によると、らい菌は東アフリカで誕生したと見られている。なお、らい菌が発見される以前は似たような症状の病気を混同することも多く、古い時代の報告例では現在のハンセン病に当たるのかはっきりしないものもあるので注意が必要である。一例として『描かれた病』(リチャード・バーネット)では写真普及以前に使用されていた医学書の精密画について「痂皮形成らい病」と「結核様らい」と書かれている症例について、「(現在の視点からでは)魚鱗癬の可能性が高い」と指摘している他、結核(皮膚結核)もハンセン病との区別が難しかったとしている。ハンセン病に関する最古の記述は、紀元前2400年のエジプトの古文書、医書としては紀元前1500年頃のインドの『チャラカ・サンヒター』や『スシュルタ・サンヒター』である。その他にも、ペルシアでは紀元前6世紀に、中国では『論語』に、あるいはギリシアでは紀元後1-2世紀の医師の記述にハンセン病の症状の記述がある。日本のハンセン病に関する最古の記述は720年頃、日本書紀に残っている。中世鎌倉遺跡である由比ヶ浜南遺跡の発掘調査で、ハンセン病による変病骨が発見されている。江戸時代後期の遺跡と見られる青森県畑内遺跡第26号土坑墓から出土した古病理学的にハンセン病と診断される人骨の上顎から、らい菌のDNAが検出された。この人骨は東北大学総合学術博物館に所蔵されている。,らい菌はどこで誕生したと見られていますか?,東アフリカ,Syntactic variation
17879,212,ハンセン病,世界の各地域から採取されたらい菌を遺伝子解析し比較した研究によると、らい菌は東アフリカで誕生したと見られている。なお、らい菌が発見される以前は似たような症状の病気を混同することも多く、古い時代の報告例では現在のハンセン病に当たるのかはっきりしないものもあるので注意が必要である。一例として『描かれた病』(リチャード・バーネット)では写真普及以前に使用されていた医学書の精密画について「痂皮形成らい病」と「結核様らい」と書かれている症例について、「(現在の視点からでは)魚鱗癬の可能性が高い」と指摘している他、結核(皮膚結核)もハンセン病との区別が難しかったとしている。ハンセン病に関する最古の記述は、紀元前2400年のエジプトの古文書、医書としては紀元前1500年頃のインドの『チャラカ・サンヒター』や『スシュルタ・サンヒター』である。その他にも、ペルシアでは紀元前6世紀に、中国では『論語』に、あるいはギリシアでは紀元後1-2世紀の医師の記述にハンセン病の症状の記述がある。日本のハンセン病に関する最古の記述は720年頃、日本書紀に残っている。中世鎌倉遺跡である由比ヶ浜南遺跡の発掘調査で、ハンセン病による変病骨が発見されている。江戸時代後期の遺跡と見られる青森県畑内遺跡第26号土坑墓から出土した古病理学的にハンセン病と診断される人骨の上顎から、らい菌のDNAが検出された。この人骨は東北大学総合学術博物館に所蔵されている。,ハンセン病に関して記述されている最も古い医書とは、何年頃のものであるの?,紀元前1500年頃,Lexical variation (world knowledge)
17880,212,ハンセン病,世界の各地域から採取されたらい菌を遺伝子解析し比較した研究によると、らい菌は東アフリカで誕生したと見られている。なお、らい菌が発見される以前は似たような症状の病気を混同することも多く、古い時代の報告例では現在のハンセン病に当たるのかはっきりしないものもあるので注意が必要である。一例として『描かれた病』(リチャード・バーネット)では写真普及以前に使用されていた医学書の精密画について「痂皮形成らい病」と「結核様らい」と書かれている症例について、「(現在の視点からでは)魚鱗癬の可能性が高い」と指摘している他、結核(皮膚結核)もハンセン病との区別が難しかったとしている。ハンセン病に関する最古の記述は、紀元前2400年のエジプトの古文書、医書としては紀元前1500年頃のインドの『チャラカ・サンヒター』や『スシュルタ・サンヒター』である。その他にも、ペルシアでは紀元前6世紀に、中国では『論語』に、あるいはギリシアでは紀元後1-2世紀の医師の記述にハンセン病の症状の記述がある。日本のハンセン病に関する最古の記述は720年頃、日本書紀に残っている。中世鎌倉遺跡である由比ヶ浜南遺跡の発掘調査で、ハンセン病による変病骨が発見されている。江戸時代後期の遺跡と見られる青森県畑内遺跡第26号土坑墓から出土した古病理学的にハンセン病と診断される人骨の上顎から、らい菌のDNAが検出された。この人骨は東北大学総合学術博物館に所蔵されている。,日本におけるハンセン病に関する最古の記述とは、何年頃のものか?,720年頃,Syntactic variation
17881,212,ハンセン病,世界の各地域から採取されたらい菌を遺伝子解析し比較した研究によると、らい菌は東アフリカで誕生したと見られている。なお、らい菌が発見される以前は似たような症状の病気を混同することも多く、古い時代の報告例では現在のハンセン病に当たるのかはっきりしないものもあるので注意が必要である。一例として『描かれた病』(リチャード・バーネット)では写真普及以前に使用されていた医学書の精密画について「痂皮形成らい病」と「結核様らい」と書かれている症例について、「(現在の視点からでは)魚鱗癬の可能性が高い」と指摘している他、結核(皮膚結核)もハンセン病との区別が難しかったとしている。ハンセン病に関する最古の記述は、紀元前2400年のエジプトの古文書、医書としては紀元前1500年頃のインドの『チャラカ・サンヒター』や『スシュルタ・サンヒター』である。その他にも、ペルシアでは紀元前6世紀に、中国では『論語』に、あるいはギリシアでは紀元後1-2世紀の医師の記述にハンセン病の症状の記述がある。日本のハンセン病に関する最古の記述は720年頃、日本書紀に残っている。中世鎌倉遺跡である由比ヶ浜南遺跡の発掘調査で、ハンセン病による変病骨が発見されている。江戸時代後期の遺跡と見られる青森県畑内遺跡第26号土坑墓から出土した古病理学的にハンセン病と診断される人骨の上顎から、らい菌のDNAが検出された。この人骨は東北大学総合学術博物館に所蔵されている。,世界各地におけるハンセン病に関する最古の記述がなされた時期を比較した時、ペルシアとギリシアのうち、その時期がより早いのは、どの地域か?,ペルシア,Logical reasoning
17882,213,ハンセン病,西ヨーロッパには中世初期に侵入したと考えられており、300年頃からヨーロッパでハンセン病が蔓延した。十字軍による移動や民族大移動によりハンセン病は拡大し、11世紀・12世紀にハンセン病の流行がピークとなった。1096年にはじまった十字軍は、パレスチナ・エルサレム地域のハンセン病がヨーロッパに蔓延するきっかけとなった。罹患した兵士のためにエルサレムのラザレット(lazaretto:ハンセン病患者専用の収容所・らい院)が作られ、患者救済が行われた。その後、ヨーロッパ各地にもハンセン病が蔓延してきたため、フランスやドイツなどにもラザレットが作られた。ラザレットでは、ハンセン病を「ミゼル・ズフト」(貧しき不幸な病)と称して救済が行われたが、当時のローマ教会は旧約聖書に基づき、「ツァーラアト」の措置として「死のミサ」や「模擬葬儀」など祭儀的な厳しい措置が行われることも多かった。また、外出時には自分が患者であることを分かるような服装を強制され、公衆の場に出ることは制限された。旧約聖書レビ記13-14章には患者と思しき人物を一時的に隔離して祭司が経過を観察する法があるが、これには感染していなかった場合や治癒した場合の復権の規定も含まれており、不治の病であるかのような誤解に基づく種々の差別とは一線を画している。中世において行われていたのは公衆衛生上の隔離ではなく「風俗規制」による社会的隔離のための患者隔離政策が行われた。具体的には「現社会からの追放」「市民権・相続権の剥奪」「結婚の禁止、家族との分離、離婚の許可」「就業禁止、退職の促進」「立ち入り禁止などの行動規制」などの制裁措置がとられた。一方で兵役、納税、裁判出頭の義務は免除されていたが、それは公民としての存在が否定されていたことを意味する。そのため、ハンセン病患者に対する偏見・差別が拡大した。社会的隔離政策の勅令としてはカール大帝が有名で、その後出現した法治国家でも「患者隔離法」や「患者取締令」によりらい院に強制収容された。,民族大移動と何が原因で、ヨーロッパでハンセン病が拡大し、その流行が11世紀・12世紀にピークとなったの?,十字軍による移動,Syntactic variation
17883,213,ハンセン病,西ヨーロッパには中世初期に侵入したと考えられており、300年頃からヨーロッパでハンセン病が蔓延した。十字軍による移動や民族大移動によりハンセン病は拡大し、11世紀・12世紀にハンセン病の流行がピークとなった。1096年にはじまった十字軍は、パレスチナ・エルサレム地域のハンセン病がヨーロッパに蔓延するきっかけとなった。罹患した兵士のためにエルサレムのラザレット(lazaretto:ハンセン病患者専用の収容所・らい院)が作られ、患者救済が行われた。その後、ヨーロッパ各地にもハンセン病が蔓延してきたため、フランスやドイツなどにもラザレットが作られた。ラザレットでは、ハンセン病を「ミゼル・ズフト」(貧しき不幸な病)と称して救済が行われたが、当時のローマ教会は旧約聖書に基づき、「ツァーラアト」の措置として「死のミサ」や「模擬葬儀」など祭儀的な厳しい措置が行われることも多かった。また、外出時には自分が患者であることを分かるような服装を強制され、公衆の場に出ることは制限された。旧約聖書レビ記13-14章には患者と思しき人物を一時的に隔離して祭司が経過を観察する法があるが、これには感染していなかった場合や治癒した場合の復権の規定も含まれており、不治の病であるかのような誤解に基づく種々の差別とは一線を画している。中世において行われていたのは公衆衛生上の隔離ではなく「風俗規制」による社会的隔離のための患者隔離政策が行われた。具体的には「現社会からの追放」「市民権・相続権の剥奪」「結婚の禁止、家族との分離、離婚の許可」「就業禁止、退職の促進」「立ち入り禁止などの行動規制」などの制裁措置がとられた。一方で兵役、納税、裁判出頭の義務は免除されていたが、それは公民としての存在が否定されていたことを意味する。そのため、ハンセン病患者に対する偏見・差別が拡大した。社会的隔離政策の勅令としてはカール大帝が有名で、その後出現した法治国家でも「患者隔離法」や「患者取締令」によりらい院に強制収容された。,パレスチナ・エルサレム地域のハンセン病がヨーロッパに蔓延するきっかけとなった事件とは、何年から始まった事件なのか?,1096年,Syntactic variation
17884,213,ハンセン病,西ヨーロッパには中世初期に侵入したと考えられており、300年頃からヨーロッパでハンセン病が蔓延した。十字軍による移動や民族大移動によりハンセン病は拡大し、11世紀・12世紀にハンセン病の流行がピークとなった。1096年にはじまった十字軍は、パレスチナ・エルサレム地域のハンセン病がヨーロッパに蔓延するきっかけとなった。罹患した兵士のためにエルサレムのラザレット(lazaretto:ハンセン病患者専用の収容所・らい院)が作られ、患者救済が行われた。その後、ヨーロッパ各地にもハンセン病が蔓延してきたため、フランスやドイツなどにもラザレットが作られた。ラザレットでは、ハンセン病を「ミゼル・ズフト」(貧しき不幸な病)と称して救済が行われたが、当時のローマ教会は旧約聖書に基づき、「ツァーラアト」の措置として「死のミサ」や「模擬葬儀」など祭儀的な厳しい措置が行われることも多かった。また、外出時には自分が患者であることを分かるような服装を強制され、公衆の場に出ることは制限された。旧約聖書レビ記13-14章には患者と思しき人物を一時的に隔離して祭司が経過を観察する法があるが、これには感染していなかった場合や治癒した場合の復権の規定も含まれており、不治の病であるかのような誤解に基づく種々の差別とは一線を画している。中世において行われていたのは公衆衛生上の隔離ではなく「風俗規制」による社会的隔離のための患者隔離政策が行われた。具体的には「現社会からの追放」「市民権・相続権の剥奪」「結婚の禁止、家族との分離、離婚の許可」「就業禁止、退職の促進」「立ち入り禁止などの行動規制」などの制裁措置がとられた。一方で兵役、納税、裁判出頭の義務は免除されていたが、それは公民としての存在が否定されていたことを意味する。そのため、ハンセン病患者に対する偏見・差別が拡大した。社会的隔離政策の勅令としてはカール大帝が有名で、その後出現した法治国家でも「患者隔離法」や「患者取締令」によりらい院に強制収容された。,罹患した兵士のためにエルサレムに作られたものがフランスやドイツなどにも作られたのは、何をきっかけでハンセン病がヨーロッパに蔓延したからですか?,十字軍,Multiple sentence reasoning
17885,213,ハンセン病,西ヨーロッパには中世初期に侵入したと考えられており、300年頃からヨーロッパでハンセン病が蔓延した。十字軍による移動や民族大移動によりハンセン病は拡大し、11世紀・12世紀にハンセン病の流行がピークとなった。1096年にはじまった十字軍は、パレスチナ・エルサレム地域のハンセン病がヨーロッパに蔓延するきっかけとなった。罹患した兵士のためにエルサレムのラザレット(lazaretto:ハンセン病患者専用の収容所・らい院)が作られ、患者救済が行われた。その後、ヨーロッパ各地にもハンセン病が蔓延してきたため、フランスやドイツなどにもラザレットが作られた。ラザレットでは、ハンセン病を「ミゼル・ズフト」(貧しき不幸な病)と称して救済が行われたが、当時のローマ教会は旧約聖書に基づき、「ツァーラアト」の措置として「死のミサ」や「模擬葬儀」など祭儀的な厳しい措置が行われることも多かった。また、外出時には自分が患者であることを分かるような服装を強制され、公衆の場に出ることは制限された。旧約聖書レビ記13-14章には患者と思しき人物を一時的に隔離して祭司が経過を観察する法があるが、これには感染していなかった場合や治癒した場合の復権の規定も含まれており、不治の病であるかのような誤解に基づく種々の差別とは一線を画している。中世において行われていたのは公衆衛生上の隔離ではなく「風俗規制」による社会的隔離のための患者隔離政策が行われた。具体的には「現社会からの追放」「市民権・相続権の剥奪」「結婚の禁止、家族との分離、離婚の許可」「就業禁止、退職の促進」「立ち入り禁止などの行動規制」などの制裁措置がとられた。一方で兵役、納税、裁判出頭の義務は免除されていたが、それは公民としての存在が否定されていたことを意味する。そのため、ハンセン病患者に対する偏見・差別が拡大した。社会的隔離政策の勅令としてはカール大帝が有名で、その後出現した法治国家でも「患者隔離法」や「患者取締令」によりらい院に強制収容された。,ハンセン病の患者に対する社会的隔離政策を実行するよう命令を下したことで有名なローマの皇帝は誰か?,カール大帝,Lexical variation (world knowledge)
17886,214,ハンセン病,13世紀には新約聖書に範をとった「救らい事業」が行われた。ローマ教会に対抗し、アッシジのフランチェスコの献身的な救済活動により、1209年に組織されたフランシスコ会はアッシジに「らい村」を建設した。そこでは、一つの共同自治社会が形成され、「死のミサ」や「仮装埋葬」などの儀式もなく、また外出も自由にできた。新約聖書の「マタイ伝」16章に出ているイエス・キリストの教えと行動に則った病者への「労わり」に基づく救済活動であった。また、キリストによるハンセン病患者の治療は奇跡として扱われ、ハンガリーの聖女エリーザベトによる救済などや、十字軍時代のパレスチナに設置されたらい院でのラザロ看護騎士団の患者救済にも影響を及ぼした。フランシスコ会は日本の安土桃山時代にも伝来し、日本のハンセン病患者の救済も行われた。14世紀頃になるとヨーロッパではハンセン病患者は次第に減少した。1348年の黒死病(ペスト)の大流行でラザレットの収容者が一掃されることもあり、ヨーロッパ各地のらい院は次々に閉鎖された。,13世紀に新約聖書に範をとった救らい事業を行った会とは、何年に組織されたの?,1209年,Lexical variation (world knowledge)
17887,214,ハンセン病,13世紀には新約聖書に範をとった「救らい事業」が行われた。ローマ教会に対抗し、アッシジのフランチェスコの献身的な救済活動により、1209年に組織されたフランシスコ会はアッシジに「らい村」を建設した。そこでは、一つの共同自治社会が形成され、「死のミサ」や「仮装埋葬」などの儀式もなく、また外出も自由にできた。新約聖書の「マタイ伝」16章に出ているイエス・キリストの教えと行動に則った病者への「労わり」に基づく救済活動であった。また、キリストによるハンセン病患者の治療は奇跡として扱われ、ハンガリーの聖女エリーザベトによる救済などや、十字軍時代のパレスチナに設置されたらい院でのラザロ看護騎士団の患者救済にも影響を及ぼした。フランシスコ会は日本の安土桃山時代にも伝来し、日本のハンセン病患者の救済も行われた。14世紀頃になるとヨーロッパではハンセン病患者は次第に減少した。1348年の黒死病(ペスト)の大流行でラザレットの収容者が一掃されることもあり、ヨーロッパ各地のらい院は次々に閉鎖された。,ヨーロッパでハンセン病患者が徐々に減少していったのは、何世紀頃になってからですか?,14世紀頃,Lexical variation (world knowledge)
17888,214,ハンセン病,13世紀には新約聖書に範をとった「救らい事業」が行われた。ローマ教会に対抗し、アッシジのフランチェスコの献身的な救済活動により、1209年に組織されたフランシスコ会はアッシジに「らい村」を建設した。そこでは、一つの共同自治社会が形成され、「死のミサ」や「仮装埋葬」などの儀式もなく、また外出も自由にできた。新約聖書の「マタイ伝」16章に出ているイエス・キリストの教えと行動に則った病者への「労わり」に基づく救済活動であった。また、キリストによるハンセン病患者の治療は奇跡として扱われ、ハンガリーの聖女エリーザベトによる救済などや、十字軍時代のパレスチナに設置されたらい院でのラザロ看護騎士団の患者救済にも影響を及ぼした。フランシスコ会は日本の安土桃山時代にも伝来し、日本のハンセン病患者の救済も行われた。14世紀頃になるとヨーロッパではハンセン病患者は次第に減少した。1348年の黒死病(ペスト)の大流行でラザレットの収容者が一掃されることもあり、ヨーロッパ各地のらい院は次々に閉鎖された。,日本のハンセン病患者の救済に影響を及ぼした会が、ヨーロッパに建設したハンセン病の患者のための村とは、何か?,らい村,Multiple sentence reasoning
17889,215,ハンセン病,16世紀にはヨーロッパやアフリカからアメリカ大陸にハンセン病がもたらされた。そして18世紀には北米、19世紀後半には太平洋諸国に広がった。19世紀にハワイで激しい流行がみられた。政府は棄民政策をとり、モロカイ島に患者を隔離・定住させた。1873年にハワイで布教をしていたダミアン神父がモロカイ島に定住し奉仕を開始した。1850年から1920年にかけて、ノルウェーにハンセン病が流行した。戦争による飢饉が引き金となり、人口の多い地方より漁村や農村で流行した。1885年に世界で初めて衛生立法に基づく強制隔離政策が行われた。これは、1897年にドイツで開かれた第1回国際らい会議で発表され、強制隔離政策が評価された。ただし、患者全員を国立病院に隔離する前に流行は終結した。1920年代にナウル島と1980年代にカピンガマランギ島で3割の住民に感染発病を示すほどの流行がみられた。この様なハワイと同様な激烈な流行については、感染症に対する処女地では弱い感染症進入でも流行が発生するという考えがあり、外的物質に対する免疫能がない(自然免疫能)とも考えられるが、しかし十分な説明はなされていない。,北米と太平洋諸国のうち、ハンセン病がやってきたのがより遅いのは、どこ?,太平洋諸国,Logical reasoning
17890,215,ハンセン病,16世紀にはヨーロッパやアフリカからアメリカ大陸にハンセン病がもたらされた。そして18世紀には北米、19世紀後半には太平洋諸国に広がった。19世紀にハワイで激しい流行がみられた。政府は棄民政策をとり、モロカイ島に患者を隔離・定住させた。1873年にハワイで布教をしていたダミアン神父がモロカイ島に定住し奉仕を開始した。1850年から1920年にかけて、ノルウェーにハンセン病が流行した。戦争による飢饉が引き金となり、人口の多い地方より漁村や農村で流行した。1885年に世界で初めて衛生立法に基づく強制隔離政策が行われた。これは、1897年にドイツで開かれた第1回国際らい会議で発表され、強制隔離政策が評価された。ただし、患者全員を国立病院に隔離する前に流行は終結した。1920年代にナウル島と1980年代にカピンガマランギ島で3割の住民に感染発病を示すほどの流行がみられた。この様なハワイと同様な激烈な流行については、感染症に対する処女地では弱い感染症進入でも流行が発生するという考えがあり、外的物質に対する免疫能がない(自然免疫能)とも考えられるが、しかし十分な説明はなされていない。,ハンセン病がヨーロッパやアフリカからアメリカ大陸までやってきたのは、何世紀のことでありますか?,16世紀,Lexical variation (world knowledge)
17891,215,ハンセン病,16世紀にはヨーロッパやアフリカからアメリカ大陸にハンセン病がもたらされた。そして18世紀には北米、19世紀後半には太平洋諸国に広がった。19世紀にハワイで激しい流行がみられた。政府は棄民政策をとり、モロカイ島に患者を隔離・定住させた。1873年にハワイで布教をしていたダミアン神父がモロカイ島に定住し奉仕を開始した。1850年から1920年にかけて、ノルウェーにハンセン病が流行した。戦争による飢饉が引き金となり、人口の多い地方より漁村や農村で流行した。1885年に世界で初めて衛生立法に基づく強制隔離政策が行われた。これは、1897年にドイツで開かれた第1回国際らい会議で発表され、強制隔離政策が評価された。ただし、患者全員を国立病院に隔離する前に流行は終結した。1920年代にナウル島と1980年代にカピンガマランギ島で3割の住民に感染発病を示すほどの流行がみられた。この様なハワイと同様な激烈な流行については、感染症に対する処女地では弱い感染症進入でも流行が発生するという考えがあり、外的物質に対する免疫能がない(自然免疫能)とも考えられるが、しかし十分な説明はなされていない。,世界で初めて衛生立法に基づきハンセン病の患者の強制隔離政策を行ったのは、どの国か?,ノルウェー,Multiple sentence reasoning
17892,216,ハンセン病,1897年、ドイツで開かれた第1回国際らい会議でノルウェーの事例が発表され強制隔離政策が推奨された。ただし、日本の隔離政策とは異なり警察による取締りではなく、医師の判断に基づいた強制隔離であった。1909年にノルウェーで第2回国際らい学会が開催され、強制隔離政策による対策の重要性が再確認されるとともに、早期にハンセン病患者から子供を引き離すことが推奨された。1907年、フィリピン(米国統治下)では、元来、強制隔離政策を行っていたが、大風子油(当時の治療薬)による施設治療を行い、菌が陰性化した患者は社会復帰させるという開放制度に転換した(パロールシステム)。患者の意志ではなく、多くの伝染病患者に対し施設収容・治療の効率化することが目的であったが、この開放制度は世界で初めての試みで画期的な政策であった。この政策は、1923年にストラスブルクで開かれた第3回国際らい学会によって発表されたが、退所後の再発は非常に高いことなどが明らかになり、開放制度や大風子油治療の効果については否定された。一方で小児に伝染しやすいことから「産児は母から引き離すこと」「らい患者は伝染させる職業にはつくべきでない」などの公衆衛生的に必要な隔離ための方法が決議された。1931年、国際連盟は「らい公衆衛生の原理」と題する著作を発刊し、ハンセン病の早期患者に対しては施設隔離を行わず、外来診療所で大風子油による治療を行うのが望ましいとされ、政策として初めて「治療対策」「脱施設隔離」が打ち出された。ただしその一方で重症の伝染性の強い患者は施設に強制的に隔離する重要性も再確認されている。1938年にカイロで開催された第4回国際らい学会では、その影響を受けて疫病地の大風子油による施設治療政策は認められた1941年にはアメリカのファジェットにより新薬であるプロミンが使用され、これにより大風子油からプロミンと治療方法が変化しハンセン病は治る病気となった。その後は、隔離政策は徐々に衰退し外来診療が重視されていくことになる。,ノルウェーでは誰の判断に基づいたハンセン病の患者の強制隔離を行ったの?,医師,Multiple sentence reasoning
17893,216,ハンセン病,1897年、ドイツで開かれた第1回国際らい会議でノルウェーの事例が発表され強制隔離政策が推奨された。ただし、日本の隔離政策とは異なり警察による取締りではなく、医師の判断に基づいた強制隔離であった。1909年にノルウェーで第2回国際らい学会が開催され、強制隔離政策による対策の重要性が再確認されるとともに、早期にハンセン病患者から子供を引き離すことが推奨された。1907年、フィリピン(米国統治下)では、元来、強制隔離政策を行っていたが、大風子油(当時の治療薬)による施設治療を行い、菌が陰性化した患者は社会復帰させるという開放制度に転換した(パロールシステム)。患者の意志ではなく、多くの伝染病患者に対し施設収容・治療の効率化することが目的であったが、この開放制度は世界で初めての試みで画期的な政策であった。この政策は、1923年にストラスブルクで開かれた第3回国際らい学会によって発表されたが、退所後の再発は非常に高いことなどが明らかになり、開放制度や大風子油治療の効果については否定された。一方で小児に伝染しやすいことから「産児は母から引き離すこと」「らい患者は伝染させる職業にはつくべきでない」などの公衆衛生的に必要な隔離ための方法が決議された。1931年、国際連盟は「らい公衆衛生の原理」と題する著作を発刊し、ハンセン病の早期患者に対しては施設隔離を行わず、外来診療所で大風子油による治療を行うのが望ましいとされ、政策として初めて「治療対策」「脱施設隔離」が打ち出された。ただしその一方で重症の伝染性の強い患者は施設に強制的に隔離する重要性も再確認されている。1938年にカイロで開催された第4回国際らい学会では、その影響を受けて疫病地の大風子油による施設治療政策は認められた1941年にはアメリカのファジェットにより新薬であるプロミンが使用され、これにより大風子油からプロミンと治療方法が変化しハンセン病は治る病気となった。その後は、隔離政策は徐々に衰退し外来診療が重視されていくことになる。,ハンセン病の患者隔離に対するフィリピンの開放制度が否定されたのは、何が非常に高かったからですか?,退所後の再発,Lexical variation (world knowledge)
17894,216,ハンセン病,1897年、ドイツで開かれた第1回国際らい会議でノルウェーの事例が発表され強制隔離政策が推奨された。ただし、日本の隔離政策とは異なり警察による取締りではなく、医師の判断に基づいた強制隔離であった。1909年にノルウェーで第2回国際らい学会が開催され、強制隔離政策による対策の重要性が再確認されるとともに、早期にハンセン病患者から子供を引き離すことが推奨された。1907年、フィリピン(米国統治下)では、元来、強制隔離政策を行っていたが、大風子油(当時の治療薬)による施設治療を行い、菌が陰性化した患者は社会復帰させるという開放制度に転換した(パロールシステム)。患者の意志ではなく、多くの伝染病患者に対し施設収容・治療の効率化することが目的であったが、この開放制度は世界で初めての試みで画期的な政策であった。この政策は、1923年にストラスブルクで開かれた第3回国際らい学会によって発表されたが、退所後の再発は非常に高いことなどが明らかになり、開放制度や大風子油治療の効果については否定された。一方で小児に伝染しやすいことから「産児は母から引き離すこと」「らい患者は伝染させる職業にはつくべきでない」などの公衆衛生的に必要な隔離ための方法が決議された。1931年、国際連盟は「らい公衆衛生の原理」と題する著作を発刊し、ハンセン病の早期患者に対しては施設隔離を行わず、外来診療所で大風子油による治療を行うのが望ましいとされ、政策として初めて「治療対策」「脱施設隔離」が打ち出された。ただしその一方で重症の伝染性の強い患者は施設に強制的に隔離する重要性も再確認されている。1938年にカイロで開催された第4回国際らい学会では、その影響を受けて疫病地の大風子油による施設治療政策は認められた1941年にはアメリカのファジェットにより新薬であるプロミンが使用され、これにより大風子油からプロミンと治療方法が変化しハンセン病は治る病気となった。その後は、隔離政策は徐々に衰退し外来診療が重視されていくことになる。,ハンセン病を治る病気にした新薬とは、どの国の人により使用されるようになったものか?,アメリカ,Syntactic variation
17895,216,ハンセン病,1897年、ドイツで開かれた第1回国際らい会議でノルウェーの事例が発表され強制隔離政策が推奨された。ただし、日本の隔離政策とは異なり警察による取締りではなく、医師の判断に基づいた強制隔離であった。1909年にノルウェーで第2回国際らい学会が開催され、強制隔離政策による対策の重要性が再確認されるとともに、早期にハンセン病患者から子供を引き離すことが推奨された。1907年、フィリピン(米国統治下)では、元来、強制隔離政策を行っていたが、大風子油(当時の治療薬)による施設治療を行い、菌が陰性化した患者は社会復帰させるという開放制度に転換した(パロールシステム)。患者の意志ではなく、多くの伝染病患者に対し施設収容・治療の効率化することが目的であったが、この開放制度は世界で初めての試みで画期的な政策であった。この政策は、1923年にストラスブルクで開かれた第3回国際らい学会によって発表されたが、退所後の再発は非常に高いことなどが明らかになり、開放制度や大風子油治療の効果については否定された。一方で小児に伝染しやすいことから「産児は母から引き離すこと」「らい患者は伝染させる職業にはつくべきでない」などの公衆衛生的に必要な隔離ための方法が決議された。1931年、国際連盟は「らい公衆衛生の原理」と題する著作を発刊し、ハンセン病の早期患者に対しては施設隔離を行わず、外来診療所で大風子油による治療を行うのが望ましいとされ、政策として初めて「治療対策」「脱施設隔離」が打ち出された。ただしその一方で重症の伝染性の強い患者は施設に強制的に隔離する重要性も再確認されている。1938年にカイロで開催された第4回国際らい学会では、その影響を受けて疫病地の大風子油による施設治療政策は認められた1941年にはアメリカのファジェットにより新薬であるプロミンが使用され、これにより大風子油からプロミンと治療方法が変化しハンセン病は治る病気となった。その後は、隔離政策は徐々に衰退し外来診療が重視されていくことになる。,大風子油とプロミンのうち、ハンセン病により効果の良い治療薬は、どれか?,プロミン,Logical reasoning
17896,217,バヤズィト2世,バヤズィト2世(トルコ語:II.BayezidもしくはII.Beyazıt、1447年12月3日-1512年5月26日)は、オスマン帝国の第8代皇帝(スルタン)である。第7代皇帝メフメト2世の子(在位:1481年-1512年)。,バヤズィト2世は、どの国のものなの?,オスマン帝国,Syntactic variation
17897,217,バヤズィト2世,バヤズィト2世(トルコ語:II.BayezidもしくはII.Beyazıt、1447年12月3日-1512年5月26日)は、オスマン帝国の第8代皇帝(スルタン)である。第7代皇帝メフメト2世の子(在位:1481年-1512年)。,バヤズィト2世は、第何代皇帝でありますか?,第8代,Syntactic variation
17898,217,バヤズィト2世,バヤズィト2世(トルコ語:II.BayezidもしくはII.Beyazıt、1447年12月3日-1512年5月26日)は、オスマン帝国の第8代皇帝(スルタン)である。第7代皇帝メフメト2世の子(在位:1481年-1512年)。,バヤズィト2世の父親は、誰か?,メフメト2世,Multiple sentence reasoning
17899,217,バヤズィト2世,バヤズィト2世(トルコ語:II.BayezidもしくはII.Beyazıt、1447年12月3日-1512年5月26日)は、オスマン帝国の第8代皇帝(スルタン)である。第7代皇帝メフメト2世の子(在位:1481年-1512年)。,メフメト2世の後を継ぎ、皇帝になったのは、誰か?,バヤズィト2世,Multiple sentence reasoning
17900,218,バヤズィト2世,バヤズィト2世は、1447年にメフメト2世の長子として生まれた。1456年に弟のムスタファと共に割礼を施され、同日にメフメトによってアナトリアのベイリクたちを招待しての大宴会が開かれた。この祝宴はメフメトがベオグラード包囲で大敗して帰国した直後のことであり、宴を開いたのは敗北を忘れる意味合いもあった。オスマン帝国の皇子の慣例としてアマスィヤの知事を務め、1473年に起きた白羊朝とのバシュケントの戦い(en:BattleofOtlukbeli)では、イェニチェリとヨーロッパ人からなる部隊を指揮し、ウズン・ハサンの甥が率いる騎兵隊と交戦した。,バヤズィト2世は、何年に生まれたの?,1447年,Syntactic variation
17901,218,バヤズィト2世,バヤズィト2世は、1447年にメフメト2世の長子として生まれた。1456年に弟のムスタファと共に割礼を施され、同日にメフメトによってアナトリアのベイリクたちを招待しての大宴会が開かれた。この祝宴はメフメトがベオグラード包囲で大敗して帰国した直後のことであり、宴を開いたのは敗北を忘れる意味合いもあった。オスマン帝国の皇子の慣例としてアマスィヤの知事を務め、1473年に起きた白羊朝とのバシュケントの戦い(en:BattleofOtlukbeli)では、イェニチェリとヨーロッパ人からなる部隊を指揮し、ウズン・ハサンの甥が率いる騎兵隊と交戦した。,オスマン帝国には皇子は、どこの知事を務める慣例がありましたか?,アマスィヤ,Syntactic variation
17902,218,バヤズィト2世,バヤズィト2世は、1447年にメフメト2世の長子として生まれた。1456年に弟のムスタファと共に割礼を施され、同日にメフメトによってアナトリアのベイリクたちを招待しての大宴会が開かれた。この祝宴はメフメトがベオグラード包囲で大敗して帰国した直後のことであり、宴を開いたのは敗北を忘れる意味合いもあった。オスマン帝国の皇子の慣例としてアマスィヤの知事を務め、1473年に起きた白羊朝とのバシュケントの戦い(en:BattleofOtlukbeli)では、イェニチェリとヨーロッパ人からなる部隊を指揮し、ウズン・ハサンの甥が率いる騎兵隊と交戦した。,バヤズィト2世は、皇子としてどこの知事を務めたか?,アマスィヤ,Syntactic variation
17903,218,バヤズィト2世,バヤズィト2世は、1447年にメフメト2世の長子として生まれた。1456年に弟のムスタファと共に割礼を施され、同日にメフメトによってアナトリアのベイリクたちを招待しての大宴会が開かれた。この祝宴はメフメトがベオグラード包囲で大敗して帰国した直後のことであり、宴を開いたのは敗北を忘れる意味合いもあった。オスマン帝国の皇子の慣例としてアマスィヤの知事を務め、1473年に起きた白羊朝とのバシュケントの戦い(en:BattleofOtlukbeli)では、イェニチェリとヨーロッパ人からなる部隊を指揮し、ウズン・ハサンの甥が率いる騎兵隊と交戦した。,バシュケントの戦いは、何年に行われた戦闘のことか?,1473年,Lexical variation (world knowledge)
17904,219,バヤズィト2世,1481年にメフメト2世がイタリア遠征途上で陣没すると、弟のジェムとの帝位をめぐる争いが始まる(もう1人の弟ムスタファは1474年に暗殺されていた)。バヤズィトとジェムの両方にメフメトの死を告げる使者が送られたが、縁戚の総督(ベイレルベイ)シナンによってジェムへの使者が足止めを受け、ジェムに先んじてイスタンブールに入城した。,メフメト2世が死ぬと、誰とジェムが帝位を巡って争ったの?,バヤズィト,Lexical variation (world knowledge)
17905,219,バヤズィト2世,1481年にメフメト2世がイタリア遠征途上で陣没すると、弟のジェムとの帝位をめぐる争いが始まる(もう1人の弟ムスタファは1474年に暗殺されていた)。バヤズィトとジェムの両方にメフメトの死を告げる使者が送られたが、縁戚の総督(ベイレルベイ)シナンによってジェムへの使者が足止めを受け、ジェムに先んじてイスタンブールに入城した。,メフメト2世が死んだのは、何年ですか?,1481年,Lexical variation (synonymy)
17906,219,バヤズィト2世,1481年にメフメト2世がイタリア遠征途上で陣没すると、弟のジェムとの帝位をめぐる争いが始まる(もう1人の弟ムスタファは1474年に暗殺されていた)。バヤズィトとジェムの両方にメフメトの死を告げる使者が送られたが、縁戚の総督(ベイレルベイ)シナンによってジェムへの使者が足止めを受け、ジェムに先んじてイスタンブールに入城した。,メフメト2世はどこへの遠征を行う途中に死去したか?,イタリア,Lexical variation (world knowledge)
17907,219,バヤズィト2世,1481年にメフメト2世がイタリア遠征途上で陣没すると、弟のジェムとの帝位をめぐる争いが始まる(もう1人の弟ムスタファは1474年に暗殺されていた)。バヤズィトとジェムの両方にメフメトの死を告げる使者が送られたが、縁戚の総督(ベイレルベイ)シナンによってジェムへの使者が足止めを受け、ジェムに先んじてイスタンブールに入城した。,バヤズィトとジェムの帝位を巡った争いは、何年から始まったか?,1481年,Syntactic variation
17908,220,バヤズィト2世,バヤズィトのイスタンブールへの入城に先立ち、ジェムの擁立を考えていた大宰相メフメト・カラマニーはイェニチェリに殺害されており、イェニチェリとメフメトの政策に反対的だった臣下に支持されて、1481年5月21日に正式に皇帝として即位した。その即位の経緯からイェニチェリに特権と恩賞を付与し、反対派の要求に対して譲歩する必要があった。,バヤズィトが正式に皇帝として即位したのは、いつのことなの?,1481年5月21日,Syntactic variation
17909,220,バヤズィト2世,バヤズィトのイスタンブールへの入城に先立ち、ジェムの擁立を考えていた大宰相メフメト・カラマニーはイェニチェリに殺害されており、イェニチェリとメフメトの政策に反対的だった臣下に支持されて、1481年5月21日に正式に皇帝として即位した。その即位の経緯からイェニチェリに特権と恩賞を付与し、反対派の要求に対して譲歩する必要があった。,当時、メフメト・カラマニーは、誰の皇帝即位を支持していましたか?,ジェム,Lexical variation (world knowledge)
17910,220,バヤズィト2世,バヤズィトのイスタンブールへの入城に先立ち、ジェムの擁立を考えていた大宰相メフメト・カラマニーはイェニチェリに殺害されており、イェニチェリとメフメトの政策に反対的だった臣下に支持されて、1481年5月21日に正式に皇帝として即位した。その即位の経緯からイェニチェリに特権と恩賞を付与し、反対派の要求に対して譲歩する必要があった。,メフメト・カラマニーを殺したのは、誰か?,イェニチェリ,Lexical variation (synonymy)
17911,220,バヤズィト2世,バヤズィトのイスタンブールへの入城に先立ち、ジェムの擁立を考えていた大宰相メフメト・カラマニーはイェニチェリに殺害されており、イェニチェリとメフメトの政策に反対的だった臣下に支持されて、1481年5月21日に正式に皇帝として即位した。その即位の経緯からイェニチェリに特権と恩賞を付与し、反対派の要求に対して譲歩する必要があった。,帝国の首都はどこだったか?,イスタンブール,Logical reasoning
17912,221,バヤズィト2世,帝位を逃したジェムはブルサを占領して貨幣とフトバに自らの名を刻んで独立を表明し、バヤズィトに帝国の分割統治を条件とした和平を提案した。バヤズィトはジェムの提案を拒絶して対決の意を示し、戦前にジェム側の司令官の幾人かを調略し、同年6月20日のイェニシェヒルの戦いでジェムの軍を破った。,ジェムはどこを本拠地とし、独立しようとしたの?,ブルサ,Lexical variation (world knowledge)
17913,221,バヤズィト2世,帝位を逃したジェムはブルサを占領して貨幣とフトバに自らの名を刻んで独立を表明し、バヤズィトに帝国の分割統治を条件とした和平を提案した。バヤズィトはジェムの提案を拒絶して対決の意を示し、戦前にジェム側の司令官の幾人かを調略し、同年6月20日のイェニシェヒルの戦いでジェムの軍を破った。,当時、帝国の皇帝には、誰が即位したと予測できますか?,バヤズィト,Logical reasoning
17914,221,バヤズィト2世,帝位を逃したジェムはブルサを占領して貨幣とフトバに自らの名を刻んで独立を表明し、バヤズィトに帝国の分割統治を条件とした和平を提案した。バヤズィトはジェムの提案を拒絶して対決の意を示し、戦前にジェム側の司令官の幾人かを調略し、同年6月20日のイェニシェヒルの戦いでジェムの軍を破った。,バヤズィトとジェムのうち、和平の意を示したのは、誰か?,ジェム,Lexical variation (world knowledge)
17915,221,バヤズィト2世,帝位を逃したジェムはブルサを占領して貨幣とフトバに自らの名を刻んで独立を表明し、バヤズィトに帝国の分割統治を条件とした和平を提案した。バヤズィトはジェムの提案を拒絶して対決の意を示し、戦前にジェム側の司令官の幾人かを調略し、同年6月20日のイェニシェヒルの戦いでジェムの軍を破った。,バヤズィトとジェムの戦いで勝者となったのは、誰か?,バヤズィト,Lexical variation (world knowledge)
17916,222,バヤズィト2世,敗れたジェムはエジプトのマムルーク朝に亡命し、白羊朝に亡命していたカラマン侯国の王族カシム・ベイと協力して再起を図るが失敗、エジプトを離れてロドス島の聖ヨハネ騎士団の元に身を寄せた。,帝位を巡った争いに敗れたジェムは、どの王朝へ逃げたの?,マムルーク朝,Lexical variation (world knowledge)
17917,222,バヤズィト2世,敗れたジェムはエジプトのマムルーク朝に亡命し、白羊朝に亡命していたカラマン侯国の王族カシム・ベイと協力して再起を図るが失敗、エジプトを離れてロドス島の聖ヨハネ騎士団の元に身を寄せた。,ジェムと協力して再起を図ったのは、誰ですか?,カシム・ベイ,Syntactic variation
17918,222,バヤズィト2世,敗れたジェムはエジプトのマムルーク朝に亡命し、白羊朝に亡命していたカラマン侯国の王族カシム・ベイと協力して再起を図るが失敗、エジプトを離れてロドス島の聖ヨハネ騎士団の元に身を寄せた。,カシム・ベイは、どの国の者だったか?,白羊朝,Syntactic variation
17919,222,バヤズィト2世,敗れたジェムはエジプトのマムルーク朝に亡命し、白羊朝に亡命していたカラマン侯国の王族カシム・ベイと協力して再起を図るが失敗、エジプトを離れてロドス島の聖ヨハネ騎士団の元に身を寄せた。,カシム・ベイは、どこに亡命していたか?,カラマン侯国,Syntactic variation
17920,223,バヤズィト2世,バヤズィトはマムルーク朝、聖ヨハネ騎士団、フランスのヴァロワ朝、教皇庁といったジェムが亡命した北アフリカ、ヨーロッパの諸勢力と交渉を行い、聖ヨハネ騎士団との交渉では騎士団側の要求に応じて多額の身代金を支払わなければならなかった。ジェムの子オウズ、ジェム派の高官を粛清し、1495年にジェムが病死した後に彼の生母、妻、娘を保護するが、男子の子孫はロドス島に残っていた1人を除いて全員が絞首に処された。,バヤズィトと交渉を行った勢力として挙げられているのは、マムルーク朝、聖ヨハネ騎士団、ヴァロワ朝のほかに、どの勢力なの?,教皇庁,Lexical variation (world knowledge)
17921,223,バヤズィト2世,バヤズィトはマムルーク朝、聖ヨハネ騎士団、フランスのヴァロワ朝、教皇庁といったジェムが亡命した北アフリカ、ヨーロッパの諸勢力と交渉を行い、聖ヨハネ騎士団との交渉では騎士団側の要求に応じて多額の身代金を支払わなければならなかった。ジェムの子オウズ、ジェム派の高官を粛清し、1495年にジェムが病死した後に彼の生母、妻、娘を保護するが、男子の子孫はロドス島に残っていた1人を除いて全員が絞首に処された。,バヤズィトがマムルーク朝、聖ヨハネ騎士団、ヴァロワ朝、教皇庁といった諸勢力と交渉を行ったのは、誰のせいでしたか?,ジェム,Lexical variation (world knowledge)
17922,223,バヤズィト2世,バヤズィトはマムルーク朝、聖ヨハネ騎士団、フランスのヴァロワ朝、教皇庁といったジェムが亡命した北アフリカ、ヨーロッパの諸勢力と交渉を行い、聖ヨハネ騎士団との交渉では騎士団側の要求に応じて多額の身代金を支払わなければならなかった。ジェムの子オウズ、ジェム派の高官を粛清し、1495年にジェムが病死した後に彼の生母、妻、娘を保護するが、男子の子孫はロドス島に残っていた1人を除いて全員が絞首に処された。,バヤズィトが身代金を支払ってまで交渉を行った勢力は、どの勢力か?,聖ヨハネ騎士団,Lexical variation (world knowledge)
17923,223,バヤズィト2世,バヤズィトはマムルーク朝、聖ヨハネ騎士団、フランスのヴァロワ朝、教皇庁といったジェムが亡命した北アフリカ、ヨーロッパの諸勢力と交渉を行い、聖ヨハネ騎士団との交渉では騎士団側の要求に応じて多額の身代金を支払わなければならなかった。ジェムの子オウズ、ジェム派の高官を粛清し、1495年にジェムが病死した後に彼の生母、妻、娘を保護するが、男子の子孫はロドス島に残っていた1人を除いて全員が絞首に処された。,ジェムが死去したのは、何年か?,1495年,Lexical variation (synonymy)
17924,224,バヤズィト2世,1495年にジェムが病死するまでの間、オスマン帝国と亡命中のジェムを保護したマムルーク朝の関係が悪化する。,ジェムの死の原因となったのは、何?,病,Lexical variation (world knowledge)
17925,224,バヤズィト2世,1495年にジェムが病死するまでの間、オスマン帝国と亡命中のジェムを保護したマムルーク朝の関係が悪化する。,ジェムはどの王朝に亡命していたか?,マムルーク朝,Syntactic variation
17926,224,バヤズィト2世,1495年にジェムが病死するまでの間、オスマン帝国と亡命中のジェムを保護したマムルーク朝の関係が悪化する。,マムルーク朝がオスマン帝国と対立するようになったのは、誰のせいでしたか?,ジェム,Lexical variation (world knowledge)
17927,224,バヤズィト2世,1495年にジェムが病死するまでの間、オスマン帝国と亡命中のジェムを保護したマムルーク朝の関係が悪化する。,ジェムがマムルーク朝から保護されたのは、何年までだったか?,1495年,Lexical variation (world knowledge)
17928,225,バヤズィト2世,オスマン帝国は、マムルーク朝とはジェムの処遇以外に、メッカの水路の修理を拒絶されたこと、インドからの贈物を携えた使節がマムルーク朝の領土を通行した際にジッダの太守に荷物を奪われたことで関係が険悪なものとなり、バヤズィトはドゥルカディル侯国のベイリクであるアラー・アッダウラがマムルーク朝のスルターン・アシュラフ・カーイトバーイと対立していることを知ると、アッダウラを助けるために1485年にアナトリア南部に派兵した。,オスマン帝国とマムルーク朝の関係をより悪化させた原因とは、何?,ジェムの処遇,Lexical variation (world knowledge)
17929,225,バヤズィト2世,オスマン帝国は、マムルーク朝とはジェムの処遇以外に、メッカの水路の修理を拒絶されたこと、インドからの贈物を携えた使節がマムルーク朝の領土を通行した際にジッダの太守に荷物を奪われたことで関係が険悪なものとなり、バヤズィトはドゥルカディル侯国のベイリクであるアラー・アッダウラがマムルーク朝のスルターン・アシュラフ・カーイトバーイと対立していることを知ると、アッダウラを助けるために1485年にアナトリア南部に派兵した。,バヤズィトがドゥルカディル侯国へ援軍を送ったのは、何年のことですか?,1485年,Lexical variation (world knowledge)
17930,225,バヤズィト2世,オスマン帝国は、マムルーク朝とはジェムの処遇以外に、メッカの水路の修理を拒絶されたこと、インドからの贈物を携えた使節がマムルーク朝の領土を通行した際にジッダの太守に荷物を奪われたことで関係が険悪なものとなり、バヤズィトはドゥルカディル侯国のベイリクであるアラー・アッダウラがマムルーク朝のスルターン・アシュラフ・カーイトバーイと対立していることを知ると、アッダウラを助けるために1485年にアナトリア南部に派兵した。,ドゥルカディル侯国とマムルーク朝の対立において、オスマン帝国はどちらの味方をしたか?,ドゥルカディル侯国,Lexical variation (world knowledge)
17931,225,バヤズィト2世,オスマン帝国は、マムルーク朝とはジェムの処遇以外に、メッカの水路の修理を拒絶されたこと、インドからの贈物を携えた使節がマムルーク朝の領土を通行した際にジッダの太守に荷物を奪われたことで関係が険悪なものとなり、バヤズィトはドゥルカディル侯国のベイリクであるアラー・アッダウラがマムルーク朝のスルターン・アシュラフ・カーイトバーイと対立していることを知ると、アッダウラを助けるために1485年にアナトリア南部に派兵した。,ドゥルカディル侯国とマムルーク朝のうち、オスマン帝国と対立していたのは、どの国か?,マムルーク朝,Lexical variation (world knowledge)
17932,226,バヤズィト2世,オスマン・ドゥルカディルの連合軍はマラティヤ付近でマムルーク朝軍と戦うが敗れ、かえってアダナ、タルソス内の城砦を奪われる。戦後にマムルーク朝から和平が提案され、和解を勧めるカリフの親書と共に奪われた贈物も届けられるが、バヤズィトはこの提案に対して進軍という答えを返した。,マムルーク朝がオスマン・ドゥルカディルの連合軍との戦いで勝利し、手に入れた地域は、タルソス内の城砦とどこですか?,アダナ,Lexical variation (world knowledge)
17933,226,バヤズィト2世,オスマン・ドゥルカディルの連合軍はマラティヤ付近でマムルーク朝軍と戦うが敗れ、かえってアダナ、タルソス内の城砦を奪われる。戦後にマムルーク朝から和平が提案され、和解を勧めるカリフの親書と共に奪われた贈物も届けられるが、バヤズィトはこの提案に対して進軍という答えを返した。,オスマン・ドゥルカディルの連合軍とマムルーク朝の戦いは、どこ付近で行われたの?,マラティヤ付近,Lexical variation (world knowledge)
17934,226,バヤズィト2世,オスマン・ドゥルカディルの連合軍はマラティヤ付近でマムルーク朝軍と戦うが敗れ、かえってアダナ、タルソス内の城砦を奪われる。戦後にマムルーク朝から和平が提案され、和解を勧めるカリフの親書と共に奪われた贈物も届けられるが、バヤズィトはこの提案に対して進軍という答えを返した。,マラティヤ付近での戦いで戦勝国となったのは、オスマン・ドゥルカディルの連合軍とマムルーク朝のうち、どちらか?,マムルーク朝,Lexical variation (world knowledge)
17935,226,バヤズィト2世,オスマン・ドゥルカディルの連合軍はマラティヤ付近でマムルーク朝軍と戦うが敗れ、かえってアダナ、タルソス内の城砦を奪われる。戦後にマムルーク朝から和平が提案され、和解を勧めるカリフの親書と共に奪われた贈物も届けられるが、バヤズィトはこの提案に対して進軍という答えを返した。,オスマン帝国とマムルーク朝のうち、和平の意を示したのは、どちらだったか?,マムルーク朝,Lexical variation (world knowledge)
17936,227,バヤズィト2世,オスマン軍はウズバク・ブン・タタハ率いるマムルーク朝軍に3度敗れる不利な状況にあったが、マムルーク朝も長期の戦争によって財政が悪化しており、1491年にハフス朝の仲介によって和議が結ばれた。,マムルーク朝軍の統率者は、誰だったの?,ウズバク・ブン・タタハ,Lexical variation (world knowledge)
17937,227,バヤズィト2世,オスマン軍はウズバク・ブン・タタハ率いるマムルーク朝軍に3度敗れる不利な状況にあったが、マムルーク朝も長期の戦争によって財政が悪化しており、1491年にハフス朝の仲介によって和議が結ばれた。,オスマン軍とマムルーク朝軍の間で起こった戦争の戦況を見ると、どちら側が優勢でしたか?,マムルーク朝軍,Lexical variation (world knowledge)
17938,227,バヤズィト2世,オスマン軍はウズバク・ブン・タタハ率いるマムルーク朝軍に3度敗れる不利な状況にあったが、マムルーク朝も長期の戦争によって財政が悪化しており、1491年にハフス朝の仲介によって和議が結ばれた。,オスマン軍とマムルーク朝軍の戦闘は、何度行われ、すべての戦闘はマムルーク朝軍の勝利で終わったか?,3度,Lexical variation (world knowledge)
17939,227,バヤズィト2世,オスマン軍はウズバク・ブン・タタハ率いるマムルーク朝軍に3度敗れる不利な状況にあったが、マムルーク朝も長期の戦争によって財政が悪化しており、1491年にハフス朝の仲介によって和議が結ばれた。,オスマン帝国とマムルーク朝が和平を結んだのは、何年のことか?,1491年,Lexical variation (synonymy)
17940,228,バヤズィト2世,ハンガリー王マーチャーシュ1世が没した後、バヤズィトは1492年にマーチャーシュの死を好機と考えてベオグラード攻略に挑むが失敗、1495年にハンガリーと10年の休戦協定を結んだ。,バヤズィトは誰の死を機会と思い、ハンガリーへの侵攻を計画したの?,マーチャーシュ1世,Lexical variation (world knowledge)
17941,228,バヤズィト2世,ハンガリー王マーチャーシュ1世が没した後、バヤズィトは1492年にマーチャーシュの死を好機と考えてベオグラード攻略に挑むが失敗、1495年にハンガリーと10年の休戦協定を結んだ。,バヤズィトがベオグラード攻略を開始したのは、何年のことですか?,1492年,Lexical variation (world knowledge)
17942,228,バヤズィト2世,ハンガリー王マーチャーシュ1世が没した後、バヤズィトは1492年にマーチャーシュの死を好機と考えてベオグラード攻略に挑むが失敗、1495年にハンガリーと10年の休戦協定を結んだ。,バヤズィトのベオグラード攻略の結果は、どうだったか?,失敗,Lexical variation (world knowledge)
17943,228,バヤズィト2世,ハンガリー王マーチャーシュ1世が没した後、バヤズィトは1492年にマーチャーシュの死を好機と考えてベオグラード攻略に挑むが失敗、1495年にハンガリーと10年の休戦協定を結んだ。,オスマン帝国とハンガリーの間で10年の休戦協定が締結されたのは、何年のことか?,1495年,Lexical variation (synonymy)
17944,229,バヤズィト2世,しかし、ベオグラード遠征と同じ1492年にモルダヴィア公国を属国化し、黒海方面への拡大は着実に果たした。,モルダヴィア公国がオスマン帝国の属国となったのは、何年のことなの?,1492年,Lexical variation (world knowledge)
17945,229,バヤズィト2世,しかし、ベオグラード遠征と同じ1492年にモルダヴィア公国を属国化し、黒海方面への拡大は着実に果たした。,オスマン帝国が黒海方面でその影響力を行使できるようになったのは、何年のことですか?,1492年,Lexical variation (world knowledge)
17946,230,石油タンカー,"石油タンカー(せきゆタンカー)は、石油をばら積みで運ぶために設計された船である。石油タンカーには2つの基本的な分類があり、原油タンカーとプロダクトタンカーに分けられる。原油タンカーは大量の原油を油田から製油所まで輸送する。プロダクトタンカーは一般的にかなり小さく、石油化学製品を製油所から消費市場の近くまで輸送するために設計されている。石油タンカーは、その使用目的だけではなく大きさによっても分類されている。載貨重量トン数にして数千トン程度の内水面・沿岸用タンカーから、55万トンに達するマンモススーパータンカーまである。2006年6月時点で、1万載貨重量トンを超える石油タンカーは4,024隻ある。タンカーは年間およそ20億トンの石油を輸送している。効率の点ではパイプラインに次ぎ、タンカーによる石油輸送の平均費用は1ガロン(3.79リットル)あたり2-3セント程度である。特殊化した石油タンカーが発展していった。こうした中の1つとして、動いている船に燃料を補給することのできる補給艦がある。標準の石油タンカーの設計の派生形としては他に、鉱石・石油兼用船や、半永久的に繋留されて用いられる浮体式生産貯蔵積出設備などがある。石油タンカーはこれまでに、多くの被害をもたらし世間の耳目を集めた石油流出事故に関わってきた。その結果として石油タンカーの設計と運航には厳しい規制が課されている。",石油タンカーの使用目的における2つの分類のうち、大量の原油を油田から製油所まで輸送するものは、何か?,原油タンカー,Lexical variation (world knowledge)
17947,230,石油タンカー,"石油タンカー(せきゆタンカー)は、石油をばら積みで運ぶために設計された船である。石油タンカーには2つの基本的な分類があり、原油タンカーとプロダクトタンカーに分けられる。原油タンカーは大量の原油を油田から製油所まで輸送する。プロダクトタンカーは一般的にかなり小さく、石油化学製品を製油所から消費市場の近くまで輸送するために設計されている。石油タンカーは、その使用目的だけではなく大きさによっても分類されている。載貨重量トン数にして数千トン程度の内水面・沿岸用タンカーから、55万トンに達するマンモススーパータンカーまである。2006年6月時点で、1万載貨重量トンを超える石油タンカーは4,024隻ある。タンカーは年間およそ20億トンの石油を輸送している。効率の点ではパイプラインに次ぎ、タンカーによる石油輸送の平均費用は1ガロン(3.79リットル)あたり2-3セント程度である。特殊化した石油タンカーが発展していった。こうした中の1つとして、動いている船に燃料を補給することのできる補給艦がある。標準の石油タンカーの設計の派生形としては他に、鉱石・石油兼用船や、半永久的に繋留されて用いられる浮体式生産貯蔵積出設備などがある。石油タンカーはこれまでに、多くの被害をもたらし世間の耳目を集めた石油流出事故に関わってきた。その結果として石油タンカーの設計と運航には厳しい規制が課されている。",内水面・沿岸用タンカーとマンモススーパータンカーのうち、積載可能重量がより大きいのは、どちらか?,マンモススーパータンカー,Logical reasoning
17948,230,石油タンカー,"石油タンカー(せきゆタンカー)は、石油をばら積みで運ぶために設計された船である。石油タンカーには2つの基本的な分類があり、原油タンカーとプロダクトタンカーに分けられる。原油タンカーは大量の原油を油田から製油所まで輸送する。プロダクトタンカーは一般的にかなり小さく、石油化学製品を製油所から消費市場の近くまで輸送するために設計されている。石油タンカーは、その使用目的だけではなく大きさによっても分類されている。載貨重量トン数にして数千トン程度の内水面・沿岸用タンカーから、55万トンに達するマンモススーパータンカーまである。2006年6月時点で、1万載貨重量トンを超える石油タンカーは4,024隻ある。タンカーは年間およそ20億トンの石油を輸送している。効率の点ではパイプラインに次ぎ、タンカーによる石油輸送の平均費用は1ガロン(3.79リットル)あたり2-3セント程度である。特殊化した石油タンカーが発展していった。こうした中の1つとして、動いている船に燃料を補給することのできる補給艦がある。標準の石油タンカーの設計の派生形としては他に、鉱石・石油兼用船や、半永久的に繋留されて用いられる浮体式生産貯蔵積出設備などがある。石油タンカーはこれまでに、多くの被害をもたらし世間の耳目を集めた石油流出事故に関わってきた。その結果として石油タンカーの設計と運航には厳しい規制が課されている。",原油タンカーとプロダクトタンカーのうち、より小さいのは、どちらなの?,プロダクトタンカー,Logical reasoning
17949,230,石油タンカー,"石油タンカー(せきゆタンカー)は、石油をばら積みで運ぶために設計された船である。石油タンカーには2つの基本的な分類があり、原油タンカーとプロダクトタンカーに分けられる。原油タンカーは大量の原油を油田から製油所まで輸送する。プロダクトタンカーは一般的にかなり小さく、石油化学製品を製油所から消費市場の近くまで輸送するために設計されている。石油タンカーは、その使用目的だけではなく大きさによっても分類されている。載貨重量トン数にして数千トン程度の内水面・沿岸用タンカーから、55万トンに達するマンモススーパータンカーまである。2006年6月時点で、1万載貨重量トンを超える石油タンカーは4,024隻ある。タンカーは年間およそ20億トンの石油を輸送している。効率の点ではパイプラインに次ぎ、タンカーによる石油輸送の平均費用は1ガロン(3.79リットル)あたり2-3セント程度である。特殊化した石油タンカーが発展していった。こうした中の1つとして、動いている船に燃料を補給することのできる補給艦がある。標準の石油タンカーの設計の派生形としては他に、鉱石・石油兼用船や、半永久的に繋留されて用いられる浮体式生産貯蔵積出設備などがある。石油タンカーはこれまでに、多くの被害をもたらし世間の耳目を集めた石油流出事故に関わってきた。その結果として石油タンカーの設計と運航には厳しい規制が課されている。",石油タンカーは、使用目的と何によって分類されますか?,大きさ,Syntactic variation
17950,231,石油タンカー,"石油輸送の技術は石油産業と共に発展した。人類による石油の利用は先史時代にまで遡るが、最初の近代的・商業的な利用は1850年のジェームズ・ヤングによるパラフィンの生産からとなる。こうした初期には、ミャンマー北部からの石油は陶器の容器に入れて川岸まで輸送され、そこで船倉に入れられていた。1850年代には、ペンシルベニア州タイタスビル近郊でエドウィン・ドレークが石油を掘り当てて以来、ペンシルベニア州の油田が主な石油の供給源となり、また革新の中心となった。アメリカ合衆国で最初の油田はこの地に1859年に掘られ、当初は1日10バレルほどの産出であった。2年以内にタイタスビルの油田は1日3,000バレルの石油を供給するようになった。この頃には既に石油は、屋内・屋外での照明といった用途に用いられる油として、魚やクジラ、野菜から採れる油を置き換えるようになりつつあり、また大西洋を横断した輸出も開始された。",エドウィン・ドレーにより主な石油の供給先として発展したのは、どの州なの?,ペンシルベニア州,Lexical variation (world knowledge)
17951,231,石油タンカー,"石油輸送の技術は石油産業と共に発展した。人類による石油の利用は先史時代にまで遡るが、最初の近代的・商業的な利用は1850年のジェームズ・ヤングによるパラフィンの生産からとなる。こうした初期には、ミャンマー北部からの石油は陶器の容器に入れて川岸まで輸送され、そこで船倉に入れられていた。1850年代には、ペンシルベニア州タイタスビル近郊でエドウィン・ドレークが石油を掘り当てて以来、ペンシルベニア州の油田が主な石油の供給源となり、また革新の中心となった。アメリカ合衆国で最初の油田はこの地に1859年に掘られ、当初は1日10バレルほどの産出であった。2年以内にタイタスビルの油田は1日3,000バレルの石油を供給するようになった。この頃には既に石油は、屋内・屋外での照明といった用途に用いられる油として、魚やクジラ、野菜から採れる油を置き換えるようになりつつあり、また大西洋を横断した輸出も開始された。",アメリカ合衆国における最初の油田は、どの州に掘られましたか?,ペンシルベニア州,Multiple sentence reasoning
17952,231,石油タンカー,"石油輸送の技術は石油産業と共に発展した。人類による石油の利用は先史時代にまで遡るが、最初の近代的・商業的な利用は1850年のジェームズ・ヤングによるパラフィンの生産からとなる。こうした初期には、ミャンマー北部からの石油は陶器の容器に入れて川岸まで輸送され、そこで船倉に入れられていた。1850年代には、ペンシルベニア州タイタスビル近郊でエドウィン・ドレークが石油を掘り当てて以来、ペンシルベニア州の油田が主な石油の供給源となり、また革新の中心となった。アメリカ合衆国で最初の油田はこの地に1859年に掘られ、当初は1日10バレルほどの産出であった。2年以内にタイタスビルの油田は1日3,000バレルの石油を供給するようになった。この頃には既に石油は、屋内・屋外での照明といった用途に用いられる油として、魚やクジラ、野菜から採れる油を置き換えるようになりつつあり、また大西洋を横断した輸出も開始された。",1859年と1862年のうち、ペンシルベニア州タイタスビルからの石油供給量がより少なかったのは、いつか?,1859年,Logical reasoning
17953,232,石油タンカー,ペンシルベニア産の石油は当初、40米ガロン(150リットル)の木製の樽に入れられて、混載のボートや艀が輸送に用いられた。しかし樽による輸送にはいくつかの問題があった。最初の問題は重量で、標準的な空の樽は64ポンド(約29kg)ほどで、これは中を満たした樽の全重量の20パーセントほどに相当する。また、樽は中身が漏れやすく、一方向への輸送にしか用いることができない。そして最後に、樽はそれ自体が値の張るものである。例えば、ロシアの石油産業発展の初期には、樽の値段は石油生産価格の半分を占めていた。ばら積みでの石油の輸送が多くの地域で多くの手段で試みられた。石油のパイプラインは1860年から存在している。1863年、2隻の帆走タンカーがイングランドのタイン川で建造された。これに続いて、1873年に最初の蒸気推進タンカーであるVaderlandがベルギーの所有者向けにパーマーズ・シップビルディング・アンド・アイアン・カンパニーによって建造された。こうした船の使用は、安全上の問題を懸念したアメリカとベルギーの当局によって抑えられた。1871年時点で、ペンシルベニア油田では石油輸送艀と、今日用いられているものに似た鉄道のタンク車を限定的に用いていた。,石油のパイプラインが登場したのは、何年のこと?,1860年,Lexical variation (world knowledge)
17954,232,石油タンカー,ペンシルベニア産の石油は当初、40米ガロン(150リットル)の木製の樽に入れられて、混載のボートや艀が輸送に用いられた。しかし樽による輸送にはいくつかの問題があった。最初の問題は重量で、標準的な空の樽は64ポンド(約29kg)ほどで、これは中を満たした樽の全重量の20パーセントほどに相当する。また、樽は中身が漏れやすく、一方向への輸送にしか用いることができない。そして最後に、樽はそれ自体が値の張るものである。例えば、ロシアの石油産業発展の初期には、樽の値段は石油生産価格の半分を占めていた。ばら積みでの石油の輸送が多くの地域で多くの手段で試みられた。石油のパイプラインは1860年から存在している。1863年、2隻の帆走タンカーがイングランドのタイン川で建造された。これに続いて、1873年に最初の蒸気推進タンカーであるVaderlandがベルギーの所有者向けにパーマーズ・シップビルディング・アンド・アイアン・カンパニーによって建造された。こうした船の使用は、安全上の問題を懸念したアメリカとベルギーの当局によって抑えられた。1871年時点で、ペンシルベニア油田では石油輸送艀と、今日用いられているものに似た鉄道のタンク車を限定的に用いていた。,最初の蒸気推進タンカーが建造されたのは、何年ですか?,1873年,Syntactic variation
17955,232,石油タンカー,ペンシルベニア産の石油は当初、40米ガロン(150リットル)の木製の樽に入れられて、混載のボートや艀が輸送に用いられた。しかし樽による輸送にはいくつかの問題があった。最初の問題は重量で、標準的な空の樽は64ポンド(約29kg)ほどで、これは中を満たした樽の全重量の20パーセントほどに相当する。また、樽は中身が漏れやすく、一方向への輸送にしか用いることができない。そして最後に、樽はそれ自体が値の張るものである。例えば、ロシアの石油産業発展の初期には、樽の値段は石油生産価格の半分を占めていた。ばら積みでの石油の輸送が多くの地域で多くの手段で試みられた。石油のパイプラインは1860年から存在している。1863年、2隻の帆走タンカーがイングランドのタイン川で建造された。これに続いて、1873年に最初の蒸気推進タンカーであるVaderlandがベルギーの所有者向けにパーマーズ・シップビルディング・アンド・アイアン・カンパニーによって建造された。こうした船の使用は、安全上の問題を懸念したアメリカとベルギーの当局によって抑えられた。1871年時点で、ペンシルベニア油田では石油輸送艀と、今日用いられているものに似た鉄道のタンク車を限定的に用いていた。,安全上の問題を懸念し、最初の蒸気推進タンカーの使用を抑えたのは、アメリカとどの国の当局か?,ベルギー,Lexical variation (world knowledge)
17956,232,石油タンカー,ペンシルベニア産の石油は当初、40米ガロン(150リットル)の木製の樽に入れられて、混載のボートや艀が輸送に用いられた。しかし樽による輸送にはいくつかの問題があった。最初の問題は重量で、標準的な空の樽は64ポンド(約29kg)ほどで、これは中を満たした樽の全重量の20パーセントほどに相当する。また、樽は中身が漏れやすく、一方向への輸送にしか用いることができない。そして最後に、樽はそれ自体が値の張るものである。例えば、ロシアの石油産業発展の初期には、樽の値段は石油生産価格の半分を占めていた。ばら積みでの石油の輸送が多くの地域で多くの手段で試みられた。石油のパイプラインは1860年から存在している。1863年、2隻の帆走タンカーがイングランドのタイン川で建造された。これに続いて、1873年に最初の蒸気推進タンカーであるVaderlandがベルギーの所有者向けにパーマーズ・シップビルディング・アンド・アイアン・カンパニーによって建造された。こうした船の使用は、安全上の問題を懸念したアメリカとベルギーの当局によって抑えられた。1871年時点で、ペンシルベニア油田では石油輸送艀と、今日用いられているものに似た鉄道のタンク車を限定的に用いていた。,樽による輸送において、樽の値段と中身が漏れやすいことのほかに、何が問題とされたか?,重量,Multiple sentence reasoning
17957,233,石油タンカー,1876年に、アルフレッド・ノーベルの兄弟であるルートヴィヒ・ノーベル、ロベルト・ノーベルがアゼルバイジャンのバクーで、ノーベル兄弟石油会社(ブラノーベル)を設立した。19世紀末期、この会社は世界最大級の石油会社であった。ルードヴィヒは、初期のタンカー開発のパイオニアである。彼はまず、一重船殻の艀で石油をばら積みして運ぶことを試みた。彼が自航式のタンカーへ関心を移すと、多くの問題点にぶつかった。最初の問題点は、火災を避けるために積み荷とそこから出るガスを機関室から隔離することであった。他の問題点としては、温度変化に応じて積み荷が膨張・収縮できるようにしたり、タンクに換気の方法を備えたりといったことがあった。世界で最初の成功した石油タンカーは、ノーベルの「ゾロアスター」(Zoroaster)であった。彼はSvenAlmqvistと共にスウェーデンのヨーテボリでこの船を設計した。建造契約は1878年1月に結ばれ、その年のうちにバクーからアストラハンまで最初の航海を行った。ノーベルは、タンカーの設計のどの部分も特許を取得しなかったので、ゾロアスターの設計は広く研究されコピーされた。1878年10月、彼は同じ設計の2隻のタンカー、「ブッダ」(Buddha)、「ノルデンフェールド」(Nordenskjöld)をさらに発注した。,この文書で紹介されている、19世紀末期における世界最大級の石油会社が設立されたのは、何年か?,1876年,Multiple sentence reasoning
17958,233,石油タンカー,1876年に、アルフレッド・ノーベルの兄弟であるルートヴィヒ・ノーベル、ロベルト・ノーベルがアゼルバイジャンのバクーで、ノーベル兄弟石油会社(ブラノーベル)を設立した。19世紀末期、この会社は世界最大級の石油会社であった。ルードヴィヒは、初期のタンカー開発のパイオニアである。彼はまず、一重船殻の艀で石油をばら積みして運ぶことを試みた。彼が自航式のタンカーへ関心を移すと、多くの問題点にぶつかった。最初の問題点は、火災を避けるために積み荷とそこから出るガスを機関室から隔離することであった。他の問題点としては、温度変化に応じて積み荷が膨張・収縮できるようにしたり、タンクに換気の方法を備えたりといったことがあった。世界で最初の成功した石油タンカーは、ノーベルの「ゾロアスター」(Zoroaster)であった。彼はSvenAlmqvistと共にスウェーデンのヨーテボリでこの船を設計した。建造契約は1878年1月に結ばれ、その年のうちにバクーからアストラハンまで最初の航海を行った。ノーベルは、タンカーの設計のどの部分も特許を取得しなかったので、ゾロアスターの設計は広く研究されコピーされた。1878年10月、彼は同じ設計の2隻のタンカー、「ブッダ」(Buddha)、「ノルデンフェールド」(Nordenskjöld)をさらに発注した。,初期のタンカー開発のパイオニアとされる人物が設立した石油会社の社名は?,ノーベル兄弟石油会社,Multiple sentence reasoning
17959,233,石油タンカー,1876年に、アルフレッド・ノーベルの兄弟であるルートヴィヒ・ノーベル、ロベルト・ノーベルがアゼルバイジャンのバクーで、ノーベル兄弟石油会社(ブラノーベル)を設立した。19世紀末期、この会社は世界最大級の石油会社であった。ルードヴィヒは、初期のタンカー開発のパイオニアである。彼はまず、一重船殻の艀で石油をばら積みして運ぶことを試みた。彼が自航式のタンカーへ関心を移すと、多くの問題点にぶつかった。最初の問題点は、火災を避けるために積み荷とそこから出るガスを機関室から隔離することであった。他の問題点としては、温度変化に応じて積み荷が膨張・収縮できるようにしたり、タンクに換気の方法を備えたりといったことがあった。世界で最初の成功した石油タンカーは、ノーベルの「ゾロアスター」(Zoroaster)であった。彼はSvenAlmqvistと共にスウェーデンのヨーテボリでこの船を設計した。建造契約は1878年1月に結ばれ、その年のうちにバクーからアストラハンまで最初の航海を行った。ノーベルは、タンカーの設計のどの部分も特許を取得しなかったので、ゾロアスターの設計は広く研究されコピーされた。1878年10月、彼は同じ設計の2隻のタンカー、「ブッダ」(Buddha)、「ノルデンフェールド」(Nordenskjöld)をさらに発注した。,世界で最初の成功した石油タンカーとは、どの国で設計されたものか?,スウェーデン,Multiple sentence reasoning
17960,233,石油タンカー,1876年に、アルフレッド・ノーベルの兄弟であるルートヴィヒ・ノーベル、ロベルト・ノーベルがアゼルバイジャンのバクーで、ノーベル兄弟石油会社(ブラノーベル)を設立した。19世紀末期、この会社は世界最大級の石油会社であった。ルードヴィヒは、初期のタンカー開発のパイオニアである。彼はまず、一重船殻の艀で石油をばら積みして運ぶことを試みた。彼が自航式のタンカーへ関心を移すと、多くの問題点にぶつかった。最初の問題点は、火災を避けるために積み荷とそこから出るガスを機関室から隔離することであった。他の問題点としては、温度変化に応じて積み荷が膨張・収縮できるようにしたり、タンクに換気の方法を備えたりといったことがあった。世界で最初の成功した石油タンカーは、ノーベルの「ゾロアスター」(Zoroaster)であった。彼はSvenAlmqvistと共にスウェーデンのヨーテボリでこの船を設計した。建造契約は1878年1月に結ばれ、その年のうちにバクーからアストラハンまで最初の航海を行った。ノーベルは、タンカーの設計のどの部分も特許を取得しなかったので、ゾロアスターの設計は広く研究されコピーされた。1878年10月、彼は同じ設計の2隻のタンカー、「ブッダ」(Buddha)、「ノルデンフェールド」(Nordenskjöld)をさらに発注した。,世界で最初の成功した石油タンカーの初航海は、何年に行われましたか?,1878年,Multiple sentence reasoning
17961,234,石油タンカー,ゾロアスターは、242ロングトンの灯油を、パイプで連結された2つの鉄製タンクに入れて輸送した。船の中央に機関室が置かれ、1つのタンクがその前方に、もう1つが後方に置かれた。この船は、予備浮力のために21の垂直防水区画を備えていたことがもう1つの特徴であった。船の全長は184フィート(56m)、全幅は27フィート(8.2m)、喫水は9フィート(2.7m)であった。ノーベルの以降のタンカーとは異なり、ゾロアスターの設計はスウェーデンからカスピ海まで、バルト海、ラドガ湖、オネガ湖、ルイビンスク、ヴォルガ・バルト水路、ヴォルガ川を経由して航海できるようになっていた。ノーベルはそれから、単一船殻設計を採用し始めた。これは船体がタンクの構造の一部をなすものである。1880年11月、彼は最初の単一船殻タンカーである「モーゼ」(Moses)を発注した。1年以内に彼はさらに「モハメド」(Mohammed)、「タターリン」(Tatarin)、「ブラマ」(Bramah)、「スピノザ」(Spinoza)、「ソクラテス」(Socrates)、「ダーウィン」(Darwin)、「コーラン」(Koran)、「タルムード」(Talmud)、「カルマック」(Calmuck)と7隻の単一船殻タンカーを発注した。ブラノーベルは、初期の石油タンカーの事故も経験している。1881年にゾロアスターの姉妹船、ノルデンフェールドはバクーで灯油を搭載している最中に爆発した。船が突風に煽られて、灯油を流し込んでいたパイプが船倉から引き離されてしまった。そして灯油は甲板に漏れ出し、機械工が灯油ランプの明かりで作業をしていた機関室に流れ込んだ。これにより船は爆発し、乗員の半数が死亡した。ノーベルはこの事故に対して、漏れがより起こりにくい柔軟な積み込みパイプを作ることで対策した。,ゾロアスターの中央には、何が置かれたの?,機関室,Multiple sentence reasoning
17962,234,石油タンカー,ゾロアスターは、242ロングトンの灯油を、パイプで連結された2つの鉄製タンクに入れて輸送した。船の中央に機関室が置かれ、1つのタンクがその前方に、もう1つが後方に置かれた。この船は、予備浮力のために21の垂直防水区画を備えていたことがもう1つの特徴であった。船の全長は184フィート(56m)、全幅は27フィート(8.2m)、喫水は9フィート(2.7m)であった。ノーベルの以降のタンカーとは異なり、ゾロアスターの設計はスウェーデンからカスピ海まで、バルト海、ラドガ湖、オネガ湖、ルイビンスク、ヴォルガ・バルト水路、ヴォルガ川を経由して航海できるようになっていた。ノーベルはそれから、単一船殻設計を採用し始めた。これは船体がタンクの構造の一部をなすものである。1880年11月、彼は最初の単一船殻タンカーである「モーゼ」(Moses)を発注した。1年以内に彼はさらに「モハメド」(Mohammed)、「タターリン」(Tatarin)、「ブラマ」(Bramah)、「スピノザ」(Spinoza)、「ソクラテス」(Socrates)、「ダーウィン」(Darwin)、「コーラン」(Koran)、「タルムード」(Talmud)、「カルマック」(Calmuck)と7隻の単一船殻タンカーを発注した。ブラノーベルは、初期の石油タンカーの事故も経験している。1881年にゾロアスターの姉妹船、ノルデンフェールドはバクーで灯油を搭載している最中に爆発した。船が突風に煽られて、灯油を流し込んでいたパイプが船倉から引き離されてしまった。そして灯油は甲板に漏れ出し、機械工が灯油ランプの明かりで作業をしていた機関室に流れ込んだ。これにより船は爆発し、乗員の半数が死亡した。ノーベルはこの事故に対して、漏れがより起こりにくい柔軟な積み込みパイプを作ることで対策した。,ノーベルが最初の単一船殻タンカーを発注したのは、いつですか?,1880年11月,Syntactic variation
17963,234,石油タンカー,ゾロアスターは、242ロングトンの灯油を、パイプで連結された2つの鉄製タンクに入れて輸送した。船の中央に機関室が置かれ、1つのタンクがその前方に、もう1つが後方に置かれた。この船は、予備浮力のために21の垂直防水区画を備えていたことがもう1つの特徴であった。船の全長は184フィート(56m)、全幅は27フィート(8.2m)、喫水は9フィート(2.7m)であった。ノーベルの以降のタンカーとは異なり、ゾロアスターの設計はスウェーデンからカスピ海まで、バルト海、ラドガ湖、オネガ湖、ルイビンスク、ヴォルガ・バルト水路、ヴォルガ川を経由して航海できるようになっていた。ノーベルはそれから、単一船殻設計を採用し始めた。これは船体がタンクの構造の一部をなすものである。1880年11月、彼は最初の単一船殻タンカーである「モーゼ」(Moses)を発注した。1年以内に彼はさらに「モハメド」(Mohammed)、「タターリン」(Tatarin)、「ブラマ」(Bramah)、「スピノザ」(Spinoza)、「ソクラテス」(Socrates)、「ダーウィン」(Darwin)、「コーラン」(Koran)、「タルムード」(Talmud)、「カルマック」(Calmuck)と7隻の単一船殻タンカーを発注した。ブラノーベルは、初期の石油タンカーの事故も経験している。1881年にゾロアスターの姉妹船、ノルデンフェールドはバクーで灯油を搭載している最中に爆発した。船が突風に煽られて、灯油を流し込んでいたパイプが船倉から引き離されてしまった。そして灯油は甲板に漏れ出し、機械工が灯油ランプの明かりで作業をしていた機関室に流れ込んだ。これにより船は爆発し、乗員の半数が死亡した。ノーベルはこの事故に対して、漏れがより起こりにくい柔軟な積み込みパイプを作ることで対策した。,ゾロアスターには、いくつの鉄製タンクが置かれたか?,2つ,Lexical variation (world knowledge)
17964,234,石油タンカー,ゾロアスターは、242ロングトンの灯油を、パイプで連結された2つの鉄製タンクに入れて輸送した。船の中央に機関室が置かれ、1つのタンクがその前方に、もう1つが後方に置かれた。この船は、予備浮力のために21の垂直防水区画を備えていたことがもう1つの特徴であった。船の全長は184フィート(56m)、全幅は27フィート(8.2m)、喫水は9フィート(2.7m)であった。ノーベルの以降のタンカーとは異なり、ゾロアスターの設計はスウェーデンからカスピ海まで、バルト海、ラドガ湖、オネガ湖、ルイビンスク、ヴォルガ・バルト水路、ヴォルガ川を経由して航海できるようになっていた。ノーベルはそれから、単一船殻設計を採用し始めた。これは船体がタンクの構造の一部をなすものである。1880年11月、彼は最初の単一船殻タンカーである「モーゼ」(Moses)を発注した。1年以内に彼はさらに「モハメド」(Mohammed)、「タターリン」(Tatarin)、「ブラマ」(Bramah)、「スピノザ」(Spinoza)、「ソクラテス」(Socrates)、「ダーウィン」(Darwin)、「コーラン」(Koran)、「タルムード」(Talmud)、「カルマック」(Calmuck)と7隻の単一船殻タンカーを発注した。ブラノーベルは、初期の石油タンカーの事故も経験している。1881年にゾロアスターの姉妹船、ノルデンフェールドはバクーで灯油を搭載している最中に爆発した。船が突風に煽られて、灯油を流し込んでいたパイプが船倉から引き離されてしまった。そして灯油は甲板に漏れ出し、機械工が灯油ランプの明かりで作業をしていた機関室に流れ込んだ。これにより船は爆発し、乗員の半数が死亡した。ノーベルはこの事故に対して、漏れがより起こりにくい柔軟な積み込みパイプを作ることで対策した。,ゾロアスターでは、何を中心として前後に1つずつ鉄製タンクが置かれたのか?,機関室,Lexical variation (world knowledge)
17965,235,石油タンカー,"1883年に石油タンカーの設計は大きく進歩した。ノーベルの会社で働いていたヘンリー・F・スワン(HenryF.Swan)が、ノーベルの3隻のタンカーを設計した。1つか2つの大きな船倉を備える代わりに、スワンの設計では船を横方向の間仕切りでいくつかに分割した船倉を用いていた。これらの船倉はさらに縦方向の間仕切りで右舷側と左舷側に分割されていた。初期の設計では、石油がタンク内で跳ね回って船を転覆させてしまう自由表面効果による安定性問題を抱えていた。しかし船の貯蔵スペースを小さなタンクに分割してしまうという方法では、自由表面効果をほとんどなくすことができた。この現代ではほとんど一般的となった方法は、最初にスワンによってノーベルのタンカー、「ブレスク」(Blesk)、「ルーメン」(Lumen)、「ルックス」(Lux)に用いられた。1903年、ノーベル兄弟は、それまでの蒸気機関とは対照的に、内燃機関で航行する2隻の石油タンカーを建造した。「ヴァンダル」(Vandal)、「サラマート」(Sarmat)は、最初のディーゼル・エレクトリック船でもあり、750ロングトンの精製された石油を輸送でき、360馬力(270kW)のディーゼルエンジンで駆動されていた。この同じ会社は、すぐにより大きな「エマニュエル・ノーベル」(EmanuelNobel)や「カール・ハゲリン」(KarlHagelin)などの4,600トンで1,200馬力のエンジンを備えた灯油用タンカーの建造へ向かった。",ヘンリー・F・スワンは石油タンカーのどのような問題の解決を成し遂げましたか?,自由表面効果による安定性問題,Lexical variation (world knowledge)
17966,235,石油タンカー,"1883年に石油タンカーの設計は大きく進歩した。ノーベルの会社で働いていたヘンリー・F・スワン(HenryF.Swan)が、ノーベルの3隻のタンカーを設計した。1つか2つの大きな船倉を備える代わりに、スワンの設計では船を横方向の間仕切りでいくつかに分割した船倉を用いていた。これらの船倉はさらに縦方向の間仕切りで右舷側と左舷側に分割されていた。初期の設計では、石油がタンク内で跳ね回って船を転覆させてしまう自由表面効果による安定性問題を抱えていた。しかし船の貯蔵スペースを小さなタンクに分割してしまうという方法では、自由表面効果をほとんどなくすことができた。この現代ではほとんど一般的となった方法は、最初にスワンによってノーベルのタンカー、「ブレスク」(Blesk)、「ルーメン」(Lumen)、「ルックス」(Lux)に用いられた。1903年、ノーベル兄弟は、それまでの蒸気機関とは対照的に、内燃機関で航行する2隻の石油タンカーを建造した。「ヴァンダル」(Vandal)、「サラマート」(Sarmat)は、最初のディーゼル・エレクトリック船でもあり、750ロングトンの精製された石油を輸送でき、360馬力(270kW)のディーゼルエンジンで駆動されていた。この同じ会社は、すぐにより大きな「エマニュエル・ノーベル」(EmanuelNobel)や「カール・ハゲリン」(KarlHagelin)などの4,600トンで1,200馬力のエンジンを備えた灯油用タンカーの建造へ向かった。",1903年にノーベル兄弟が建造した石油タンカーでは、蒸気機関と内燃機関のうち、どちらが採用されたの?,内燃機関,Lexical variation (world knowledge)
17967,235,石油タンカー,"1883年に石油タンカーの設計は大きく進歩した。ノーベルの会社で働いていたヘンリー・F・スワン(HenryF.Swan)が、ノーベルの3隻のタンカーを設計した。1つか2つの大きな船倉を備える代わりに、スワンの設計では船を横方向の間仕切りでいくつかに分割した船倉を用いていた。これらの船倉はさらに縦方向の間仕切りで右舷側と左舷側に分割されていた。初期の設計では、石油がタンク内で跳ね回って船を転覆させてしまう自由表面効果による安定性問題を抱えていた。しかし船の貯蔵スペースを小さなタンクに分割してしまうという方法では、自由表面効果をほとんどなくすことができた。この現代ではほとんど一般的となった方法は、最初にスワンによってノーベルのタンカー、「ブレスク」(Blesk)、「ルーメン」(Lumen)、「ルックス」(Lux)に用いられた。1903年、ノーベル兄弟は、それまでの蒸気機関とは対照的に、内燃機関で航行する2隻の石油タンカーを建造した。「ヴァンダル」(Vandal)、「サラマート」(Sarmat)は、最初のディーゼル・エレクトリック船でもあり、750ロングトンの精製された石油を輸送でき、360馬力(270kW)のディーゼルエンジンで駆動されていた。この同じ会社は、すぐにより大きな「エマニュエル・ノーベル」(EmanuelNobel)や「カール・ハゲリン」(KarlHagelin)などの4,600トンで1,200馬力のエンジンを備えた灯油用タンカーの建造へ向かった。",「ヴァンダル」と「エマニュエル・ノーベル」のうち、エンジン出力のより大きいのは、どちらか?,「エマニュエル・ノーベル」,Logical reasoning
17968,235,石油タンカー,"1883年に石油タンカーの設計は大きく進歩した。ノーベルの会社で働いていたヘンリー・F・スワン(HenryF.Swan)が、ノーベルの3隻のタンカーを設計した。1つか2つの大きな船倉を備える代わりに、スワンの設計では船を横方向の間仕切りでいくつかに分割した船倉を用いていた。これらの船倉はさらに縦方向の間仕切りで右舷側と左舷側に分割されていた。初期の設計では、石油がタンク内で跳ね回って船を転覆させてしまう自由表面効果による安定性問題を抱えていた。しかし船の貯蔵スペースを小さなタンクに分割してしまうという方法では、自由表面効果をほとんどなくすことができた。この現代ではほとんど一般的となった方法は、最初にスワンによってノーベルのタンカー、「ブレスク」(Blesk)、「ルーメン」(Lumen)、「ルックス」(Lux)に用いられた。1903年、ノーベル兄弟は、それまでの蒸気機関とは対照的に、内燃機関で航行する2隻の石油タンカーを建造した。「ヴァンダル」(Vandal)、「サラマート」(Sarmat)は、最初のディーゼル・エレクトリック船でもあり、750ロングトンの精製された石油を輸送でき、360馬力(270kW)のディーゼルエンジンで駆動されていた。この同じ会社は、すぐにより大きな「エマニュエル・ノーベル」(EmanuelNobel)や「カール・ハゲリン」(KarlHagelin)などの4,600トンで1,200馬力のエンジンを備えた灯油用タンカーの建造へ向かった。",「エマニュエル・ノーベル」と同じ出力のエンジンを持ち、同じ会社で建造された石油タンカーは、何か?,「カール・ハゲリン」,Lexical variation (world knowledge)
17969,236,石油タンカー,「グリュックアウフ」(Glückauf)により、タンカーの設計がさらに大きな前進をした。これもまたスワンの設計によるもので、この船は「以降の全てのタンカーの真の先駆者」と呼ばれている。特徴としては、甲板から操作可能なバルブ、石油の主配管、蒸気管、安全を向上するための防油区画、積み荷を載せていない時に海水をバラスト水として搭載する能力などがあった。スタンダード・オイルの代理人であったヴィルヘルム・アントン・リーデマン(WilhelmAntonRiedemann)によりグリュックアウフとその姉妹船が数隻購入された。1893年にグリュックアウフが失われると、スタンダード・オイルは姉妹船を購入した。,「以降の全てのタンカーの真の先駆者」と呼ばれる石油タンカーは、誰が設計したの?,スワン,Syntactic variation
17970,236,石油タンカー,「グリュックアウフ」(Glückauf)により、タンカーの設計がさらに大きな前進をした。これもまたスワンの設計によるもので、この船は「以降の全てのタンカーの真の先駆者」と呼ばれている。特徴としては、甲板から操作可能なバルブ、石油の主配管、蒸気管、安全を向上するための防油区画、積み荷を載せていない時に海水をバラスト水として搭載する能力などがあった。スタンダード・オイルの代理人であったヴィルヘルム・アントン・リーデマン(WilhelmAntonRiedemann)によりグリュックアウフとその姉妹船が数隻購入された。1893年にグリュックアウフが失われると、スタンダード・オイルは姉妹船を購入した。,「以降の全てのタンカーの真の先駆者」と呼ばれる石油タンカーが失われたのは、何年のことですか?,1893年,Multiple sentence reasoning
17971,237,石油タンカー,"1880年代にはまた、アジアとの石油貿易が開始された。ロシアの石油を極東へスエズ運河経由で輸送することになる発案は、貿易業者のマーカス・サミュエルと船のオーナーでブローカーのフレッド・レーン(FredLane)によるものであった。それ以前にスエズ運河を通して石油を輸送しようとする試みは、あまりにリスクが大きいとしてスエズ運河会社により拒否されていた。この問題に対してサミュエルは異なる方法を採った。スエズ運河会社に対して、運河の通航を許可できるタンカーの仕様を問い合わせたのである。運河会社指定の仕様に従って、サミュエルは北イングランドのウィリアム・グレイ(WilliamGray)に3隻のタンカーを発注した。3隻は「ミュレックス」(Murex)、「コンチ」(Conch)、「クラム」(Clam)と名づけられ、それぞれ載貨重量トンにして5,010ロングトンの輸送能力があった。これらの3隻は、今日のロイヤル・ダッチ・シェルの前身であるタンク・シンジケート(TankSyndicate)の最初のタンカーであった。",サミュエルがウィリアム・グレイに発注した3隻のタンカーは、何ロングトンの輸送能力を持っていたか?,"5,010ロングトン",Multiple sentence reasoning
17972,237,石油タンカー,"1880年代にはまた、アジアとの石油貿易が開始された。ロシアの石油を極東へスエズ運河経由で輸送することになる発案は、貿易業者のマーカス・サミュエルと船のオーナーでブローカーのフレッド・レーン(FredLane)によるものであった。それ以前にスエズ運河を通して石油を輸送しようとする試みは、あまりにリスクが大きいとしてスエズ運河会社により拒否されていた。この問題に対してサミュエルは異なる方法を採った。スエズ運河会社に対して、運河の通航を許可できるタンカーの仕様を問い合わせたのである。運河会社指定の仕様に従って、サミュエルは北イングランドのウィリアム・グレイ(WilliamGray)に3隻のタンカーを発注した。3隻は「ミュレックス」(Murex)、「コンチ」(Conch)、「クラム」(Clam)と名づけられ、それぞれ載貨重量トンにして5,010ロングトンの輸送能力があった。これらの3隻は、今日のロイヤル・ダッチ・シェルの前身であるタンク・シンジケート(TankSyndicate)の最初のタンカーであった。",スエズ運河経由での輸送を可能にするため、運河会社に通行許可できるタンカーの仕様を問い合わせた人物のフールネームを答えなさい。,マーカス・サミュエル,Multiple sentence reasoning
17973,237,石油タンカー,"1880年代にはまた、アジアとの石油貿易が開始された。ロシアの石油を極東へスエズ運河経由で輸送することになる発案は、貿易業者のマーカス・サミュエルと船のオーナーでブローカーのフレッド・レーン(FredLane)によるものであった。それ以前にスエズ運河を通して石油を輸送しようとする試みは、あまりにリスクが大きいとしてスエズ運河会社により拒否されていた。この問題に対してサミュエルは異なる方法を採った。スエズ運河会社に対して、運河の通航を許可できるタンカーの仕様を問い合わせたのである。運河会社指定の仕様に従って、サミュエルは北イングランドのウィリアム・グレイ(WilliamGray)に3隻のタンカーを発注した。3隻は「ミュレックス」(Murex)、「コンチ」(Conch)、「クラム」(Clam)と名づけられ、それぞれ載貨重量トンにして5,010ロングトンの輸送能力があった。これらの3隻は、今日のロイヤル・ダッチ・シェルの前身であるタンク・シンジケート(TankSyndicate)の最初のタンカーであった。",サミュエルがウィリアム・グレイに発注した3隻のタンカーが最初のタンカーである会社は、今日のどの会社の前身であるか?,ロイヤル・ダッチ・シェル,Multiple sentence reasoning
17974,238,石油タンカー,ジャカルタ、シンガポール、バンコク、サイゴン、香港、上海、神戸に準備された設備により、まだ発足したばかりの若い会社であったシェルは、アジア市場においてスタンダード・オイルの独占に対する最初の挑戦者となる用意ができた。1892年8月24日、ミュレックスはスエズ運河を通過した最初のタンカーとなった。シェルがロイヤル・ダッチ石油と合併した1907年の時点で、スタンダード・オイルが4隻の蒸気推進タンカーと16隻の帆走タンカーを所有していたのに対して、シェルは34隻の蒸気推進タンカーを所有していた。,スエズ運河を通過した最初のタンカーは、何か?,ミュレックス,Syntactic variation
17975,239,石油タンカー,"1915年4月17日に進水したアメリカ海軍の給油艦「モーミー」が、洋上補給の技術の創始となった。その当時としては大型の、載貨重量トンにして14,500ロングトンの能力で、モーミーは第一次世界大戦の初期、イギリスへ向かう途中の駆逐艦への補給を行った。この技術により、友好国の港の補給能力に依存せずにはるか遠距離で、より長い期間艦隊が海上に留まって活動することが可能となった。チェスター・ニミッツ元帥は、この頃モーミーの副長を務めて、洋上補給の技術を開発するための中心的な役割を果たし、後に第二次世界大戦においてこの港から独立して行動する能力が勝利にとって極めて重要であることを指揮下の艦隊を通じて証明した。洋上補給はすぐに他の海軍にも取り入れられた。一例として、オーストラリアの給油艦「クルンバ」は、イギリス海軍において1917年から1919年まで洋上補給活動に加わった。",洋上補給の技術の創始となったのは、何軍の給油艦なの?,アメリカ海軍,Syntactic variation
17976,239,石油タンカー,"1915年4月17日に進水したアメリカ海軍の給油艦「モーミー」が、洋上補給の技術の創始となった。その当時としては大型の、載貨重量トンにして14,500ロングトンの能力で、モーミーは第一次世界大戦の初期、イギリスへ向かう途中の駆逐艦への補給を行った。この技術により、友好国の港の補給能力に依存せずにはるか遠距離で、より長い期間艦隊が海上に留まって活動することが可能となった。チェスター・ニミッツ元帥は、この頃モーミーの副長を務めて、洋上補給の技術を開発するための中心的な役割を果たし、後に第二次世界大戦においてこの港から独立して行動する能力が勝利にとって極めて重要であることを指揮下の艦隊を通じて証明した。洋上補給はすぐに他の海軍にも取り入れられた。一例として、オーストラリアの給油艦「クルンバ」は、イギリス海軍において1917年から1919年まで洋上補給活動に加わった。",アメリカ海軍の給油艦「モーミー」が創始となった技術の開発において、中心的な役割を果たしたのは誰ですか?,チェスター・ニミッツ,Multiple sentence reasoning
17977,240,石油タンカー,第一次世界大戦中、無制限潜水艦作戦によりタンカーが不足した。当時の駐英アメリカ大使であるウォルター・ハインズ・ページは、「潜水艦部隊は、世界中で貨物船が建造されるペースよりも速く沈めつつある。このように、ドイツ人たちは成功しつつある。この状況が充分長く続けば、連合国はもう終わりだ。例えば、彼らは最近数多くのタンカーを撃沈したため、これによりこの国は、たとえグランドフリート(本国艦隊)に充分な燃料を供給しなかったとしても、すぐにも危険な状況になってしまうかもしれない。」と書いている。ジョルジュ・クレマンソーはアメリカ合衆国のウッドロウ・ウィルソン大統領に対して、「ガソリンは来るべき戦いにおいて、血液と同じくらい重要です。ガソリンの供給不足は、たちまち我々の軍隊を麻痺させてしまうでしょう」と書いている。ウィルソンはこれに強く反応した。アメリカ合衆国船舶委員会は、アメリカの全ての船を徴発し、また全ての造船所を監督下に置いた。前例の無い13億ドルの予算がこの目的に投じられた。ホグ島に世界最大の造船所が建設され、そこで建造された船はホグ・アイランダーとして知られる。,どこに建設された造船所が、当時の世界最大の造船所だった?,ホグ島,Syntactic variation
17978,240,石油タンカー,第一次世界大戦中、無制限潜水艦作戦によりタンカーが不足した。当時の駐英アメリカ大使であるウォルター・ハインズ・ページは、「潜水艦部隊は、世界中で貨物船が建造されるペースよりも速く沈めつつある。このように、ドイツ人たちは成功しつつある。この状況が充分長く続けば、連合国はもう終わりだ。例えば、彼らは最近数多くのタンカーを撃沈したため、これによりこの国は、たとえグランドフリート(本国艦隊)に充分な燃料を供給しなかったとしても、すぐにも危険な状況になってしまうかもしれない。」と書いている。ジョルジュ・クレマンソーはアメリカ合衆国のウッドロウ・ウィルソン大統領に対して、「ガソリンは来るべき戦いにおいて、血液と同じくらい重要です。ガソリンの供給不足は、たちまち我々の軍隊を麻痺させてしまうでしょう」と書いている。ウィルソンはこれに強く反応した。アメリカ合衆国船舶委員会は、アメリカの全ての船を徴発し、また全ての造船所を監督下に置いた。前例の無い13億ドルの予算がこの目的に投じられた。ホグ島に世界最大の造船所が建設され、そこで建造された船はホグ・アイランダーとして知られる。,ホグ島に造船所を建設したのは、どの国ですか?,アメリカ,Multiple sentence reasoning
17979,240,石油タンカー,第一次世界大戦中、無制限潜水艦作戦によりタンカーが不足した。当時の駐英アメリカ大使であるウォルター・ハインズ・ページは、「潜水艦部隊は、世界中で貨物船が建造されるペースよりも速く沈めつつある。このように、ドイツ人たちは成功しつつある。この状況が充分長く続けば、連合国はもう終わりだ。例えば、彼らは最近数多くのタンカーを撃沈したため、これによりこの国は、たとえグランドフリート(本国艦隊)に充分な燃料を供給しなかったとしても、すぐにも危険な状況になってしまうかもしれない。」と書いている。ジョルジュ・クレマンソーはアメリカ合衆国のウッドロウ・ウィルソン大統領に対して、「ガソリンは来るべき戦いにおいて、血液と同じくらい重要です。ガソリンの供給不足は、たちまち我々の軍隊を麻痺させてしまうでしょう」と書いている。ウィルソンはこれに強く反応した。アメリカ合衆国船舶委員会は、アメリカの全ての船を徴発し、また全ての造船所を監督下に置いた。前例の無い13億ドルの予算がこの目的に投じられた。ホグ島に世界最大の造船所が建設され、そこで建造された船はホグ・アイランダーとして知られる。,無制限潜水艦作戦を行ったのは、どの国か?,ドイツ,Multiple sentence reasoning
17980,241,石油タンカー,第一次世界大戦前の全世界のタンカーは200万トンを少し超える程度であったのに対して、1916年から1921年までの間に316隻320万トンのタンカーが建造された。1923年の時点で80万ロングトン分の船が休航状態になり、ダニエル・ケイト・ルードヴィヒのような投機家に大きなチャンスをもたらした。1925年に彼は貨物船「フェニックス」(Phoenix)を買い、船倉にタンクをしつらえた。こうしたリベット接合されたタンクは内容物が漏れ、可燃性の混合物ができてしまった。結果として発生した爆発により船員2人が死亡し、ルードヴィヒも酷く負傷した。この後、彼は溶接技術の強い信奉者となった。,1916年から1921年までと第一次世界大戦前のうち、積載可能重量がより大きいタンカーが建造されたのは、いつか?,1916年から1921年まで,Logical reasoning
17981,241,石油タンカー,第一次世界大戦前の全世界のタンカーは200万トンを少し超える程度であったのに対して、1916年から1921年までの間に316隻320万トンのタンカーが建造された。1923年の時点で80万ロングトン分の船が休航状態になり、ダニエル・ケイト・ルードヴィヒのような投機家に大きなチャンスをもたらした。1925年に彼は貨物船「フェニックス」(Phoenix)を買い、船倉にタンクをしつらえた。こうしたリベット接合されたタンクは内容物が漏れ、可燃性の混合物ができてしまった。結果として発生した爆発により船員2人が死亡し、ルードヴィヒも酷く負傷した。この後、彼は溶接技術の強い信奉者となった。,「フェニックス」は、何万ロングトン分の船であるか?,80万ロングトン,Logical reasoning
17982,242,石油タンカー,"石油タンカー、特にT2タンカーは、第二次世界大戦において重要な役割を果たした。載貨重量トン16,613トンの容積を持つT2-SE-A1型は、大戦中に500隻近く建造された中で最も一般的な派生型であった。大戦後、こうしたタンカーは数十年にわたり商業目的で使用され、多くは国際市場で売却された。1956年まで、タンカーはスエズ運河を通航できるように設計されていた。1956年の第二次中東戦争(スエズ動乱)の最中に運河が閉鎖されると、この大きさ制限はあまり重要ではなくなった。喜望峰周りで石油を輸送しなければならなくなり、船の所有者たちはより大きなタンカーが効率的な輸送の鍵となることに気付いた。",どんな事件の影響で、より大きなタンカーが必要とされるようになったの?,第二次中東戦争,Multiple sentence reasoning
17983,242,石油タンカー,"石油タンカー、特にT2タンカーは、第二次世界大戦において重要な役割を果たした。載貨重量トン16,613トンの容積を持つT2-SE-A1型は、大戦中に500隻近く建造された中で最も一般的な派生型であった。大戦後、こうしたタンカーは数十年にわたり商業目的で使用され、多くは国際市場で売却された。1956年まで、タンカーはスエズ運河を通航できるように設計されていた。1956年の第二次中東戦争(スエズ動乱)の最中に運河が閉鎖されると、この大きさ制限はあまり重要ではなくなった。喜望峰周りで石油を輸送しなければならなくなり、船の所有者たちはより大きなタンカーが効率的な輸送の鍵となることに気付いた。",第二次世界大戦中に大量建造され、重要な役割を果たした石油タンカーは、何か?,T2タンカー,Syntactic variation
17984,243,石油タンカー,"第二次世界大戦以降、タンカーは大きさの点で大きく成長した。第二次世界大戦期の典型的なT2型タンカーは全長532フィート(162m)で載貨重量トン16,500トンの容量であった。現代の超大型原油タンカー(ULCC:UltraLargeCrudeCarrier)は、全長1,300フィート(400m)、載貨重量トン500,000トンにもおよぶ。いくつかの要素がこの成長をもたらした。中東における戦闘がスエズ運河の通航を中断させたことも要素であるし、また中東の製油所が国有化されたことも要素である。船主間の猛烈な競争もまた原因となった。しかしこうした要素が無かったとしても、単純な経済的原則で、石油タンカーが大きいほどより安く原油を輸送でき、伸び続ける石油需要に応えることができるということがあった。1958年にアメリカの船舶関係の有力者であるダニエル・K・ルードヴィヒが満載排水量10万トンの壁を破った。彼の「ユニバース・アポロ」(UniverseApollo)は、同じルードヴィヒの所有船でそれ以前の記録を保持していた「ユニバース・リーダー」(UniverseLeader)から23パーセント大型化して104,500トンとなった。",満載排水量が10万トン以上である船を建造したのは、誰?,ダニエル・K・ルードヴィヒ,Lexical variation (world knowledge)
17985,243,石油タンカー,"第二次世界大戦以降、タンカーは大きさの点で大きく成長した。第二次世界大戦期の典型的なT2型タンカーは全長532フィート(162m)で載貨重量トン16,500トンの容量であった。現代の超大型原油タンカー(ULCC:UltraLargeCrudeCarrier)は、全長1,300フィート(400m)、載貨重量トン500,000トンにもおよぶ。いくつかの要素がこの成長をもたらした。中東における戦闘がスエズ運河の通航を中断させたことも要素であるし、また中東の製油所が国有化されたことも要素である。船主間の猛烈な競争もまた原因となった。しかしこうした要素が無かったとしても、単純な経済的原則で、石油タンカーが大きいほどより安く原油を輸送でき、伸び続ける石油需要に応えることができるということがあった。1958年にアメリカの船舶関係の有力者であるダニエル・K・ルードヴィヒが満載排水量10万トンの壁を破った。彼の「ユニバース・アポロ」(UniverseApollo)は、同じルードヴィヒの所有船でそれ以前の記録を保持していた「ユニバース・リーダー」(UniverseLeader)から23パーセント大型化して104,500トンとなった。",「ユニバース・アポロ」と「ユニバース・リーダー」のうち、より早く建造されたのは、どちらですか?,「ユニバース・リーダー」,Logical reasoning
17986,243,石油タンカー,"第二次世界大戦以降、タンカーは大きさの点で大きく成長した。第二次世界大戦期の典型的なT2型タンカーは全長532フィート(162m)で載貨重量トン16,500トンの容量であった。現代の超大型原油タンカー(ULCC:UltraLargeCrudeCarrier)は、全長1,300フィート(400m)、載貨重量トン500,000トンにもおよぶ。いくつかの要素がこの成長をもたらした。中東における戦闘がスエズ運河の通航を中断させたことも要素であるし、また中東の製油所が国有化されたことも要素である。船主間の猛烈な競争もまた原因となった。しかしこうした要素が無かったとしても、単純な経済的原則で、石油タンカーが大きいほどより安く原油を輸送でき、伸び続ける石油需要に応えることができるということがあった。1958年にアメリカの船舶関係の有力者であるダニエル・K・ルードヴィヒが満載排水量10万トンの壁を破った。彼の「ユニバース・アポロ」(UniverseApollo)は、同じルードヴィヒの所有船でそれ以前の記録を保持していた「ユニバース・リーダー」(UniverseLeader)から23パーセント大型化して104,500トンとなった。",「ユニバース・アポロ」と「ユニバース・リーダー」を建造した人物のフールネームを答えなさい。,ダニエル・K・ルードヴィヒ,Lexical variation (world knowledge)
17987,244,石油タンカー,"これまで建造された世界最大のスーパータンカーは、1979年に住友重機械工業追浜造船所で建造された「シーワイズ・ジャイアント」(SeawiseGiant)である。この船は載貨重量トン564,763トンの容量があり、全長は458.45m、喫水は24.611mある。46のタンクを備え、31,541平方メートルの甲板があり、大きすぎてイギリス海峡を通航することができない。シーワイズ・ジャイアントは1989年に「ハッピー・ジャイアント」(HappyGiant)へ、1991年に「ヤーレ・バイキング」(JahreViking)へ改称された。1979年から2004年まではロキ・ストリーム(LokiStream)が所有しており、その後ファースト・オルセン・タンカーズに買収されてノック・ネヴィスへと改称し、永久繋留されて石油貯蔵用のタンカーとなった。2008年現在、世界最大の稼動中のスーパータンカーはTIクラススーパータンカーで、「TIアジア」(TIAsia)、「TIヨーロッパ」(TIEurope)、「TIオセアニア」(TIOceania)、「TIアフリカ」(TIAfrica)の4隻がある。これらの4隻は、2002年から2003年にかけてギリシャのヘレスポント汽船会社(HellespontSteamshipCorporation)向けに「ヘレスポント・アルハンブラ」(HellespontAlhambra)、「ヘレスポント・メトロポリス」(HellespontMetropolis)、「ヘレスポント・タラ」(HellespontTara)、「フェアファックス」(Fairfax)として、韓国の造船会社大宇造船海洋により建造された。ヘレスポントはこれらの船を2004年にオーバーシーズ・シップホールディング・グループおよびユーロナブへ売却した。",これまで建造された世界最大のスーパータンカーは、1990年には何と呼ばれたの?,「ハッピー・ジャイアント」,Logical reasoning
17988,244,石油タンカー,"これまで建造された世界最大のスーパータンカーは、1979年に住友重機械工業追浜造船所で建造された「シーワイズ・ジャイアント」(SeawiseGiant)である。この船は載貨重量トン564,763トンの容量があり、全長は458.45m、喫水は24.611mある。46のタンクを備え、31,541平方メートルの甲板があり、大きすぎてイギリス海峡を通航することができない。シーワイズ・ジャイアントは1989年に「ハッピー・ジャイアント」(HappyGiant)へ、1991年に「ヤーレ・バイキング」(JahreViking)へ改称された。1979年から2004年まではロキ・ストリーム(LokiStream)が所有しており、その後ファースト・オルセン・タンカーズに買収されてノック・ネヴィスへと改称し、永久繋留されて石油貯蔵用のタンカーとなった。2008年現在、世界最大の稼動中のスーパータンカーはTIクラススーパータンカーで、「TIアジア」(TIAsia)、「TIヨーロッパ」(TIEurope)、「TIオセアニア」(TIOceania)、「TIアフリカ」(TIAfrica)の4隻がある。これらの4隻は、2002年から2003年にかけてギリシャのヘレスポント汽船会社(HellespontSteamshipCorporation)向けに「ヘレスポント・アルハンブラ」(HellespontAlhambra)、「ヘレスポント・メトロポリス」(HellespontMetropolis)、「ヘレスポント・タラ」(HellespontTara)、「フェアファックス」(Fairfax)として、韓国の造船会社大宇造船海洋により建造された。ヘレスポントはこれらの船を2004年にオーバーシーズ・シップホールディング・グループおよびユーロナブへ売却した。",シーワイズ・ジャイアントがノック・ネヴィスと呼ばれるようになったのは、誰に買収されてからですか?,ファースト・オルセン・タンカーズ,Lexical variation (world knowledge)
17989,244,石油タンカー,"これまで建造された世界最大のスーパータンカーは、1979年に住友重機械工業追浜造船所で建造された「シーワイズ・ジャイアント」(SeawiseGiant)である。この船は載貨重量トン564,763トンの容量があり、全長は458.45m、喫水は24.611mある。46のタンクを備え、31,541平方メートルの甲板があり、大きすぎてイギリス海峡を通航することができない。シーワイズ・ジャイアントは1989年に「ハッピー・ジャイアント」(HappyGiant)へ、1991年に「ヤーレ・バイキング」(JahreViking)へ改称された。1979年から2004年まではロキ・ストリーム(LokiStream)が所有しており、その後ファースト・オルセン・タンカーズに買収されてノック・ネヴィスへと改称し、永久繋留されて石油貯蔵用のタンカーとなった。2008年現在、世界最大の稼動中のスーパータンカーはTIクラススーパータンカーで、「TIアジア」(TIAsia)、「TIヨーロッパ」(TIEurope)、「TIオセアニア」(TIOceania)、「TIアフリカ」(TIAfrica)の4隻がある。これらの4隻は、2002年から2003年にかけてギリシャのヘレスポント汽船会社(HellespontSteamshipCorporation)向けに「ヘレスポント・アルハンブラ」(HellespontAlhambra)、「ヘレスポント・メトロポリス」(HellespontMetropolis)、「ヘレスポント・タラ」(HellespontTara)、「フェアファックス」(Fairfax)として、韓国の造船会社大宇造船海洋により建造された。ヘレスポントはこれらの船を2004年にオーバーシーズ・シップホールディング・グループおよびユーロナブへ売却した。",オーバーシーズ・シップホールディング・グループがヘレスポント汽船会社から2004年に買収した船とは、どの国の造船会社により建造されたものか?,韓国,Multiple sentence reasoning
17990,244,石油タンカー,"これまで建造された世界最大のスーパータンカーは、1979年に住友重機械工業追浜造船所で建造された「シーワイズ・ジャイアント」(SeawiseGiant)である。この船は載貨重量トン564,763トンの容量があり、全長は458.45m、喫水は24.611mある。46のタンクを備え、31,541平方メートルの甲板があり、大きすぎてイギリス海峡を通航することができない。シーワイズ・ジャイアントは1989年に「ハッピー・ジャイアント」(HappyGiant)へ、1991年に「ヤーレ・バイキング」(JahreViking)へ改称された。1979年から2004年まではロキ・ストリーム(LokiStream)が所有しており、その後ファースト・オルセン・タンカーズに買収されてノック・ネヴィスへと改称し、永久繋留されて石油貯蔵用のタンカーとなった。2008年現在、世界最大の稼動中のスーパータンカーはTIクラススーパータンカーで、「TIアジア」(TIAsia)、「TIヨーロッパ」(TIEurope)、「TIオセアニア」(TIOceania)、「TIアフリカ」(TIAfrica)の4隻がある。これらの4隻は、2002年から2003年にかけてギリシャのヘレスポント汽船会社(HellespontSteamshipCorporation)向けに「ヘレスポント・アルハンブラ」(HellespontAlhambra)、「ヘレスポント・メトロポリス」(HellespontMetropolis)、「ヘレスポント・タラ」(HellespontTara)、「フェアファックス」(Fairfax)として、韓国の造船会社大宇造船海洋により建造された。ヘレスポントはこれらの船を2004年にオーバーシーズ・シップホールディング・グループおよびユーロナブへ売却した。",2008年の時点での世界最大の稼動中のスーパータンカーとは、どの会社が建造したものであるか?,大宇造船海洋,Multiple sentence reasoning
17991,245,石油タンカー,"これら4隻の姉妹船はそれぞれ載貨重量トンにして441,500トン以上の容量を持ち、全長は380.0m、積み荷の搭載能力は3,166,353バレル(503,409,900リットル)に達する。ここ25年ほどで初めて建造されたULCCであり、また二重船殻で建造された最初のULCCでもある。より小さなULCCと区別するために、これらの船はしばしばV-Plusクラスとして識別されている。2008年2月、所有者はTIアフリカとTIアジアをカタール近郊のアル・シャヒーン油田に設置する固定式の浮体貯蔵積出設備に2009年末に改造する計画を発表した。パイプラインを除けば、こんにちタンカーはもっとも安く石油を輸送する手段である。世界中で、タンカーは年間約20億バレル(3.2×1011リットル)を輸送し、タンカーによる輸送費用は1ガロンあたりわずか2セントほどである。",タンカーを使った石油輸送費用は、1ガロンあたり何セントしかかからないか?,2セント,Lexical variation (world knowledge)
17992,245,石油タンカー,"これら4隻の姉妹船はそれぞれ載貨重量トンにして441,500トン以上の容量を持ち、全長は380.0m、積み荷の搭載能力は3,166,353バレル(503,409,900リットル)に達する。ここ25年ほどで初めて建造されたULCCであり、また二重船殻で建造された最初のULCCでもある。より小さなULCCと区別するために、これらの船はしばしばV-Plusクラスとして識別されている。2008年2月、所有者はTIアフリカとTIアジアをカタール近郊のアル・シャヒーン油田に設置する固定式の浮体貯蔵積出設備に2009年末に改造する計画を発表した。パイプラインを除けば、こんにちタンカーはもっとも安く石油を輸送する手段である。世界中で、タンカーは年間約20億バレル(3.2×1011リットル)を輸送し、タンカーによる輸送費用は1ガロンあたりわずか2セントほどである。",世界中のタンカーによる年間石油輸送量は、約何バレルもなるか?,約20億バレル,Lexical variation (world knowledge)
17993,246,石油タンカー,"1954年、シェル石油はaveragefreightrateassessment(AFRA)というタンカーの大きさを分類する仕組みを開発した。これを独立した基準にするため、シェルはロンドン・タンカー・ブローカーズ・パネル(LTBP:LondonTankerBrokers'Panel)の意見を求めた。当初、彼らはタンカーを載貨重量トン25,000トン以下の一般目的(GP:GeneralPurpose)、25,000トンから45,000トンの中規模(MR:MediumRange)、45,000トンより大きなその当時としては巨大な船を大規模(LR:LargeRange)に分類していた。1970年代を通じて船は大きくなり、これにより再分類が行われた。税務当局が、内部の徴税資料が正しいことを示す証拠を必要としていたため、この仕組みは税務目的で開発された。ニューヨーク・マーカンタイル取引所が1983年に原油の先物取引を開始する前は、契約ごとに異なりうる石油の正確な価格を確定することは難しかった。この仕組みを最初に使用した、シェルとブリティッシュ・ペトロリアムは1983年にAFRAシステムを廃止し、後に他のアメリカの石油会社も続いた。しかしながら、このシステムはこんにちでもまだ使われている。これ以外に柔軟な市場基準のスケールがあり、これは典型的な輸送経路と50万バレル単位のロットを用いている。",シェル石油が開発したタンカーの大きさを分類する仕組みの略称は、何?,AFRA,Lexical variation (world knowledge)
17994,246,石油タンカー,"1954年、シェル石油はaveragefreightrateassessment(AFRA)というタンカーの大きさを分類する仕組みを開発した。これを独立した基準にするため、シェルはロンドン・タンカー・ブローカーズ・パネル(LTBP:LondonTankerBrokers'Panel)の意見を求めた。当初、彼らはタンカーを載貨重量トン25,000トン以下の一般目的(GP:GeneralPurpose)、25,000トンから45,000トンの中規模(MR:MediumRange)、45,000トンより大きなその当時としては巨大な船を大規模(LR:LargeRange)に分類していた。1970年代を通じて船は大きくなり、これにより再分類が行われた。税務当局が、内部の徴税資料が正しいことを示す証拠を必要としていたため、この仕組みは税務目的で開発された。ニューヨーク・マーカンタイル取引所が1983年に原油の先物取引を開始する前は、契約ごとに異なりうる石油の正確な価格を確定することは難しかった。この仕組みを最初に使用した、シェルとブリティッシュ・ペトロリアムは1983年にAFRAシステムを廃止し、後に他のアメリカの石油会社も続いた。しかしながら、このシステムはこんにちでもまだ使われている。これ以外に柔軟な市場基準のスケールがあり、これは典型的な輸送経路と50万バレル単位のロットを用いている。","AFRAシステムによると、載貨重量トン40,000トンの船は、一般目的と中規模、大規模のうち、どちらに分類されるか?",中規模,Logical reasoning
17995,247,中川イセ,"中川イセは、日本の政治家、北海道網走市の博物館網走監獄を運営する財団法人網走監獄保存財団の元理事長である。

網走市議会の初の女性議員である。昭和中期の網走市において、上水道敷設による水質改善、人権擁護活動、女性の地位向上などの活動で地域発展に貢献し、「網走開拓の母」と呼ばれた。政界以前の波乱に富んだ人生でも知られ、網走市民には「中川のばっちゃん」の呼び名で親しまれた。1968年にTBSテレビで放映されたテレビドラマ『流氷の女』のモデルだ。本名、中川いせよ。旧姓は今野である。山形県東村山郡干布村上荻野戸出身。",網走市議会の初の女性議員は誰ですか。,中川イセ,Multiple sentence reasoning
17996,247,中川イセ,"中川イセは、日本の政治家、北海道網走市の博物館網走監獄を運営する財団法人網走監獄保存財団の元理事長である。

網走市議会の初の女性議員である。昭和中期の網走市において、上水道敷設による水質改善、人権擁護活動、女性の地位向上などの活動で地域発展に貢献し、「網走開拓の母」と呼ばれた。政界以前の波乱に富んだ人生でも知られ、網走市民には「中川のばっちゃん」の呼び名で親しまれた。1968年にTBSテレビで放映されたテレビドラマ『流氷の女』のモデルだ。本名、中川いせよ。旧姓は今野である。山形県東村山郡干布村上荻野戸出身。",「網走開拓の母」とは誰を指すのですか。,中川イセ,Multiple sentence reasoning
17997,247,中川イセ,"中川イセは、日本の政治家、北海道網走市の博物館網走監獄を運営する財団法人網走監獄保存財団の元理事長である。

網走市議会の初の女性議員である。昭和中期の網走市において、上水道敷設による水質改善、人権擁護活動、女性の地位向上などの活動で地域発展に貢献し、「網走開拓の母」と呼ばれた。政界以前の波乱に富んだ人生でも知られ、網走市民には「中川のばっちゃん」の呼び名で親しまれた。1968年にTBSテレビで放映されたテレビドラマ『流氷の女』のモデルだ。本名、中川いせよ。旧姓は今野である。山形県東村山郡干布村上荻野戸出身。",網走市民は中川イセのことを何と呼びましたか。,「中川のばっちゃん」,Multiple sentence reasoning
17998,247,中川イセ,"中川イセは、日本の政治家、北海道網走市の博物館網走監獄を運営する財団法人網走監獄保存財団の元理事長である。

網走市議会の初の女性議員である。昭和中期の網走市において、上水道敷設による水質改善、人権擁護活動、女性の地位向上などの活動で地域発展に貢献し、「網走開拓の母」と呼ばれた。政界以前の波乱に富んだ人生でも知られ、網走市民には「中川のばっちゃん」の呼び名で親しまれた。1968年にTBSテレビで放映されたテレビドラマ『流氷の女』のモデルだ。本名、中川いせよ。旧姓は今野である。山形県東村山郡干布村上荻野戸出身。",中川イセの旧姓は何?,今野,Multiple sentence reasoning
17999,248,中川イセ,"中川イセは2歳のとき、産後の肥立ちの悪かった母が死に瀕したため、里子に出された。預かり先での生活は、後に中川の長女が「NHKドラマ『おしん』の幼少時代が天国に思えるほど」と語るほど極貧であったが、実母に代って養母に愛情を注がれて育ち、養母の尽力で荒谷尋常小学校に通うこともできた。学業は優秀であったが、4年修了後に生家に戻された。すでに実母は死去しており、継母のもとで家業を手伝わされ、進学は許されなかった。11歳のとき、継母との不仲から家を出た。

山形、米沢市、東京市を渡り歩き、女中奉公、女工、給仕など、様々な職を転々とした。妻子持ちの男性に騙されて暴行され、1918年に17歳にして女児を出産、未婚の母となった。身内を頼ることもできず、自分で娘を育てようにも、幼い子供を抱えた女を雇ってくれる仕事場は何もなかったため、やむを得ず娘を里子に出した。

翌1919年、娘の養育費捻出のため北海道に渡り、網走の遊廓に入った。客を喜ばすために趣向を凝らし、遊女として次第に頭角を現し、一時は遊郭きっての看板遊女となった。

1921年、牧場経営者である中川卓治と結婚して身請された。中川家の親戚たちから結婚に反対されて居場所を失ったため、開拓景気に沸く樺太に渡り、夫婦で牧場、旅館、飯場などで働いた。",中川イセは何歳の時里子に出されたか。,2歳,Syntactic variation
18000,248,中川イセ,"中川イセは2歳のとき、産後の肥立ちの悪かった母が死に瀕したため、里子に出された。預かり先での生活は、後に中川の長女が「NHKドラマ『おしん』の幼少時代が天国に思えるほど」と語るほど極貧であったが、実母に代って養母に愛情を注がれて育ち、養母の尽力で荒谷尋常小学校に通うこともできた。学業は優秀であったが、4年修了後に生家に戻された。すでに実母は死去しており、継母のもとで家業を手伝わされ、進学は許されなかった。11歳のとき、継母との不仲から家を出た。

山形、米沢市、東京市を渡り歩き、女中奉公、女工、給仕など、様々な職を転々とした。妻子持ちの男性に騙されて暴行され、1918年に17歳にして女児を出産、未婚の母となった。身内を頼ることもできず、自分で娘を育てようにも、幼い子供を抱えた女を雇ってくれる仕事場は何もなかったため、やむを得ず娘を里子に出した。

翌1919年、娘の養育費捻出のため北海道に渡り、網走の遊廓に入った。客を喜ばすために趣向を凝らし、遊女として次第に頭角を現し、一時は遊郭きっての看板遊女となった。

1921年、牧場経営者である中川卓治と結婚して身請された。中川家の親戚たちから結婚に反対されて居場所を失ったため、開拓景気に沸く樺太に渡り、夫婦で牧場、旅館、飯場などで働いた。",中川イセが通った小学校はどこなの?,荒谷尋常小学校,Multiple sentence reasoning
18001,248,中川イセ,"中川イセは2歳のとき、産後の肥立ちの悪かった母が死に瀕したため、里子に出された。預かり先での生活は、後に中川の長女が「NHKドラマ『おしん』の幼少時代が天国に思えるほど」と語るほど極貧であったが、実母に代って養母に愛情を注がれて育ち、養母の尽力で荒谷尋常小学校に通うこともできた。学業は優秀であったが、4年修了後に生家に戻された。すでに実母は死去しており、継母のもとで家業を手伝わされ、進学は許されなかった。11歳のとき、継母との不仲から家を出た。

山形、米沢市、東京市を渡り歩き、女中奉公、女工、給仕など、様々な職を転々とした。妻子持ちの男性に騙されて暴行され、1918年に17歳にして女児を出産、未婚の母となった。身内を頼ることもできず、自分で娘を育てようにも、幼い子供を抱えた女を雇ってくれる仕事場は何もなかったため、やむを得ず娘を里子に出した。

翌1919年、娘の養育費捻出のため北海道に渡り、網走の遊廓に入った。客を喜ばすために趣向を凝らし、遊女として次第に頭角を現し、一時は遊郭きっての看板遊女となった。

1921年、牧場経営者である中川卓治と結婚して身請された。中川家の親戚たちから結婚に反対されて居場所を失ったため、開拓景気に沸く樺太に渡り、夫婦で牧場、旅館、飯場などで働いた。",中川イセは1918年に何歳だったの?,17歳,Multiple sentence reasoning
18002,248,中川イセ,"中川イセは2歳のとき、産後の肥立ちの悪かった母が死に瀕したため、里子に出された。預かり先での生活は、後に中川の長女が「NHKドラマ『おしん』の幼少時代が天国に思えるほど」と語るほど極貧であったが、実母に代って養母に愛情を注がれて育ち、養母の尽力で荒谷尋常小学校に通うこともできた。学業は優秀であったが、4年修了後に生家に戻された。すでに実母は死去しており、継母のもとで家業を手伝わされ、進学は許されなかった。11歳のとき、継母との不仲から家を出た。

山形、米沢市、東京市を渡り歩き、女中奉公、女工、給仕など、様々な職を転々とした。妻子持ちの男性に騙されて暴行され、1918年に17歳にして女児を出産、未婚の母となった。身内を頼ることもできず、自分で娘を育てようにも、幼い子供を抱えた女を雇ってくれる仕事場は何もなかったため、やむを得ず娘を里子に出した。

翌1919年、娘の養育費捻出のため北海道に渡り、網走の遊廓に入った。客を喜ばすために趣向を凝らし、遊女として次第に頭角を現し、一時は遊郭きっての看板遊女となった。

1921年、牧場経営者である中川卓治と結婚して身請された。中川家の親戚たちから結婚に反対されて居場所を失ったため、開拓景気に沸く樺太に渡り、夫婦で牧場、旅館、飯場などで働いた。",中川イセは1921年に誰と結婚したの?,中川卓治,Multiple sentence reasoning
18003,249,中川イセ,"1926年に中川家により網走に呼び戻され、夫婦で牧場を営んだ。

しかし1928年に中川イセの夫の父が死去、14万円の借金が残った。労賃日給1円、そば・うどんが10銭、月給100円以上を得る者は網走でわずか3人という時代であり、網走で一番の借金額であった。全財産を処分して返済にあてようにも、6万円程度が限度だった。そこで中川は札幌へ向かい、銀行の頭取に直談判して熱弁を振るい、50年月賦で返済すると約束した。当時の人間の平均寿命は50歳といわれ、50年もの月賦は前代未聞であった。以降は返済のため、牧場仕事で夫から乗馬の特訓を受け、牧場に加えて馬喰、家畜市場の開催、生命保険の代理店などの仕事を必死にこなした。",中川イセの夫の父が死んで、中川夫婦に残された借金はいくらでしたか。,14万円,Syntactic variation
18004,249,中川イセ,"1926年に中川家により網走に呼び戻され、夫婦で牧場を営んだ。

しかし1928年に中川イセの夫の父が死去、14万円の借金が残った。労賃日給1円、そば・うどんが10銭、月給100円以上を得る者は網走でわずか3人という時代であり、網走で一番の借金額であった。全財産を処分して返済にあてようにも、6万円程度が限度だった。そこで中川は札幌へ向かい、銀行の頭取に直談判して熱弁を振るい、50年月賦で返済すると約束した。当時の人間の平均寿命は50歳といわれ、50年もの月賦は前代未聞であった。以降は返済のため、牧場仕事で夫から乗馬の特訓を受け、牧場に加えて馬喰、家畜市場の開催、生命保険の代理店などの仕事を必死にこなした。",当時の人間の平均寿命は何歳でしたか。,50歳,Syntactic variation
18005,250,中川イセ,"中川イセは1975年、数えで75歳を迎えたことを機に市議会を引退した。周囲からは引き止められたが、自身は「引き際が大事」と語った。

当時の網走市内には4軒の保育園があったが、17時までに子供を引き取る規則であった。早退を強いられていた仕事を持つ女性たちから相談を受けたことにより、女性の地位向上のため、1981年、社会福祉法人網走愛育会を作って自ら理事長を務め、潮見保育園を開設した。園児のために貯金通帳を作り、卒園式の際に1人1人に渡した。

1988年、博物館網走監獄を運営する財団法人網走監獄保存財団の理事長就任を依頼された。前任の佐藤久は中川の友人でもあった。また、旭川市や釧路市への道路を造って網走の基礎を築いたのは網走刑務所の囚人であり、彼らの力なくしては網走はただの漁村に過ぎなかったと考えたこともあり、2代目理事長に就任した。当時、運営財団には9億円の負債が残っていた。中川はその立て直しのため、旅行ツアーに博物館見学を盛り込ませようと旅行会社を駆け回り、博物館の入館者を倍以上に増やした。開館10周年を迎える1993年には総入場者は300万人を超え、同年の入場者数は60万人に届くまでになった。

1992年、網走市から名誉市民の称号を受けた。網走市名誉市民の称号は32年ぶりであり、女性では中川が初である。ほかに紺綬褒章も受章した。",中川イセは何年に市議会を引退した。,1975年,Syntactic variation
18006,250,中川イセ,"中川イセは1975年、数えで75歳を迎えたことを機に市議会を引退した。周囲からは引き止められたが、自身は「引き際が大事」と語った。

当時の網走市内には4軒の保育園があったが、17時までに子供を引き取る規則であった。早退を強いられていた仕事を持つ女性たちから相談を受けたことにより、女性の地位向上のため、1981年、社会福祉法人網走愛育会を作って自ら理事長を務め、潮見保育園を開設した。園児のために貯金通帳を作り、卒園式の際に1人1人に渡した。

1988年、博物館網走監獄を運営する財団法人網走監獄保存財団の理事長就任を依頼された。前任の佐藤久は中川の友人でもあった。また、旭川市や釧路市への道路を造って網走の基礎を築いたのは網走刑務所の囚人であり、彼らの力なくしては網走はただの漁村に過ぎなかったと考えたこともあり、2代目理事長に就任した。当時、運営財団には9億円の負債が残っていた。中川はその立て直しのため、旅行ツアーに博物館見学を盛り込ませようと旅行会社を駆け回り、博物館の入館者を倍以上に増やした。開館10周年を迎える1993年には総入場者は300万人を超え、同年の入場者数は60万人に届くまでになった。

1992年、網走市から名誉市民の称号を受けた。網走市名誉市民の称号は32年ぶりであり、女性では中川が初である。ほかに紺綬褒章も受章した。",中川イセは1975年に何歳だったの?,75歳,Syntactic variation
18007,250,中川イセ,"中川イセは1975年、数えで75歳を迎えたことを機に市議会を引退した。周囲からは引き止められたが、自身は「引き際が大事」と語った。

当時の網走市内には4軒の保育園があったが、17時までに子供を引き取る規則であった。早退を強いられていた仕事を持つ女性たちから相談を受けたことにより、女性の地位向上のため、1981年、社会福祉法人網走愛育会を作って自ら理事長を務め、潮見保育園を開設した。園児のために貯金通帳を作り、卒園式の際に1人1人に渡した。

1988年、博物館網走監獄を運営する財団法人網走監獄保存財団の理事長就任を依頼された。前任の佐藤久は中川の友人でもあった。また、旭川市や釧路市への道路を造って網走の基礎を築いたのは網走刑務所の囚人であり、彼らの力なくしては網走はただの漁村に過ぎなかったと考えたこともあり、2代目理事長に就任した。当時、運営財団には9億円の負債が残っていた。中川はその立て直しのため、旅行ツアーに博物館見学を盛り込ませようと旅行会社を駆け回り、博物館の入館者を倍以上に増やした。開館10周年を迎える1993年には総入場者は300万人を超え、同年の入場者数は60万人に届くまでになった。

1992年、網走市から名誉市民の称号を受けた。網走市名誉市民の称号は32年ぶりであり、女性では中川が初である。ほかに紺綬褒章も受章した。",周囲からは引退を引き止められた時、中川イセは何と言ったか。,「引き際が大事」,Multiple sentence reasoning
18008,250,中川イセ,"中川イセは1975年、数えで75歳を迎えたことを機に市議会を引退した。周囲からは引き止められたが、自身は「引き際が大事」と語った。

当時の網走市内には4軒の保育園があったが、17時までに子供を引き取る規則であった。早退を強いられていた仕事を持つ女性たちから相談を受けたことにより、女性の地位向上のため、1981年、社会福祉法人網走愛育会を作って自ら理事長を務め、潮見保育園を開設した。園児のために貯金通帳を作り、卒園式の際に1人1人に渡した。

1988年、博物館網走監獄を運営する財団法人網走監獄保存財団の理事長就任を依頼された。前任の佐藤久は中川の友人でもあった。また、旭川市や釧路市への道路を造って網走の基礎を築いたのは網走刑務所の囚人であり、彼らの力なくしては網走はただの漁村に過ぎなかったと考えたこともあり、2代目理事長に就任した。当時、運営財団には9億円の負債が残っていた。中川はその立て直しのため、旅行ツアーに博物館見学を盛り込ませようと旅行会社を駆け回り、博物館の入館者を倍以上に増やした。開館10周年を迎える1993年には総入場者は300万人を超え、同年の入場者数は60万人に届くまでになった。

1992年、網走市から名誉市民の称号を受けた。網走市名誉市民の称号は32年ぶりであり、女性では中川が初である。ほかに紺綬褒章も受章した。",中川イセが網走市から名誉市民の称号を受けたのはいつですか。,1992年,Multiple sentence reasoning
18009,251,中川イセ,"ノンフィクション作家の大宅壮一は、中川と親しかった小説家の中山正男から中川を紹介され、『週刊朝日』誌上の徳川夢声との対談の中で中川について語った。これによって中川の名は、全国的に広まることとなった。

また中山の義妹である小説家の金子きみは、中川の半生記『雪と風と青い天』を著した。これが1968年に渚まゆみ主演によるテレビドラマ『流氷の女』としてTBSテレビで全国放映され、中川の名はさらに広まった。中川自身もその後にNHKの『こんにちは奥さん』など、何度もテレビに出演し、反響を呼んだ。

網走市の作詞家である纓片實は、このドラマに感銘を受け、歌を作詞。北海道名寄市出身の歌手である加山ひろしの曲『流氷の女』として同1968年にリリースされた。中川は生まれて初めて曲を貰ったことに感激し、その後も纓片と交流を続けた。",中川の名は、どんな雑誌を通して全国的に広まることとなったか。,『週刊朝日』誌,Multiple sentence reasoning
18010,251,中川イセ,"ノンフィクション作家の大宅壮一は、中川と親しかった小説家の中山正男から中川を紹介され、『週刊朝日』誌上の徳川夢声との対談の中で中川について語った。これによって中川の名は、全国的に広まることとなった。

また中山の義妹である小説家の金子きみは、中川の半生記『雪と風と青い天』を著した。これが1968年に渚まゆみ主演によるテレビドラマ『流氷の女』としてTBSテレビで全国放映され、中川の名はさらに広まった。中川自身もその後にNHKの『こんにちは奥さん』など、何度もテレビに出演し、反響を呼んだ。

網走市の作詞家である纓片實は、このドラマに感銘を受け、歌を作詞。北海道名寄市出身の歌手である加山ひろしの曲『流氷の女』として同1968年にリリースされた。中川は生まれて初めて曲を貰ったことに感激し、その後も纓片と交流を続けた。",大宅壮一はどんなジャンルを書く作家なの?,ノンフィクション,Lexical variation (world knowledge)
18011,251,中川イセ,"ノンフィクション作家の大宅壮一は、中川と親しかった小説家の中山正男から中川を紹介され、『週刊朝日』誌上の徳川夢声との対談の中で中川について語った。これによって中川の名は、全国的に広まることとなった。

また中山の義妹である小説家の金子きみは、中川の半生記『雪と風と青い天』を著した。これが1968年に渚まゆみ主演によるテレビドラマ『流氷の女』としてTBSテレビで全国放映され、中川の名はさらに広まった。中川自身もその後にNHKの『こんにちは奥さん』など、何度もテレビに出演し、反響を呼んだ。

網走市の作詞家である纓片實は、このドラマに感銘を受け、歌を作詞。北海道名寄市出身の歌手である加山ひろしの曲『流氷の女』として同1968年にリリースされた。中川は生まれて初めて曲を貰ったことに感激し、その後も纓片と交流を続けた。",『雪と風と青い天』を書いたのは誰なの?,金子きみ,Lexical variation (synonymy)
18012,251,中川イセ,"ノンフィクション作家の大宅壮一は、中川と親しかった小説家の中山正男から中川を紹介され、『週刊朝日』誌上の徳川夢声との対談の中で中川について語った。これによって中川の名は、全国的に広まることとなった。

また中山の義妹である小説家の金子きみは、中川の半生記『雪と風と青い天』を著した。これが1968年に渚まゆみ主演によるテレビドラマ『流氷の女』としてTBSテレビで全国放映され、中川の名はさらに広まった。中川自身もその後にNHKの『こんにちは奥さん』など、何度もテレビに出演し、反響を呼んだ。

網走市の作詞家である纓片實は、このドラマに感銘を受け、歌を作詞。北海道名寄市出身の歌手である加山ひろしの曲『流氷の女』として同1968年にリリースされた。中川は生まれて初めて曲を貰ったことに感激し、その後も纓片と交流を続けた。",『流氷の女』は誰の曲なの?,加山ひろし,Syntactic variation
18013,252,中川イセ,"1987年には、北海道放送のラジオ教養番組『涙流す間もなし〜流氷の町に生きる女〜』で、中川の七転八倒の人生遍歴が紹介され、同年の日本民間放送連盟賞の教養部門で最優秀番組に選ばれた。

1990年には網走市民会館で、中川をモデルとした演劇『岬を駈ける女』が上演した。中川も娘とともに観劇した。1500人収容可能な会場が満員となり、通路に座って観劇する客もいた。

没後の2015年には、天童市在住の女優である夢実子主演による朗読劇『激動の一世紀を生きた人生零(ゼロ)に立つ中川イセ物語』が網走市で上演され、満席の客席から喝采を浴びた。同2015年12月には第2回公演として、中川の故郷である天童市で、2016年9月には山形市で上演された。

2017年には作家の蛭田亜紗子が小説『凜』を発表し、中川をモデルとした主人公の姿を著した。作中では中川同様、主人公が網走の遊郭で過酷な環境を必死に耐えて生き延びる姿が展開されている。",1987年の日本民間放送連盟賞の教養部門で最優秀番組に選ばれたラジオ教養番組は何ですか。,『涙流す間もなし〜流氷の町に生きる女〜』,Syntactic variation
18014,252,中川イセ,"1987年には、北海道放送のラジオ教養番組『涙流す間もなし〜流氷の町に生きる女〜』で、中川の七転八倒の人生遍歴が紹介され、同年の日本民間放送連盟賞の教養部門で最優秀番組に選ばれた。

1990年には網走市民会館で、中川をモデルとした演劇『岬を駈ける女』が上演した。中川も娘とともに観劇した。1500人収容可能な会場が満員となり、通路に座って観劇する客もいた。

没後の2015年には、天童市在住の女優である夢実子主演による朗読劇『激動の一世紀を生きた人生零(ゼロ)に立つ中川イセ物語』が網走市で上演され、満席の客席から喝采を浴びた。同2015年12月には第2回公演として、中川の故郷である天童市で、2016年9月には山形市で上演された。

2017年には作家の蛭田亜紗子が小説『凜』を発表し、中川をモデルとした主人公の姿を著した。作中では中川同様、主人公が網走の遊郭で過酷な環境を必死に耐えて生き延びる姿が展開されている。",演劇『岬を駈ける女』は誰をモデルにしたものですか。,中川,Syntactic variation
18015,252,中川イセ,"1987年には、北海道放送のラジオ教養番組『涙流す間もなし〜流氷の町に生きる女〜』で、中川の七転八倒の人生遍歴が紹介され、同年の日本民間放送連盟賞の教養部門で最優秀番組に選ばれた。

1990年には網走市民会館で、中川をモデルとした演劇『岬を駈ける女』が上演した。中川も娘とともに観劇した。1500人収容可能な会場が満員となり、通路に座って観劇する客もいた。

没後の2015年には、天童市在住の女優である夢実子主演による朗読劇『激動の一世紀を生きた人生零(ゼロ)に立つ中川イセ物語』が網走市で上演され、満席の客席から喝采を浴びた。同2015年12月には第2回公演として、中川の故郷である天童市で、2016年9月には山形市で上演された。

2017年には作家の蛭田亜紗子が小説『凜』を発表し、中川をモデルとした主人公の姿を著した。作中では中川同様、主人公が網走の遊郭で過酷な環境を必死に耐えて生き延びる姿が展開されている。",蛭田亜紗子の小説『凜』は何年に発表されたの?,2017年,Syntactic variation
18016,252,中川イセ,"1987年には、北海道放送のラジオ教養番組『涙流す間もなし〜流氷の町に生きる女〜』で、中川の七転八倒の人生遍歴が紹介され、同年の日本民間放送連盟賞の教養部門で最優秀番組に選ばれた。

1990年には網走市民会館で、中川をモデルとした演劇『岬を駈ける女』が上演した。中川も娘とともに観劇した。1500人収容可能な会場が満員となり、通路に座って観劇する客もいた。

没後の2015年には、天童市在住の女優である夢実子主演による朗読劇『激動の一世紀を生きた人生零(ゼロ)に立つ中川イセ物語』が網走市で上演され、満席の客席から喝采を浴びた。同2015年12月には第2回公演として、中川の故郷である天童市で、2016年9月には山形市で上演された。

2017年には作家の蛭田亜紗子が小説『凜』を発表し、中川をモデルとした主人公の姿を著した。作中では中川同様、主人公が網走の遊郭で過酷な環境を必死に耐えて生き延びる姿が展開されている。",朗読劇『激動の一世紀を生きた人生零(ゼロ)に立つ中川イセ物語』は何年に上演されたか。,2015年,Syntactic variation
18017,253,中川イセ,"中川イセの夫である中川卓治は柔道道場仲間でもあり、道場が縁で知り合った。酒ばかりでろくに働かない人物であり、そのような夫を妻が懸命に支える夫婦生活であった。晩年は脳卒中で倒れた後、1962年に妻に看取られつつ死去した。離婚歴があったために結婚当時は連れ子である息子がすでにおり、この息子は父の牧場を継いだ後、2002年に死去した。

実子である娘は、1932年に夫の同意のもと、里親先から引き取られた。1943年、中川夫妻が牧場の競馬師にするために引き取っていた養子と結婚して息子を身ごもるが、息子の誕生前に戦争により夫と死別。終戦後に美容師の修行を経て、網走で美容院を開業。息子が15歳で結核で死去という不幸に見舞われたものの、そのときの主治医の父親と再婚。1985年にその後夫が死去した後は、中川のもとに通って朝晩の食事を共にし、母娘2人で山形などを旅行して回る生活を送っていた。",中川イセの夫は誰?,中川卓治,Syntactic variation
18018,253,中川イセ,"中川イセの夫である中川卓治は柔道道場仲間でもあり、道場が縁で知り合った。酒ばかりでろくに働かない人物であり、そのような夫を妻が懸命に支える夫婦生活であった。晩年は脳卒中で倒れた後、1962年に妻に看取られつつ死去した。離婚歴があったために結婚当時は連れ子である息子がすでにおり、この息子は父の牧場を継いだ後、2002年に死去した。

実子である娘は、1932年に夫の同意のもと、里親先から引き取られた。1943年、中川夫妻が牧場の競馬師にするために引き取っていた養子と結婚して息子を身ごもるが、息子の誕生前に戦争により夫と死別。終戦後に美容師の修行を経て、網走で美容院を開業。息子が15歳で結核で死去という不幸に見舞われたものの、そのときの主治医の父親と再婚。1985年にその後夫が死去した後は、中川のもとに通って朝晩の食事を共にし、母娘2人で山形などを旅行して回る生活を送っていた。",中川イセと中川卓治と、誰がもっと早く亡くなったの?,中川卓治,Logical reasoning
18019,254,中川イセ,"中川イセは興行女相撲で知られる天童市出身だけあり、幼少時より相撲が得意で、何人もの男の子を負かした。後には柔道3段、合気道3段、棒術初段、空手名誉3段の腕前となり、武術家としても知られるようになった。

柔道は遊女時代、話題作りのために道場に通って身につけたものである。仲間の遊女に乱暴を働く客を柔道技で懲らしめたこともあり、遊女人気に一役買った。樺太滞在時も「襲いかかる飯場の荒くれ者を一本背負いで投げ飛ばした」「夫を襲う者たちを柔道技で蹴散らした」「夫が喧嘩に負けて帰宅して来ると、相手のもとへ乗り込み、背負い投げで仕返しをした」「夫が約20人の男たちと喧嘩になった際、夫を助けに駆けつけると、刃向う者は誰もいなかった」などの数々の武勇伝を残した。

合気道は、終戦直後に荒れ放題の子供たちの品行を正すため、武術家の武田時宗に依頼して道場を始め、自らも門下生となって習得したものである。後には師範となり、60歳を過ぎても余暇には道場で教え、毎年の大会では演武を披露していた。

こうした武術の腕前により、牧場で馬喰を務めていたときも、荒くれ男の多いほかの馬喰たち、あくどい商売をするも馬喰たちも、中川に手出しをしようとはしなかった。人権擁護活動で遊技たちを救い、遊郭の手の者に睨まれた際にも、直接手を出されることはなかった。

後々まで凄腕の武術家として名を馳せ、90歳を過ぎた頃でも「1対1なら男でもぶっ飛ばせる」と豪語していた。網走市内には「中川記念武道館」として名前が残されている。",中川イセの得意の運動は何?,相撲,Syntactic variation
18020,255,三沢光晴,"三沢光晴(みさわみつはる、1962年6月18日-2009年6月13日)は、日本の元プロレスラー。
本名:三澤光晴(読み同じ)。
1981年に全日本プロレスにてデビューし、同団体のトップレスラーとして活躍した後、2000年にプロレスリング・ノアを旗揚げした。
全日本プロレス及びプロレスリング・ノアで代表取締役社長を歴任し、選手兼任の社長として同団体を牽引した。",1962年6月18日生まれの日本の元プロレスラーとは誰?,三沢光晴,Lexical variation (synonymy)
18021,255,三沢光晴,"三沢光晴(みさわみつはる、1962年6月18日-2009年6月13日)は、日本の元プロレスラー。
本名:三澤光晴(読み同じ)。
1981年に全日本プロレスにてデビューし、同団体のトップレスラーとして活躍した後、2000年にプロレスリング・ノアを旗揚げした。
全日本プロレス及びプロレスリング・ノアで代表取締役社長を歴任し、選手兼任の社長として同団体を牽引した。",三沢光晴が社長を務めた会社名とは何?,プロレスリング・ノア,Multiple sentence reasoning
18022,256,三沢光晴,"1962年6月18日、北海道夕張市に生まれる。
父親は北海道炭礦汽船に勤務していたが、三沢が生まれて間もなく夕張炭鉱が閉山同然の状態となったため、一家は埼玉県越谷市へ転居した。
そのため、三沢に北海道での記憶は全くないという。
三沢の母親は「光晴」ではなく「樹」という文字が好きだったため「秀樹」と名付けるつもりだったが、父親が勝手に「光晴」で出生届を出してしまったため「光晴」と名付けられた。",三沢の出生地はどこ?,北海道夕張市,Lexical variation (world knowledge)
18023,256,三沢光晴,"1962年6月18日、北海道夕張市に生まれる。
父親は北海道炭礦汽船に勤務していたが、三沢が生まれて間もなく夕張炭鉱が閉山同然の状態となったため、一家は埼玉県越谷市へ転居した。
そのため、三沢に北海道での記憶は全くないという。
三沢の母親は「光晴」ではなく「樹」という文字が好きだったため「秀樹」と名付けるつもりだったが、父親が勝手に「光晴」で出生届を出してしまったため「光晴」と名付けられた。",三沢の母は何という名前を付けようとしていたの?,「秀樹」,Lexical variation (synonymy)
18024,256,三沢光晴,"1962年6月18日、北海道夕張市に生まれる。
父親は北海道炭礦汽船に勤務していたが、三沢が生まれて間もなく夕張炭鉱が閉山同然の状態となったため、一家は埼玉県越谷市へ転居した。
そのため、三沢に北海道での記憶は全くないという。
三沢の母親は「光晴」ではなく「樹」という文字が好きだったため「秀樹」と名付けるつもりだったが、父親が勝手に「光晴」で出生届を出してしまったため「光晴」と名付けられた。",三沢一家が引っ越した先はどこだったの?,埼玉県越谷市,Lexical variation (synonymy)
18025,256,三沢光晴,"1962年6月18日、北海道夕張市に生まれる。
父親は北海道炭礦汽船に勤務していたが、三沢が生まれて間もなく夕張炭鉱が閉山同然の状態となったため、一家は埼玉県越谷市へ転居した。
そのため、三沢に北海道での記憶は全くないという。
三沢の母親は「光晴」ではなく「樹」という文字が好きだったため「秀樹」と名付けるつもりだったが、父親が勝手に「光晴」で出生届を出してしまったため「光晴」と名付けられた。",三沢の名付け人は誰でしたか?,父親,Lexical variation (synonymy)
18026,257,三沢光晴,"三沢は子供のころから体が大きかったが、当時から運動神経が良く、小学校時代には越谷市が開催した走り幅跳びの大会で優勝したこともある。
中学校では器械体操部に入部。
三沢は自著の中で、器械体操を経験したことがプロレスの飛び技に生きていると述べている。
ただし、三沢曰く幼稚園の頃から家に一人でいることが多かったといい、近所でやっていた少年野球チームに入ろうとしたことがあったものの仲間と打ち解けることができなかったため、「意外に内向的な子供だったんですよ」と振り返っている。
なお、小学生の頃の三沢はボクサーになりたいと思っていた。",三沢の小学生の頃の夢は何だったの?,ボクサー,Lexical variation (synonymy)
18027,257,三沢光晴,"三沢は子供のころから体が大きかったが、当時から運動神経が良く、小学校時代には越谷市が開催した走り幅跳びの大会で優勝したこともある。
中学校では器械体操部に入部。
三沢は自著の中で、器械体操を経験したことがプロレスの飛び技に生きていると述べている。
ただし、三沢曰く幼稚園の頃から家に一人でいることが多かったといい、近所でやっていた少年野球チームに入ろうとしたことがあったものの仲間と打ち解けることができなかったため、「意外に内向的な子供だったんですよ」と振り返っている。
なお、小学生の頃の三沢はボクサーになりたいと思っていた。",三沢は中学時代何部に所属していたの?,器械体操部,Lexical variation (synonymy)
18028,258,三沢光晴,"中学2年の時、テレビで全日本プロレス中継を見て「観るよりやるほうが絶対におもしろい」と直感した三沢はプロレスラーを志すようになる。
三沢は中学校を卒業してすぐにプロレスラーになるつもりだったが、担任の教師と母親にレスリングの強い高校へ進学して基礎を学んでからの方がよいと説得され、埼玉県内にレスリング部があるのは埼玉栄高校だけだったため、当時2年連続でインターハイを制していた足利工業大学附属高等学校に特待生として進学した。
レスリング部に入部した三沢は高校の3年間を学校の寮で過ごし、ハードな練習に明け暮れる日々を送った。
休みは大晦日と正月三が日のみであった。
三沢は入学して1か月が経った頃に行われた練習試合で他校の2年生を相手に勝利し、3年時には国体(フリースタイル87kg級)で優勝するなど活躍したが、本人にとってレスリングはプロレスラーになるための手段に過ぎず、競技自体を好きになることはなかった。
なお、三沢は高校2年時に寮を抜け出して全日本プロレスの事務所を訪れ、入門を志願したことがある。
この時はジャンボ鶴田に高校を卒業してから来るよう諭され、断念している。",三沢が高校時代に所属していた部とは?,レスリング部,Multiple sentence reasoning
18029,258,三沢光晴,"中学2年の時、テレビで全日本プロレス中継を見て「観るよりやるほうが絶対におもしろい」と直感した三沢はプロレスラーを志すようになる。
三沢は中学校を卒業してすぐにプロレスラーになるつもりだったが、担任の教師と母親にレスリングの強い高校へ進学して基礎を学んでからの方がよいと説得され、埼玉県内にレスリング部があるのは埼玉栄高校だけだったため、当時2年連続でインターハイを制していた足利工業大学附属高等学校に特待生として進学した。
レスリング部に入部した三沢は高校の3年間を学校の寮で過ごし、ハードな練習に明け暮れる日々を送った。
休みは大晦日と正月三が日のみであった。
三沢は入学して1か月が経った頃に行われた練習試合で他校の2年生を相手に勝利し、3年時には国体(フリースタイル87kg級)で優勝するなど活躍したが、本人にとってレスリングはプロレスラーになるための手段に過ぎず、競技自体を好きになることはなかった。
なお、三沢は高校2年時に寮を抜け出して全日本プロレスの事務所を訪れ、入門を志願したことがある。
この時はジャンボ鶴田に高校を卒業してから来るよう諭され、断念している。",三沢が入学した高校の名前は?,足利工業大学附属高等学校,Lexical variation (synonymy)
18030,258,三沢光晴,"中学2年の時、テレビで全日本プロレス中継を見て「観るよりやるほうが絶対におもしろい」と直感した三沢はプロレスラーを志すようになる。
三沢は中学校を卒業してすぐにプロレスラーになるつもりだったが、担任の教師と母親にレスリングの強い高校へ進学して基礎を学んでからの方がよいと説得され、埼玉県内にレスリング部があるのは埼玉栄高校だけだったため、当時2年連続でインターハイを制していた足利工業大学附属高等学校に特待生として進学した。
レスリング部に入部した三沢は高校の3年間を学校の寮で過ごし、ハードな練習に明け暮れる日々を送った。
休みは大晦日と正月三が日のみであった。
三沢は入学して1か月が経った頃に行われた練習試合で他校の2年生を相手に勝利し、3年時には国体(フリースタイル87kg級)で優勝するなど活躍したが、本人にとってレスリングはプロレスラーになるための手段に過ぎず、競技自体を好きになることはなかった。
なお、三沢は高校2年時に寮を抜け出して全日本プロレスの事務所を訪れ、入門を志願したことがある。
この時はジャンボ鶴田に高校を卒業してから来るよう諭され、断念している。",三沢がプロレスラーを目指そうと思ったのはいつ?,中学2年の時,Lexical variation (synonymy)
18031,259,三沢光晴,"高校卒業後の1981年3月27日、全日本プロレスに入団。
同年8月21日に浦和競馬場正門前駐車場で行われた越中詩郎戦でデビューした。
入門から5か月でのデビューは全日本プロレス史上最速であった。
1983年にはルー・テーズ杯争奪リーグ戦に出場して決勝に進出し、越中に敗れて優勝はならなかったものの、この試合の特別レフェリーを務めたルー・テーズは「日本で見た若手選手の試合のベストバウトじゃないか」とこの試合を高く評価した。
三沢の1年前に入団したターザン後藤によると、三沢は受身を覚えるのが早く、瞬く間に自身と同じレベルに達したといい、冬木弘道によると三沢は当時から天才タイプで、「(三沢は)誰かから『あれやってみろ』と言われたこと」がすぐにできたといい、頭の中でイメージした動きができる理想的なレスラーだと評している。
ジャイアント馬場は、練習において受け身の音を聞いただけで三沢が受け身をとったことがわかったとされている。",1983年のルー・テーズ杯争奪リーグ戦の優勝者は誰?,越中,Lexical variation (synonymy)
18032,259,三沢光晴,"高校卒業後の1981年3月27日、全日本プロレスに入団。
同年8月21日に浦和競馬場正門前駐車場で行われた越中詩郎戦でデビューした。
入門から5か月でのデビューは全日本プロレス史上最速であった。
1983年にはルー・テーズ杯争奪リーグ戦に出場して決勝に進出し、越中に敗れて優勝はならなかったものの、この試合の特別レフェリーを務めたルー・テーズは「日本で見た若手選手の試合のベストバウトじゃないか」とこの試合を高く評価した。
三沢の1年前に入団したターザン後藤によると、三沢は受身を覚えるのが早く、瞬く間に自身と同じレベルに達したといい、冬木弘道によると三沢は当時から天才タイプで、「(三沢は)誰かから『あれやってみろ』と言われたこと」がすぐにできたといい、頭の中でイメージした動きができる理想的なレスラーだと評している。
ジャイアント馬場は、練習において受け身の音を聞いただけで三沢が受け身をとったことがわかったとされている。",ターザン後藤と三沢はどちらが先に全日本プロレスに入団したの?,ターザン後藤,Logical reasoning
18033,259,三沢光晴,"高校卒業後の1981年3月27日、全日本プロレスに入団。
同年8月21日に浦和競馬場正門前駐車場で行われた越中詩郎戦でデビューした。
入門から5か月でのデビューは全日本プロレス史上最速であった。
1983年にはルー・テーズ杯争奪リーグ戦に出場して決勝に進出し、越中に敗れて優勝はならなかったものの、この試合の特別レフェリーを務めたルー・テーズは「日本で見た若手選手の試合のベストバウトじゃないか」とこの試合を高く評価した。
三沢の1年前に入団したターザン後藤によると、三沢は受身を覚えるのが早く、瞬く間に自身と同じレベルに達したといい、冬木弘道によると三沢は当時から天才タイプで、「(三沢は)誰かから『あれやってみろ』と言われたこと」がすぐにできたといい、頭の中でイメージした動きができる理想的なレスラーだと評している。
ジャイアント馬場は、練習において受け身の音を聞いただけで三沢が受け身をとったことがわかったとされている。",三沢がデビューしたのは何年?,1981年,Multiple sentence reasoning
18034,260,三沢光晴,"もともと全日本プロレスではジャイアント馬場以下、ジャンボ鶴田、タイガー戸口、天龍源一郎、ロッキー羽田、桜田一男などの大型レスラーが重視される傾向にあったが、若手レスラーの指導に当たっていた佐藤昭雄の後押しを受けて頭角を現すようになる。
ちなみに、当時の全日本プロレス練習生の月給は5万円であったが、三沢だけは特別に7万円貰っていた。",当時の月給が安かったのは練習生と三沢のどちらでしたか?,練習生,Logical reasoning
18035,260,三沢光晴,"もともと全日本プロレスではジャイアント馬場以下、ジャンボ鶴田、タイガー戸口、天龍源一郎、ロッキー羽田、桜田一男などの大型レスラーが重視される傾向にあったが、若手レスラーの指導に当たっていた佐藤昭雄の後押しを受けて頭角を現すようになる。
ちなみに、当時の全日本プロレス練習生の月給は5万円であったが、三沢だけは特別に7万円貰っていた。",三沢は誰の指導を受けて頭角を現しましたか?,佐藤昭雄,Lexical variation (synonymy)
18036,261,三沢光晴,"1984年春、三沢は越中とともにメキシコへ遠征に出発した。
現地で越中は『サムライ・シロー』、三沢は『カミカゼ・ミサワ』のリングネームで試合に出場していたが、数か月が経ったある日、三沢は馬場から国際電話で「コーナーポストに飛び乗れるか」と問われ、飛び乗れると答えたところ直ちに帰国するよう命じられた。
帰国後、三沢は馬場に2代目タイガーマスクとなるよう命令を受ける。
三沢は初代タイガーマスク(佐山聡)のファンから二番煎じ扱いされるのではと抵抗を感じたが、すでに2代目タイガーマスクとしてデビュー戦のスケジュールは組まれていた。",三沢のメキシコでのリングネームは何でしたか?,『カミカゼ・ミサワ』,Multiple sentence reasoning
18037,261,三沢光晴,"1984年春、三沢は越中とともにメキシコへ遠征に出発した。
現地で越中は『サムライ・シロー』、三沢は『カミカゼ・ミサワ』のリングネームで試合に出場していたが、数か月が経ったある日、三沢は馬場から国際電話で「コーナーポストに飛び乗れるか」と問われ、飛び乗れると答えたところ直ちに帰国するよう命じられた。
帰国後、三沢は馬場に2代目タイガーマスクとなるよう命令を受ける。
三沢は初代タイガーマスク(佐山聡)のファンから二番煎じ扱いされるのではと抵抗を感じたが、すでに2代目タイガーマスクとしてデビュー戦のスケジュールは組まれていた。",越中のメキシコでのリングネームは何だった?,『サムライ・シロー』,Multiple sentence reasoning
18038,261,三沢光晴,"1984年春、三沢は越中とともにメキシコへ遠征に出発した。
現地で越中は『サムライ・シロー』、三沢は『カミカゼ・ミサワ』のリングネームで試合に出場していたが、数か月が経ったある日、三沢は馬場から国際電話で「コーナーポストに飛び乗れるか」と問われ、飛び乗れると答えたところ直ちに帰国するよう命じられた。
帰国後、三沢は馬場に2代目タイガーマスクとなるよう命令を受ける。
三沢は初代タイガーマスク(佐山聡)のファンから二番煎じ扱いされるのではと抵抗を感じたが、すでに2代目タイガーマスクとしてデビュー戦のスケジュールは組まれていた。",初代タイガーマスクは誰?,佐山聡,Syntactic variation
18039,261,三沢光晴,"1984年春、三沢は越中とともにメキシコへ遠征に出発した。
現地で越中は『サムライ・シロー』、三沢は『カミカゼ・ミサワ』のリングネームで試合に出場していたが、数か月が経ったある日、三沢は馬場から国際電話で「コーナーポストに飛び乗れるか」と問われ、飛び乗れると答えたところ直ちに帰国するよう命じられた。
帰国後、三沢は馬場に2代目タイガーマスクとなるよう命令を受ける。
三沢は初代タイガーマスク(佐山聡)のファンから二番煎じ扱いされるのではと抵抗を感じたが、すでに2代目タイガーマスクとしてデビュー戦のスケジュールは組まれていた。",三沢に日本への帰国を命じた人は誰?,馬場,Lexical variation (synonymy)
18040,262,三沢光晴,"同年8月26日、田園コロシアムでのラ・フィエラ戦で2代目タイガーマスクとしてデビュー。
当初はジュニアヘビー級戦線で活躍し、1985年8月31日に小林邦昭を破ってNWAインターナショナル・ジュニアヘビー級王座を獲得したが、同年10月にヘビー級に転向。
1986年にはアメリカに遠征し、4月19日にNWAのジム・クロケット・プロモーションズがルイジアナ州ニューオーリンズのスーパードームで開催したタッグチーム・トーナメント""CrockettCup""に御大のジャイアント馬場と組んで参戦、シード出場した2回戦でジミー・ガービン&ブラック・バートを破るも、準々決勝でロニー・ガービン&マグナムTAに敗退した。
4月20日にはミネソタ州ミネアポリスのメトロドームで開催されたAWAの""WrestleRock86""に出場、AWA世界ライトヘビー級王者バック・ズモフから勝利を収めた。
1988年1月2日には後楽園ホールにて、カート・ヘニングが保持していたAWA世界ヘビー級王座に挑戦している。",2代目タイガーマスクのデビュー戦で対戦した相手は誰?,ラ・フィエラ,Lexical variation (synonymy)
18041,262,三沢光晴,"同年8月26日、田園コロシアムでのラ・フィエラ戦で2代目タイガーマスクとしてデビュー。
当初はジュニアヘビー級戦線で活躍し、1985年8月31日に小林邦昭を破ってNWAインターナショナル・ジュニアヘビー級王座を獲得したが、同年10月にヘビー級に転向。
1986年にはアメリカに遠征し、4月19日にNWAのジム・クロケット・プロモーションズがルイジアナ州ニューオーリンズのスーパードームで開催したタッグチーム・トーナメント""CrockettCup""に御大のジャイアント馬場と組んで参戦、シード出場した2回戦でジミー・ガービン&ブラック・バートを破るも、準々決勝でロニー・ガービン&マグナムTAに敗退した。
4月20日にはミネソタ州ミネアポリスのメトロドームで開催されたAWAの""WrestleRock86""に出場、AWA世界ライトヘビー級王者バック・ズモフから勝利を収めた。
1988年1月2日には後楽園ホールにて、カート・ヘニングが保持していたAWA世界ヘビー級王座に挑戦している。",三沢は、ヘビー級転向前は何級でしたか?,ジュニアヘビー級,Lexical variation (world knowledge)
18042,262,三沢光晴,"同年8月26日、田園コロシアムでのラ・フィエラ戦で2代目タイガーマスクとしてデビュー。
当初はジュニアヘビー級戦線で活躍し、1985年8月31日に小林邦昭を破ってNWAインターナショナル・ジュニアヘビー級王座を獲得したが、同年10月にヘビー級に転向。
1986年にはアメリカに遠征し、4月19日にNWAのジム・クロケット・プロモーションズがルイジアナ州ニューオーリンズのスーパードームで開催したタッグチーム・トーナメント""CrockettCup""に御大のジャイアント馬場と組んで参戦、シード出場した2回戦でジミー・ガービン&ブラック・バートを破るも、準々決勝でロニー・ガービン&マグナムTAに敗退した。
4月20日にはミネソタ州ミネアポリスのメトロドームで開催されたAWAの""WrestleRock86""に出場、AWA世界ライトヘビー級王者バック・ズモフから勝利を収めた。
1988年1月2日には後楽園ホールにて、カート・ヘニングが保持していたAWA世界ヘビー級王座に挑戦している。","三沢が先に出場したのは""WrestleRock86""と""CrockettCup""のどちらでしたか?","""CrockettCup""",Logical reasoning
18043,262,三沢光晴,"同年8月26日、田園コロシアムでのラ・フィエラ戦で2代目タイガーマスクとしてデビュー。
当初はジュニアヘビー級戦線で活躍し、1985年8月31日に小林邦昭を破ってNWAインターナショナル・ジュニアヘビー級王座を獲得したが、同年10月にヘビー級に転向。
1986年にはアメリカに遠征し、4月19日にNWAのジム・クロケット・プロモーションズがルイジアナ州ニューオーリンズのスーパードームで開催したタッグチーム・トーナメント""CrockettCup""に御大のジャイアント馬場と組んで参戦、シード出場した2回戦でジミー・ガービン&ブラック・バートを破るも、準々決勝でロニー・ガービン&マグナムTAに敗退した。
4月20日にはミネソタ州ミネアポリスのメトロドームで開催されたAWAの""WrestleRock86""に出場、AWA世界ライトヘビー級王者バック・ズモフから勝利を収めた。
1988年1月2日には後楽園ホールにて、カート・ヘニングが保持していたAWA世界ヘビー級王座に挑戦している。","""WrestleRock86""の主催者は誰ですか?",AWA,Lexical variation (world knowledge)
18044,263,三沢光晴,"タイガーマスク時代の三沢は、初代タイガーマスク(佐山聡)が確立した華麗な空中技を受け継ぐ必要に迫られた。
これでは、三沢が本来目指すプロレスを前面に出せないことを意味し、三沢はそのことに苦しんだ。
空中技を多用したことで三沢の膝には負担がかかり、左膝前十字靱帯断裂を引き起こし、負傷箇所の手術を受けるため1989年3月から1990年1月にかけて長期欠場を余儀なくされた。
1990年2月10日、新日本プロレス東京ドーム大会に参戦して天龍源一郎とタッグを組み、長州力&ジョージ高野組と対戦。
同年4月13日には日米レスリングサミットに出場し、ブレット・ハートとシングルマッチで対戦している。",空中技の多用により、三沢の膝はどのような症状を起こした?,左膝前十字靱帯断裂,Lexical variation (world knowledge)
18045,263,三沢光晴,"タイガーマスク時代の三沢は、初代タイガーマスク(佐山聡)が確立した華麗な空中技を受け継ぐ必要に迫られた。
これでは、三沢が本来目指すプロレスを前面に出せないことを意味し、三沢はそのことに苦しんだ。
空中技を多用したことで三沢の膝には負担がかかり、左膝前十字靱帯断裂を引き起こし、負傷箇所の手術を受けるため1989年3月から1990年1月にかけて長期欠場を余儀なくされた。
1990年2月10日、新日本プロレス東京ドーム大会に参戦して天龍源一郎とタッグを組み、長州力&ジョージ高野組と対戦。
同年4月13日には日米レスリングサミットに出場し、ブレット・ハートとシングルマッチで対戦している。",三沢が先に出場したのは日米レスリングサミットと新日本プロレス東京ドーム大会のどちらですか?,新日本プロレス東京ドーム大会,Logical reasoning
18046,263,三沢光晴,"タイガーマスク時代の三沢は、初代タイガーマスク(佐山聡)が確立した華麗な空中技を受け継ぐ必要に迫られた。
これでは、三沢が本来目指すプロレスを前面に出せないことを意味し、三沢はそのことに苦しんだ。
空中技を多用したことで三沢の膝には負担がかかり、左膝前十字靱帯断裂を引き起こし、負傷箇所の手術を受けるため1989年3月から1990年1月にかけて長期欠場を余儀なくされた。
1990年2月10日、新日本プロレス東京ドーム大会に参戦して天龍源一郎とタッグを組み、長州力&ジョージ高野組と対戦。
同年4月13日には日米レスリングサミットに出場し、ブレット・ハートとシングルマッチで対戦している。",新日本プロレス東京ドーム大会で三沢は誰と手を組んで試合をしましたか?,天龍源一郎,Lexical variation (synonymy)
18047,264,三沢光晴,"なお、全日本では「タイガーマスクは1年に1つ新しい技を開発する」と宣伝していたため、三沢がタイガーマスク時代に開発した技の名前には「タイガー・スープレックス'84」といった具合に開発年がついている。
ちなみに三沢は2代目タイガーマスクとして活動していた最中の1988年5月に結婚したが、その際に記者会見で正体を明かし、その上で2代目タイガーマスクとしての活動は続行させるという、覆面レスラーとしては異例の行動に出ている。",三沢はいつ結婚したの?,1988年5月,Syntactic variation
18048,264,三沢光晴,"なお、全日本では「タイガーマスクは1年に1つ新しい技を開発する」と宣伝していたため、三沢がタイガーマスク時代に開発した技の名前には「タイガー・スープレックス'84」といった具合に開発年がついている。
ちなみに三沢は2代目タイガーマスクとして活動していた最中の1988年5月に結婚したが、その際に記者会見で正体を明かし、その上で2代目タイガーマスクとしての活動は続行させるという、覆面レスラーとしては異例の行動に出ている。",1984年に開発されたタイガーマスクの技名は何?,「タイガー・スープレックス'84」,Lexical variation (world knowledge)
18049,265,三沢光晴,"1990年春、天龍源一郎が全日本を退団しSWSへ移籍したことで、複数のプロレスラーが天龍に追随した(SWS騒動)。
この騒動により、全日本は天龍対鶴田という当時の黄金カードを失うことになり、全日本は存亡の危機に晒された。
騒動の最中の5月14日、「マスクマンが上を狙うのは限界がある」と感じていた三沢は、この日の試合中(東京体育館、タイガーマスク&川田利明vs谷津嘉章&サムソン冬木)、パートナーの川田にマスクの紐を解くように指示して唐突に素顔に戻り、脱いだマスクを客席に向かって投げ入れた。
この試合から2日後の16日、三沢はリングネームを「三沢光晴」に戻し、ポスト天龍に名乗りを挙げた。
三沢は川田利明、小橋健太らと共に超世代軍を結成。
1990年6月8日に「全日の『強さ』の象徴だった」鶴田とのシングルマッチで勝利を収め、1992年8月22日にはスタン・ハンセンを破って三冠ヘビー級王座を獲得するなど、超世代軍の中心レスラーとして活躍した。
超世代軍とジャンボ鶴田を中心とする鶴田軍との世代抗争は全日本プロレスの新たな名物カードとなった。
とくに超世代軍は高い人気を獲得し、全日本プロレスに大きな収益をもたらした。
永源遙曰く、超世代軍の人気は初代タイガーマスクを凌ぐほどであった。
三沢はこの時期にエルボーやフェイスロックといった必殺技を習得した。",三沢が試合中に自身のマスクを脱ぎ、素顔を見せたのはいつでしたか?,5月14日,Lexical variation (synonymy)
18050,265,三沢光晴,"1990年春、天龍源一郎が全日本を退団しSWSへ移籍したことで、複数のプロレスラーが天龍に追随した(SWS騒動)。
この騒動により、全日本は天龍対鶴田という当時の黄金カードを失うことになり、全日本は存亡の危機に晒された。
騒動の最中の5月14日、「マスクマンが上を狙うのは限界がある」と感じていた三沢は、この日の試合中(東京体育館、タイガーマスク&川田利明vs谷津嘉章&サムソン冬木)、パートナーの川田にマスクの紐を解くように指示して唐突に素顔に戻り、脱いだマスクを客席に向かって投げ入れた。
この試合から2日後の16日、三沢はリングネームを「三沢光晴」に戻し、ポスト天龍に名乗りを挙げた。
三沢は川田利明、小橋健太らと共に超世代軍を結成。
1990年6月8日に「全日の『強さ』の象徴だった」鶴田とのシングルマッチで勝利を収め、1992年8月22日にはスタン・ハンセンを破って三冠ヘビー級王座を獲得するなど、超世代軍の中心レスラーとして活躍した。
超世代軍とジャンボ鶴田を中心とする鶴田軍との世代抗争は全日本プロレスの新たな名物カードとなった。
とくに超世代軍は高い人気を獲得し、全日本プロレスに大きな収益をもたらした。
永源遙曰く、超世代軍の人気は初代タイガーマスクを凌ぐほどであった。
三沢はこの時期にエルボーやフェイスロックといった必殺技を習得した。",三沢が先に試合を行ったのはスタン・ハンセンと鶴田のどちらでしたか?,鶴田,Logical reasoning
18051,265,三沢光晴,"1990年春、天龍源一郎が全日本を退団しSWSへ移籍したことで、複数のプロレスラーが天龍に追随した(SWS騒動)。
この騒動により、全日本は天龍対鶴田という当時の黄金カードを失うことになり、全日本は存亡の危機に晒された。
騒動の最中の5月14日、「マスクマンが上を狙うのは限界がある」と感じていた三沢は、この日の試合中(東京体育館、タイガーマスク&川田利明vs谷津嘉章&サムソン冬木)、パートナーの川田にマスクの紐を解くように指示して唐突に素顔に戻り、脱いだマスクを客席に向かって投げ入れた。
この試合から2日後の16日、三沢はリングネームを「三沢光晴」に戻し、ポスト天龍に名乗りを挙げた。
三沢は川田利明、小橋健太らと共に超世代軍を結成。
1990年6月8日に「全日の『強さ』の象徴だった」鶴田とのシングルマッチで勝利を収め、1992年8月22日にはスタン・ハンセンを破って三冠ヘビー級王座を獲得するなど、超世代軍の中心レスラーとして活躍した。
超世代軍とジャンボ鶴田を中心とする鶴田軍との世代抗争は全日本プロレスの新たな名物カードとなった。
とくに超世代軍は高い人気を獲得し、全日本プロレスに大きな収益をもたらした。
永源遙曰く、超世代軍の人気は初代タイガーマスクを凌ぐほどであった。
三沢はこの時期にエルボーやフェイスロックといった必殺技を習得した。",超世代軍の主なメンバーは三沢の他に、小橋健太と誰がいましたか?,川田利明,Lexical variation (synonymy)
18052,265,三沢光晴,"1990年春、天龍源一郎が全日本を退団しSWSへ移籍したことで、複数のプロレスラーが天龍に追随した(SWS騒動)。
この騒動により、全日本は天龍対鶴田という当時の黄金カードを失うことになり、全日本は存亡の危機に晒された。
騒動の最中の5月14日、「マスクマンが上を狙うのは限界がある」と感じていた三沢は、この日の試合中(東京体育館、タイガーマスク&川田利明vs谷津嘉章&サムソン冬木)、パートナーの川田にマスクの紐を解くように指示して唐突に素顔に戻り、脱いだマスクを客席に向かって投げ入れた。
この試合から2日後の16日、三沢はリングネームを「三沢光晴」に戻し、ポスト天龍に名乗りを挙げた。
三沢は川田利明、小橋健太らと共に超世代軍を結成。
1990年6月8日に「全日の『強さ』の象徴だった」鶴田とのシングルマッチで勝利を収め、1992年8月22日にはスタン・ハンセンを破って三冠ヘビー級王座を獲得するなど、超世代軍の中心レスラーとして活躍した。
超世代軍とジャンボ鶴田を中心とする鶴田軍との世代抗争は全日本プロレスの新たな名物カードとなった。
とくに超世代軍は高い人気を獲得し、全日本プロレスに大きな収益をもたらした。
永源遙曰く、超世代軍の人気は初代タイガーマスクを凌ぐほどであった。
三沢はこの時期にエルボーやフェイスロックといった必殺技を習得した。",三沢がリングネームを「三沢光晴」に戻したのは何年でしたか?,1990年,Multiple sentence reasoning
18053,266,三沢光晴,"1992年7月、ジャンボ鶴田が内臓疾患で長期休養を余儀なくされたことによって超世代軍と鶴田軍の抗争は終わり、同時に三沢は実質的なエースとなった。
超世代軍の活動は1993年に川田が離脱したことで区切りを迎え、それ以降は小橋・川田・田上明とともにプロレス四天王(後に秋山準が加わり「五強」と呼ばれた)の一人として全日本プロレスの中心を担った。
三沢は1992年8月から1999年10月にかけて三冠統一ヘビー級王座を5度獲得、21度防衛。
1994年3月5日には全日本プロレスの象徴的存在であったジャイアント馬場からタッグマッチでフォール勝ちし、名実ともに同団体を代表するレスラーとなった。",1993年に超世代軍を離脱したメンバーは誰でしたか?,川田,Lexical variation (world knowledge)
18054,266,三沢光晴,"1992年7月、ジャンボ鶴田が内臓疾患で長期休養を余儀なくされたことによって超世代軍と鶴田軍の抗争は終わり、同時に三沢は実質的なエースとなった。
超世代軍の活動は1993年に川田が離脱したことで区切りを迎え、それ以降は小橋・川田・田上明とともにプロレス四天王(後に秋山準が加わり「五強」と呼ばれた)の一人として全日本プロレスの中心を担った。
三沢は1992年8月から1999年10月にかけて三冠統一ヘビー級王座を5度獲得、21度防衛。
1994年3月5日には全日本プロレスの象徴的存在であったジャイアント馬場からタッグマッチでフォール勝ちし、名実ともに同団体を代表するレスラーとなった。",三沢は三冠統一ヘビー級王座を何度防衛しましたか?,21度,Syntactic variation
18055,266,三沢光晴,"1992年7月、ジャンボ鶴田が内臓疾患で長期休養を余儀なくされたことによって超世代軍と鶴田軍の抗争は終わり、同時に三沢は実質的なエースとなった。
超世代軍の活動は1993年に川田が離脱したことで区切りを迎え、それ以降は小橋・川田・田上明とともにプロレス四天王(後に秋山準が加わり「五強」と呼ばれた)の一人として全日本プロレスの中心を担った。
三沢は1992年8月から1999年10月にかけて三冠統一ヘビー級王座を5度獲得、21度防衛。
1994年3月5日には全日本プロレスの象徴的存在であったジャイアント馬場からタッグマッチでフォール勝ちし、名実ともに同団体を代表するレスラーとなった。",「五強」に最後に加わった人物は誰ですか?,秋山準,Lexical variation (synonymy)
18056,267,三沢光晴,"超世代軍が結成された当時、馬場は凶器攻撃、流血、リングアウト・反則・ギブアップによる決着のないマッチよりも、3カウントフォールによってのみ決着するプロレスを理想とするようになり、三沢たち超世代軍のレスラーは馬場の理想を具現化すべく、大技をカウント2.9で返し続ける激しい試合を行うようになった。
プロレス四天王の時代になると、三沢たちは次第に考案者である馬場の想像すら凌駕する激しい試合を繰り広げるようになった。
馬場は三沢が川田と対戦した1993年7月29日に行われた三冠ヘビー級選手権試合について、「三沢と川田の勝因なんて、テレビ解説者として恥ずかしいが、高度な展開すぎて、俺にはわからないよ」と放送席でコメントし、同じく三沢と川田が対戦した1997年6月6日の三冠戦は、馬場が「あまりにもすごい」と涙したほど激しい試合として知られる。
三沢自身は小橋との戦いを「極限の力を見せることができる」戦いとして認識しており、両者の試合の激しさは三沢自身が死の恐怖を感じることがあったほどであった。
このような、大技を連発するプロレスは王道プロレス、四天王プロレスと呼ばれた。
レフェリーとして三沢の試合を裁いた和田京平によると、試合中の三沢はどんなに攻撃を受けても音をあげず、「大丈夫か?」と問いかけると「大丈夫」と答えて試合を続ける意思表示をしたという。",三冠ヘビー級選手権試合で三沢と川田が戦ったのはいつでしたか?,1993年7月29日,Lexical variation (synonymy)
18057,268,三沢光晴,"全日本プロレスではジャイアント馬場の妻である馬場元子が会社の運営について大きな発言権を有し、試合会場での実務や対戦カードにまで口出しする状況が続いていた。
仲田龍(リングアナウンサー。後にプロレスリング・ノア取締役)によると、1996年に三沢は元子に反発を覚えるレスラーや社員を代表する形で、元子本人に「周囲の人間の声に耳を傾けた方がよい」という内容の忠告をしたことがあったという。
これがきっかけで三沢は元子と対立するようになり、1998年には馬場に対し所属レスラーを代表して「元子さんには現場を退いてもらえないでしょうか」と直談判するなど、対立を深めていった。",馬場元子の夫は誰?,ジャイアント馬場,Lexical variation (world knowledge)
18058,268,三沢光晴,"全日本プロレスではジャイアント馬場の妻である馬場元子が会社の運営について大きな発言権を有し、試合会場での実務や対戦カードにまで口出しする状況が続いていた。
仲田龍(リングアナウンサー。後にプロレスリング・ノア取締役)によると、1996年に三沢は元子に反発を覚えるレスラーや社員を代表する形で、元子本人に「周囲の人間の声に耳を傾けた方がよい」という内容の忠告をしたことがあったという。
これがきっかけで三沢は元子と対立するようになり、1998年には馬場に対し所属レスラーを代表して「元子さんには現場を退いてもらえないでしょうか」と直談判するなど、対立を深めていった。",三沢が対立を深めた女性とは誰ですか?,元子,Lexical variation (world knowledge)
18059,269,三沢光晴,"1999年に馬場が死去すると、マッチメイクなど現場における権限を譲り受けていた三沢はレスラーの支持を受けて後継の社長に就任した。
ただし馬場の死後約3カ月間もの間紛糾した末の人事であった。
三沢は就任時に「いいものは採り入れて、今までとは違う新しい風を吹き入れてやっていきたい」と抱負を語ったものの、株式は三沢ではなく馬場元子が保有しており、何をするにも自分に断りを入れるよう要求する元子の前に思うように会社を運営することができなかった。",馬場の死後、社長を継いだ人は誰ですか?,三沢,Lexical variation (synonymy)
18060,269,三沢光晴,"1999年に馬場が死去すると、マッチメイクなど現場における権限を譲り受けていた三沢はレスラーの支持を受けて後継の社長に就任した。
ただし馬場の死後約3カ月間もの間紛糾した末の人事であった。
三沢は就任時に「いいものは採り入れて、今までとは違う新しい風を吹き入れてやっていきたい」と抱負を語ったものの、株式は三沢ではなく馬場元子が保有しており、何をするにも自分に断りを入れるよう要求する元子の前に思うように会社を運営することができなかった。",馬場は何年に亡くなったの?,1999年,Lexical variation (synonymy)
18061,269,三沢光晴,"1999年に馬場が死去すると、マッチメイクなど現場における権限を譲り受けていた三沢はレスラーの支持を受けて後継の社長に就任した。
ただし馬場の死後約3カ月間もの間紛糾した末の人事であった。
三沢は就任時に「いいものは採り入れて、今までとは違う新しい風を吹き入れてやっていきたい」と抱負を語ったものの、株式は三沢ではなく馬場元子が保有しており、何をするにも自分に断りを入れるよう要求する元子の前に思うように会社を運営することができなかった。",会社の株主保有者は誰でしたか?,馬場元子,Lexical variation (synonymy)
18062,270,三沢光晴,"三沢は1998年に当時秋山準と組んでいたタッグを解体して当時前座での出場が多かった小川良成とタッグを結成し、マッチメイクの権限を所有するようになってからは中堅に埋もれていた大森隆男が主張を始め、フリーとして全日本に参戦していた高山善廣とのタッグを結成してアジアタッグ王座を獲得、さらに四天王の戦いに秋山準が絡むようになり、こうした全日本の変化をマスコミは「三沢革命」と称した。
しかし、和田京平によると元子は三沢が決めたマッチメイクに対して必ず反対意見を出し、また仲田龍によると、三沢には馬場の運営方針を100%受け継ぐことが要求され、新たな試みを行うことは一切禁じられた。
三沢は社長として会社の経費削減を考えなければならず、巡業の際の移動手段や宿泊先なども変更を検討していたが、元子はこのようなことに関しても「馬場全日本の伝統を崩す行為」と捉えていたことで、三沢は会社の収支を考えなければならない一方で、「馬場全日本」の伝統とも向かい合わなければならない板挟みとなっていた。
後に三沢はこうした環境が「オレのやろうとすることが、尊敬する馬場さんが作り上げたプロレスを汚すと言われ、更に全日本らしくないと非難されるなら、俺の方から身を引く」と全日本退団を決意する原因になったと語っている。
さらに三沢によると、経営に関する不透明な部分を目にするうちに全日本に対する不信感が募ってプロレスそのものに愛想が尽きかねない心境になり、そうなる前に退団した方がいいと思うようになった。",秋山準とのタッグを解体したのは何年ですか?,1998年,Syntactic variation
18063,270,三沢光晴,"三沢は1998年に当時秋山準と組んでいたタッグを解体して当時前座での出場が多かった小川良成とタッグを結成し、マッチメイクの権限を所有するようになってからは中堅に埋もれていた大森隆男が主張を始め、フリーとして全日本に参戦していた高山善廣とのタッグを結成してアジアタッグ王座を獲得、さらに四天王の戦いに秋山準が絡むようになり、こうした全日本の変化をマスコミは「三沢革命」と称した。
しかし、和田京平によると元子は三沢が決めたマッチメイクに対して必ず反対意見を出し、また仲田龍によると、三沢には馬場の運営方針を100%受け継ぐことが要求され、新たな試みを行うことは一切禁じられた。
三沢は社長として会社の経費削減を考えなければならず、巡業の際の移動手段や宿泊先なども変更を検討していたが、元子はこのようなことに関しても「馬場全日本の伝統を崩す行為」と捉えていたことで、三沢は会社の収支を考えなければならない一方で、「馬場全日本」の伝統とも向かい合わなければならない板挟みとなっていた。
後に三沢はこうした環境が「オレのやろうとすることが、尊敬する馬場さんが作り上げたプロレスを汚すと言われ、更に全日本らしくないと非難されるなら、俺の方から身を引く」と全日本退団を決意する原因になったと語っている。
さらに三沢によると、経営に関する不透明な部分を目にするうちに全日本に対する不信感が募ってプロレスそのものに愛想が尽きかねない心境になり、そうなる前に退団した方がいいと思うようになった。",三沢が秋山とのタッグを解体した後、新たにタッグを組んだ人は誰でしたか?,小川良成,Lexical variation (synonymy)
18064,271,三沢光晴,"2000年5月28日、臨時取締役会において三沢は社長を解任された。
6月に入って東京スポーツが「三沢社長解任」と報道し、同月13日に三沢は定例役員会において取締役退任を申し出、これをもって三沢は全日本を退団することになった。
三沢はすでに退団後に新団体を設立する構想を抱いており、6月16日に記者会見を開いて「約1年間、代表取締役として頑張ってまいりましたが、全日本プロレスが持つ伝統と、私がこれからやろうとするプロレスの間にギャップを感じ、このままでは私の理想とするプロレスを貫き通すと、馬場さんが作ったプロレスらしさを壊してしまうんじゃないかと思い、退団を決意いたしました」とコメントし、自身を含めて会見に同席したレスラー24人で新団体を設立することを宣言した。",三沢が全日本を退団したのは何年?,2000年,Multiple sentence reasoning
18065,271,三沢光晴,"2000年5月28日、臨時取締役会において三沢は社長を解任された。
6月に入って東京スポーツが「三沢社長解任」と報道し、同月13日に三沢は定例役員会において取締役退任を申し出、これをもって三沢は全日本を退団することになった。
三沢はすでに退団後に新団体を設立する構想を抱いており、6月16日に記者会見を開いて「約1年間、代表取締役として頑張ってまいりましたが、全日本プロレスが持つ伝統と、私がこれからやろうとするプロレスの間にギャップを感じ、このままでは私の理想とするプロレスを貫き通すと、馬場さんが作ったプロレスらしさを壊してしまうんじゃないかと思い、退団を決意いたしました」とコメントし、自身を含めて会見に同席したレスラー24人で新団体を設立することを宣言した。",三沢が社長をやめさせられたのはいつでしたか?,2000年5月28日,Lexical variation (synonymy)
18066,272,三沢光晴,"三沢の当初の構想は居酒屋を経営しながら5人の新人を育成し、3試合ほどの小さな興行を催すというものであったが、三沢以外に9人いた取締役のうち5人が三沢に追随して退任するなど社内から三沢の行動に同調する者が続出、全日本を退団して新団体に参加するレスラーは練習生を含め26人にのぼった。
一方、全日本プロレスへの残留を表明した選手は川田利明、渕正信の2人に、当時留学生扱いだったマウナケア・モスマンを含めた3人だけだった。
予想より多くの選手が新団体への参加を表明したため三沢は資金繰りに苦しみ、自身の保険を解約し、さらに自宅を担保に金を借り入れて選手たちの給料に充てた。
その後、18日に催された「ジャンボ鶴田メモリアル献花式」において、鶴田夫人の保子は今回の件について、「主人が生きていたら、三沢君の行動を支持していたと思います。でも、三沢君に全日本の名前を潰す権利はない」とコメントした。",全日本を退団して新団体に参加したのは何人だった?,26人,Syntactic variation
18067,272,三沢光晴,"三沢の当初の構想は居酒屋を経営しながら5人の新人を育成し、3試合ほどの小さな興行を催すというものであったが、三沢以外に9人いた取締役のうち5人が三沢に追随して退任するなど社内から三沢の行動に同調する者が続出、全日本を退団して新団体に参加するレスラーは練習生を含め26人にのぼった。
一方、全日本プロレスへの残留を表明した選手は川田利明、渕正信の2人に、当時留学生扱いだったマウナケア・モスマンを含めた3人だけだった。
予想より多くの選手が新団体への参加を表明したため三沢は資金繰りに苦しみ、自身の保険を解約し、さらに自宅を担保に金を借り入れて選手たちの給料に充てた。
その後、18日に催された「ジャンボ鶴田メモリアル献花式」において、鶴田夫人の保子は今回の件について、「主人が生きていたら、三沢君の行動を支持していたと思います。でも、三沢君に全日本の名前を潰す権利はない」とコメントした。",取締役のうち、何人が三沢に同調したの?,5人,Syntactic variation
18068,272,三沢光晴,"三沢の当初の構想は居酒屋を経営しながら5人の新人を育成し、3試合ほどの小さな興行を催すというものであったが、三沢以外に9人いた取締役のうち5人が三沢に追随して退任するなど社内から三沢の行動に同調する者が続出、全日本を退団して新団体に参加するレスラーは練習生を含め26人にのぼった。
一方、全日本プロレスへの残留を表明した選手は川田利明、渕正信の2人に、当時留学生扱いだったマウナケア・モスマンを含めた3人だけだった。
予想より多くの選手が新団体への参加を表明したため三沢は資金繰りに苦しみ、自身の保険を解約し、さらに自宅を担保に金を借り入れて選手たちの給料に充てた。
その後、18日に催された「ジャンボ鶴田メモリアル献花式」において、鶴田夫人の保子は今回の件について、「主人が生きていたら、三沢君の行動を支持していたと思います。でも、三沢君に全日本の名前を潰す権利はない」とコメントした。",ジャンボ鶴田の妻の名は?,保子,Lexical variation (synonymy)
18069,273,大クロアチア,大クロアチア(クロアチア語:VelikaHrvatska)は、クロアチアの民族主義の潮流のひとつで、クロアチア人による民族統一主義である大クロアチア主義が自国領とみなす領域である。,大クロアチアは、何主義の者らが自国領とみなした領域であるの?,大クロアチア主義,Syntactic variation
18070,273,大クロアチア,大クロアチア(クロアチア語:VelikaHrvatska)は、クロアチアの民族主義の潮流のひとつで、クロアチア人による民族統一主義である大クロアチア主義が自国領とみなす領域である。,大クロアチア主義とは、クロアチア人の間で存在したどの主義のことをいいますか?,民族統一主義,Lexical variation (world knowledge)
18071,274,大クロアチア,大クロアチア主義は20世紀の大半を通じてクロアチアの民族主義の根底となってきた考え方であり、特にユーゴスラビア王国時代、第二次世界大戦時、そしてクロアチア紛争時に盛んになった。現在ではクロアチア純粋権利党がこの主張を支持している。,大クロアチア主義が盛んになった時期としては、ユーゴスラビア王国時代、第二次世界大戦時と、何があった時期が挙げられるか?,クロアチア紛争,Lexical variation (world knowledge)
18072,274,大クロアチア,大クロアチア主義は20世紀の大半を通じてクロアチアの民族主義の根底となってきた考え方であり、特にユーゴスラビア王国時代、第二次世界大戦時、そしてクロアチア紛争時に盛んになった。現在ではクロアチア純粋権利党がこの主張を支持している。,大クロアチア主義とは、何世紀から存在した考え方であるか?,20世紀,Lexical variation (world knowledge)
18073,274,大クロアチア,大クロアチア主義は20世紀の大半を通じてクロアチアの民族主義の根底となってきた考え方であり、特にユーゴスラビア王国時代、第二次世界大戦時、そしてクロアチア紛争時に盛んになった。現在ではクロアチア純粋権利党がこの主張を支持している。,クロアチアの民族主義の根底となってきた考え方は、何か?,大クロアチア主義,Syntactic variation
18074,274,大クロアチア,大クロアチア主義は20世紀の大半を通じてクロアチアの民族主義の根底となってきた考え方であり、特にユーゴスラビア王国時代、第二次世界大戦時、そしてクロアチア紛争時に盛んになった。現在ではクロアチア純粋権利党がこの主張を支持している。,現在、クロアチアで大クロアチア主義を支持しているのは、どの政党か?,クロアチア純粋権利党,Syntactic variation
18075,275,大クロアチア,大クロアチア主義の領土主張は、「クロアチア人国家と歴史的権利」に基づくとされ、15世紀にクロアチアがハンガリーと連合していた時代にさかのぼる。大クロアチア主義の支持者によると、15世紀から17世紀にかけてオスマン帝国が侵攻する以前のクロアチアの歴史的領土はクロアチアに「返還」され、完全なクロアチアの支配下に置かれるべきであるとする。この概念は、19世紀のクロアチア民族復興運動(イリュリア運動)や1878年のオーストリア・ハンガリー帝国によるボスニア・ヘルツェゴビナ併合以降、特に盛んになった。,クロアチア地域は、何世紀から何世紀にかけてオスマン帝国に侵攻されましたか?,15世紀から17世紀,Syntactic variation
18076,275,大クロアチア,大クロアチア主義の領土主張は、「クロアチア人国家と歴史的権利」に基づくとされ、15世紀にクロアチアがハンガリーと連合していた時代にさかのぼる。大クロアチア主義の支持者によると、15世紀から17世紀にかけてオスマン帝国が侵攻する以前のクロアチアの歴史的領土はクロアチアに「返還」され、完全なクロアチアの支配下に置かれるべきであるとする。この概念は、19世紀のクロアチア民族復興運動(イリュリア運動)や1878年のオーストリア・ハンガリー帝国によるボスニア・ヘルツェゴビナ併合以降、特に盛んになった。,19世紀のクロアチア民族復興運動の根底となった考え方は、何?,大クロアチア主義,Multiple sentence reasoning
18077,275,大クロアチア,大クロアチア主義の領土主張は、「クロアチア人国家と歴史的権利」に基づくとされ、15世紀にクロアチアがハンガリーと連合していた時代にさかのぼる。大クロアチア主義の支持者によると、15世紀から17世紀にかけてオスマン帝国が侵攻する以前のクロアチアの歴史的領土はクロアチアに「返還」され、完全なクロアチアの支配下に置かれるべきであるとする。この概念は、19世紀のクロアチア民族復興運動(イリュリア運動)や1878年のオーストリア・ハンガリー帝国によるボスニア・ヘルツェゴビナ併合以降、特に盛んになった。,オーストリア・ハンガリー帝国によるボスニア・ヘルツェゴビナ併合は、何年にあった出来事か?,1878年,Syntactic variation
18078,276,大クロアチア,近代的な大クロアチアの概念は19世紀にさかのぼり、1878年のオーストリア・ハンガリー帝国によるボスニア・ヘルツェゴビナ併合以前からあった。これはクロアチアの右翼政党と結びついていた。,近代的な大クロアチア主義は、何世紀のことを言いますか?,19世紀,Lexical variation (world knowledge)
18079,276,大クロアチア,近代的な大クロアチアの概念は19世紀にさかのぼり、1878年のオーストリア・ハンガリー帝国によるボスニア・ヘルツェゴビナ併合以前からあった。これはクロアチアの右翼政党と結びついていた。,オーストリア・ハンガリー帝国がボスニア・ヘルツェゴビナを併合させたのは、何年のことか?,1878年,Syntactic variation
18080,276,大クロアチア,近代的な大クロアチアの概念は19世紀にさかのぼり、1878年のオーストリア・ハンガリー帝国によるボスニア・ヘルツェゴビナ併合以前からあった。これはクロアチアの右翼政党と結びついていた。,1878年にボスニア・ヘルツェゴビナを併合させたのは、どの国だったか?,オーストリア・ハンガリー帝国,Syntactic variation
18081,277,大クロアチア,「Hervatska」紙の主張は、クロアチア民族内において決して特別に急進的なものではない。1869年にエウゲン・クヴァテルニク(EugenKvaternik)はドン・ミホヴィル・パヴリノヴィッチ(donMihovilPavlinović)に手紙を書き、「クロアチア国家と歴史的権利」に従いクロアチア権利党の政策を完遂すれば、ドラーヴァ川からアドリア海までではなく、ザルツブルク・アルプスからアルバニアおよびコソボまでの領域に純粋で穢れなきクロアチアの国旗がはためくだろうと述べた。,1869年にドン・ミホヴィル・パヴリノヴィッチに手紙を送ったのは、誰なの?,エウゲン・クヴァテルニク,Lexical variation (synonymy)
18082,277,大クロアチア,「Hervatska」紙の主張は、クロアチア民族内において決して特別に急進的なものではない。1869年にエウゲン・クヴァテルニク(EugenKvaternik)はドン・ミホヴィル・パヴリノヴィッチ(donMihovilPavlinović)に手紙を書き、「クロアチア国家と歴史的権利」に従いクロアチア権利党の政策を完遂すれば、ドラーヴァ川からアドリア海までではなく、ザルツブルク・アルプスからアルバニアおよびコソボまでの領域に純粋で穢れなきクロアチアの国旗がはためくだろうと述べた。,この文書を見ると、エウゲン・クヴァテルニクは、どのような考え方をもとに動く人だったと予測できますか?,「クロアチア国家と歴史的権利」,Lexical variation (world knowledge)
18083,277,大クロアチア,「Hervatska」紙の主張は、クロアチア民族内において決して特別に急進的なものではない。1869年にエウゲン・クヴァテルニク(EugenKvaternik)はドン・ミホヴィル・パヴリノヴィッチ(donMihovilPavlinović)に手紙を書き、「クロアチア国家と歴史的権利」に従いクロアチア権利党の政策を完遂すれば、ドラーヴァ川からアドリア海までではなく、ザルツブルク・アルプスからアルバニアおよびコソボまでの領域に純粋で穢れなきクロアチアの国旗がはためくだろうと述べた。,エウゲン・クヴァテルニクとドン・ミホヴィル・パヴリノヴィッチのうち、「クロアチア国家と歴史的権利」の考え方を持っていたのは、誰か?,エウゲン・クヴァテルニク,Lexical variation (world knowledge)
18084,277,大クロアチア,「Hervatska」紙の主張は、クロアチア民族内において決して特別に急進的なものではない。1869年にエウゲン・クヴァテルニク(EugenKvaternik)はドン・ミホヴィル・パヴリノヴィッチ(donMihovilPavlinović)に手紙を書き、「クロアチア国家と歴史的権利」に従いクロアチア権利党の政策を完遂すれば、ドラーヴァ川からアドリア海までではなく、ザルツブルク・アルプスからアルバニアおよびコソボまでの領域に純粋で穢れなきクロアチアの国旗がはためくだろうと述べた。,「クロアチア国家と歴史的権利」の考え方をもとに動いていた政党は、どの政党か?,クロアチア権利党,Lexical variation (world knowledge)
18085,278,大クロアチア,アンテ・スタルチェヴィッチ(AnteStarčević)が創設したクロアチア権利党の支持者であるクロアチアの作家、ジュロ・デジェリッチ(ĐuroDeželić)は1879年に「クロアチア民族」あるいは「クロアチア人の魂」という本を出版し、その中でクロアチア人が住み、従ってクロアチアの土地である地方は「現在のダルマチア全域およびコトル湾・トルコ領クロアチアを含むボスニア・ノヴィ・パザル・パシャリク(サンジャク地方)、1789年のアンゲルの本でトルコ領ダルマチアとして言及された現在のヘルツェゴヴィナ地方・そしてモンテネグロとアルバニア北部である」とした。,クロアチア権利党の設立者は、誰なの?,アンテ・スタルチェヴィッチ,Lexical variation (synonymy)
18086,278,大クロアチア,アンテ・スタルチェヴィッチ(AnteStarčević)が創設したクロアチア権利党の支持者であるクロアチアの作家、ジュロ・デジェリッチ(ĐuroDeželić)は1879年に「クロアチア民族」あるいは「クロアチア人の魂」という本を出版し、その中でクロアチア人が住み、従ってクロアチアの土地である地方は「現在のダルマチア全域およびコトル湾・トルコ領クロアチアを含むボスニア・ノヴィ・パザル・パシャリク(サンジャク地方)、1789年のアンゲルの本でトルコ領ダルマチアとして言及された現在のヘルツェゴヴィナ地方・そしてモンテネグロとアルバニア北部である」とした。,「クロアチア民族」と「クロアチア人の魂」の著者は、誰ですか?,ジュロ・デジェリッチ,Lexical variation (world knowledge)
18087,278,大クロアチア,アンテ・スタルチェヴィッチ(AnteStarčević)が創設したクロアチア権利党の支持者であるクロアチアの作家、ジュロ・デジェリッチ(ĐuroDeželić)は1879年に「クロアチア民族」あるいは「クロアチア人の魂」という本を出版し、その中でクロアチア人が住み、従ってクロアチアの土地である地方は「現在のダルマチア全域およびコトル湾・トルコ領クロアチアを含むボスニア・ノヴィ・パザル・パシャリク(サンジャク地方)、1789年のアンゲルの本でトルコ領ダルマチアとして言及された現在のヘルツェゴヴィナ地方・そしてモンテネグロとアルバニア北部である」とした。,「クロアチア民族」と「クロアチア人の魂」の著者は、どの政党の支持者だったか?,クロアチア権利党,Lexical variation (world knowledge)
18088,278,大クロアチア,アンテ・スタルチェヴィッチ(AnteStarčević)が創設したクロアチア権利党の支持者であるクロアチアの作家、ジュロ・デジェリッチ(ĐuroDeželić)は1879年に「クロアチア民族」あるいは「クロアチア人の魂」という本を出版し、その中でクロアチア人が住み、従ってクロアチアの土地である地方は「現在のダルマチア全域およびコトル湾・トルコ領クロアチアを含むボスニア・ノヴィ・パザル・パシャリク(サンジャク地方)、1789年のアンゲルの本でトルコ領ダルマチアとして言及された現在のヘルツェゴヴィナ地方・そしてモンテネグロとアルバニア北部である」とした。,「クロアチア民族」と「クロアチア人の魂」の出版年度は、何年か?,1879年,Lexical variation (world knowledge)
18089,279,大クロアチア,第二次世界大戦時のナチス・ドイツによるユーゴスラビア侵攻の後、ドイツやイタリアの支援を受けたクロアチアの民族主義組織ウスタシャのアンテ・パヴェリッチはクロアチア独立国を建国した。,アンテ・パヴェリッチが属していた組織は、何?,ウスタシャ,Lexical variation (world knowledge)
18090,279,大クロアチア,第二次世界大戦時のナチス・ドイツによるユーゴスラビア侵攻の後、ドイツやイタリアの支援を受けたクロアチアの民族主義組織ウスタシャのアンテ・パヴェリッチはクロアチア独立国を建国した。,クロアチア独立国の建国者は、誰ですか?,アンテ・パヴェリッチ,Syntactic variation
18091,279,大クロアチア,第二次世界大戦時のナチス・ドイツによるユーゴスラビア侵攻の後、ドイツやイタリアの支援を受けたクロアチアの民族主義組織ウスタシャのアンテ・パヴェリッチはクロアチア独立国を建国した。,ウスタシャを支援したのは、ドイツとどの国か?,イタリア,Syntactic variation
18092,279,大クロアチア,第二次世界大戦時のナチス・ドイツによるユーゴスラビア侵攻の後、ドイツやイタリアの支援を受けたクロアチアの民族主義組織ウスタシャのアンテ・パヴェリッチはクロアチア独立国を建国した。,クロアチア独立国を建国した勢力は、どの勢力か?,ウスタシャ,Syntactic variation
18093,280,エアバスA340,エアバスA340(AirbusA340)は、ヨーロッパの企業連合であるエアバス・インダストリー社(後のエアバス社)が開発・製造した、長距離路線向けのワイドボディ4発ジェット旅客機である。A340は、エアバスA300由来の胴体を延長したワイドボディ機で、低翼に配置された主翼下に4発のターボファンエンジンを装備する。尾翼は低翼配置、降着装置は前輪配置で主翼間に中央脚を持つ仕様もある。A340シリーズには4つのモデルA340-200、A340-300、A340-500、A340-600が存在する。機体寸法や性能は各形式によるが、巡航速度はマッハ0.82から0.83で、全長は59.40から75.36メートル、全幅は60.30から63.45メートル、最大離陸重量は253.5から380トン、座席数は240席から440席程度である。A340は双発のエアバスA330と同時に正式開発が決定され、エンジン関係を除いて両機は最大限共通化された。A340はエアバスが開発した最初の4発機となったほか、4発機と双発機の同時並行的な開発は、航空技術史上において希少な取り組みとなった。また、A340ではフライ・バイ・ワイヤシステムやグラスコックピットが導入され、操縦系統が共通化されたエアバス機との間で相互乗員資格が認められている。,エアバスA340と同時に正式開発が決定されたのは、何か?,エアバスA330,Syntactic variation
18094,280,エアバスA340,エアバスA340(AirbusA340)は、ヨーロッパの企業連合であるエアバス・インダストリー社(後のエアバス社)が開発・製造した、長距離路線向けのワイドボディ4発ジェット旅客機である。A340は、エアバスA300由来の胴体を延長したワイドボディ機で、低翼に配置された主翼下に4発のターボファンエンジンを装備する。尾翼は低翼配置、降着装置は前輪配置で主翼間に中央脚を持つ仕様もある。A340シリーズには4つのモデルA340-200、A340-300、A340-500、A340-600が存在する。機体寸法や性能は各形式によるが、巡航速度はマッハ0.82から0.83で、全長は59.40から75.36メートル、全幅は60.30から63.45メートル、最大離陸重量は253.5から380トン、座席数は240席から440席程度である。A340は双発のエアバスA330と同時に正式開発が決定され、エンジン関係を除いて両機は最大限共通化された。A340はエアバスが開発した最初の4発機となったほか、4発機と双発機の同時並行的な開発は、航空技術史上において希少な取り組みとなった。また、A340ではフライ・バイ・ワイヤシステムやグラスコックピットが導入され、操縦系統が共通化されたエアバス機との間で相互乗員資格が認められている。,エアバスA340とエアバスA330は、何を除いて最大限共通化されたのか?,エンジン関係,Syntactic variation
18095,280,エアバスA340,エアバスA340(AirbusA340)は、ヨーロッパの企業連合であるエアバス・インダストリー社(後のエアバス社)が開発・製造した、長距離路線向けのワイドボディ4発ジェット旅客機である。A340は、エアバスA300由来の胴体を延長したワイドボディ機で、低翼に配置された主翼下に4発のターボファンエンジンを装備する。尾翼は低翼配置、降着装置は前輪配置で主翼間に中央脚を持つ仕様もある。A340シリーズには4つのモデルA340-200、A340-300、A340-500、A340-600が存在する。機体寸法や性能は各形式によるが、巡航速度はマッハ0.82から0.83で、全長は59.40から75.36メートル、全幅は60.30から63.45メートル、最大離陸重量は253.5から380トン、座席数は240席から440席程度である。A340は双発のエアバスA330と同時に正式開発が決定され、エンジン関係を除いて両機は最大限共通化された。A340はエアバスが開発した最初の4発機となったほか、4発機と双発機の同時並行的な開発は、航空技術史上において希少な取り組みとなった。また、A340ではフライ・バイ・ワイヤシステムやグラスコックピットが導入され、操縦系統が共通化されたエアバス機との間で相互乗員資格が認められている。,双発のエアバスA330と同時に正式開発が決定された旅客機は、何発のエンジンを装備しているか?,4発,Multiple sentence reasoning
18096,280,エアバスA340,エアバスA340(AirbusA340)は、ヨーロッパの企業連合であるエアバス・インダストリー社(後のエアバス社)が開発・製造した、長距離路線向けのワイドボディ4発ジェット旅客機である。A340は、エアバスA300由来の胴体を延長したワイドボディ機で、低翼に配置された主翼下に4発のターボファンエンジンを装備する。尾翼は低翼配置、降着装置は前輪配置で主翼間に中央脚を持つ仕様もある。A340シリーズには4つのモデルA340-200、A340-300、A340-500、A340-600が存在する。機体寸法や性能は各形式によるが、巡航速度はマッハ0.82から0.83で、全長は59.40から75.36メートル、全幅は60.30から63.45メートル、最大離陸重量は253.5から380トン、座席数は240席から440席程度である。A340は双発のエアバスA330と同時に正式開発が決定され、エンジン関係を除いて両機は最大限共通化された。A340はエアバスが開発した最初の4発機となったほか、4発機と双発機の同時並行的な開発は、航空技術史上において希少な取り組みとなった。また、A340ではフライ・バイ・ワイヤシステムやグラスコックピットが導入され、操縦系統が共通化されたエアバス機との間で相互乗員資格が認められている。,エアバスA330を開発・製造したのは、どの会社か?,エアバス・インダストリー社,Multiple sentence reasoning
18097,281,エアバスA340,A340シリーズの中で、A340-200/-300は最初に開発されたA340の第1世代である。A340-200は航続力を優先した短胴型、A340-300は収容力を優先した長胴型で、それぞれルフトハンザドイツ航空とエールフランスによって1993年に初就航した。その後、長距離路線に進出しつつあった双発機に対抗するため、A340の第2世代としてA340-500/-600が開発された。収容力増強型のA340-600は登場時点で世界最大の全長を持つ旅客機となり、2002年にヴァージン・アトランティック航空によって初就航した。航続力増強型のA340-500は登場時において世界最長の航続距離性能を持つ航空機となり、エミレーツ航空によって2003年に初就航した。2004年にはシンガポール航空がA340-500を用いてシンガポール-ニューヨーク直行便を開設し、民間航空路線として世界最長距離を記録した。その後、エアバスは新しい長距離機としてA350XWBを開発し、2011年にA340の生産終了を発表した。A340シリーズ全体での生産数は377機であった。A340は欧州やアジア・中東地域の航空会社を中心に運航され、ボーイング747ほどの収容力を必要としない長距離路線を中心に就航している。2014年10月現在までに、A340に関して5件の機体損失事故が発生しているが、死亡事故は起きていない。,A340-600とA340-500のうち、初就航がより遅かったのは、どれなの?,A340-500,Logical reasoning
18098,281,エアバスA340,A340シリーズの中で、A340-200/-300は最初に開発されたA340の第1世代である。A340-200は航続力を優先した短胴型、A340-300は収容力を優先した長胴型で、それぞれルフトハンザドイツ航空とエールフランスによって1993年に初就航した。その後、長距離路線に進出しつつあった双発機に対抗するため、A340の第2世代としてA340-500/-600が開発された。収容力増強型のA340-600は登場時点で世界最大の全長を持つ旅客機となり、2002年にヴァージン・アトランティック航空によって初就航した。航続力増強型のA340-500は登場時において世界最長の航続距離性能を持つ航空機となり、エミレーツ航空によって2003年に初就航した。2004年にはシンガポール航空がA340-500を用いてシンガポール-ニューヨーク直行便を開設し、民間航空路線として世界最長距離を記録した。その後、エアバスは新しい長距離機としてA350XWBを開発し、2011年にA340の生産終了を発表した。A340シリーズ全体での生産数は377機であった。A340は欧州やアジア・中東地域の航空会社を中心に運航され、ボーイング747ほどの収容力を必要としない長距離路線を中心に就航している。2014年10月現在までに、A340に関して5件の機体損失事故が発生しているが、死亡事故は起きていない。,A340-200が優先したのを増強したA340の第2世代の旅客機は何ですか?,A340-500,Multiple sentence reasoning
18099,281,エアバスA340,A340シリーズの中で、A340-200/-300は最初に開発されたA340の第1世代である。A340-200は航続力を優先した短胴型、A340-300は収容力を優先した長胴型で、それぞれルフトハンザドイツ航空とエールフランスによって1993年に初就航した。その後、長距離路線に進出しつつあった双発機に対抗するため、A340の第2世代としてA340-500/-600が開発された。収容力増強型のA340-600は登場時点で世界最大の全長を持つ旅客機となり、2002年にヴァージン・アトランティック航空によって初就航した。航続力増強型のA340-500は登場時において世界最長の航続距離性能を持つ航空機となり、エミレーツ航空によって2003年に初就航した。2004年にはシンガポール航空がA340-500を用いてシンガポール-ニューヨーク直行便を開設し、民間航空路線として世界最長距離を記録した。その後、エアバスは新しい長距離機としてA350XWBを開発し、2011年にA340の生産終了を発表した。A340シリーズ全体での生産数は377機であった。A340は欧州やアジア・中東地域の航空会社を中心に運航され、ボーイング747ほどの収容力を必要としない長距離路線を中心に就航している。2014年10月現在までに、A340に関して5件の機体損失事故が発生しているが、死亡事故は起きていない。,A340-300が優先したところを増強したA340の第2世代の旅客機が、初就航したのはいつか?,2002年,Multiple sentence reasoning
18100,281,エアバスA340,A340シリーズの中で、A340-200/-300は最初に開発されたA340の第1世代である。A340-200は航続力を優先した短胴型、A340-300は収容力を優先した長胴型で、それぞれルフトハンザドイツ航空とエールフランスによって1993年に初就航した。その後、長距離路線に進出しつつあった双発機に対抗するため、A340の第2世代としてA340-500/-600が開発された。収容力増強型のA340-600は登場時点で世界最大の全長を持つ旅客機となり、2002年にヴァージン・アトランティック航空によって初就航した。航続力増強型のA340-500は登場時において世界最長の航続距離性能を持つ航空機となり、エミレーツ航空によって2003年に初就航した。2004年にはシンガポール航空がA340-500を用いてシンガポール-ニューヨーク直行便を開設し、民間航空路線として世界最長距離を記録した。その後、エアバスは新しい長距離機としてA350XWBを開発し、2011年にA340の生産終了を発表した。A340シリーズ全体での生産数は377機であった。A340は欧州やアジア・中東地域の航空会社を中心に運航され、ボーイング747ほどの収容力を必要としない長距離路線を中心に就航している。2014年10月現在までに、A340に関して5件の機体損失事故が発生しているが、死亡事故は起きていない。,A340の生産終了を発表したのは、どのような旅客機の開発に集中するためだったか?,A350XWB,Lexical variation (world knowledge)
18101,282,エアバスA340,米国の航空機メーカーに対抗するため、欧州の航空機メーカーは1970年12月に企業連合「エアバス・インダストリー」を設立した。エアバスは最初の製品であるワイドボディ機、A300の販売を軌道に乗せると、1978年に2番目の製品として短中距離向けのワイドボディ機であるA310の開発を開始した。A310は検討段階では「A300B10」と呼ばれていたが、当時、次期製品の候補としてA300B9(以下、B9)、A300B11(以下、B11)とそれぞれ呼ばれた機体案も考えられていた。B9案は、A300の胴体延長版となる双発の中距離機で、ダグラスDC-10やロッキードL-1011の市場に食い込むことを狙い、B11案は、短めの胴体に新設計の主翼を組み合わせてエンジンを4発とする長距離型で、707やダグラスDC-8の後継機需要を狙っていた。しかし、当時のエアバスには、複数の機種を同時開発できるだけの資金や人員がなく、B10案がA310と命名され正式開発が開始された一方で、B9やB11案は無期限に延期された。1980年になってエアバスは、「SA」(SingleAisle)と名付けられた単通路機(ナローボディ機)の研究を行っていることを明らかにした。同時に、ワイドボディ機の計画名には2通路を意味する「TA」(TwinAisle)が付けられ、B9案はTA9、B11案はTA11と名前を変えた。1982年のファーンボロー国際航空ショーの場で、TA9、TA11、そして新たに追加されたTA12の開発構想が発表された。TA9、TA11、TA12案は何度か変更が加えられた。しかし、この頃、第2次石油危機と景気後退により民間航空機市場は縮小していた。エアバスは、1984年3月にSA計画をA320と名付けて正式開発を開始した一方で、TA計画の開発決定を先送りした。1980年代の中頃にはTA12案が取り下げられたが、TA9とTA11案には改良が加えられ、A320と共通のフライ・バイ・ワイヤシステムを導入し、A320同様にサイドスティック方式の操縦席を搭載する計画となった。,1978年にエアバス・インダストリーが開発を開始したのに、B9案とB10案、B11案のうち、何か?,B10案,Multiple sentence reasoning
18102,282,エアバスA340,米国の航空機メーカーに対抗するため、欧州の航空機メーカーは1970年12月に企業連合「エアバス・インダストリー」を設立した。エアバスは最初の製品であるワイドボディ機、A300の販売を軌道に乗せると、1978年に2番目の製品として短中距離向けのワイドボディ機であるA310の開発を開始した。A310は検討段階では「A300B10」と呼ばれていたが、当時、次期製品の候補としてA300B9(以下、B9)、A300B11(以下、B11)とそれぞれ呼ばれた機体案も考えられていた。B9案は、A300の胴体延長版となる双発の中距離機で、ダグラスDC-10やロッキードL-1011の市場に食い込むことを狙い、B11案は、短めの胴体に新設計の主翼を組み合わせてエンジンを4発とする長距離型で、707やダグラスDC-8の後継機需要を狙っていた。しかし、当時のエアバスには、複数の機種を同時開発できるだけの資金や人員がなく、B10案がA310と命名され正式開発が開始された一方で、B9やB11案は無期限に延期された。1980年になってエアバスは、「SA」(SingleAisle)と名付けられた単通路機(ナローボディ機)の研究を行っていることを明らかにした。同時に、ワイドボディ機の計画名には2通路を意味する「TA」(TwinAisle)が付けられ、B9案はTA9、B11案はTA11と名前を変えた。1982年のファーンボロー国際航空ショーの場で、TA9、TA11、そして新たに追加されたTA12の開発構想が発表された。TA9、TA11、TA12案は何度か変更が加えられた。しかし、この頃、第2次石油危機と景気後退により民間航空機市場は縮小していた。エアバスは、1984年3月にSA計画をA320と名付けて正式開発を開始した一方で、TA計画の開発決定を先送りした。1980年代の中頃にはTA12案が取り下げられたが、TA9とTA11案には改良が加えられ、A320と共通のフライ・バイ・ワイヤシステムを導入し、A320同様にサイドスティック方式の操縦席を搭載する計画となった。,1984年にA320と名付けられた計画とは、何の研究ですか?,単通路機,Multiple sentence reasoning
18103,282,エアバスA340,米国の航空機メーカーに対抗するため、欧州の航空機メーカーは1970年12月に企業連合「エアバス・インダストリー」を設立した。エアバスは最初の製品であるワイドボディ機、A300の販売を軌道に乗せると、1978年に2番目の製品として短中距離向けのワイドボディ機であるA310の開発を開始した。A310は検討段階では「A300B10」と呼ばれていたが、当時、次期製品の候補としてA300B9(以下、B9)、A300B11(以下、B11)とそれぞれ呼ばれた機体案も考えられていた。B9案は、A300の胴体延長版となる双発の中距離機で、ダグラスDC-10やロッキードL-1011の市場に食い込むことを狙い、B11案は、短めの胴体に新設計の主翼を組み合わせてエンジンを4発とする長距離型で、707やダグラスDC-8の後継機需要を狙っていた。しかし、当時のエアバスには、複数の機種を同時開発できるだけの資金や人員がなく、B10案がA310と命名され正式開発が開始された一方で、B9やB11案は無期限に延期された。1980年になってエアバスは、「SA」(SingleAisle)と名付けられた単通路機(ナローボディ機)の研究を行っていることを明らかにした。同時に、ワイドボディ機の計画名には2通路を意味する「TA」(TwinAisle)が付けられ、B9案はTA9、B11案はTA11と名前を変えた。1982年のファーンボロー国際航空ショーの場で、TA9、TA11、そして新たに追加されたTA12の開発構想が発表された。TA9、TA11、TA12案は何度か変更が加えられた。しかし、この頃、第2次石油危機と景気後退により民間航空機市場は縮小していた。エアバスは、1984年3月にSA計画をA320と名付けて正式開発を開始した一方で、TA計画の開発決定を先送りした。1980年代の中頃にはTA12案が取り下げられたが、TA9とTA11案には改良が加えられ、A320と共通のフライ・バイ・ワイヤシステムを導入し、A320同様にサイドスティック方式の操縦席を搭載する計画となった。,TA計画のうち、取り下げられたのは、どの案なの?,TA12,Syntactic variation
18104,282,エアバスA340,米国の航空機メーカーに対抗するため、欧州の航空機メーカーは1970年12月に企業連合「エアバス・インダストリー」を設立した。エアバスは最初の製品であるワイドボディ機、A300の販売を軌道に乗せると、1978年に2番目の製品として短中距離向けのワイドボディ機であるA310の開発を開始した。A310は検討段階では「A300B10」と呼ばれていたが、当時、次期製品の候補としてA300B9(以下、B9)、A300B11(以下、B11)とそれぞれ呼ばれた機体案も考えられていた。B9案は、A300の胴体延長版となる双発の中距離機で、ダグラスDC-10やロッキードL-1011の市場に食い込むことを狙い、B11案は、短めの胴体に新設計の主翼を組み合わせてエンジンを4発とする長距離型で、707やダグラスDC-8の後継機需要を狙っていた。しかし、当時のエアバスには、複数の機種を同時開発できるだけの資金や人員がなく、B10案がA310と命名され正式開発が開始された一方で、B9やB11案は無期限に延期された。1980年になってエアバスは、「SA」(SingleAisle)と名付けられた単通路機(ナローボディ機)の研究を行っていることを明らかにした。同時に、ワイドボディ機の計画名には2通路を意味する「TA」(TwinAisle)が付けられ、B9案はTA9、B11案はTA11と名前を変えた。1982年のファーンボロー国際航空ショーの場で、TA9、TA11、そして新たに追加されたTA12の開発構想が発表された。TA9、TA11、TA12案は何度か変更が加えられた。しかし、この頃、第2次石油危機と景気後退により民間航空機市場は縮小していた。エアバスは、1984年3月にSA計画をA320と名付けて正式開発を開始した一方で、TA計画の開発決定を先送りした。1980年代の中頃にはTA12案が取り下げられたが、TA9とTA11案には改良が加えられ、A320と共通のフライ・バイ・ワイヤシステムを導入し、A320同様にサイドスティック方式の操縦席を搭載する計画となった。,SAとTAのうち、通路がより多いのは、どれか?,TA,Logical reasoning
18105,283,エアバスA340,エアバス内部では、双発機のTA9と4発機のTA11のどちらを先に開発するか議論が重ねられた。離陸重量などの条件が同等だと仮定した場合、双発機には4発機よりも強力なエンジンを装備する必要がある。また、エンジンの信頼性が低かった時代に作られた規制により、双発機はエンジン1基が停止した場合に60分以内に着陸可能な飛行場があるルートしか飛行できず、代替飛行場の少ない中長距離の洋上路線では3発機や4発機が用いられていた。他方、双発機と比較した4発機のデメリットとして、機体のシステムが複雑で整備に手間がかかり、運用コストが高くつくことがあげられる。エンジンの信頼性や性能が向上してきたことで、低コストの双発機を洋上路線で運航したいという企業のニーズが高まっており、1985年には、ETOPSと呼ばれる双発機の長距離運航を認める要件が策定されていた。ただし、当時のETOPSでは航路設定や運航の自由度がまだ限られていたほか、認証を得るために時間も要した。この当時、北米の航空会社はコスト面で有利な双発機を好んだ一方、長距離洋上路線を抱えるアジアの航空会社は双発機のような制約の無い4発機を必要とし、欧州の航空会社の意見は両者に二分されていた。,双発機と比較した4発機のデメリットとして挙げられるのは、どんなコストが高いということなの?,運用コスト,Syntactic variation
18106,283,エアバスA340,エアバス内部では、双発機のTA9と4発機のTA11のどちらを先に開発するか議論が重ねられた。離陸重量などの条件が同等だと仮定した場合、双発機には4発機よりも強力なエンジンを装備する必要がある。また、エンジンの信頼性が低かった時代に作られた規制により、双発機はエンジン1基が停止した場合に60分以内に着陸可能な飛行場があるルートしか飛行できず、代替飛行場の少ない中長距離の洋上路線では3発機や4発機が用いられていた。他方、双発機と比較した4発機のデメリットとして、機体のシステムが複雑で整備に手間がかかり、運用コストが高くつくことがあげられる。エンジンの信頼性や性能が向上してきたことで、低コストの双発機を洋上路線で運航したいという企業のニーズが高まっており、1985年には、ETOPSと呼ばれる双発機の長距離運航を認める要件が策定されていた。ただし、当時のETOPSでは航路設定や運航の自由度がまだ限られていたほか、認証を得るために時間も要した。この当時、北米の航空会社はコスト面で有利な双発機を好んだ一方、長距離洋上路線を抱えるアジアの航空会社は双発機のような制約の無い4発機を必要とし、欧州の航空会社の意見は両者に二分されていた。,双発機と4発機のうち、離陸重量などの条件が同じであると仮定したとき、より強力なエンジンが必要なのは、どちらか?,双発機,Syntactic variation
18107,283,エアバスA340,エアバス内部では、双発機のTA9と4発機のTA11のどちらを先に開発するか議論が重ねられた。離陸重量などの条件が同等だと仮定した場合、双発機には4発機よりも強力なエンジンを装備する必要がある。また、エンジンの信頼性が低かった時代に作られた規制により、双発機はエンジン1基が停止した場合に60分以内に着陸可能な飛行場があるルートしか飛行できず、代替飛行場の少ない中長距離の洋上路線では3発機や4発機が用いられていた。他方、双発機と比較した4発機のデメリットとして、機体のシステムが複雑で整備に手間がかかり、運用コストが高くつくことがあげられる。エンジンの信頼性や性能が向上してきたことで、低コストの双発機を洋上路線で運航したいという企業のニーズが高まっており、1985年には、ETOPSと呼ばれる双発機の長距離運航を認める要件が策定されていた。ただし、当時のETOPSでは航路設定や運航の自由度がまだ限られていたほか、認証を得るために時間も要した。この当時、北米の航空会社はコスト面で有利な双発機を好んだ一方、長距離洋上路線を抱えるアジアの航空会社は双発機のような制約の無い4発機を必要とし、欧州の航空会社の意見は両者に二分されていた。,北米の航空会社とアジアの航空会社のうち、4発機を必要としたのは、どちらですか?,アジアの航空会社,Syntactic variation
18108,283,エアバスA340,エアバス内部では、双発機のTA9と4発機のTA11のどちらを先に開発するか議論が重ねられた。離陸重量などの条件が同等だと仮定した場合、双発機には4発機よりも強力なエンジンを装備する必要がある。また、エンジンの信頼性が低かった時代に作られた規制により、双発機はエンジン1基が停止した場合に60分以内に着陸可能な飛行場があるルートしか飛行できず、代替飛行場の少ない中長距離の洋上路線では3発機や4発機が用いられていた。他方、双発機と比較した4発機のデメリットとして、機体のシステムが複雑で整備に手間がかかり、運用コストが高くつくことがあげられる。エンジンの信頼性や性能が向上してきたことで、低コストの双発機を洋上路線で運航したいという企業のニーズが高まっており、1985年には、ETOPSと呼ばれる双発機の長距離運航を認める要件が策定されていた。ただし、当時のETOPSでは航路設定や運航の自由度がまだ限られていたほか、認証を得るために時間も要した。この当時、北米の航空会社はコスト面で有利な双発機を好んだ一方、長距離洋上路線を抱えるアジアの航空会社は双発機のような制約の無い4発機を必要とし、欧州の航空会社の意見は両者に二分されていた。,双発機と4発機のうち、運用コストがより低いのは、どちらか?,双発機,Logical reasoning
18109,284,エアバスA340,"航空業界の意見が双発機と4発機に分かれていた中で、エアバスはTA9とTA11を同時開発する方向へ舵を切った。総開発費を抑制するため、両機の構成要素は最大限共通化するよう設計が進められた(設計過程の詳細は後述)。2機を同時開発する目処が立ち、1986年1月にエアバスはTA9とTA11をそれぞれA330、A340と命名した。なお、この両機の名称は、元々は逆であった。エアバスはTA11を先に開発する予定であり、A320に続く新型機ということでTA11をA330、そしてTA9をA340としていた。しかし、4発機がA3""3""0で双発機がA3""4""0では、顧客が両機を取り違えるという問題が指摘され、4発機がA340に変更された。最初にA340の発注の意向を示したのはルフトハンザドイツ航空で、1987年1月のことであった。その後、米国のノースウェスト航空もA340の発注を決め、1987年6月までに合計10社の航空会社からA340に89機、A330に41機の注文が集まっていた。開発を進めるのに十分な受注の見込みが立ったことで、エアバスはパリ航空ショーを控えた1987年6月5日、A340とA330の正式開発を決定した。両機は姉妹機として同時に開発が決定されたが、市場調査の結果を踏まえ、A340の開発作業を先行させることになった。",TA9とTA11の構成要素を最大限共通化したのは、何を減らすためだった?,総開発費,Lexical variation (synonymy)
18110,284,エアバスA340,"航空業界の意見が双発機と4発機に分かれていた中で、エアバスはTA9とTA11を同時開発する方向へ舵を切った。総開発費を抑制するため、両機の構成要素は最大限共通化するよう設計が進められた(設計過程の詳細は後述)。2機を同時開発する目処が立ち、1986年1月にエアバスはTA9とTA11をそれぞれA330、A340と命名した。なお、この両機の名称は、元々は逆であった。エアバスはTA11を先に開発する予定であり、A320に続く新型機ということでTA11をA330、そしてTA9をA340としていた。しかし、4発機がA3""3""0で双発機がA3""4""0では、顧客が両機を取り違えるという問題が指摘され、4発機がA340に変更された。最初にA340の発注の意向を示したのはルフトハンザドイツ航空で、1987年1月のことであった。その後、米国のノースウェスト航空もA340の発注を決め、1987年6月までに合計10社の航空会社からA340に89機、A330に41機の注文が集まっていた。開発を進めるのに十分な受注の見込みが立ったことで、エアバスはパリ航空ショーを控えた1987年6月5日、A340とA330の正式開発を決定した。両機は姉妹機として同時に開発が決定されたが、市場調査の結果を踏まえ、A340の開発作業を先行させることになった。",最初はA330と名付けられたが、後でその名称がA340に変えられたのは、何ですか?,TA11,Multiple sentence reasoning
18111,284,エアバスA340,"航空業界の意見が双発機と4発機に分かれていた中で、エアバスはTA9とTA11を同時開発する方向へ舵を切った。総開発費を抑制するため、両機の構成要素は最大限共通化するよう設計が進められた(設計過程の詳細は後述)。2機を同時開発する目処が立ち、1986年1月にエアバスはTA9とTA11をそれぞれA330、A340と命名した。なお、この両機の名称は、元々は逆であった。エアバスはTA11を先に開発する予定であり、A320に続く新型機ということでTA11をA330、そしてTA9をA340としていた。しかし、4発機がA3""3""0で双発機がA3""4""0では、顧客が両機を取り違えるという問題が指摘され、4発機がA340に変更された。最初にA340の発注の意向を示したのはルフトハンザドイツ航空で、1987年1月のことであった。その後、米国のノースウェスト航空もA340の発注を決め、1987年6月までに合計10社の航空会社からA340に89機、A330に41機の注文が集まっていた。開発を進めるのに十分な受注の見込みが立ったことで、エアバスはパリ航空ショーを控えた1987年6月5日、A340とA330の正式開発を決定した。両機は姉妹機として同時に開発が決定されたが、市場調査の結果を踏まえ、A340の開発作業を先行させることになった。",1987年1月にルフトハンザドイツ航空が発注の意向を示した旅客機のもともとの呼称は、TA11か、もしくは、TA9か?,TA11,Multiple sentence reasoning
18112,284,エアバスA340,"航空業界の意見が双発機と4発機に分かれていた中で、エアバスはTA9とTA11を同時開発する方向へ舵を切った。総開発費を抑制するため、両機の構成要素は最大限共通化するよう設計が進められた(設計過程の詳細は後述)。2機を同時開発する目処が立ち、1986年1月にエアバスはTA9とTA11をそれぞれA330、A340と命名した。なお、この両機の名称は、元々は逆であった。エアバスはTA11を先に開発する予定であり、A320に続く新型機ということでTA11をA330、そしてTA9をA340としていた。しかし、4発機がA3""3""0で双発機がA3""4""0では、顧客が両機を取り違えるという問題が指摘され、4発機がA340に変更された。最初にA340の発注の意向を示したのはルフトハンザドイツ航空で、1987年1月のことであった。その後、米国のノースウェスト航空もA340の発注を決め、1987年6月までに合計10社の航空会社からA340に89機、A330に41機の注文が集まっていた。開発を進めるのに十分な受注の見込みが立ったことで、エアバスはパリ航空ショーを控えた1987年6月5日、A340とA330の正式開発を決定した。両機は姉妹機として同時に開発が決定されたが、市場調査の結果を踏まえ、A340の開発作業を先行させることになった。",1987年6月までより多くの注文が入った旅客機のもともとの呼称は、TA11か、もしくは、TA9か?,TA11,Logical reasoning
18113,285,エアバスA340,"A340とA330は同一の胴体断面を持ち、尾翼を含めて尾部も共通、主翼もエンジン取付部以外は構造的に同じで空力学的に全く同じであるほか、システムやコックピットもエンジン関係を除いて共通化された。4発機と双発機の同時並行的な開発というのは航空技術史上において希少な取り組みとなった。特に、後退翼にパイロンを介してエンジンを装備する大型機で、双発機と4発機で同じ主翼を用いるというのは、前例が無かった。ここで時間を少し巻き戻して、A340の設計過程を詳しく見てみる。A340がまだTA11と呼ばれていた頃から機体案には何度か修正が加えられており、1985年の段階で長胴型と短胴型の2種類が提案されていた。長胴型は座席数が280で航続距離が10,000キロメートル(5,400海里)、短胴型は座席数を240に減らして航続距離を12,000キロメートル(6,500海里)に延ばすという案であった。2種類の胴体案は、短胴型のA340-200と長胴型のA340-300として具体化された。最終的な仕様は、A340-200は胴体長が58.57メートルで3クラス編成での標準座席数は261席、A340-300は胴体長が62.84メートルで3クラス編成での標準座席数は295席と決まったほか、姉妹機のA330の胴体長はA340-300と同一とされた。A340の胴体断面には、A300、A310と引き継がれてきたワイドボディ機の断面が用いられた。このため、座席配置などはA300と同様で、内装設計はA310のものが基本的に用いられた。LD-3航空貨物コンテナを左右に並べて搭載できる床下貨物室もA300と同様とされた。",1985年の段階でTA11の機体案として提案された2種類の中で、座席数がより少ないのは、どれなの?,短胴型,Logical reasoning
18114,285,エアバスA340,"A340とA330は同一の胴体断面を持ち、尾翼を含めて尾部も共通、主翼もエンジン取付部以外は構造的に同じで空力学的に全く同じであるほか、システムやコックピットもエンジン関係を除いて共通化された。4発機と双発機の同時並行的な開発というのは航空技術史上において希少な取り組みとなった。特に、後退翼にパイロンを介してエンジンを装備する大型機で、双発機と4発機で同じ主翼を用いるというのは、前例が無かった。ここで時間を少し巻き戻して、A340の設計過程を詳しく見てみる。A340がまだTA11と呼ばれていた頃から機体案には何度か修正が加えられており、1985年の段階で長胴型と短胴型の2種類が提案されていた。長胴型は座席数が280で航続距離が10,000キロメートル(5,400海里)、短胴型は座席数を240に減らして航続距離を12,000キロメートル(6,500海里)に延ばすという案であった。2種類の胴体案は、短胴型のA340-200と長胴型のA340-300として具体化された。最終的な仕様は、A340-200は胴体長が58.57メートルで3クラス編成での標準座席数は261席、A340-300は胴体長が62.84メートルで3クラス編成での標準座席数は295席と決まったほか、姉妹機のA330の胴体長はA340-300と同一とされた。A340の胴体断面には、A300、A310と引き継がれてきたワイドボディ機の断面が用いられた。このため、座席配置などはA300と同様で、内装設計はA310のものが基本的に用いられた。LD-3航空貨物コンテナを左右に並べて搭載できる床下貨物室もA300と同様とされた。",A340-200とA340-300のうち、胴体がより長いのは、どちらですか?,A340-300,Logical reasoning
18115,285,エアバスA340,"A340とA330は同一の胴体断面を持ち、尾翼を含めて尾部も共通、主翼もエンジン取付部以外は構造的に同じで空力学的に全く同じであるほか、システムやコックピットもエンジン関係を除いて共通化された。4発機と双発機の同時並行的な開発というのは航空技術史上において希少な取り組みとなった。特に、後退翼にパイロンを介してエンジンを装備する大型機で、双発機と4発機で同じ主翼を用いるというのは、前例が無かった。ここで時間を少し巻き戻して、A340の設計過程を詳しく見てみる。A340がまだTA11と呼ばれていた頃から機体案には何度か修正が加えられており、1985年の段階で長胴型と短胴型の2種類が提案されていた。長胴型は座席数が280で航続距離が10,000キロメートル(5,400海里)、短胴型は座席数を240に減らして航続距離を12,000キロメートル(6,500海里)に延ばすという案であった。2種類の胴体案は、短胴型のA340-200と長胴型のA340-300として具体化された。最終的な仕様は、A340-200は胴体長が58.57メートルで3クラス編成での標準座席数は261席、A340-300は胴体長が62.84メートルで3クラス編成での標準座席数は295席と決まったほか、姉妹機のA330の胴体長はA340-300と同一とされた。A340の胴体断面には、A300、A310と引き継がれてきたワイドボディ機の断面が用いられた。このため、座席配置などはA300と同様で、内装設計はA310のものが基本的に用いられた。LD-3航空貨物コンテナを左右に並べて搭載できる床下貨物室もA300と同様とされた。",座席配置と床下貨物室において、A340と同じであるのは、何か?,A300,Multiple sentence reasoning
18116,285,エアバスA340,"A340とA330は同一の胴体断面を持ち、尾翼を含めて尾部も共通、主翼もエンジン取付部以外は構造的に同じで空力学的に全く同じであるほか、システムやコックピットもエンジン関係を除いて共通化された。4発機と双発機の同時並行的な開発というのは航空技術史上において希少な取り組みとなった。特に、後退翼にパイロンを介してエンジンを装備する大型機で、双発機と4発機で同じ主翼を用いるというのは、前例が無かった。ここで時間を少し巻き戻して、A340の設計過程を詳しく見てみる。A340がまだTA11と呼ばれていた頃から機体案には何度か修正が加えられており、1985年の段階で長胴型と短胴型の2種類が提案されていた。長胴型は座席数が280で航続距離が10,000キロメートル(5,400海里)、短胴型は座席数を240に減らして航続距離を12,000キロメートル(6,500海里)に延ばすという案であった。2種類の胴体案は、短胴型のA340-200と長胴型のA340-300として具体化された。最終的な仕様は、A340-200は胴体長が58.57メートルで3クラス編成での標準座席数は261席、A340-300は胴体長が62.84メートルで3クラス編成での標準座席数は295席と決まったほか、姉妹機のA330の胴体長はA340-300と同一とされた。A340の胴体断面には、A300、A310と引き継がれてきたワイドボディ機の断面が用いられた。このため、座席配置などはA300と同様で、内装設計はA310のものが基本的に用いられた。LD-3航空貨物コンテナを左右に並べて搭載できる床下貨物室もA300と同様とされた。",A340-300として具体化されたのは、短胴型か、もしくは、長胴型か?,長胴型,Syntactic variation
18117,286,エアバスA340,A340の主翼は完全に新設計となり、空力設計はブリティッシュ・エアロスペース社が担当した。空力的特性はA310の主翼のものを引き継ぎつつ、長距離飛行に適するよう修正が加えられた。A340とA330で最大離陸重量が同一だと仮定すると、4発機でエンジンの重量が分散されるA340の方が主翼の付け根にかかる負荷が小さくなり、強度的な余裕が生まれる。そこで、長距離向けで燃料を多く必要とするA340にのみ胴体内に燃料タンクが増設されたほか、重量増加に備えた降着装置の増設も行われ、A340とA330で主翼に必要な強度がほぼ等しくされた。A340/A330は主翼下にパイロンを介してエンジンを装備する方式であり、エンジンとそのカウリングの重量、位置、空力特性などが主翼の構造や空力形状の設定に深く影響するため、共通化には高い技術が求められた。エアバスは、コンピュータを用いた強度計算・空力設計と風洞実験を組み合わせることで翼型、翼厚比、取付角などを緻密に検討し、エンジン取付部を除いてA340とA330の主翼は実質的に共通化された。そのほか、設計当初から主翼の翼端には燃費性能を向上させるウィングレットが備えられた。A340の主翼の平面形は、A300と比べて翼幅、後退角、アスペクト比のいずれもが拡大された。主翼の後退角はこれまでのエアバス機で最も大きい30度となった。A340とA330では尾翼も共通化された。垂直尾翼はA310のものがほぼ流用され、生産の共通性が維持された。水平尾翼は新規設計となり、一次構造部材にも炭素繊維強化プラスチック(CFRP)が取り入れられた。A310と同様に水平安定板内には燃料タンクが設けられ、主翼や尾翼のタンク間で燃料を移動させて機体の重心位置を制御するシステムが採用された。,A340とA300のうち、翼幅がより広いのは、どれなの?,A340,Lexical variation (world knowledge)
18118,286,エアバスA340,A340の主翼は完全に新設計となり、空力設計はブリティッシュ・エアロスペース社が担当した。空力的特性はA310の主翼のものを引き継ぎつつ、長距離飛行に適するよう修正が加えられた。A340とA330で最大離陸重量が同一だと仮定すると、4発機でエンジンの重量が分散されるA340の方が主翼の付け根にかかる負荷が小さくなり、強度的な余裕が生まれる。そこで、長距離向けで燃料を多く必要とするA340にのみ胴体内に燃料タンクが増設されたほか、重量増加に備えた降着装置の増設も行われ、A340とA330で主翼に必要な強度がほぼ等しくされた。A340/A330は主翼下にパイロンを介してエンジンを装備する方式であり、エンジンとそのカウリングの重量、位置、空力特性などが主翼の構造や空力形状の設定に深く影響するため、共通化には高い技術が求められた。エアバスは、コンピュータを用いた強度計算・空力設計と風洞実験を組み合わせることで翼型、翼厚比、取付角などを緻密に検討し、エンジン取付部を除いてA340とA330の主翼は実質的に共通化された。そのほか、設計当初から主翼の翼端には燃費性能を向上させるウィングレットが備えられた。A340の主翼の平面形は、A300と比べて翼幅、後退角、アスペクト比のいずれもが拡大された。主翼の後退角はこれまでのエアバス機で最も大きい30度となった。A340とA330では尾翼も共通化された。垂直尾翼はA310のものがほぼ流用され、生産の共通性が維持された。水平尾翼は新規設計となり、一次構造部材にも炭素繊維強化プラスチック(CFRP)が取り入れられた。A310と同様に水平安定板内には燃料タンクが設けられ、主翼や尾翼のタンク間で燃料を移動させて機体の重心位置を制御するシステムが採用された。,A340の主翼の空力設計を担当したのは、どの会社ですか?,ブリティッシュ・エアロスペース,Syntactic variation
18119,286,エアバスA340,A340の主翼は完全に新設計となり、空力設計はブリティッシュ・エアロスペース社が担当した。空力的特性はA310の主翼のものを引き継ぎつつ、長距離飛行に適するよう修正が加えられた。A340とA330で最大離陸重量が同一だと仮定すると、4発機でエンジンの重量が分散されるA340の方が主翼の付け根にかかる負荷が小さくなり、強度的な余裕が生まれる。そこで、長距離向けで燃料を多く必要とするA340にのみ胴体内に燃料タンクが増設されたほか、重量増加に備えた降着装置の増設も行われ、A340とA330で主翼に必要な強度がほぼ等しくされた。A340/A330は主翼下にパイロンを介してエンジンを装備する方式であり、エンジンとそのカウリングの重量、位置、空力特性などが主翼の構造や空力形状の設定に深く影響するため、共通化には高い技術が求められた。エアバスは、コンピュータを用いた強度計算・空力設計と風洞実験を組み合わせることで翼型、翼厚比、取付角などを緻密に検討し、エンジン取付部を除いてA340とA330の主翼は実質的に共通化された。そのほか、設計当初から主翼の翼端には燃費性能を向上させるウィングレットが備えられた。A340の主翼の平面形は、A300と比べて翼幅、後退角、アスペクト比のいずれもが拡大された。主翼の後退角はこれまでのエアバス機で最も大きい30度となった。A340とA330では尾翼も共通化された。垂直尾翼はA310のものがほぼ流用され、生産の共通性が維持された。水平尾翼は新規設計となり、一次構造部材にも炭素繊維強化プラスチック(CFRP)が取り入れられた。A310と同様に水平安定板内には燃料タンクが設けられ、主翼や尾翼のタンク間で燃料を移動させて機体の重心位置を制御するシステムが採用された。,A340とA330で最大離陸重量が同じであると仮定した時、主翼の付け根にかかる負荷がより小さいのは、どちらか?,A340,Syntactic variation
18120,286,エアバスA340,A340の主翼は完全に新設計となり、空力設計はブリティッシュ・エアロスペース社が担当した。空力的特性はA310の主翼のものを引き継ぎつつ、長距離飛行に適するよう修正が加えられた。A340とA330で最大離陸重量が同一だと仮定すると、4発機でエンジンの重量が分散されるA340の方が主翼の付け根にかかる負荷が小さくなり、強度的な余裕が生まれる。そこで、長距離向けで燃料を多く必要とするA340にのみ胴体内に燃料タンクが増設されたほか、重量増加に備えた降着装置の増設も行われ、A340とA330で主翼に必要な強度がほぼ等しくされた。A340/A330は主翼下にパイロンを介してエンジンを装備する方式であり、エンジンとそのカウリングの重量、位置、空力特性などが主翼の構造や空力形状の設定に深く影響するため、共通化には高い技術が求められた。エアバスは、コンピュータを用いた強度計算・空力設計と風洞実験を組み合わせることで翼型、翼厚比、取付角などを緻密に検討し、エンジン取付部を除いてA340とA330の主翼は実質的に共通化された。そのほか、設計当初から主翼の翼端には燃費性能を向上させるウィングレットが備えられた。A340の主翼の平面形は、A300と比べて翼幅、後退角、アスペクト比のいずれもが拡大された。主翼の後退角はこれまでのエアバス機で最も大きい30度となった。A340とA330では尾翼も共通化された。垂直尾翼はA310のものがほぼ流用され、生産の共通性が維持された。水平尾翼は新規設計となり、一次構造部材にも炭素繊維強化プラスチック(CFRP)が取り入れられた。A310と同様に水平安定板内には燃料タンクが設けられ、主翼や尾翼のタンク間で燃料を移動させて機体の重心位置を制御するシステムが採用された。,胴体内に燃料タンクが増設されなかったのは、A340とA330のうち、どれか?,A330,Lexical variation (world knowledge)
18121,287,エアバスA340,機体の大型化・重量増加に合わせて降着装置を強化するため、主脚が新たに設計され大型化したほか、胴体中央部に2輪式の中央脚がオプションで用意された。前脚については、主脚と比べて負荷が小さいため、製造の共通性やコスト抑制の観点などからA310のものが流用された。中央脚以外の降着装置はA340とA330とで共通化された。A340のエンジンには、英米日独伊5か国のエンジンメーカーによる国際合弁会社のインターナショナル・エアロ・エンジンズ(以下、IAE)社がV2500「スーパーファン」を提案していた。スーパーファンは、A320で採用されていたV2500エンジンのコアを用いつつ、減速ギアを介した大型ファンの駆動といった新技術の導入により非常に大きなバイパス比を実現し、燃費性能を15ないし20%も向上させるという画期的なエンジン構想であった。ただ、スーパーファン計画がIAE社から発表されたのは1986年7月で、型式名がA340と決まった段階では、試作機どころかモックアップすら存在しなかった。開発が始められたばかりのスーパーファンの採用を不安視する意見もあったが、ルフトハンザドイツ航空やノースウェスト航空などA340の発注を決めた航空会社は、その性能に期待をかけていた。しかし、心配されたとおり技術的課題を解決できず開発は行き詰まり、IAE社は1987年4月にスーパーファン構想の無期限延期を発表した。スーパーファンの開発が事実上打ち切られたことから、A340のエンジンは、A320で採用されていたもう1つのエンジンであるCFMインターナショナル(以下、CFMI)社のCFM56-5シリーズ1種類に絞られた。,インターナショナル・エアロ・エンジンズ社は、何か国のエンジンメーカーによる国際合併会社なの?,5か国,Syntactic variation
18122,287,エアバスA340,機体の大型化・重量増加に合わせて降着装置を強化するため、主脚が新たに設計され大型化したほか、胴体中央部に2輪式の中央脚がオプションで用意された。前脚については、主脚と比べて負荷が小さいため、製造の共通性やコスト抑制の観点などからA310のものが流用された。中央脚以外の降着装置はA340とA330とで共通化された。A340のエンジンには、英米日独伊5か国のエンジンメーカーによる国際合弁会社のインターナショナル・エアロ・エンジンズ(以下、IAE)社がV2500「スーパーファン」を提案していた。スーパーファンは、A320で採用されていたV2500エンジンのコアを用いつつ、減速ギアを介した大型ファンの駆動といった新技術の導入により非常に大きなバイパス比を実現し、燃費性能を15ないし20%も向上させるという画期的なエンジン構想であった。ただ、スーパーファン計画がIAE社から発表されたのは1986年7月で、型式名がA340と決まった段階では、試作機どころかモックアップすら存在しなかった。開発が始められたばかりのスーパーファンの採用を不安視する意見もあったが、ルフトハンザドイツ航空やノースウェスト航空などA340の発注を決めた航空会社は、その性能に期待をかけていた。しかし、心配されたとおり技術的課題を解決できず開発は行き詰まり、IAE社は1987年4月にスーパーファン構想の無期限延期を発表した。スーパーファンの開発が事実上打ち切られたことから、A340のエンジンは、A320で採用されていたもう1つのエンジンであるCFMインターナショナル(以下、CFMI)社のCFM56-5シリーズ1種類に絞られた。,A340とA330とで共通化されなかった降着装置とは、何ですか?,中央脚,Lexical variation (world knowledge)
18123,287,エアバスA340,機体の大型化・重量増加に合わせて降着装置を強化するため、主脚が新たに設計され大型化したほか、胴体中央部に2輪式の中央脚がオプションで用意された。前脚については、主脚と比べて負荷が小さいため、製造の共通性やコスト抑制の観点などからA310のものが流用された。中央脚以外の降着装置はA340とA330とで共通化された。A340のエンジンには、英米日独伊5か国のエンジンメーカーによる国際合弁会社のインターナショナル・エアロ・エンジンズ(以下、IAE)社がV2500「スーパーファン」を提案していた。スーパーファンは、A320で採用されていたV2500エンジンのコアを用いつつ、減速ギアを介した大型ファンの駆動といった新技術の導入により非常に大きなバイパス比を実現し、燃費性能を15ないし20%も向上させるという画期的なエンジン構想であった。ただ、スーパーファン計画がIAE社から発表されたのは1986年7月で、型式名がA340と決まった段階では、試作機どころかモックアップすら存在しなかった。開発が始められたばかりのスーパーファンの採用を不安視する意見もあったが、ルフトハンザドイツ航空やノースウェスト航空などA340の発注を決めた航空会社は、その性能に期待をかけていた。しかし、心配されたとおり技術的課題を解決できず開発は行き詰まり、IAE社は1987年4月にスーパーファン構想の無期限延期を発表した。スーパーファンの開発が事実上打ち切られたことから、A340のエンジンは、A320で採用されていたもう1つのエンジンであるCFMインターナショナル(以下、CFMI)社のCFM56-5シリーズ1種類に絞られた。,1987年4月に無期限延期と発表されたエンジンをA340のエンジンとして提案した会社は、何か国のエンジンメーカーにより構成されている会社か?,5か国,Multiple sentence reasoning
18124,287,エアバスA340,機体の大型化・重量増加に合わせて降着装置を強化するため、主脚が新たに設計され大型化したほか、胴体中央部に2輪式の中央脚がオプションで用意された。前脚については、主脚と比べて負荷が小さいため、製造の共通性やコスト抑制の観点などからA310のものが流用された。中央脚以外の降着装置はA340とA330とで共通化された。A340のエンジンには、英米日独伊5か国のエンジンメーカーによる国際合弁会社のインターナショナル・エアロ・エンジンズ(以下、IAE)社がV2500「スーパーファン」を提案していた。スーパーファンは、A320で採用されていたV2500エンジンのコアを用いつつ、減速ギアを介した大型ファンの駆動といった新技術の導入により非常に大きなバイパス比を実現し、燃費性能を15ないし20%も向上させるという画期的なエンジン構想であった。ただ、スーパーファン計画がIAE社から発表されたのは1986年7月で、型式名がA340と決まった段階では、試作機どころかモックアップすら存在しなかった。開発が始められたばかりのスーパーファンの採用を不安視する意見もあったが、ルフトハンザドイツ航空やノースウェスト航空などA340の発注を決めた航空会社は、その性能に期待をかけていた。しかし、心配されたとおり技術的課題を解決できず開発は行き詰まり、IAE社は1987年4月にスーパーファン構想の無期限延期を発表した。スーパーファンの開発が事実上打ち切られたことから、A340のエンジンは、A320で採用されていたもう1つのエンジンであるCFMインターナショナル(以下、CFMI)社のCFM56-5シリーズ1種類に絞られた。,スーパーファンとは、何で採用されたエンジンのコアを用いるものか?,A320,Syntactic variation
18125,288,エアバスA340,"A340の操縦系統には、エアバスがA320で実用化したシステムの発展形が用いられた。このシステムでは全ての操縦翼面にフライ・バイ・ワイヤ方式が導入され、A340はフライ・バイ・ワイヤ方式を用いた史上初のワイドボディ機となった。このシステムは基本的にA320のものと同じだが、A340の機体構造や性能に合わせた飛行特性が調整や改良が行われた。コックピットもA320と基本的な設計は同じで、6面のブラウン管ディスプレイに各種情報を表示するいわゆるグラスコックピットであり、従来の操縦桿の代わりにサイドスティックを用いるのもA320と同様である。A340のコックピット配置は、エンジンのスロットルレバーを除いてA330のものと事実上共通化された。エンジンの数とそれに伴う非常時の対処以外、A340とA330の操縦操作は基本的に同じであり、相互乗員資格(CrossCrewQualification,以下CCQ)と呼ばれる資格制度が認められた。これは、いずれかの機種の操縦資格を持つ操縦士は、短期間の訓練でもう一方の操縦資格を得られるという制度で、特にA340からA330への転換訓練は1日とされた。また、コックピットの配置が基本的に同じA320ファミリーとの間でもCCQが適用された。",操縦系統のシステムやコックピットの基本的なところにおいて、A340と同じであるのは、何ですか?,A320,Multiple sentence reasoning
18126,288,エアバスA340,"A340の操縦系統には、エアバスがA320で実用化したシステムの発展形が用いられた。このシステムでは全ての操縦翼面にフライ・バイ・ワイヤ方式が導入され、A340はフライ・バイ・ワイヤ方式を用いた史上初のワイドボディ機となった。このシステムは基本的にA320のものと同じだが、A340の機体構造や性能に合わせた飛行特性が調整や改良が行われた。コックピットもA320と基本的な設計は同じで、6面のブラウン管ディスプレイに各種情報を表示するいわゆるグラスコックピットであり、従来の操縦桿の代わりにサイドスティックを用いるのもA320と同様である。A340のコックピット配置は、エンジンのスロットルレバーを除いてA330のものと事実上共通化された。エンジンの数とそれに伴う非常時の対処以外、A340とA330の操縦操作は基本的に同じであり、相互乗員資格(CrossCrewQualification,以下CCQ)と呼ばれる資格制度が認められた。これは、いずれかの機種の操縦資格を持つ操縦士は、短期間の訓練でもう一方の操縦資格を得られるという制度で、特にA340からA330への転換訓練は1日とされた。また、コックピットの配置が基本的に同じA320ファミリーとの間でもCCQが適用された。",A330のほかに、A340との間で相互乗員資格制度が認められたのは、何か?,A320ファミリー,Multiple sentence reasoning
18127,288,エアバスA340,"A340の操縦系統には、エアバスがA320で実用化したシステムの発展形が用いられた。このシステムでは全ての操縦翼面にフライ・バイ・ワイヤ方式が導入され、A340はフライ・バイ・ワイヤ方式を用いた史上初のワイドボディ機となった。このシステムは基本的にA320のものと同じだが、A340の機体構造や性能に合わせた飛行特性が調整や改良が行われた。コックピットもA320と基本的な設計は同じで、6面のブラウン管ディスプレイに各種情報を表示するいわゆるグラスコックピットであり、従来の操縦桿の代わりにサイドスティックを用いるのもA320と同様である。A340のコックピット配置は、エンジンのスロットルレバーを除いてA330のものと事実上共通化された。エンジンの数とそれに伴う非常時の対処以外、A340とA330の操縦操作は基本的に同じであり、相互乗員資格(CrossCrewQualification,以下CCQ)と呼ばれる資格制度が認められた。これは、いずれかの機種の操縦資格を持つ操縦士は、短期間の訓練でもう一方の操縦資格を得られるという制度で、特にA340からA330への転換訓練は1日とされた。また、コックピットの配置が基本的に同じA320ファミリーとの間でもCCQが適用された。",コックピット配置において、A340がA330と異なるのは、何か?,エンジンのスロットルレバー,Lexical variation (world knowledge)
18128,289,エアバスA340,"A340とA330の開発作業では、試作機の製造もA340が先行した。A340の生産はそれまでのエアバス機と同様に国際分業体制がとられ、参加各国でパーツを分担して製造し、最終組み立てはフランスのトゥールーズで行われた。トゥールーズには新たな大型機A340/A330を組み立てるための施設が新設され、最終組み立て工程の一部にはロボットが導入された。生産においてもA340/A330の共通性は極めて高く、同一ライン上で両機の組み立てが行われた。A340の1号機はA340-300であり、1991年10月4日にトゥールーズで完成披露式典が行われ、その年の12月25日に初飛行した。A340-200の初号機となったのは通算4号機で、初飛行は1992年4月1日であった。飛行試験にはA340-300が4機、A340-200が2機の計6機が投入された。飛行試験ではいくつかの問題が見つかり、設計の修正が行われた。高速性を確認する試験では、計画値よりも大きな抵抗があることがわかった。原因調査によって主翼付け根側の第1スラットが関係することが判明し、このスラットの翼弦長を増やすことで解決が図られた。このため、主翼前縁はエンジンパイロンの取付部と内側のスラット部にわずかな段差がついた。また、飛行試験の1つである緩降下試験では、主翼でバフェットと呼ばれる振動が想定より強く表れ、目標速度としていたマッハ0.93に到達できなかった。原因を解析したところ、外側エンジンのパイロンで気流が乱れることでこの振動が発生し、主翼のねじれ変形が事前の想定よりも大きかったことで症状が悪化していることが分かった。この問題を解決するために、パイロン付近の主翼下面に気流を整える突起が追加され、後に最終的な対策として主翼のねじれ特性を改善するよう設計が変更された。問題への対処を行いつつ、1992年末までに延べ2,400時間、750回の試験飛行が行われた。1992年12月22日に欧州の合同航空当局(JointAviationAuthorities、以下JAA)からA340-200、-300の両型式に対する最初の型式証明が交付された。翌1993年2月2日に、A340-200の初引き渡しがルフトハンザ航空に対して行われた。続いて同月26日には、A340-300の初引き渡しがエールフランスに行われ、このときの機体はエアバスの生産機としてちょうど1,000機目でもあった。また、この年の5月27日には、米国の連邦航空局(FederalAviationAdministration、以下FAA)の型式証明も取得した。",A340の4号機の初飛行は、いつ?,1992年4月1日,Multiple sentence reasoning
18129,289,エアバスA340,"A340とA330の開発作業では、試作機の製造もA340が先行した。A340の生産はそれまでのエアバス機と同様に国際分業体制がとられ、参加各国でパーツを分担して製造し、最終組み立てはフランスのトゥールーズで行われた。トゥールーズには新たな大型機A340/A330を組み立てるための施設が新設され、最終組み立て工程の一部にはロボットが導入された。生産においてもA340/A330の共通性は極めて高く、同一ライン上で両機の組み立てが行われた。A340の1号機はA340-300であり、1991年10月4日にトゥールーズで完成披露式典が行われ、その年の12月25日に初飛行した。A340-200の初号機となったのは通算4号機で、初飛行は1992年4月1日であった。飛行試験にはA340-300が4機、A340-200が2機の計6機が投入された。飛行試験ではいくつかの問題が見つかり、設計の修正が行われた。高速性を確認する試験では、計画値よりも大きな抵抗があることがわかった。原因調査によって主翼付け根側の第1スラットが関係することが判明し、このスラットの翼弦長を増やすことで解決が図られた。このため、主翼前縁はエンジンパイロンの取付部と内側のスラット部にわずかな段差がついた。また、飛行試験の1つである緩降下試験では、主翼でバフェットと呼ばれる振動が想定より強く表れ、目標速度としていたマッハ0.93に到達できなかった。原因を解析したところ、外側エンジンのパイロンで気流が乱れることでこの振動が発生し、主翼のねじれ変形が事前の想定よりも大きかったことで症状が悪化していることが分かった。この問題を解決するために、パイロン付近の主翼下面に気流を整える突起が追加され、後に最終的な対策として主翼のねじれ特性を改善するよう設計が変更された。問題への対処を行いつつ、1992年末までに延べ2,400時間、750回の試験飛行が行われた。1992年12月22日に欧州の合同航空当局(JointAviationAuthorities、以下JAA)からA340-200、-300の両型式に対する最初の型式証明が交付された。翌1993年2月2日に、A340-200の初引き渡しがルフトハンザ航空に対して行われた。続いて同月26日には、A340-300の初引き渡しがエールフランスに行われ、このときの機体はエアバスの生産機としてちょうど1,000機目でもあった。また、この年の5月27日には、米国の連邦航空局(FederalAviationAdministration、以下FAA)の型式証明も取得した。",飛行試験に投入されたA340-300とA340-200のうち、その機数がより多いのは、どれか?,A340-300,Logical reasoning
18130,289,エアバスA340,"A340とA330の開発作業では、試作機の製造もA340が先行した。A340の生産はそれまでのエアバス機と同様に国際分業体制がとられ、参加各国でパーツを分担して製造し、最終組み立てはフランスのトゥールーズで行われた。トゥールーズには新たな大型機A340/A330を組み立てるための施設が新設され、最終組み立て工程の一部にはロボットが導入された。生産においてもA340/A330の共通性は極めて高く、同一ライン上で両機の組み立てが行われた。A340の1号機はA340-300であり、1991年10月4日にトゥールーズで完成披露式典が行われ、その年の12月25日に初飛行した。A340-200の初号機となったのは通算4号機で、初飛行は1992年4月1日であった。飛行試験にはA340-300が4機、A340-200が2機の計6機が投入された。飛行試験ではいくつかの問題が見つかり、設計の修正が行われた。高速性を確認する試験では、計画値よりも大きな抵抗があることがわかった。原因調査によって主翼付け根側の第1スラットが関係することが判明し、このスラットの翼弦長を増やすことで解決が図られた。このため、主翼前縁はエンジンパイロンの取付部と内側のスラット部にわずかな段差がついた。また、飛行試験の1つである緩降下試験では、主翼でバフェットと呼ばれる振動が想定より強く表れ、目標速度としていたマッハ0.93に到達できなかった。原因を解析したところ、外側エンジンのパイロンで気流が乱れることでこの振動が発生し、主翼のねじれ変形が事前の想定よりも大きかったことで症状が悪化していることが分かった。この問題を解決するために、パイロン付近の主翼下面に気流を整える突起が追加され、後に最終的な対策として主翼のねじれ特性を改善するよう設計が変更された。問題への対処を行いつつ、1992年末までに延べ2,400時間、750回の試験飛行が行われた。1992年12月22日に欧州の合同航空当局(JointAviationAuthorities、以下JAA)からA340-200、-300の両型式に対する最初の型式証明が交付された。翌1993年2月2日に、A340-200の初引き渡しがルフトハンザ航空に対して行われた。続いて同月26日には、A340-300の初引き渡しがエールフランスに行われ、このときの機体はエアバスの生産機としてちょうど1,000機目でもあった。また、この年の5月27日には、米国の連邦航空局(FederalAviationAdministration、以下FAA)の型式証明も取得した。",A340-200はどの航空会社に初めて引き渡されたのか?,ルフトハンザ航空,Lexical variation (world knowledge)
18131,289,エアバスA340,"A340とA330の開発作業では、試作機の製造もA340が先行した。A340の生産はそれまでのエアバス機と同様に国際分業体制がとられ、参加各国でパーツを分担して製造し、最終組み立てはフランスのトゥールーズで行われた。トゥールーズには新たな大型機A340/A330を組み立てるための施設が新設され、最終組み立て工程の一部にはロボットが導入された。生産においてもA340/A330の共通性は極めて高く、同一ライン上で両機の組み立てが行われた。A340の1号機はA340-300であり、1991年10月4日にトゥールーズで完成披露式典が行われ、その年の12月25日に初飛行した。A340-200の初号機となったのは通算4号機で、初飛行は1992年4月1日であった。飛行試験にはA340-300が4機、A340-200が2機の計6機が投入された。飛行試験ではいくつかの問題が見つかり、設計の修正が行われた。高速性を確認する試験では、計画値よりも大きな抵抗があることがわかった。原因調査によって主翼付け根側の第1スラットが関係することが判明し、このスラットの翼弦長を増やすことで解決が図られた。このため、主翼前縁はエンジンパイロンの取付部と内側のスラット部にわずかな段差がついた。また、飛行試験の1つである緩降下試験では、主翼でバフェットと呼ばれる振動が想定より強く表れ、目標速度としていたマッハ0.93に到達できなかった。原因を解析したところ、外側エンジンのパイロンで気流が乱れることでこの振動が発生し、主翼のねじれ変形が事前の想定よりも大きかったことで症状が悪化していることが分かった。この問題を解決するために、パイロン付近の主翼下面に気流を整える突起が追加され、後に最終的な対策として主翼のねじれ特性を改善するよう設計が変更された。問題への対処を行いつつ、1992年末までに延べ2,400時間、750回の試験飛行が行われた。1992年12月22日に欧州の合同航空当局(JointAviationAuthorities、以下JAA)からA340-200、-300の両型式に対する最初の型式証明が交付された。翌1993年2月2日に、A340-200の初引き渡しがルフトハンザ航空に対して行われた。続いて同月26日には、A340-300の初引き渡しがエールフランスに行われ、このときの機体はエアバスの生産機としてちょうど1,000機目でもあった。また、この年の5月27日には、米国の連邦航空局(FederalAviationAdministration、以下FAA)の型式証明も取得した。",A340-300とA340-200のうち、初引き渡しがより早かったのは、どちらか?,A340-200,Logical reasoning
18132,290,エアバスA340,A340-200の初就航は1993年3月15日、ルフトハンザ航空のフランクフルト-ニューヨーク線であった。同月29日には、エールフランスによって、パリとワシントンD.C.を結ぶ路線でA340-300が初就航した。1990年代には、A340の納入はおおむね年に20機から30機というペースで進められた。A340の運航会社は欧州の航空会社を中心に広がり、747ほどの収容力を必要としない長距離路線を中心に、747やDC-10の後継機として投入された。1995年7月までに欧州では、エールフランス、ルフトハンザ航空、オーストリア航空、TAPポルトガル航空、トルコ航空、ヴァージン・アトランティック航空がA340を導入していた。アジアで最初にA340を導入したのはエア・ランカ(後のスリランカ航空)で、キャセイパシフィック航空がそれに続いた。日本の航空会社では、1990年に全日本空輸が5機を発注していたが、1995年1月に機体の受領を2000年以降に延期することが発表され、最終的に注文はキャンセルされた。米国では、1992年にノースウェスト航空が経営状況の悪化によりA340の発注をキャンセルしており、その後もA340を導入する航空会社は現れなかった。その他の地域では、1995年7月までにモーリシャス航空、クウェート航空、バーレーンのガルフ・エア、そしてエア・カナダがA340を導入していた。エアバスは、A340-200/-300ともに最大離陸重量の段階的な引き上げを行い、航続力の向上が図られた。一方、A340のエンジン推力は最大でも151キロニュートンで、当時ライバルとされたマクドネル・ダグラスMD-11などと比べると余剰推力が小さく、上昇性能が劣っていた。A340の巡航速度はマッハ0.82でありマッハ0.85以上の巡航速度を持つ747やMD-11と比べて遅く、A340が就航するような長距離路線では、速度の遅さにより所要時間に大きな差がついた。また、これら複数の機種が混在して運航されている路線では、A340が747やMD-11に追いつかれるケースが頻発し、航空会社からクレームが続出したことで、巡航速度に応じて飛行ルートを分離する措置がとられた。,A340-300とA340-200のうち、初就航がより早かったのは、どちらか?,A340-200,Logical reasoning
18133,290,エアバスA340,A340-200の初就航は1993年3月15日、ルフトハンザ航空のフランクフルト-ニューヨーク線であった。同月29日には、エールフランスによって、パリとワシントンD.C.を結ぶ路線でA340-300が初就航した。1990年代には、A340の納入はおおむね年に20機から30機というペースで進められた。A340の運航会社は欧州の航空会社を中心に広がり、747ほどの収容力を必要としない長距離路線を中心に、747やDC-10の後継機として投入された。1995年7月までに欧州では、エールフランス、ルフトハンザ航空、オーストリア航空、TAPポルトガル航空、トルコ航空、ヴァージン・アトランティック航空がA340を導入していた。アジアで最初にA340を導入したのはエア・ランカ(後のスリランカ航空)で、キャセイパシフィック航空がそれに続いた。日本の航空会社では、1990年に全日本空輸が5機を発注していたが、1995年1月に機体の受領を2000年以降に延期することが発表され、最終的に注文はキャンセルされた。米国では、1992年にノースウェスト航空が経営状況の悪化によりA340の発注をキャンセルしており、その後もA340を導入する航空会社は現れなかった。その他の地域では、1995年7月までにモーリシャス航空、クウェート航空、バーレーンのガルフ・エア、そしてエア・カナダがA340を導入していた。エアバスは、A340-200/-300ともに最大離陸重量の段階的な引き上げを行い、航続力の向上が図られた。一方、A340のエンジン推力は最大でも151キロニュートンで、当時ライバルとされたマクドネル・ダグラスMD-11などと比べると余剰推力が小さく、上昇性能が劣っていた。A340の巡航速度はマッハ0.82でありマッハ0.85以上の巡航速度を持つ747やMD-11と比べて遅く、A340が就航するような長距離路線では、速度の遅さにより所要時間に大きな差がついた。また、これら複数の機種が混在して運航されている路線では、A340が747やMD-11に追いつかれるケースが頻発し、航空会社からクレームが続出したことで、巡航速度に応じて飛行ルートを分離する措置がとられた。,アジアで二番目にA340を導入したのは、どの航空会社なの?,キャセイパシフィック航空,Logical reasoning
18134,290,エアバスA340,A340-200の初就航は1993年3月15日、ルフトハンザ航空のフランクフルト-ニューヨーク線であった。同月29日には、エールフランスによって、パリとワシントンD.C.を結ぶ路線でA340-300が初就航した。1990年代には、A340の納入はおおむね年に20機から30機というペースで進められた。A340の運航会社は欧州の航空会社を中心に広がり、747ほどの収容力を必要としない長距離路線を中心に、747やDC-10の後継機として投入された。1995年7月までに欧州では、エールフランス、ルフトハンザ航空、オーストリア航空、TAPポルトガル航空、トルコ航空、ヴァージン・アトランティック航空がA340を導入していた。アジアで最初にA340を導入したのはエア・ランカ(後のスリランカ航空)で、キャセイパシフィック航空がそれに続いた。日本の航空会社では、1990年に全日本空輸が5機を発注していたが、1995年1月に機体の受領を2000年以降に延期することが発表され、最終的に注文はキャンセルされた。米国では、1992年にノースウェスト航空が経営状況の悪化によりA340の発注をキャンセルしており、その後もA340を導入する航空会社は現れなかった。その他の地域では、1995年7月までにモーリシャス航空、クウェート航空、バーレーンのガルフ・エア、そしてエア・カナダがA340を導入していた。エアバスは、A340-200/-300ともに最大離陸重量の段階的な引き上げを行い、航続力の向上が図られた。一方、A340のエンジン推力は最大でも151キロニュートンで、当時ライバルとされたマクドネル・ダグラスMD-11などと比べると余剰推力が小さく、上昇性能が劣っていた。A340の巡航速度はマッハ0.82でありマッハ0.85以上の巡航速度を持つ747やMD-11と比べて遅く、A340が就航するような長距離路線では、速度の遅さにより所要時間に大きな差がついた。また、これら複数の機種が混在して運航されている路線では、A340が747やMD-11に追いつかれるケースが頻発し、航空会社からクレームが続出したことで、巡航速度に応じて飛行ルートを分離する措置がとられた。,日本以外に、自国の航空会社がA340の注文を取り下げたのは、どの国ですか?,米国,Lexical variation (world knowledge)
18135,290,エアバスA340,A340-200の初就航は1993年3月15日、ルフトハンザ航空のフランクフルト-ニューヨーク線であった。同月29日には、エールフランスによって、パリとワシントンD.C.を結ぶ路線でA340-300が初就航した。1990年代には、A340の納入はおおむね年に20機から30機というペースで進められた。A340の運航会社は欧州の航空会社を中心に広がり、747ほどの収容力を必要としない長距離路線を中心に、747やDC-10の後継機として投入された。1995年7月までに欧州では、エールフランス、ルフトハンザ航空、オーストリア航空、TAPポルトガル航空、トルコ航空、ヴァージン・アトランティック航空がA340を導入していた。アジアで最初にA340を導入したのはエア・ランカ(後のスリランカ航空)で、キャセイパシフィック航空がそれに続いた。日本の航空会社では、1990年に全日本空輸が5機を発注していたが、1995年1月に機体の受領を2000年以降に延期することが発表され、最終的に注文はキャンセルされた。米国では、1992年にノースウェスト航空が経営状況の悪化によりA340の発注をキャンセルしており、その後もA340を導入する航空会社は現れなかった。その他の地域では、1995年7月までにモーリシャス航空、クウェート航空、バーレーンのガルフ・エア、そしてエア・カナダがA340を導入していた。エアバスは、A340-200/-300ともに最大離陸重量の段階的な引き上げを行い、航続力の向上が図られた。一方、A340のエンジン推力は最大でも151キロニュートンで、当時ライバルとされたマクドネル・ダグラスMD-11などと比べると余剰推力が小さく、上昇性能が劣っていた。A340の巡航速度はマッハ0.82でありマッハ0.85以上の巡航速度を持つ747やMD-11と比べて遅く、A340が就航するような長距離路線では、速度の遅さにより所要時間に大きな差がついた。また、これら複数の機種が混在して運航されている路線では、A340が747やMD-11に追いつかれるケースが頻発し、航空会社からクレームが続出したことで、巡航速度に応じて飛行ルートを分離する措置がとられた。,A340と747、MD-11のうち、同じ距離の長距離路線を就航すると仮定したとき、所要時間が最も長いのは、どれか?,A340,Logical reasoning
18136,291,エアバスA340,"姉妹機のA330は、A340から約1年遅れて1992年11月に初飛行に成功し、1993年10月に型式証明を取得して1994年1月に初就航していた。長距離は4発機、短中距離は双発機という棲み分けを提示したエアバスだが、航空会社はより航続距離が長い双発機を求めるようになっていた。1995年6月には、ボーイングによって開発された新型の双発ワイドボディ機777が路線就航を開始した777は双発ながら優れた航続性能を持ち、A340-200に匹敵する14,000キロメートルという航続力を持つ発展型の登場も予定されていた777は双発ながら優れた航続性能を持ち、A340-200に匹敵する14,000キロメートルという航続力を持つ発展型の登場も予定されていた。1995年11月にはエアバスも双発のA330の胴体を短縮して軽量化し、その分燃料搭載量を増やすことで航続性能の向上を図るA330-200の開発を決定した。また、ETOPS制度の拡充により双発機の運航可能範囲が拡大し、双発機がA340の市場を侵食しつつあった。このような状況で、エアバスは777に対抗でき、747初期型の後継需要も狙える機体として、A340の一層の大型化・長距離化を検討し、1996年4月に本格的な研究作業を開始した。詳細設計を続けたエアバスは、超長距離型のA340-500ならびに長胴型のA340-600を開発することを決断し、1997年6月15日にパリ航空ショーにおいて正式発表した。第2世代となる2モデルの機体案は、A340-500はA340-300と同等の収容力で、A340-200以上の航続距離を持たせ、A340-600はA340-300と同等の航続力を維持しつつ、客席数を3割程度増加させるとのものだった。",A340-500とA340-600の開発が正式に発表されたのは、いつですか?,1997年6月15日,Lexical variation (world knowledge)
18137,291,エアバスA340,"姉妹機のA330は、A340から約1年遅れて1992年11月に初飛行に成功し、1993年10月に型式証明を取得して1994年1月に初就航していた。長距離は4発機、短中距離は双発機という棲み分けを提示したエアバスだが、航空会社はより航続距離が長い双発機を求めるようになっていた。1995年6月には、ボーイングによって開発された新型の双発ワイドボディ機777が路線就航を開始した777は双発ながら優れた航続性能を持ち、A340-200に匹敵する14,000キロメートルという航続力を持つ発展型の登場も予定されていた777は双発ながら優れた航続性能を持ち、A340-200に匹敵する14,000キロメートルという航続力を持つ発展型の登場も予定されていた。1995年11月にはエアバスも双発のA330の胴体を短縮して軽量化し、その分燃料搭載量を増やすことで航続性能の向上を図るA330-200の開発を決定した。また、ETOPS制度の拡充により双発機の運航可能範囲が拡大し、双発機がA340の市場を侵食しつつあった。このような状況で、エアバスは777に対抗でき、747初期型の後継需要も狙える機体として、A340の一層の大型化・長距離化を検討し、1996年4月に本格的な研究作業を開始した。詳細設計を続けたエアバスは、超長距離型のA340-500ならびに長胴型のA340-600を開発することを決断し、1997年6月15日にパリ航空ショーにおいて正式発表した。第2世代となる2モデルの機体案は、A340-500はA340-300と同等の収容力で、A340-200以上の航続距離を持たせ、A340-600はA340-300と同等の航続力を維持しつつ、客席数を3割程度増加させるとのものだった。",A340-500とA340-600のうち、より多い客席を持っているのは、何か?,A340-600,Logical reasoning
18138,291,エアバスA340,"姉妹機のA330は、A340から約1年遅れて1992年11月に初飛行に成功し、1993年10月に型式証明を取得して1994年1月に初就航していた。長距離は4発機、短中距離は双発機という棲み分けを提示したエアバスだが、航空会社はより航続距離が長い双発機を求めるようになっていた。1995年6月には、ボーイングによって開発された新型の双発ワイドボディ機777が路線就航を開始した777は双発ながら優れた航続性能を持ち、A340-200に匹敵する14,000キロメートルという航続力を持つ発展型の登場も予定されていた777は双発ながら優れた航続性能を持ち、A340-200に匹敵する14,000キロメートルという航続力を持つ発展型の登場も予定されていた。1995年11月にはエアバスも双発のA330の胴体を短縮して軽量化し、その分燃料搭載量を増やすことで航続性能の向上を図るA330-200の開発を決定した。また、ETOPS制度の拡充により双発機の運航可能範囲が拡大し、双発機がA340の市場を侵食しつつあった。このような状況で、エアバスは777に対抗でき、747初期型の後継需要も狙える機体として、A340の一層の大型化・長距離化を検討し、1996年4月に本格的な研究作業を開始した。詳細設計を続けたエアバスは、超長距離型のA340-500ならびに長胴型のA340-600を開発することを決断し、1997年6月15日にパリ航空ショーにおいて正式発表した。第2世代となる2モデルの機体案は、A340-500はA340-300と同等の収容力で、A340-200以上の航続距離を持たせ、A340-600はA340-300と同等の航続力を維持しつつ、客席数を3割程度増加させるとのものだった。",A340-500とA340-200のうち、より遠くまで飛べるのは、何か?,A340-500,Lexical variation (world knowledge)
18139,292,ヨークシャー,"ヨークシャー(Yorkshire英[ˈjɔːkʃə]、米[ˈjɔɚkʃiɚ])は、イングランドの北部にある地方である。
一地方としてはイングランドで最大の面積をもち、様々な固有の文化を持っている。
「ヨークシャー」という地方概念が確立されたのは9世紀に遡り、単一の地方としては、イギリスで最大の面積をもつ。
面積はおおよそ1万5000km2で、おおむね日本の岩手県と等しい。
面積比では「ヨークシャー」はイングランドの国土の約12%を占めている。
この割合を日本に当てはめると九州全域と四国の半分を合わせたものに相当する。
ヨークシャーの人口規模(約530万・2011年現在)はアイルランド、デンマーク、ノルウェー、フィンランド、ニュージーランドなどの国家に匹敵し、アメリカの14の州よりも多い。",イングランドで最も大きい地方とはどこ?,ヨークシャー,Lexical variation (synonymy)
18140,292,ヨークシャー,"ヨークシャー(Yorkshire英[ˈjɔːkʃə]、米[ˈjɔɚkʃiɚ])は、イングランドの北部にある地方である。
一地方としてはイングランドで最大の面積をもち、様々な固有の文化を持っている。
「ヨークシャー」という地方概念が確立されたのは9世紀に遡り、単一の地方としては、イギリスで最大の面積をもつ。
面積はおおよそ1万5000km2で、おおむね日本の岩手県と等しい。
面積比では「ヨークシャー」はイングランドの国土の約12%を占めている。
この割合を日本に当てはめると九州全域と四国の半分を合わせたものに相当する。
ヨークシャーの人口規模(約530万・2011年現在)はアイルランド、デンマーク、ノルウェー、フィンランド、ニュージーランドなどの国家に匹敵し、アメリカの14の州よりも多い。",ヨークシャーの面積は?,おおよそ1万5000km2,Multiple sentence reasoning
18141,292,ヨークシャー,"ヨークシャー(Yorkshire英[ˈjɔːkʃə]、米[ˈjɔɚkʃiɚ])は、イングランドの北部にある地方である。
一地方としてはイングランドで最大の面積をもち、様々な固有の文化を持っている。
「ヨークシャー」という地方概念が確立されたのは9世紀に遡り、単一の地方としては、イギリスで最大の面積をもつ。
面積はおおよそ1万5000km2で、おおむね日本の岩手県と等しい。
面積比では「ヨークシャー」はイングランドの国土の約12%を占めている。
この割合を日本に当てはめると九州全域と四国の半分を合わせたものに相当する。
ヨークシャーの人口規模(約530万・2011年現在)はアイルランド、デンマーク、ノルウェー、フィンランド、ニュージーランドなどの国家に匹敵し、アメリカの14の州よりも多い。",2011年のヨークシャーの人口規模は?,約530万,Lexical variation (synonymy)
18142,293,ヨークシャー,"一般的に、ヨーク地方は、自然が豊かな地域とみなされている。
広大で、大都市のまわりにも、昔のままのカントリーサイドの風景が残されている。
ヨークシャー・デイルズ(YorkshireDales)やノース・ヨーク・ムーア(NorthYorkMoors)がその典型である。
ヨーク地方はしばしば「神の恵みの土地(God'sOwnCountry)」と称される。
ヨークシャーの紋章は「ヨークの白薔薇(WhiteRoseofYork)」である。
これはかつてのヨーク王家の紋章であり、青地に白薔薇の旗がヨークシャーの旗としてよく使われている。
この旗は50年ほど使われてきたが、2008年7月29日に正式化された。
1975年以来、毎年8月1日は、ヨーク地方の歴史、文化、方言を記念した「ヨークシャーの日(YorkshireDay)」となっている。",「ヨークの白薔薇」が正式化したのはいつ?,2008年7月29日,Multiple sentence reasoning
18143,293,ヨークシャー,"一般的に、ヨーク地方は、自然が豊かな地域とみなされている。
広大で、大都市のまわりにも、昔のままのカントリーサイドの風景が残されている。
ヨークシャー・デイルズ(YorkshireDales)やノース・ヨーク・ムーア(NorthYorkMoors)がその典型である。
ヨーク地方はしばしば「神の恵みの土地(God'sOwnCountry)」と称される。
ヨークシャーの紋章は「ヨークの白薔薇(WhiteRoseofYork)」である。
これはかつてのヨーク王家の紋章であり、青地に白薔薇の旗がヨークシャーの旗としてよく使われている。
この旗は50年ほど使われてきたが、2008年7月29日に正式化された。
1975年以来、毎年8月1日は、ヨーク地方の歴史、文化、方言を記念した「ヨークシャーの日(YorkshireDay)」となっている。",「ヨークシャーの日」は何月何日?,8月1日,Syntactic variation
18144,294,ヨークシャー,"イギリスでは急増する人口と食糧問題に対処するため、1801年に人口調査が行われた。
上表は2001年に人口統計200年を記念してイギリスの国家統計局から発表されたデータである。
はっきりした数字がわかっている1831年以降、ヨーク地方の面積は概ね390万エーカー(約15800km2)弱で推移している。
その間、1844年の区割り変更(Counties(DetachedParts)Act1844)でクレイク村(Crayke)を北ヨーク地方へ編入したことで面積が増えている。
1970年代の大改革でヨーク地方からハンバーサイドが分割されるなどしたため、1971年と1981年の間で大きく面積が減少している。
そのため単純比較は難しいが、国家統計局では200年の間にヨーク地方の人口は約5倍になったと結論づけている。",人口統計200年を記念した年とは?,2001年,Syntactic variation
18145,294,ヨークシャー,"イギリスでは急増する人口と食糧問題に対処するため、1801年に人口調査が行われた。
上表は2001年に人口統計200年を記念してイギリスの国家統計局から発表されたデータである。
はっきりした数字がわかっている1831年以降、ヨーク地方の面積は概ね390万エーカー(約15800km2)弱で推移している。
その間、1844年の区割り変更(Counties(DetachedParts)Act1844)でクレイク村(Crayke)を北ヨーク地方へ編入したことで面積が増えている。
1970年代の大改革でヨーク地方からハンバーサイドが分割されるなどしたため、1971年と1981年の間で大きく面積が減少している。
そのため単純比較は難しいが、国家統計局では200年の間にヨーク地方の人口は約5倍になったと結論づけている。",1831年以降でヨーク地方の面積が増えた年とは?,1844年,Multiple sentence reasoning
18146,295,ヨークシャー,"イングランドでは、西からの湿った卓越風がペナイン山脈にあたって、山脈の西側や中央部でたくさんの雨を降らせる。
そのあと、乾いて高温の下降気流となってヨーク地方のある東部へ降りてくる。
このため、一般に寒冷・湿潤なイングランドのなかでも、ヨーク地方は比較的高温で乾燥している。
温暖湿潤なイングランド南部に比べると農耕に適さない一方、鉱産資源には富む。
農耕に適したイングランド南部は古くから交易が盛んで文化が多様に変化・発達したのに比べると、北部のヨーク地方では古い文化がそのまま長く維持された。",イングランド南部とヨーク地方はどちらが農耕に不適だったの?,ヨーク地方,Lexical variation (world knowledge)
18147,295,ヨークシャー,"イングランドでは、西からの湿った卓越風がペナイン山脈にあたって、山脈の西側や中央部でたくさんの雨を降らせる。
そのあと、乾いて高温の下降気流となってヨーク地方のある東部へ降りてくる。
このため、一般に寒冷・湿潤なイングランドのなかでも、ヨーク地方は比較的高温で乾燥している。
温暖湿潤なイングランド南部に比べると農耕に適さない一方、鉱産資源には富む。
農耕に適したイングランド南部は古くから交易が盛んで文化が多様に変化・発達したのに比べると、北部のヨーク地方では古い文化がそのまま長く維持された。",鉱産資源が豊富な地方はどこ?,ヨーク地方,Multiple sentence reasoning
18148,296,ヨークシャー,"ヨーク地方には数多くの「デイル」地域がある。
特にヨーク地方西部のペナイン山脈一帯は広範囲に及ぶ「デイル」地域で、「ヨークシャー・デイル」(YorkshireDales)と呼ばれている。
ヨークシャー・デイルには数多くの川があり、川毎に流域が「デイル」と呼ばれている。
たとえばスウェイル川(RiverSwale)の流域は「スウェイルデイル(Swaledale)」といった具合である。
スウェイルデイルはイギリスの田園風景の保全活動の最初のモデルになった地域であり、ヨーク地方を代表する「デイル」である。",スウェイルデイルに流れている川の名は?,スウェイル川,Lexical variation (synonymy)
18149,297,ヨークシャー,"古典的な「ヨーク地方」の範囲と、その下位区分である「ライディング」の境界は、主に川によって定められていた。
ヨーク地方の南限はハンバー川で、「東ライディング」と「北ライディング」の境界はダーウェント川だった。
「西ライディング」と「北ライディング」の境界はウーズ川と、ユア川・ニッド川の分水界だった。
ヨーク地方を流れる川のほとんどはウーズ川を経てハンバーに注いでいる。
このほかの主な川は、ティーズ川、エスク川、ハル川である。
ヨーク地方の河川は各地で水路によって連結されている。
ペナイン山脈の西側では、リブル川(RiverRibble)が西のアイルランド海に向かって流れ、ランカシャーのリザムセントアンズ(LythamStAnnes)で海に出ている。",「東ライディング」と「北ライディング」の境目となる川は何?,ダーウェント川,Lexical variation (synonymy)
18150,297,ヨークシャー,"古典的な「ヨーク地方」の範囲と、その下位区分である「ライディング」の境界は、主に川によって定められていた。
ヨーク地方の南限はハンバー川で、「東ライディング」と「北ライディング」の境界はダーウェント川だった。
「西ライディング」と「北ライディング」の境界はウーズ川と、ユア川・ニッド川の分水界だった。
ヨーク地方を流れる川のほとんどはウーズ川を経てハンバーに注いでいる。
このほかの主な川は、ティーズ川、エスク川、ハル川である。
ヨーク地方の河川は各地で水路によって連結されている。
ペナイン山脈の西側では、リブル川(RiverRibble)が西のアイルランド海に向かって流れ、ランカシャーのリザムセントアンズ(LythamStAnnes)で海に出ている。",ヨーク地方を流れる川の大半は、どの川に繋がっているの?,ハンバー,Lexical variation (synonymy)
18151,298,ヨークシャー,"北から来るウーズ川(RiverOuse)と、南から来るトレント川の合流地点より下流側の水域をハンバー川(HumberまたはHumberEstuary)と呼んでいる。
ハンバー川は伝統的なヨーク地方の南限を区切る水域で、「川」というよりは巨大な三角江である。
ハンバー川に面する都市ハルのあたりで川幅は2.5kmほどあり、「河口」に相当する北海沿岸ではその4倍ほどの幅に広がっている。
1981年に架けられたハンバー橋(HumberBridge)は全長約2.2kmあり、完成当時は世界最長の吊り橋だった。
1998年に日本の明石海峡大橋が完成し、これを上回るものとなった。
「ハンバー(Humber)」というのは古代西ゲルマン語の方言と考えられているが、その意味はわかっていない。
中世初期にブリタニアに侵入したアングロ・サクソン人は、ハンバー川より北の地域を「Norðhymbre(NorthofHumberの意味)」と呼び、これが「ノーサンブリア(Northumbria)」という地名になった。",ハンバー川の川幅が広いのは、都市ハルのあたりと北海沿岸のどちらですか?,北海沿岸,Logical reasoning
18152,298,ヨークシャー,"北から来るウーズ川(RiverOuse)と、南から来るトレント川の合流地点より下流側の水域をハンバー川(HumberまたはHumberEstuary)と呼んでいる。
ハンバー川は伝統的なヨーク地方の南限を区切る水域で、「川」というよりは巨大な三角江である。
ハンバー川に面する都市ハルのあたりで川幅は2.5kmほどあり、「河口」に相当する北海沿岸ではその4倍ほどの幅に広がっている。
1981年に架けられたハンバー橋(HumberBridge)は全長約2.2kmあり、完成当時は世界最長の吊り橋だった。
1998年に日本の明石海峡大橋が完成し、これを上回るものとなった。
「ハンバー(Humber)」というのは古代西ゲルマン語の方言と考えられているが、その意味はわかっていない。
中世初期にブリタニアに侵入したアングロ・サクソン人は、ハンバー川より北の地域を「Norðhymbre(NorthofHumberの意味)」と呼び、これが「ノーサンブリア(Northumbria)」という地名になった。",ハンバー橋と明石海峡大橋はどちらが長いですか?,明石海峡大橋,Logical reasoning
18153,298,ヨークシャー,"北から来るウーズ川(RiverOuse)と、南から来るトレント川の合流地点より下流側の水域をハンバー川(HumberまたはHumberEstuary)と呼んでいる。
ハンバー川は伝統的なヨーク地方の南限を区切る水域で、「川」というよりは巨大な三角江である。
ハンバー川に面する都市ハルのあたりで川幅は2.5kmほどあり、「河口」に相当する北海沿岸ではその4倍ほどの幅に広がっている。
1981年に架けられたハンバー橋(HumberBridge)は全長約2.2kmあり、完成当時は世界最長の吊り橋だった。
1998年に日本の明石海峡大橋が完成し、これを上回るものとなった。
「ハンバー(Humber)」というのは古代西ゲルマン語の方言と考えられているが、その意味はわかっていない。
中世初期にブリタニアに侵入したアングロ・サクソン人は、ハンバー川より北の地域を「Norðhymbre(NorthofHumberの意味)」と呼び、これが「ノーサンブリア(Northumbria)」という地名になった。",ハンバー橋と明石海峡大橋はどちらが遅く作られたの?,明石海峡大橋,Logical reasoning
18154,298,ヨークシャー,"北から来るウーズ川(RiverOuse)と、南から来るトレント川の合流地点より下流側の水域をハンバー川(HumberまたはHumberEstuary)と呼んでいる。
ハンバー川は伝統的なヨーク地方の南限を区切る水域で、「川」というよりは巨大な三角江である。
ハンバー川に面する都市ハルのあたりで川幅は2.5kmほどあり、「河口」に相当する北海沿岸ではその4倍ほどの幅に広がっている。
1981年に架けられたハンバー橋(HumberBridge)は全長約2.2kmあり、完成当時は世界最長の吊り橋だった。
1998年に日本の明石海峡大橋が完成し、これを上回るものとなった。
「ハンバー(Humber)」というのは古代西ゲルマン語の方言と考えられているが、その意味はわかっていない。
中世初期にブリタニアに侵入したアングロ・サクソン人は、ハンバー川より北の地域を「Norðhymbre(NorthofHumberの意味)」と呼び、これが「ノーサンブリア(Northumbria)」という地名になった。",「Norðhymbre」と呼んでいた人々は誰ですか?,アングロ・サクソン人,Lexical variation (synonymy)
18155,299,ヨークシャー,"西部・中央部の河川の多くはウーズ川(RiverOuse)の支流で、ウーズ川はハンバー川(HumberEstuary)を経て北海に注ぐ。
ウーズ川の北部はユア川(RiverUre)と呼ばれている。
ユア川はウーズ川の各支流のなかで最も水量が多い川で、アエガスの滝(AysgarthFalls)などでも知られている。
上流はウェンズレー谷(ウェンズレーデイル)(Wensleydale)と呼ばれており、特産のウェンズリーデールチーズ(Wensleydalecheese)でよく知られている。
ユア川はバラブリッジの町(Boroughbridge)で北から流れてきたスウェイル川を合わせ、グレートウーズバーン村(GreatOuseburn)の近くでウーズ沢(OuseGillBeck)が合流する。
ここから下流側をウーズ川と名前が変わる。",ウェンズリーデールチーズの産地はどこ?,ウェンズレー谷,Lexical variation (world knowledge)
18156,299,ヨークシャー,"西部・中央部の河川の多くはウーズ川(RiverOuse)の支流で、ウーズ川はハンバー川(HumberEstuary)を経て北海に注ぐ。
ウーズ川の北部はユア川(RiverUre)と呼ばれている。
ユア川はウーズ川の各支流のなかで最も水量が多い川で、アエガスの滝(AysgarthFalls)などでも知られている。
上流はウェンズレー谷(ウェンズレーデイル)(Wensleydale)と呼ばれており、特産のウェンズリーデールチーズ(Wensleydalecheese)でよく知られている。
ユア川はバラブリッジの町(Boroughbridge)で北から流れてきたスウェイル川を合わせ、グレートウーズバーン村(GreatOuseburn)の近くでウーズ沢(OuseGillBeck)が合流する。
ここから下流側をウーズ川と名前が変わる。",ウーズ川の支流の中で、最多水量である川とは?,ユア川,Lexical variation (synonymy)
18157,299,ヨークシャー,"西部・中央部の河川の多くはウーズ川(RiverOuse)の支流で、ウーズ川はハンバー川(HumberEstuary)を経て北海に注ぐ。
ウーズ川の北部はユア川(RiverUre)と呼ばれている。
ユア川はウーズ川の各支流のなかで最も水量が多い川で、アエガスの滝(AysgarthFalls)などでも知られている。
上流はウェンズレー谷(ウェンズレーデイル)(Wensleydale)と呼ばれており、特産のウェンズリーデールチーズ(Wensleydalecheese)でよく知られている。
ユア川はバラブリッジの町(Boroughbridge)で北から流れてきたスウェイル川を合わせ、グレートウーズバーン村(GreatOuseburn)の近くでウーズ沢(OuseGillBeck)が合流する。
ここから下流側をウーズ川と名前が変わる。",ユア川の本流は何?,ウーズ川,Lexical variation (world knowledge)
18158,300,ヨークシャー,"スウェイル川(RiverSwale)は水系のなかでも最も北を流れている。
源流は北ヨーク地方のケルド(Keld)にあるバークデイル(Birkdale)に発する。
そこから東へ流れ、北ヨーク地方の代表都市リッチモンド(Richmond)に至る。
これらの地域は「スウェイル谷(スウェイルデイル、(Swaledale))」と呼ばれている。
そのあと南へ転じ、モウブレイ低地(ValeofMowbray)を蛇行してユア川に注ぐ。",スウェイル川の水源地はどこ?,バークデイル,Lexical variation (world knowledge)
18159,300,ヨークシャー,"スウェイル川(RiverSwale)は水系のなかでも最も北を流れている。
源流は北ヨーク地方のケルド(Keld)にあるバークデイル(Birkdale)に発する。
そこから東へ流れ、北ヨーク地方の代表都市リッチモンド(Richmond)に至る。
これらの地域は「スウェイル谷(スウェイルデイル、(Swaledale))」と呼ばれている。
そのあと南へ転じ、モウブレイ低地(ValeofMowbray)を蛇行してユア川に注ぐ。",スウェイル川が流れつく都市はどこ?,リッチモンド,Multiple sentence reasoning
18160,301,ヨークシャー,"ニッド川(RiverNidd)はヨークシャー渓谷国立公園(YorkshireDalesNationalPark)の端部に発する。
流域はニダー谷(ニダーデイル、(Nidderdale))と呼ばれており、昔のままの景観を残した観光地となっている。
川の上流付近からは水路が分岐してブラッドフォードで利用されているため、ニッド川の本流は水量が少なく、大雨の時しか水位が上がらない。",ニッド川流域の呼称とは?,ニダー谷,Lexical variation (world knowledge)
18161,301,ヨークシャー,"ニッド川(RiverNidd)はヨークシャー渓谷国立公園(YorkshireDalesNationalPark)の端部に発する。
流域はニダー谷(ニダーデイル、(Nidderdale))と呼ばれており、昔のままの景観を残した観光地となっている。
川の上流付近からは水路が分岐してブラッドフォードで利用されているため、ニッド川の本流は水量が少なく、大雨の時しか水位が上がらない。",ニッド川の水を利用している都市はどこ?,ブラッドフォード,Multiple sentence reasoning
18162,302,ヨークシャー,"ワーフ川(RiverWharfe)はヨーク地方で最も流れが速い川の一つである。
流域はワーフ谷(ワーフデイル、(Wharfedale))と呼ばれている。
タドカスター(Tadcaster)を経て、カーウッド村(Cawood)の手前でウーズ川に合流する。",ワーフ谷に流れている川の名は?,ワーフ川,Multiple sentence reasoning
18163,303,ヨークシャー,"エア川(RiverAire)とその支流のカルダー川(RiverCalder)はウーズ川水系の中でも南方を流れている。
エア川はペナイン山脈のマルヘム池(MalhamTarn)に発し、エアギャップ(AireGap)という断層の谷を流れてくる。
エア川の源流は砂岩地域の泥炭層で、石灰岩地帯を経由しないために水が軟水になっており、それが流域の毛織物産業の発達につながった。
中流にはヨーク地方の最大都市で羊毛産業の中心地として栄えたリーズがあり、リーズ・リヴァプール運河(LeedsandLiverpoolCanal)が並走している。",リーズはエア川のどの部分に位置しているの?,中流,Multiple sentence reasoning
18164,303,ヨークシャー,"エア川(RiverAire)とその支流のカルダー川(RiverCalder)はウーズ川水系の中でも南方を流れている。
エア川はペナイン山脈のマルヘム池(MalhamTarn)に発し、エアギャップ(AireGap)という断層の谷を流れてくる。
エア川の源流は砂岩地域の泥炭層で、石灰岩地帯を経由しないために水が軟水になっており、それが流域の毛織物産業の発達につながった。
中流にはヨーク地方の最大都市で羊毛産業の中心地として栄えたリーズがあり、リーズ・リヴァプール運河(LeedsandLiverpoolCanal)が並走している。",カルダー川の本流は何?,エア川,Lexical variation (world knowledge)
18165,304,ヨークシャー,"リーズの下流で合流するカルダー川は、源流は美しい自然で知られているが、中流にはウェイクフィールドをはじめ、多くの重工業都市が並んでおり、かつては長年にわたる深刻な水質汚染に悩まされた。
川魚も全く姿を消し、その後の水質の改善の取り組みが続けられた。
1990年代になって、清流とまでは言えないまでも、マスなどが戻ってくる程度には回復した。
カルダー川とエア川は、ウェイクフィールドとリーズの間エア=カルダー水路(AireandCalderNavigation)で接続されており、この水路はそのままウーズ川下流のグールの町(Goole)まで繋がっている。",カルダー川にマスが戻ってきたのはいつ?,1990年代,Multiple sentence reasoning
18166,304,ヨークシャー,"リーズの下流で合流するカルダー川は、源流は美しい自然で知られているが、中流にはウェイクフィールドをはじめ、多くの重工業都市が並んでおり、かつては長年にわたる深刻な水質汚染に悩まされた。
川魚も全く姿を消し、その後の水質の改善の取り組みが続けられた。
1990年代になって、清流とまでは言えないまでも、マスなどが戻ってくる程度には回復した。
カルダー川とエア川は、ウェイクフィールドとリーズの間エア=カルダー水路(AireandCalderNavigation)で接続されており、この水路はそのままウーズ川下流のグールの町(Goole)まで繋がっている。",カルダー川とエア川の接続水路の名前は?,エア=カルダー水路,Lexical variation (synonymy)
18167,305,ヨークシャー,"ウーズ水系で一番南側の支流はドン川(RiverDon)である。
ドン川はサールストン・ムーア(ThurlstoneMoor)に発し、シェフィールド、ロザラム、ドンカスターなどの大都市を流れて北へ向かう。
かつては水質が悪かったが、近年は魚が棲む程度に回復している。
北東側を流れる支流がダーウェント川(RiverDerwent)である。
ダーウェント川はノース・ヨーク・ムーア(NorthYorkMoors)に発し、南にむかって流れたあと西向きに転じ、ピカリング盆地(ValeofPickering)に入る。
盆地をぬけると再び南流してヨーク盆地の東側を流れ、バムビー村(BarmbyontheMarsh)でウーズ川に合流する。",ダーウェント川がウーズ川に合流する地点はどこ?,バムビー村,Multiple sentence reasoning
18168,305,ヨークシャー,"ウーズ水系で一番南側の支流はドン川(RiverDon)である。
ドン川はサールストン・ムーア(ThurlstoneMoor)に発し、シェフィールド、ロザラム、ドンカスターなどの大都市を流れて北へ向かう。
かつては水質が悪かったが、近年は魚が棲む程度に回復している。
北東側を流れる支流がダーウェント川(RiverDerwent)である。
ダーウェント川はノース・ヨーク・ムーア(NorthYorkMoors)に発し、南にむかって流れたあと西向きに転じ、ピカリング盆地(ValeofPickering)に入る。
盆地をぬけると再び南流してヨーク盆地の東側を流れ、バムビー村(BarmbyontheMarsh)でウーズ川に合流する。",ドン川はどの方角に向かって流れているの?,北,Lexical variation (world knowledge)
18169,306,ヨークシャー,"ユア川から名前が変わったウーズ川の本流はニッド川を合わせたあと、ヨーク市に入る。
さらにヨーク城付近で左岸からフォス川(RiverFoss)を合わせる。
かつてはこの合流地点が、北海からハンバー川、ウーズ川を船で遡上することができる北限だった。
その後、ワーフ川、ダーウェント川をあわせながら蛇行し、エア川をあわせてグール(Goole)に出る。
グールから下流は川が広く深くなっているので、グールはかつて港町として栄えた。
その後は南からドン川をあわせ、ハンバー川に注ぐ。",ウーズ川がハンバー川に繋がる前に合流する川とは?,ドン川,Multiple sentence reasoning
18170,307,ヨークシャー,"ティーズ川(RiverTees)はヨーク地方の一番北側を流れ、ダラム州との地方境になっている。
川はペナイン山脈のクロスフェル山(CrossFell)に発し、東へ流れる。
流域はティーズ谷(ティーズデイル、チーズデイル、(Teesdale))と呼ばれ、州境をまたいだ両岸が一帯の地域とみなされる場合もある。
川は比較的流れが早く、特に降雨時の影響が端的に顕れやすい。
ミドルズブラ市の下流で北海に注いでいる。
同じくヨーク地方北部を流れるエスク川(RiverEsk)は、ノース・ヨーク・ムーアに発して東流し、ウィットビーの町で北海に注いでいる。
ヨーク台地(ヨークシャー・ウォルズ、YorkshireWolds)の東部にはハル川(RiverHull)が南へむかって流れており、ハル市でハンバー川に注いでいる。",ヨーク地方の最北を流れる川とは?,ティーズ川,Lexical variation (synonymy)
18171,307,ヨークシャー,"ティーズ川(RiverTees)はヨーク地方の一番北側を流れ、ダラム州との地方境になっている。
川はペナイン山脈のクロスフェル山(CrossFell)に発し、東へ流れる。
流域はティーズ谷(ティーズデイル、チーズデイル、(Teesdale))と呼ばれ、州境をまたいだ両岸が一帯の地域とみなされる場合もある。
川は比較的流れが早く、特に降雨時の影響が端的に顕れやすい。
ミドルズブラ市の下流で北海に注いでいる。
同じくヨーク地方北部を流れるエスク川(RiverEsk)は、ノース・ヨーク・ムーアに発して東流し、ウィットビーの町で北海に注いでいる。
ヨーク台地(ヨークシャー・ウォルズ、YorkshireWolds)の東部にはハル川(RiverHull)が南へむかって流れており、ハル市でハンバー川に注いでいる。",チーズデイルに流れる川とは?,ティーズ川,Multiple sentence reasoning
18172,308,ヨークシャー,"「ペナイン山脈」は北イングランドから南スコットランドにかけて、島の中央部を南北に連なっている。
高さはおおむね標高2000フィート(約600m)。
夾炭層、珪質砂岩、石灰岩が層をなしていて、南へ行くほど強く褶曲している。
山脈は東西に走る断層帯によっていくつかに分けられている。
ヨーク地方の北境であるティーズ川の上流にはステンモア山峡(StainmoreGap)と呼ばれる断層帯があり、ここより北側の山塊を「オルストン山塊(AlstonBlock」、南側をアスクリグ山塊(AskriggBlock)と呼ぶ。
アスクリグ地塊は全域がヨーク地方に含まれており、ヨークシャー・デイルズ(YorkshireDales)と呼ばれる丘陵地に相当する。",ペナイン山脈の標高は何m?,約600m,Multiple sentence reasoning
18173,308,ヨークシャー,"「ペナイン山脈」は北イングランドから南スコットランドにかけて、島の中央部を南北に連なっている。
高さはおおむね標高2000フィート(約600m)。
夾炭層、珪質砂岩、石灰岩が層をなしていて、南へ行くほど強く褶曲している。
山脈は東西に走る断層帯によっていくつかに分けられている。
ヨーク地方の北境であるティーズ川の上流にはステンモア山峡(StainmoreGap)と呼ばれる断層帯があり、ここより北側の山塊を「オルストン山塊(AlstonBlock」、南側をアスクリグ山塊(AskriggBlock)と呼ぶ。
アスクリグ地塊は全域がヨーク地方に含まれており、ヨークシャー・デイルズ(YorkshireDales)と呼ばれる丘陵地に相当する。",ヨークシャー・デイルズにある山塊の名前は?,アスクリグ山塊,Lexical variation (world knowledge)
18174,308,ヨークシャー,"「ペナイン山脈」は北イングランドから南スコットランドにかけて、島の中央部を南北に連なっている。
高さはおおむね標高2000フィート(約600m)。
夾炭層、珪質砂岩、石灰岩が層をなしていて、南へ行くほど強く褶曲している。
山脈は東西に走る断層帯によっていくつかに分けられている。
ヨーク地方の北境であるティーズ川の上流にはステンモア山峡(StainmoreGap)と呼ばれる断層帯があり、ここより北側の山塊を「オルストン山塊(AlstonBlock」、南側をアスクリグ山塊(AskriggBlock)と呼ぶ。
アスクリグ地塊は全域がヨーク地方に含まれており、ヨークシャー・デイルズ(YorkshireDales)と呼ばれる丘陵地に相当する。",オルストン山塊はステンモア山峡からどの方向に位置しているの?,北側,Lexical variation (world knowledge)
18175,309,ヨークシャー,"アスクリグ地塊の南端はヨーク地方南西部を流れるエア川で、この川に沿った断層帯を「エア・ギャップ(AireGap)」という。
ここはヨーク地方とランカスター地方を結ぶ交通路になっていて、古くから人の往来があり、1700年開通のリーズ・リヴァプール運河もここを通っている。
エア・ギャップの南側は南ペナイン山脈(SouthernPennines)と呼ばれている。",「エア・ギャップ」に流れている川は?,エア川,Lexical variation (world knowledge)
18176,310,ヨークシャー,"山脈は北の方ほど褶曲が小さいぶん、断層面や侵食面の発達が著しく、険しい。
アスクリグ山塊のうちヨーク地方の北西部には「ヨーク三山(YorkshireThreePeaks)と呼ばれる山々があり、ワーンサイド山(Whernside)(標高2415フィート=約736m)、イングルボロ山(Ingleborough)(標高2372フィート=約723m)、ペニジェント山(Penyghent)(標高2277フィート=約694m)が聳えている。",ヨーク三山の中で最も高い山は何?,ワーンサイド山,Logical reasoning
18177,310,ヨークシャー,"山脈は北の方ほど褶曲が小さいぶん、断層面や侵食面の発達が著しく、険しい。
アスクリグ山塊のうちヨーク地方の北西部には「ヨーク三山(YorkshireThreePeaks)と呼ばれる山々があり、ワーンサイド山(Whernside)(標高2415フィート=約736m)、イングルボロ山(Ingleborough)(標高2372フィート=約723m)、ペニジェント山(Penyghent)(標高2277フィート=約694m)が聳えている。",イングルボロ山とペニジェント山はどちらが高い?,イングルボロ山,Logical reasoning
18178,310,ヨークシャー,"山脈は北の方ほど褶曲が小さいぶん、断層面や侵食面の発達が著しく、険しい。
アスクリグ山塊のうちヨーク地方の北西部には「ヨーク三山(YorkshireThreePeaks)と呼ばれる山々があり、ワーンサイド山(Whernside)(標高2415フィート=約736m)、イングルボロ山(Ingleborough)(標高2372フィート=約723m)、ペニジェント山(Penyghent)(標高2277フィート=約694m)が聳えている。",ヨーク三山の中で最も低い山は何?,ペニジェント山,Logical reasoning
18179,311,ヨークシャー,"ヨーク地方の北西部にあたるこの一帯は、降水量は年60インチ(約1500mm)と豊富だが、石灰岩に浸透してしまって地表は水が乏しい。
そのうえ冬は氷点下に冷え込み、夏も11°C(50°F)程度までしかなく、窪地の湿原にわずかな草が生える程度である。
こうした地域では、羊毛用の頑健なスウェイルデール種のヒツジ(Swaledalesheep)が放牧されている。
この品種の名はウーズ川上流のスウェイル川流域(スウェイル谷(Swaledale))からとられている。
スウェイル谷(スウェイル・デイル)をはじめ、ウーズ川の北側の支流であるウール川、ニッド川、ワーフ川などの谷は氷河時代に削られて深いU字谷になっている。
この谷底は土壌が堆積しているうえ湧き水が豊富で、崖によって冷たい風から守られており、定住に向いている。
ヨーク地方北西部ではこうした谷(デイル)に集落が形成され、わずかな草地でヒツジを肥育している。",ヨーク地方の北西部に放牧されている動物とは何?,ヒツジ,Multiple sentence reasoning
18180,311,ヨークシャー,"ヨーク地方の北西部にあたるこの一帯は、降水量は年60インチ(約1500mm)と豊富だが、石灰岩に浸透してしまって地表は水が乏しい。
そのうえ冬は氷点下に冷え込み、夏も11°C(50°F)程度までしかなく、窪地の湿原にわずかな草が生える程度である。
こうした地域では、羊毛用の頑健なスウェイルデール種のヒツジ(Swaledalesheep)が放牧されている。
この品種の名はウーズ川上流のスウェイル川流域(スウェイル谷(Swaledale))からとられている。
スウェイル谷(スウェイル・デイル)をはじめ、ウーズ川の北側の支流であるウール川、ニッド川、ワーフ川などの谷は氷河時代に削られて深いU字谷になっている。
この谷底は土壌が堆積しているうえ湧き水が豊富で、崖によって冷たい風から守られており、定住に向いている。
ヨーク地方北西部ではこうした谷(デイル)に集落が形成され、わずかな草地でヒツジを肥育している。",スウェイルデール種の語源となっている地域とはどこ?,スウェイル川流域,Lexical variation (world knowledge)
18181,311,ヨークシャー,"ヨーク地方の北西部にあたるこの一帯は、降水量は年60インチ(約1500mm)と豊富だが、石灰岩に浸透してしまって地表は水が乏しい。
そのうえ冬は氷点下に冷え込み、夏も11°C(50°F)程度までしかなく、窪地の湿原にわずかな草が生える程度である。
こうした地域では、羊毛用の頑健なスウェイルデール種のヒツジ(Swaledalesheep)が放牧されている。
この品種の名はウーズ川上流のスウェイル川流域(スウェイル谷(Swaledale))からとられている。
スウェイル谷(スウェイル・デイル)をはじめ、ウーズ川の北側の支流であるウール川、ニッド川、ワーフ川などの谷は氷河時代に削られて深いU字谷になっている。
この谷底は土壌が堆積しているうえ湧き水が豊富で、崖によって冷たい風から守られており、定住に向いている。
ヨーク地方北西部ではこうした谷(デイル)に集落が形成され、わずかな草地でヒツジを肥育している。",ウール川とワーフ川の本流は何?,ウーズ川,Lexical variation (world knowledge)
18182,312,ヨークシャー,"エア・ギャップより南側のヨーク地方南西部の山塊は、北部に比べると褶曲が強まっていて、石灰岩まで侵食が及んでいない。
山脈の中心に近い高標高地域では、石灰岩層の上の砂岩層が残っていて、平坦である。
このためペナイン山脈に降った豊富な雨が地表にとどまっていて、砂岩をもとにした薄い土壌が泥炭地をつくっていて、酸性で痩せている。
植生はおもにシダ類、ワタスゲ、コケモモやイネ科の雑草が生える程度のヒースになっている。
ペナイン山脈に降り注いだ豊富な雨がこの泥炭地を流れて下ってくることで、ヨーク地方南西部の山麓の川は繊維産業に適した軟水となる。
この豊富な軟水を利用することで、ヨーク地方南西部は世界的な羊毛工業地帯に発展した。",繊維産業に適した水の性質とは?,軟水,Lexical variation (world knowledge)
18183,313,ヨークシャー,"また、より標高の低い地域では砂岩層の上の石炭層が侵食されずに残っている(ヨークシャー炭田(SouthYorkshireCoalfield))。
この炭田はヨーク地方南西部から、ノッティンガム地方、ダービー地方にまで広範囲に広がっていて、近代になってシェフィールドやリーズなどで石炭産業が栄えた。
ヨーク地方の羊毛産業と石炭産業はイギリスの産業革命の牽引役となり、ここで生産された工業製品を運び出すために、ペナイン山脈を横断する交通網が整備されていった。",ヨーク地方南西部から、ノッティンガム地方、ダービー地方に広がる炭田の名前は?,ヨークシャー炭田,Multiple sentence reasoning
18184,314,ヨークシャー,"「ノース・ヨーク・ムーア(NorthYorkMoors)」は広さが1,436km2あり、イギリス最大のムーアである。
標高はおおむね1,200フィート(約366m)と高原状で、四方を急崖で囲まれ、ムーアの中にもいくつもの谷が刻まれている。
この地域はおおむねジュラ紀の地層から成っていて、南に傾いた地層が氷期などに差別侵食を受けたことで数々の丘陵地(ヒルズ)や谷(デイル)、低地(ヴェイル)が形成されている。
高く取り残された高原・丘陵地には酸性の土壌が薄く形成され、痩せたヒースになっている。
それらの土地は天然のヒツジの放牧地として利用されている。
削られた谷底には深い土壌が堆積しており、家畜の牧草や飼料、根菜の栽培に利用されている。",「ノース・ヨーク・ムーア」の面積は?,"1,436km2",Lexical variation (synonymy)
18185,314,ヨークシャー,"「ノース・ヨーク・ムーア(NorthYorkMoors)」は広さが1,436km2あり、イギリス最大のムーアである。
標高はおおむね1,200フィート(約366m)と高原状で、四方を急崖で囲まれ、ムーアの中にもいくつもの谷が刻まれている。
この地域はおおむねジュラ紀の地層から成っていて、南に傾いた地層が氷期などに差別侵食を受けたことで数々の丘陵地(ヒルズ)や谷(デイル)、低地(ヴェイル)が形成されている。
高く取り残された高原・丘陵地には酸性の土壌が薄く形成され、痩せたヒースになっている。
それらの土地は天然のヒツジの放牧地として利用されている。
削られた谷底には深い土壌が堆積しており、家畜の牧草や飼料、根菜の栽培に利用されている。",「ノース・ヨーク・ムーア」の標高は?,"おおむね1,200フィート",Multiple sentence reasoning
18186,314,ヨークシャー,"「ノース・ヨーク・ムーア(NorthYorkMoors)」は広さが1,436km2あり、イギリス最大のムーアである。
標高はおおむね1,200フィート(約366m)と高原状で、四方を急崖で囲まれ、ムーアの中にもいくつもの谷が刻まれている。
この地域はおおむねジュラ紀の地層から成っていて、南に傾いた地層が氷期などに差別侵食を受けたことで数々の丘陵地(ヒルズ)や谷(デイル)、低地(ヴェイル)が形成されている。
高く取り残された高原・丘陵地には酸性の土壌が薄く形成され、痩せたヒースになっている。
それらの土地は天然のヒツジの放牧地として利用されている。
削られた谷底には深い土壌が堆積しており、家畜の牧草や飼料、根菜の栽培に利用されている。",ヴェイルとは何の意味?,低地,Lexical variation (world knowledge)
18187,315,中島敦,"中島敦は、日本の小説家だ。代表作は『山月記』『光と風と夢』『弟子』『李陵』などがある。第一高等学校、東京帝国大学を卒業後、横浜高等女学校の教員勤務のかたわら小説執筆を続け、パラオ南洋庁の官吏(教科書編修書記)を経て専業作家になるも、同年中に持病の喘息悪化のため33歳で病没した。死後に出版された全集は毎日出版文化賞を受賞した。

その短い生涯に残した著作は、中国古典の歴史世界を題材にした作品や、南島から材を得た作品、古代伝説の体裁をとった奇譚・寓意物、自身の身辺を題材にした私小説的なものなど、未完作も含めわずか20篇たらずであったが、漢文調に基づいた硬質な文章の中に美しく響く叙情詩的な一節が印象的で、冷厳な自己解析や存在の哲学的な懐疑に裏打ちされた芸術性の高い作品として評価されている。",『山月記』の著者は誰?,中島敦,Multiple sentence reasoning
18188,315,中島敦,"中島敦は、日本の小説家だ。代表作は『山月記』『光と風と夢』『弟子』『李陵』などがある。第一高等学校、東京帝国大学を卒業後、横浜高等女学校の教員勤務のかたわら小説執筆を続け、パラオ南洋庁の官吏(教科書編修書記)を経て専業作家になるも、同年中に持病の喘息悪化のため33歳で病没した。死後に出版された全集は毎日出版文化賞を受賞した。

その短い生涯に残した著作は、中国古典の歴史世界を題材にした作品や、南島から材を得た作品、古代伝説の体裁をとった奇譚・寓意物、自身の身辺を題材にした私小説的なものなど、未完作も含めわずか20篇たらずであったが、漢文調に基づいた硬質な文章の中に美しく響く叙情詩的な一節が印象的で、冷厳な自己解析や存在の哲学的な懐疑に裏打ちされた芸術性の高い作品として評価されている。",中島敦が卒業した大学は?,東京帝国大学,Multiple sentence reasoning
18189,315,中島敦,"中島敦は、日本の小説家だ。代表作は『山月記』『光と風と夢』『弟子』『李陵』などがある。第一高等学校、東京帝国大学を卒業後、横浜高等女学校の教員勤務のかたわら小説執筆を続け、パラオ南洋庁の官吏(教科書編修書記)を経て専業作家になるも、同年中に持病の喘息悪化のため33歳で病没した。死後に出版された全集は毎日出版文化賞を受賞した。

その短い生涯に残した著作は、中国古典の歴史世界を題材にした作品や、南島から材を得た作品、古代伝説の体裁をとった奇譚・寓意物、自身の身辺を題材にした私小説的なものなど、未完作も含めわずか20篇たらずであったが、漢文調に基づいた硬質な文章の中に美しく響く叙情詩的な一節が印象的で、冷厳な自己解析や存在の哲学的な懐疑に裏打ちされた芸術性の高い作品として評価されている。",中島敦は何歳で亡くなったか。,33歳,Multiple sentence reasoning
18190,315,中島敦,"中島敦は、日本の小説家だ。代表作は『山月記』『光と風と夢』『弟子』『李陵』などがある。第一高等学校、東京帝国大学を卒業後、横浜高等女学校の教員勤務のかたわら小説執筆を続け、パラオ南洋庁の官吏(教科書編修書記)を経て専業作家になるも、同年中に持病の喘息悪化のため33歳で病没した。死後に出版された全集は毎日出版文化賞を受賞した。

その短い生涯に残した著作は、中国古典の歴史世界を題材にした作品や、南島から材を得た作品、古代伝説の体裁をとった奇譚・寓意物、自身の身辺を題材にした私小説的なものなど、未完作も含めわずか20篇たらずであったが、漢文調に基づいた硬質な文章の中に美しく響く叙情詩的な一節が印象的で、冷厳な自己解析や存在の哲学的な懐疑に裏打ちされた芸術性の高い作品として評価されている。",中島敦の死後、彼の全集はどの賞を受賞したか。,毎日出版文化賞,Multiple sentence reasoning
18191,316,中島敦,"中島敦は1909年5月5日に、東京府東京市四谷区四谷箪笥町59番地で、父・中島田人と、母・チヨの長男として生まれた。この地は母の実家の岡崎家であった。

父・田人は、儒学者・中島撫山の六男で漢学の教育を父兄から受けた影響で旧制中学校の漢学教員となり、敦が誕生した34歳当時は千葉県海上郡銚子町の中学校に勤務していた。母・チヨは元小学校教員で、前年1908年に2人は結婚していた。

しかしながら、敦が1歳のときに両親は離婚し、2歳のときから父の郷里の埼玉県南埼玉郡久喜町大字久喜新に引き取られ、祖母や伯母たちに育てられた。祖父・中島撫山は敦の幼少時に亡くなっていたものの、伯父たちには学者の中島斗南、中島竦らがいて、敦もまた彼らを通して儒学や漢文の影響を受けた。",中島敦は何年生まれ?,1909年,Syntactic variation
18192,316,中島敦,"中島敦は1909年5月5日に、東京府東京市四谷区四谷箪笥町59番地で、父・中島田人と、母・チヨの長男として生まれた。この地は母の実家の岡崎家であった。

父・田人は、儒学者・中島撫山の六男で漢学の教育を父兄から受けた影響で旧制中学校の漢学教員となり、敦が誕生した34歳当時は千葉県海上郡銚子町の中学校に勤務していた。母・チヨは元小学校教員で、前年1908年に2人は結婚していた。

しかしながら、敦が1歳のときに両親は離婚し、2歳のときから父の郷里の埼玉県南埼玉郡久喜町大字久喜新に引き取られ、祖母や伯母たちに育てられた。祖父・中島撫山は敦の幼少時に亡くなっていたものの、伯父たちには学者の中島斗南、中島竦らがいて、敦もまた彼らを通して儒学や漢文の影響を受けた。",中島敦の父が何歳のとき、中島敦が生まれたか。,34歳,Multiple sentence reasoning
18193,316,中島敦,"中島敦は1909年5月5日に、東京府東京市四谷区四谷箪笥町59番地で、父・中島田人と、母・チヨの長男として生まれた。この地は母の実家の岡崎家であった。

父・田人は、儒学者・中島撫山の六男で漢学の教育を父兄から受けた影響で旧制中学校の漢学教員となり、敦が誕生した34歳当時は千葉県海上郡銚子町の中学校に勤務していた。母・チヨは元小学校教員で、前年1908年に2人は結婚していた。

しかしながら、敦が1歳のときに両親は離婚し、2歳のときから父の郷里の埼玉県南埼玉郡久喜町大字久喜新に引き取られ、祖母や伯母たちに育てられた。祖父・中島撫山は敦の幼少時に亡くなっていたものの、伯父たちには学者の中島斗南、中島竦らがいて、敦もまた彼らを通して儒学や漢文の影響を受けた。",田人とチヨは何年に結婚したか。,1908年,Multiple sentence reasoning
18194,316,中島敦,"中島敦は1909年5月5日に、東京府東京市四谷区四谷箪笥町59番地で、父・中島田人と、母・チヨの長男として生まれた。この地は母の実家の岡崎家であった。

父・田人は、儒学者・中島撫山の六男で漢学の教育を父兄から受けた影響で旧制中学校の漢学教員となり、敦が誕生した34歳当時は千葉県海上郡銚子町の中学校に勤務していた。母・チヨは元小学校教員で、前年1908年に2人は結婚していた。

しかしながら、敦が1歳のときに両親は離婚し、2歳のときから父の郷里の埼玉県南埼玉郡久喜町大字久喜新に引き取られ、祖母や伯母たちに育てられた。祖父・中島撫山は敦の幼少時に亡くなっていたものの、伯父たちには学者の中島斗南、中島竦らがいて、敦もまた彼らを通して儒学や漢文の影響を受けた。",田人とチヨは敦が何歳の時、離婚したか。,1歳,Multiple sentence reasoning
18195,317,中島敦,"敦が5歳のときに父が紺家カツと再婚し、6歳から奈良県で父と継母と暮らした。その後、14歳のときにカツが死去したあとは、飯尾コウが新たな継母となり、少年時代に2人の継母と暮らしたが、父や継母たちとの折り合いは必ずしもよくなく、そうした「母」という存在の希薄さがのちの中島文学の形成に影を落とす。

また、9歳のときに教師の父の転勤で、奈良県の郡山小学校から浜松西小学校へ、さらに11歳のときには朝鮮総督府の京城府龍山公立尋常小学校へと転校する。小学校4年のころの担任教師から執拗に繰り返し聞かされた、太陽系や地球絶滅の運命と存在の無意味さにショックを受け、爾来あらゆる生の虚無と形而上学的な不安が敦の内面に巣食うようになり、のちの中島文学の主題形成に影響を与えていく。",敦の父の一番目の再婚相手は誰なの?,紺家カツ,Multiple sentence reasoning
18196,317,中島敦,"敦が5歳のときに父が紺家カツと再婚し、6歳から奈良県で父と継母と暮らした。その後、14歳のときにカツが死去したあとは、飯尾コウが新たな継母となり、少年時代に2人の継母と暮らしたが、父や継母たちとの折り合いは必ずしもよくなく、そうした「母」という存在の希薄さがのちの中島文学の形成に影を落とす。

また、9歳のときに教師の父の転勤で、奈良県の郡山小学校から浜松西小学校へ、さらに11歳のときには朝鮮総督府の京城府龍山公立尋常小学校へと転校する。小学校4年のころの担任教師から執拗に繰り返し聞かされた、太陽系や地球絶滅の運命と存在の無意味さにショックを受け、爾来あらゆる生の虚無と形而上学的な不安が敦の内面に巣食うようになり、のちの中島文学の主題形成に影響を与えていく。",敦の父の二番目の再婚相手は誰なの?,飯尾コウ,Multiple sentence reasoning
18197,318,中島敦,"京城府龍山公立尋常小学校卒業後は公立京城中学校に入学するなど、各地を転々とする少年時代を過ごした。そのため、一般の人々が口にする「故郷」という懐かしみの感覚が敦には分からなかった。

中学時代の同級生には湯浅克衛、小山政憲がいた。敦は中学のころは湯浅や小山のような文学青年とはあまり付き合わず普通の友人と親しく交遊していたが、このころからすでに英文学の本などを鉄道図書館で借りて読んでいた。また、湯浅が授業中に急進的な総合雑誌『改造』を読んでいたときや、寄宿舎の机の中の『痴人の愛』が摘発されたとき、敦が強く湯浅を擁護し停学処分が免れたというエピソードも知られている。また、とある級友に頼まれ彼の試験答案を代筆したことが発覚し、謹慎処分を受けたこともあったという。小学校・中学時代を通して成績はきわめて優秀で開校以来の秀才といわれ、異母妹を背負って子守りながら中学1年ですでに四書五経を読破するなど多くの和漢書を読み、英語や数理学科の成績もよかったが、16歳のとき、父親が関東庁立大連中学の勤務となり、伯母・志津(京城女学校に勤務)の家に移り住んでいた間は少し成績が落ちたこともあった。

この龍山小学校・京城中学時代を通して、中島敦は合わせて5年半を朝鮮半島で暮らしている。初期の複数習作や「虎狩」における植民地時代の朝鮮像や朝鮮人の描写は、その後に得た朝鮮に関する広い知識によるところが大きいものの、このころの朝鮮での経験をベースとしたものであるとされる。",中島敦は合わせて何年間朝鮮半島で暮らしたの。,5年半,Syntactic variation
18198,318,中島敦,"京城府龍山公立尋常小学校卒業後は公立京城中学校に入学するなど、各地を転々とする少年時代を過ごした。そのため、一般の人々が口にする「故郷」という懐かしみの感覚が敦には分からなかった。

中学時代の同級生には湯浅克衛、小山政憲がいた。敦は中学のころは湯浅や小山のような文学青年とはあまり付き合わず普通の友人と親しく交遊していたが、このころからすでに英文学の本などを鉄道図書館で借りて読んでいた。また、湯浅が授業中に急進的な総合雑誌『改造』を読んでいたときや、寄宿舎の机の中の『痴人の愛』が摘発されたとき、敦が強く湯浅を擁護し停学処分が免れたというエピソードも知られている。また、とある級友に頼まれ彼の試験答案を代筆したことが発覚し、謹慎処分を受けたこともあったという。小学校・中学時代を通して成績はきわめて優秀で開校以来の秀才といわれ、異母妹を背負って子守りながら中学1年ですでに四書五経を読破するなど多くの和漢書を読み、英語や数理学科の成績もよかったが、16歳のとき、父親が関東庁立大連中学の勤務となり、伯母・志津(京城女学校に勤務)の家に移り住んでいた間は少し成績が落ちたこともあった。

この龍山小学校・京城中学時代を通して、中島敦は合わせて5年半を朝鮮半島で暮らしている。初期の複数習作や「虎狩」における植民地時代の朝鮮像や朝鮮人の描写は、その後に得た朝鮮に関する広い知識によるところが大きいものの、このころの朝鮮での経験をベースとしたものであるとされる。",敦が何歳の時、父親が関東庁立大連中学で勤務することになりましたか。,16歳,Multiple sentence reasoning
18199,319,中島敦,"1926年、敦は通常は5年間通う旧制中学校を4年で修了し、合格した第一高等学校に入学する。第一高等学校入学後は寮に入り、のちにニーチェ研究者となる氷上英廣と知り合うきっかけとなった。敦にカフカを奨めたのも氷上であった。1927年の春に伊豆下田を旅するが、夏休みの帰省中に大連で肋膜炎に罹ったため1年間休学となり、このときの療養生活中に「病気になった時のこと」という習作断片が書かれた。そして『校友会雑誌』に投稿した「下田の女」が11月に掲載された。これが活字となった初めての作品となった。

1928年4月に寮を出て、伯父・関翊の知り合いの弁護士・岡本邸に寄寓し、そこの息子と親交を結んだ縁で、のちに英米文学の翻訳者となる田中西二郎と知り合う。また、同じく岡本邸に寄寓していた日本女子大学に通う2人の従妹・褧子と美恵子のうち、敦は2歳年下の褧子と特に親しくなり、卒業論文作成の手伝いをしたりした。この年も『校友会雑誌』に「ある生活」「喧嘩」が掲載された。

1929年4月に文芸部委員となり『校友会雑誌』編集に参加する。この年の夏に岡本邸を出て、芝の同潤会アパートに移った。秋には氷上英廣、吉田精一、釘本久春らとともに季刊同人誌『しむぽしおん』を作り、翌年夏まで4冊を出すが、敦はこの同人誌に一度も執筆しなかった。",旧制中学校は通常、何年課程なの?,5年,Lexical variation (synonymy)
18200,319,中島敦,"1926年、敦は通常は5年間通う旧制中学校を4年で修了し、合格した第一高等学校に入学する。第一高等学校入学後は寮に入り、のちにニーチェ研究者となる氷上英廣と知り合うきっかけとなった。敦にカフカを奨めたのも氷上であった。1927年の春に伊豆下田を旅するが、夏休みの帰省中に大連で肋膜炎に罹ったため1年間休学となり、このときの療養生活中に「病気になった時のこと」という習作断片が書かれた。そして『校友会雑誌』に投稿した「下田の女」が11月に掲載された。これが活字となった初めての作品となった。

1928年4月に寮を出て、伯父・関翊の知り合いの弁護士・岡本邸に寄寓し、そこの息子と親交を結んだ縁で、のちに英米文学の翻訳者となる田中西二郎と知り合う。また、同じく岡本邸に寄寓していた日本女子大学に通う2人の従妹・褧子と美恵子のうち、敦は2歳年下の褧子と特に親しくなり、卒業論文作成の手伝いをしたりした。この年も『校友会雑誌』に「ある生活」「喧嘩」が掲載された。

1929年4月に文芸部委員となり『校友会雑誌』編集に参加する。この年の夏に岡本邸を出て、芝の同潤会アパートに移った。秋には氷上英廣、吉田精一、釘本久春らとともに季刊同人誌『しむぽしおん』を作り、翌年夏まで4冊を出すが、敦はこの同人誌に一度も執筆しなかった。",敦にカフカを奨めた人のフルネームは何。,氷上英廣,Multiple sentence reasoning
18201,319,中島敦,"1926年、敦は通常は5年間通う旧制中学校を4年で修了し、合格した第一高等学校に入学する。第一高等学校入学後は寮に入り、のちにニーチェ研究者となる氷上英廣と知り合うきっかけとなった。敦にカフカを奨めたのも氷上であった。1927年の春に伊豆下田を旅するが、夏休みの帰省中に大連で肋膜炎に罹ったため1年間休学となり、このときの療養生活中に「病気になった時のこと」という習作断片が書かれた。そして『校友会雑誌』に投稿した「下田の女」が11月に掲載された。これが活字となった初めての作品となった。

1928年4月に寮を出て、伯父・関翊の知り合いの弁護士・岡本邸に寄寓し、そこの息子と親交を結んだ縁で、のちに英米文学の翻訳者となる田中西二郎と知り合う。また、同じく岡本邸に寄寓していた日本女子大学に通う2人の従妹・褧子と美恵子のうち、敦は2歳年下の褧子と特に親しくなり、卒業論文作成の手伝いをしたりした。この年も『校友会雑誌』に「ある生活」「喧嘩」が掲載された。

1929年4月に文芸部委員となり『校友会雑誌』編集に参加する。この年の夏に岡本邸を出て、芝の同潤会アパートに移った。秋には氷上英廣、吉田精一、釘本久春らとともに季刊同人誌『しむぽしおん』を作り、翌年夏まで4冊を出すが、敦はこの同人誌に一度も執筆しなかった。",敦はいつから文芸部委員となって『校友会雑誌』編集に参加するようになったの?,1929年4月,Multiple sentence reasoning
18202,319,中島敦,"1926年、敦は通常は5年間通う旧制中学校を4年で修了し、合格した第一高等学校に入学する。第一高等学校入学後は寮に入り、のちにニーチェ研究者となる氷上英廣と知り合うきっかけとなった。敦にカフカを奨めたのも氷上であった。1927年の春に伊豆下田を旅するが、夏休みの帰省中に大連で肋膜炎に罹ったため1年間休学となり、このときの療養生活中に「病気になった時のこと」という習作断片が書かれた。そして『校友会雑誌』に投稿した「下田の女」が11月に掲載された。これが活字となった初めての作品となった。

1928年4月に寮を出て、伯父・関翊の知り合いの弁護士・岡本邸に寄寓し、そこの息子と親交を結んだ縁で、のちに英米文学の翻訳者となる田中西二郎と知り合う。また、同じく岡本邸に寄寓していた日本女子大学に通う2人の従妹・褧子と美恵子のうち、敦は2歳年下の褧子と特に親しくなり、卒業論文作成の手伝いをしたりした。この年も『校友会雑誌』に「ある生活」「喧嘩」が掲載された。

1929年4月に文芸部委員となり『校友会雑誌』編集に参加する。この年の夏に岡本邸を出て、芝の同潤会アパートに移った。秋には氷上英廣、吉田精一、釘本久春らとともに季刊同人誌『しむぽしおん』を作り、翌年夏まで4冊を出すが、敦はこの同人誌に一度も執筆しなかった。",田中西二郎はどの文学の翻訳者になるの?,英米文学,Syntactic variation
18203,320,中島敦,"敦は第一高等学校を卒業し、1930年4月に東京帝国大学文学部国文学科に入学する。友人らは英語力の高い敦は英文科に進むものだと思っていたため、国文学科を選んだことに驚いたという。大学時代には、文学発表活動への関与はあまりなく、友人・釘本久春の紹介で英国大使館駐在サッチャー海軍主計少佐の日本語教師を10月から約1年間務めながら、ダンスホールや麻雀屋に入り浸る生活を送っていたが、未完の長編草稿「北方行」の執筆準備は大学時代に行われていたのではないとされている。1931年の夏休みには天野宗歩の全棋譜(『将棋精選』)を読み上げ友人を驚かせたり、同年3月に麻雀屋で知り合った同年齢の橋本タカ(故郷は愛知県)と会う旅費稼ぎのため、下宿に友人らを集めレコードの売り立て会を開いたりしたこともあった。

一方で、永井荷風、谷崎潤一郎、正岡子規、上田敏、森鷗外らのほぼ全作品を読むなど読書にも熱中した。そしてポーやボードレール、ワイルドなど欧州の耽美派を概観しつつ近代日本では自然派に対抗し耽美派と呼ばれた谷崎を論じた「耽美派の研究」と題する卒業論文に備えた。1931年10月には、大連の中学校を退職した父親が東京に戻ったため、荏原郡駒沢町大字上馬の借家で父母と同居するようになった。1932年には、前年知り合った橋本タカとの結婚を考えるようになった。しかし、父から正式な結婚は大学卒業後にしろと言われ、この時点では婚姻届は出してはいない。この年の8月、旅順にいる叔父の中島比多吉を頼り、南満州・中国北部を旅行し、久しぶりに母校の京城中学にも立ち寄ったりした。",敦が通った大学は?,東京帝国大学,Lexical variation (synonymy)
18204,320,中島敦,"敦は第一高等学校を卒業し、1930年4月に東京帝国大学文学部国文学科に入学する。友人らは英語力の高い敦は英文科に進むものだと思っていたため、国文学科を選んだことに驚いたという。大学時代には、文学発表活動への関与はあまりなく、友人・釘本久春の紹介で英国大使館駐在サッチャー海軍主計少佐の日本語教師を10月から約1年間務めながら、ダンスホールや麻雀屋に入り浸る生活を送っていたが、未完の長編草稿「北方行」の執筆準備は大学時代に行われていたのではないとされている。1931年の夏休みには天野宗歩の全棋譜(『将棋精選』)を読み上げ友人を驚かせたり、同年3月に麻雀屋で知り合った同年齢の橋本タカ(故郷は愛知県)と会う旅費稼ぎのため、下宿に友人らを集めレコードの売り立て会を開いたりしたこともあった。

一方で、永井荷風、谷崎潤一郎、正岡子規、上田敏、森鷗外らのほぼ全作品を読むなど読書にも熱中した。そしてポーやボードレール、ワイルドなど欧州の耽美派を概観しつつ近代日本では自然派に対抗し耽美派と呼ばれた谷崎を論じた「耽美派の研究」と題する卒業論文に備えた。1931年10月には、大連の中学校を退職した父親が東京に戻ったため、荏原郡駒沢町大字上馬の借家で父母と同居するようになった。1932年には、前年知り合った橋本タカとの結婚を考えるようになった。しかし、父から正式な結婚は大学卒業後にしろと言われ、この時点では婚姻届は出してはいない。この年の8月、旅順にいる叔父の中島比多吉を頼り、南満州・中国北部を旅行し、久しぶりに母校の京城中学にも立ち寄ったりした。",敦の友人たちは、敦が大学でどの科に進学すると予想していましたか。,英文科,Lexical variation (synonymy)
18205,320,中島敦,"敦は第一高等学校を卒業し、1930年4月に東京帝国大学文学部国文学科に入学する。友人らは英語力の高い敦は英文科に進むものだと思っていたため、国文学科を選んだことに驚いたという。大学時代には、文学発表活動への関与はあまりなく、友人・釘本久春の紹介で英国大使館駐在サッチャー海軍主計少佐の日本語教師を10月から約1年間務めながら、ダンスホールや麻雀屋に入り浸る生活を送っていたが、未完の長編草稿「北方行」の執筆準備は大学時代に行われていたのではないとされている。1931年の夏休みには天野宗歩の全棋譜(『将棋精選』)を読み上げ友人を驚かせたり、同年3月に麻雀屋で知り合った同年齢の橋本タカ(故郷は愛知県)と会う旅費稼ぎのため、下宿に友人らを集めレコードの売り立て会を開いたりしたこともあった。

一方で、永井荷風、谷崎潤一郎、正岡子規、上田敏、森鷗外らのほぼ全作品を読むなど読書にも熱中した。そしてポーやボードレール、ワイルドなど欧州の耽美派を概観しつつ近代日本では自然派に対抗し耽美派と呼ばれた谷崎を論じた「耽美派の研究」と題する卒業論文に備えた。1931年10月には、大連の中学校を退職した父親が東京に戻ったため、荏原郡駒沢町大字上馬の借家で父母と同居するようになった。1932年には、前年知り合った橋本タカとの結婚を考えるようになった。しかし、父から正式な結婚は大学卒業後にしろと言われ、この時点では婚姻届は出してはいない。この年の8月、旅順にいる叔父の中島比多吉を頼り、南満州・中国北部を旅行し、久しぶりに母校の京城中学にも立ち寄ったりした。",敦が卒業した中学校は?,京城中学,Lexical variation (synonymy)
18206,321,中島敦,"中島敦は当時の就職難に苦しみ、同年秋に朝日新聞社の入社試験を受けたが二次試験の身体検査で落ち、また叔父の満州国高級官僚の中島比多吉に就職の斡旋を依頼するなどしていた。同級生38名中、順調に就職が決まった者は3名だけだった。結局、1933年4月、祖父の門下生だった田沼勝之助が理事を務める横浜高等女学校(現・横浜学園高等学校)での教員の職を得て横浜市中区で単身暮らしとなった。担当科目は国語・英語であり、週23時間の授業を受け持ったという。初任給は60円だった。

女学校教員となったこの年の12月11日には橋本タカと結婚した。タカは4月に郷里の愛知県碧海郡で産んだ長男・桓を連れて11月ごろに上京し、東京市杉並区の佐々木方に下宿した。教師時代も多趣味な生活を送り、また生徒からもかなりの人気があった。教員時代は、山岳部生徒の引率で、箱根外輪山や北アルプスに登ったり、同僚らと三国峠、法師温泉などにキャンプに行ったりしたこともあった。

教師時代に「斗南先生」「北方行」など多くの作品を執筆しており、1934年7月、「虎狩」を『中央公論』新人号に応募して、選外佳作10編に入る。敦はこの結果に、氷上英廣宛てのハガキで「虎狩、又してもだめなり。(中略)なまじっか、そんなところに出ないほうがよかったのに。すこしいやになる」と、なまじっか佳作に名を連ねていることを悔しがり応募したことを後悔している。同じ年の4月に釘本久春を介して、京城中学の1年後輩の三好四郎と知り合っており、さらに1936年、その三好四郎から鎌倉に住む深田久弥を紹介されている。なんとか中島敦を世に出したいと願う釘本や三好の勧めで、毎週深田の自宅を訪ね、作品評を乞うようになった。",敦の同級生のうち、順調に就職が決まった者は何名でしたか。,3名,Syntactic variation
18207,321,中島敦,"中島敦は当時の就職難に苦しみ、同年秋に朝日新聞社の入社試験を受けたが二次試験の身体検査で落ち、また叔父の満州国高級官僚の中島比多吉に就職の斡旋を依頼するなどしていた。同級生38名中、順調に就職が決まった者は3名だけだった。結局、1933年4月、祖父の門下生だった田沼勝之助が理事を務める横浜高等女学校(現・横浜学園高等学校)での教員の職を得て横浜市中区で単身暮らしとなった。担当科目は国語・英語であり、週23時間の授業を受け持ったという。初任給は60円だった。

女学校教員となったこの年の12月11日には橋本タカと結婚した。タカは4月に郷里の愛知県碧海郡で産んだ長男・桓を連れて11月ごろに上京し、東京市杉並区の佐々木方に下宿した。教師時代も多趣味な生活を送り、また生徒からもかなりの人気があった。教員時代は、山岳部生徒の引率で、箱根外輪山や北アルプスに登ったり、同僚らと三国峠、法師温泉などにキャンプに行ったりしたこともあった。

教師時代に「斗南先生」「北方行」など多くの作品を執筆しており、1934年7月、「虎狩」を『中央公論』新人号に応募して、選外佳作10編に入る。敦はこの結果に、氷上英廣宛てのハガキで「虎狩、又してもだめなり。(中略)なまじっか、そんなところに出ないほうがよかったのに。すこしいやになる」と、なまじっか佳作に名を連ねていることを悔しがり応募したことを後悔している。同じ年の4月に釘本久春を介して、京城中学の1年後輩の三好四郎と知り合っており、さらに1936年、その三好四郎から鎌倉に住む深田久弥を紹介されている。なんとか中島敦を世に出したいと願う釘本や三好の勧めで、毎週深田の自宅を訪ね、作品評を乞うようになった。",敦と橋本タカは何年に結婚した?,1933年,Multiple sentence reasoning
18208,321,中島敦,"中島敦は当時の就職難に苦しみ、同年秋に朝日新聞社の入社試験を受けたが二次試験の身体検査で落ち、また叔父の満州国高級官僚の中島比多吉に就職の斡旋を依頼するなどしていた。同級生38名中、順調に就職が決まった者は3名だけだった。結局、1933年4月、祖父の門下生だった田沼勝之助が理事を務める横浜高等女学校(現・横浜学園高等学校)での教員の職を得て横浜市中区で単身暮らしとなった。担当科目は国語・英語であり、週23時間の授業を受け持ったという。初任給は60円だった。

女学校教員となったこの年の12月11日には橋本タカと結婚した。タカは4月に郷里の愛知県碧海郡で産んだ長男・桓を連れて11月ごろに上京し、東京市杉並区の佐々木方に下宿した。教師時代も多趣味な生活を送り、また生徒からもかなりの人気があった。教員時代は、山岳部生徒の引率で、箱根外輪山や北アルプスに登ったり、同僚らと三国峠、法師温泉などにキャンプに行ったりしたこともあった。

教師時代に「斗南先生」「北方行」など多くの作品を執筆しており、1934年7月、「虎狩」を『中央公論』新人号に応募して、選外佳作10編に入る。敦はこの結果に、氷上英廣宛てのハガキで「虎狩、又してもだめなり。(中略)なまじっか、そんなところに出ないほうがよかったのに。すこしいやになる」と、なまじっか佳作に名を連ねていることを悔しがり応募したことを後悔している。同じ年の4月に釘本久春を介して、京城中学の1年後輩の三好四郎と知り合っており、さらに1936年、その三好四郎から鎌倉に住む深田久弥を紹介されている。なんとか中島敦を世に出したいと願う釘本や三好の勧めで、毎週深田の自宅を訪ね、作品評を乞うようになった。",敦の初任給はいくらでしたか。,60円,Multiple sentence reasoning
18209,322,中島敦,"1942年2月号の『文學界』に、「山月記」と「文字禍」が「古譚」と題して掲載されていた。深田久弥は掲載を知らせる手紙を送ったが、同年3月17日にパラオより帰国した敦が『文學界』掲載のことを知ったのは、東京に戻ったあとであった。帰国後は喘息と気管支カタルで、父親と妻子の住む世田谷の家で療養する。当時の世田谷は周囲に田畑が広がり、冷たいおろし風が吹く喘息持ちにはよくない土地で、敦は住み慣れた横浜への転居を希望したが実現しなかった。

続けて「ツシタラの死」を編集者の要請で「光と風と夢」と題名変更し『文學界』5月号に発表し、昭和17年度上半期の芥川賞候補となる。しかし、同作品は室生犀星と川端康成の2人の選考委員が高く評価したのみで、ほかの選考委員からの支持が得られず落選する。とはいえ、「光と風と夢」の掲載後、筑摩書房、中央公論社、今日の問題社の3社から中島の作品集を出版したいという申し出があった。

5月、小康状態になった敦の元へ、筑摩書房の古田晁、中央公論社の杉森久英の訪問があり、作品集の出版が決まった。7月に第一創作集『光と風と夢』が出版され、その印税で妻子に着物を買った。8月に南洋庁に辞表を提出し、専業作家生活に入った。",編集者の要請で「ツシタラの死」は何に変更されるか。,「光と風と夢」,Syntactic variation
18210,322,中島敦,"1942年2月号の『文學界』に、「山月記」と「文字禍」が「古譚」と題して掲載されていた。深田久弥は掲載を知らせる手紙を送ったが、同年3月17日にパラオより帰国した敦が『文學界』掲載のことを知ったのは、東京に戻ったあとであった。帰国後は喘息と気管支カタルで、父親と妻子の住む世田谷の家で療養する。当時の世田谷は周囲に田畑が広がり、冷たいおろし風が吹く喘息持ちにはよくない土地で、敦は住み慣れた横浜への転居を希望したが実現しなかった。

続けて「ツシタラの死」を編集者の要請で「光と風と夢」と題名変更し『文學界』5月号に発表し、昭和17年度上半期の芥川賞候補となる。しかし、同作品は室生犀星と川端康成の2人の選考委員が高く評価したのみで、ほかの選考委員からの支持が得られず落選する。とはいえ、「光と風と夢」の掲載後、筑摩書房、中央公論社、今日の問題社の3社から中島の作品集を出版したいという申し出があった。

5月、小康状態になった敦の元へ、筑摩書房の古田晁、中央公論社の杉森久英の訪問があり、作品集の出版が決まった。7月に第一創作集『光と風と夢』が出版され、その印税で妻子に着物を買った。8月に南洋庁に辞表を提出し、専業作家生活に入った。",第一創作集『光と風と夢』は何月に出版されたか。,7月,Syntactic variation
18211,323,中島敦,"11月には第二創作集『南島譚』が出版されるも、同月に持病の気管支喘息悪化と服薬の影響で心臓もかなり衰弱し、世田谷の岡田医院に入院。敦は12月4日の午前6時に同院で死去した。33歳没。涙をためながら「書きたい、書きたい」「俺の頭の中のものを、みんな吐き出してしまひたい」と言ったのが最期の言葉だったと伝えられている。

6日の午後2時から神式の葬儀が行われ、多摩墓地に埋葬された。未発表であったいくつかの作品は遺作として没後に発表されており、「李陵」は1943年7月号の『文學界』に掲載された。全3巻の『中島敦全集』は1948年から1949年にかけて筑摩書房から刊行され、毎日出版文化賞を受賞している。",敦は何月に亡くなった?,12月4日,Syntactic variation
18212,323,中島敦,"11月には第二創作集『南島譚』が出版されるも、同月に持病の気管支喘息悪化と服薬の影響で心臓もかなり衰弱し、世田谷の岡田医院に入院。敦は12月4日の午前6時に同院で死去した。33歳没。涙をためながら「書きたい、書きたい」「俺の頭の中のものを、みんな吐き出してしまひたい」と言ったのが最期の言葉だったと伝えられている。

6日の午後2時から神式の葬儀が行われ、多摩墓地に埋葬された。未発表であったいくつかの作品は遺作として没後に発表されており、「李陵」は1943年7月号の『文學界』に掲載された。全3巻の『中島敦全集』は1948年から1949年にかけて筑摩書房から刊行され、毎日出版文化賞を受賞している。",『中島敦全集』はどの賞を受けたか。,毎日出版文化賞,Lexical variation (synonymy)
18213,323,中島敦,"11月には第二創作集『南島譚』が出版されるも、同月に持病の気管支喘息悪化と服薬の影響で心臓もかなり衰弱し、世田谷の岡田医院に入院。敦は12月4日の午前6時に同院で死去した。33歳没。涙をためながら「書きたい、書きたい」「俺の頭の中のものを、みんな吐き出してしまひたい」と言ったのが最期の言葉だったと伝えられている。

6日の午後2時から神式の葬儀が行われ、多摩墓地に埋葬された。未発表であったいくつかの作品は遺作として没後に発表されており、「李陵」は1943年7月号の『文學界』に掲載された。全3巻の『中島敦全集』は1948年から1949年にかけて筑摩書房から刊行され、毎日出版文化賞を受賞している。",敦の遺体はどこに埋葬されたか。,多摩墓地,Multiple sentence reasoning
18214,324,ヒョウモンチョウ族,"ヒョウモンチョウ族(Argynnini、豹紋蝶)は、チョウ目タテハチョウ科ドクチョウ亜科内のひとつの分類単位。
本族に分類されるチョウは、和名の通り黄色の地に黒い斑点が並んだヒョウ柄模様の翅を持つものがほとんどである。
日本では本族内の一種Brenthisdaphne(DenisetSchiffermüller,1775)に「ヒョウモンチョウ」(別名ナミヒョウモン)の和名が充てられるが、「ヒョウモンチョウ」という言葉は本族のチョウの総称としても使われることが多い。
熱帯性のウラベニヒョウモン、ヒメウラベニヒョウモン、ウスイロネッタイヒョウモンなどは近縁のVagrantini族とし、ヒョウモンチョウ族とは普通区別される。",ヒョウモンチョウを漢字表記するとどうなりますか?,豹紋蝶,Lexical variation (world knowledge)
18215,324,ヒョウモンチョウ族,"ヒョウモンチョウ族(Argynnini、豹紋蝶)は、チョウ目タテハチョウ科ドクチョウ亜科内のひとつの分類単位。
本族に分類されるチョウは、和名の通り黄色の地に黒い斑点が並んだヒョウ柄模様の翅を持つものがほとんどである。
日本では本族内の一種Brenthisdaphne(DenisetSchiffermüller,1775)に「ヒョウモンチョウ」(別名ナミヒョウモン)の和名が充てられるが、「ヒョウモンチョウ」という言葉は本族のチョウの総称としても使われることが多い。
熱帯性のウラベニヒョウモン、ヒメウラベニヒョウモン、ウスイロネッタイヒョウモンなどは近縁のVagrantini族とし、ヒョウモンチョウ族とは普通区別される。",ヒョウモンチョウ族の翅は何模様をしているの?,ヒョウ柄模様,Multiple sentence reasoning
18216,324,ヒョウモンチョウ族,"ヒョウモンチョウ族(Argynnini、豹紋蝶)は、チョウ目タテハチョウ科ドクチョウ亜科内のひとつの分類単位。
本族に分類されるチョウは、和名の通り黄色の地に黒い斑点が並んだヒョウ柄模様の翅を持つものがほとんどである。
日本では本族内の一種Brenthisdaphne(DenisetSchiffermüller,1775)に「ヒョウモンチョウ」(別名ナミヒョウモン)の和名が充てられるが、「ヒョウモンチョウ」という言葉は本族のチョウの総称としても使われることが多い。
熱帯性のウラベニヒョウモン、ヒメウラベニヒョウモン、ウスイロネッタイヒョウモンなどは近縁のVagrantini族とし、ヒョウモンチョウ族とは普通区別される。",ヒョウモンチョウの別名は何?,ナミヒョウモン,Syntactic variation
18217,325,ヒョウモンチョウ族,"寒帯から熱帯まで全世界の陸上に分布し、分類法にもよるが14属・100種ほどが知られる。
分布の中心は北半球の温帯・寒帯地域で、チョウとしては北方系の分類群として位置づけられる。
このうち日本では8属・14種が見られる。",ヒョウモンチョウは全部で何種類ありますか?,100種,Lexical variation (world knowledge)
18218,325,ヒョウモンチョウ族,"寒帯から熱帯まで全世界の陸上に分布し、分類法にもよるが14属・100種ほどが知られる。
分布の中心は北半球の温帯・寒帯地域で、チョウとしては北方系の分類群として位置づけられる。
このうち日本では8属・14種が見られる。",日本にいるヒョウモンチョウは何種類ですか?,14種,Multiple sentence reasoning
18219,325,ヒョウモンチョウ族,"寒帯から熱帯まで全世界の陸上に分布し、分類法にもよるが14属・100種ほどが知られる。
分布の中心は北半球の温帯・寒帯地域で、チョウとしては北方系の分類群として位置づけられる。
このうち日本では8属・14種が見られる。",ヒョウモンチョウの分布地域は北半球と南半球のどちらですか?,北半球,Lexical variation (world knowledge)
18220,325,ヒョウモンチョウ族,"寒帯から熱帯まで全世界の陸上に分布し、分類法にもよるが14属・100種ほどが知られる。
分布の中心は北半球の温帯・寒帯地域で、チョウとしては北方系の分類群として位置づけられる。
このうち日本では8属・14種が見られる。",日本には何属のヒョウモンチョウが生息していますか?,8属,Lexical variation (synonymy)
18221,326,ヒョウモンチョウ族,"成虫の前翅長は20mm-45mmほどで、種類によってかなり異なる。
暖地性の種類は大型だが、寒帯産や亜寒帯産の種類はシジミチョウ類とあまり変わらない大きさのものもいる。
翅は丸みを帯びた三角形で、尾状突起などの極端な凹凸は無い。
翅の表側はどの種類も黄色-茶色の地に黒い斑点が点在し、ヒョウの毛皮の模様に似ることから「豹紋蝶」の和名がある。
ツマグロヒョウモンやメスグロヒョウモンのメスなど判別しやすい種類もいるが、どれも似たような模様で、さらにオスメスの区別も困難な種類が多い。
野外で飛びまわる個体を同定するのも難しく、採集もしくは注意深い観察が必要である。
同定には斑紋の配置が手がかりとなるが、前翅より後翅、翅の表側より裏側に特徴が現れやすい。
また、成虫の前脚が短くたたまれること、幼虫に棘や毛が多いこと、蛹が尾部だけで逆さ吊りになる垂蛹型であることなどは他のタテハチョウと共通する特徴である。",斑紋の配置の特徴が現れやすいのは前翅と後翅のどちらですか?,後翅,Lexical variation (world knowledge)
18222,326,ヒョウモンチョウ族,"成虫の前翅長は20mm-45mmほどで、種類によってかなり異なる。
暖地性の種類は大型だが、寒帯産や亜寒帯産の種類はシジミチョウ類とあまり変わらない大きさのものもいる。
翅は丸みを帯びた三角形で、尾状突起などの極端な凹凸は無い。
翅の表側はどの種類も黄色-茶色の地に黒い斑点が点在し、ヒョウの毛皮の模様に似ることから「豹紋蝶」の和名がある。
ツマグロヒョウモンやメスグロヒョウモンのメスなど判別しやすい種類もいるが、どれも似たような模様で、さらにオスメスの区別も困難な種類が多い。
野外で飛びまわる個体を同定するのも難しく、採集もしくは注意深い観察が必要である。
同定には斑紋の配置が手がかりとなるが、前翅より後翅、翅の表側より裏側に特徴が現れやすい。
また、成虫の前脚が短くたたまれること、幼虫に棘や毛が多いこと、蛹が尾部だけで逆さ吊りになる垂蛹型であることなどは他のタテハチョウと共通する特徴である。",斑紋の配置の特徴が現れやすいのは翅の裏側と表側のどちらですか?,裏側,Lexical variation (world knowledge)
18223,326,ヒョウモンチョウ族,"成虫の前翅長は20mm-45mmほどで、種類によってかなり異なる。
暖地性の種類は大型だが、寒帯産や亜寒帯産の種類はシジミチョウ類とあまり変わらない大きさのものもいる。
翅は丸みを帯びた三角形で、尾状突起などの極端な凹凸は無い。
翅の表側はどの種類も黄色-茶色の地に黒い斑点が点在し、ヒョウの毛皮の模様に似ることから「豹紋蝶」の和名がある。
ツマグロヒョウモンやメスグロヒョウモンのメスなど判別しやすい種類もいるが、どれも似たような模様で、さらにオスメスの区別も困難な種類が多い。
野外で飛びまわる個体を同定するのも難しく、採集もしくは注意深い観察が必要である。
同定には斑紋の配置が手がかりとなるが、前翅より後翅、翅の表側より裏側に特徴が現れやすい。
また、成虫の前脚が短くたたまれること、幼虫に棘や毛が多いこと、蛹が尾部だけで逆さ吊りになる垂蛹型であることなどは他のタテハチョウと共通する特徴である。",成虫の前翅の長さはどれくらいですか?,20mm-45mmほど,Lexical variation (synonymy)
18224,326,ヒョウモンチョウ族,"成虫の前翅長は20mm-45mmほどで、種類によってかなり異なる。
暖地性の種類は大型だが、寒帯産や亜寒帯産の種類はシジミチョウ類とあまり変わらない大きさのものもいる。
翅は丸みを帯びた三角形で、尾状突起などの極端な凹凸は無い。
翅の表側はどの種類も黄色-茶色の地に黒い斑点が点在し、ヒョウの毛皮の模様に似ることから「豹紋蝶」の和名がある。
ツマグロヒョウモンやメスグロヒョウモンのメスなど判別しやすい種類もいるが、どれも似たような模様で、さらにオスメスの区別も困難な種類が多い。
野外で飛びまわる個体を同定するのも難しく、採集もしくは注意深い観察が必要である。
同定には斑紋の配置が手がかりとなるが、前翅より後翅、翅の表側より裏側に特徴が現れやすい。
また、成虫の前脚が短くたたまれること、幼虫に棘や毛が多いこと、蛹が尾部だけで逆さ吊りになる垂蛹型であることなどは他のタテハチョウと共通する特徴である。",蛹はどのようなタイプですか?,垂蛹型,Lexical variation (synonymy)
18225,327,ヒョウモンチョウ族,"おもに日当たりの良い森林の周辺、草原、湿原、岩場などに生息し、寒冷地を好む種類ではアサヒヒョウモンなど高原性のものも多い。
ほとんどの種類が年1回だけ発生する。
温暖な地方では成虫の期間は比較的長く、晩春に羽化して夏の暑い時期に一時的に活動を停止して「夏眠」、秋になると再び活動するものが多い。
ただし暖地性・多化性で夏眠もしないツマグロヒョウモンのような例外もある。
幼虫の食草はスミレ類が多いが、ワレモコウ類、キバナシャクナゲなどを食べる種類もある。
どちらにせよ草原性草本に強く依存した分類群といえる。
成虫は食草に直接産卵せず、周囲の岩や樹木に産卵する性質がある。
冬は卵または若齢幼虫で越冬し、春になると食草に幼虫が現れる。
成虫は日当たりの良い所を好んで飛び、各種の花に訪れる。",寒い地域を好む種類は何ですか?,アサヒヒョウモン,Lexical variation (synonymy)
18226,327,ヒョウモンチョウ族,"おもに日当たりの良い森林の周辺、草原、湿原、岩場などに生息し、寒冷地を好む種類ではアサヒヒョウモンなど高原性のものも多い。
ほとんどの種類が年1回だけ発生する。
温暖な地方では成虫の期間は比較的長く、晩春に羽化して夏の暑い時期に一時的に活動を停止して「夏眠」、秋になると再び活動するものが多い。
ただし暖地性・多化性で夏眠もしないツマグロヒョウモンのような例外もある。
幼虫の食草はスミレ類が多いが、ワレモコウ類、キバナシャクナゲなどを食べる種類もある。
どちらにせよ草原性草本に強く依存した分類群といえる。
成虫は食草に直接産卵せず、周囲の岩や樹木に産卵する性質がある。
冬は卵または若齢幼虫で越冬し、春になると食草に幼虫が現れる。
成虫は日当たりの良い所を好んで飛び、各種の花に訪れる。",生物が夏の暑い時期に一時的に活動を停止することを何といいますか?,「夏眠」,Lexical variation (world knowledge)
18227,327,ヒョウモンチョウ族,"おもに日当たりの良い森林の周辺、草原、湿原、岩場などに生息し、寒冷地を好む種類ではアサヒヒョウモンなど高原性のものも多い。
ほとんどの種類が年1回だけ発生する。
温暖な地方では成虫の期間は比較的長く、晩春に羽化して夏の暑い時期に一時的に活動を停止して「夏眠」、秋になると再び活動するものが多い。
ただし暖地性・多化性で夏眠もしないツマグロヒョウモンのような例外もある。
幼虫の食草はスミレ類が多いが、ワレモコウ類、キバナシャクナゲなどを食べる種類もある。
どちらにせよ草原性草本に強く依存した分類群といえる。
成虫は食草に直接産卵せず、周囲の岩や樹木に産卵する性質がある。
冬は卵または若齢幼虫で越冬し、春になると食草に幼虫が現れる。
成虫は日当たりの良い所を好んで飛び、各種の花に訪れる。",幼虫が主に食べる草は何ですか?,スミレ類,Lexical variation (synonymy)
18228,327,ヒョウモンチョウ族,"おもに日当たりの良い森林の周辺、草原、湿原、岩場などに生息し、寒冷地を好む種類ではアサヒヒョウモンなど高原性のものも多い。
ほとんどの種類が年1回だけ発生する。
温暖な地方では成虫の期間は比較的長く、晩春に羽化して夏の暑い時期に一時的に活動を停止して「夏眠」、秋になると再び活動するものが多い。
ただし暖地性・多化性で夏眠もしないツマグロヒョウモンのような例外もある。
幼虫の食草はスミレ類が多いが、ワレモコウ類、キバナシャクナゲなどを食べる種類もある。
どちらにせよ草原性草本に強く依存した分類群といえる。
成虫は食草に直接産卵せず、周囲の岩や樹木に産卵する性質がある。
冬は卵または若齢幼虫で越冬し、春になると食草に幼虫が現れる。
成虫は日当たりの良い所を好んで飛び、各種の花に訪れる。",羽化の時期はいつですか?,晩春,Lexical variation (world knowledge)
18229,328,ヒョウモンチョウ族,"ヒョウモンチョウ類は古くからタテハチョウ科に組みこまれていたが、研究が進んだ結果、かつて独立した科として扱われていたドクチョウ類に近縁とされ、21世紀初頭の時点ではドクチョウ亜科に組みこまれる。
ヒョウモンモドキ族(Melitaeini)とは成虫の色彩が似るが、ヒョウモンモドキ族は狭義タテハチョウ科のタテハチョウ亜科(Nymphalinae)に属するため、さほど近縁ではない。",ドクチョウ亜科に組みこまれる前は何科に入っていましたか?,タテハチョウ科,Lexical variation (world knowledge)
18230,328,ヒョウモンチョウ族,"ヒョウモンチョウ類は古くからタテハチョウ科に組みこまれていたが、研究が進んだ結果、かつて独立した科として扱われていたドクチョウ類に近縁とされ、21世紀初頭の時点ではドクチョウ亜科に組みこまれる。
ヒョウモンモドキ族(Melitaeini)とは成虫の色彩が似るが、ヒョウモンモドキ族は狭義タテハチョウ科のタテハチョウ亜科(Nymphalinae)に属するため、さほど近縁ではない。",ヒョウモンチョウ類と成虫の色彩が似ているのは何ですか?,ヒョウモンモドキ族,Multiple sentence reasoning
18231,329,ヒョウモンチョウ族,"日本には8属・14種のヒョウモンチョウ類が分布する。
北日本には種類・個体数とも多いが、西日本では種類数が減り、冷涼な山地に分布するようになる。
小型種は北海道や本州各地、大型種も四国山地や九州山地に分布南限がある。
このうちアサヒヒョウモンは1965年に国の天然記念物に指定され、採集が禁止されているが、他の種類も20世紀後半頃から個体数を減らしている。
この原因は詳しくわかっていないが、地球温暖化、外来種の侵入、人里付近の草原が利用されなくなったことによる遷移の進行などで草原の環境が変化したためと考えられている。
2000年に公表された昆虫類の環境省レッドリストには以下の3種(2亜種)がリストアップされている。
絶滅危惧I類(CR+EN)にリストされているのはオオウラギンヒョウモンである。
準絶滅危惧(NT)にリストされているのはヒョウモンチョウ東北以北亜種、ヒョウモンチョウ本州中部亜種、アサヒヒョウモンである。
他にも都道府県・各市町村レベルでの指定も多く、動向が注目される。
ただし暖地性・多化性のツマグロヒョウモンは個体数が安定していて、さらに関東地方付近では分布域の北上も報告されており、他のヒョウモンチョウ類とは違った傾向が見られる。",ヒョウモンチョウ類の種類が数多く分布するのは北日本と西日本のどちらですか?,北日本,Lexical variation (world knowledge)
18232,329,ヒョウモンチョウ族,"日本には8属・14種のヒョウモンチョウ類が分布する。
北日本には種類・個体数とも多いが、西日本では種類数が減り、冷涼な山地に分布するようになる。
小型種は北海道や本州各地、大型種も四国山地や九州山地に分布南限がある。
このうちアサヒヒョウモンは1965年に国の天然記念物に指定され、採集が禁止されているが、他の種類も20世紀後半頃から個体数を減らしている。
この原因は詳しくわかっていないが、地球温暖化、外来種の侵入、人里付近の草原が利用されなくなったことによる遷移の進行などで草原の環境が変化したためと考えられている。
2000年に公表された昆虫類の環境省レッドリストには以下の3種(2亜種)がリストアップされている。
絶滅危惧I類(CR+EN)にリストされているのはオオウラギンヒョウモンである。
準絶滅危惧(NT)にリストされているのはヒョウモンチョウ東北以北亜種、ヒョウモンチョウ本州中部亜種、アサヒヒョウモンである。
他にも都道府県・各市町村レベルでの指定も多く、動向が注目される。
ただし暖地性・多化性のツマグロヒョウモンは個体数が安定していて、さらに関東地方付近では分布域の北上も報告されており、他のヒョウモンチョウ類とは違った傾向が見られる。",オオウラギンヒョウモンが絶滅危惧I類にリストアップされた事は何年に公表されたの?,2000年,Multiple sentence reasoning
18233,329,ヒョウモンチョウ族,"日本には8属・14種のヒョウモンチョウ類が分布する。
北日本には種類・個体数とも多いが、西日本では種類数が減り、冷涼な山地に分布するようになる。
小型種は北海道や本州各地、大型種も四国山地や九州山地に分布南限がある。
このうちアサヒヒョウモンは1965年に国の天然記念物に指定され、採集が禁止されているが、他の種類も20世紀後半頃から個体数を減らしている。
この原因は詳しくわかっていないが、地球温暖化、外来種の侵入、人里付近の草原が利用されなくなったことによる遷移の進行などで草原の環境が変化したためと考えられている。
2000年に公表された昆虫類の環境省レッドリストには以下の3種(2亜種)がリストアップされている。
絶滅危惧I類(CR+EN)にリストされているのはオオウラギンヒョウモンである。
準絶滅危惧(NT)にリストされているのはヒョウモンチョウ東北以北亜種、ヒョウモンチョウ本州中部亜種、アサヒヒョウモンである。
他にも都道府県・各市町村レベルでの指定も多く、動向が注目される。
ただし暖地性・多化性のツマグロヒョウモンは個体数が安定していて、さらに関東地方付近では分布域の北上も報告されており、他のヒョウモンチョウ類とは違った傾向が見られる。",アサヒヒョウモンが準絶滅危惧にリストアップされた事は何年に公表されたの?,2000年,Multiple sentence reasoning
18234,329,ヒョウモンチョウ族,"日本には8属・14種のヒョウモンチョウ類が分布する。
北日本には種類・個体数とも多いが、西日本では種類数が減り、冷涼な山地に分布するようになる。
小型種は北海道や本州各地、大型種も四国山地や九州山地に分布南限がある。
このうちアサヒヒョウモンは1965年に国の天然記念物に指定され、採集が禁止されているが、他の種類も20世紀後半頃から個体数を減らしている。
この原因は詳しくわかっていないが、地球温暖化、外来種の侵入、人里付近の草原が利用されなくなったことによる遷移の進行などで草原の環境が変化したためと考えられている。
2000年に公表された昆虫類の環境省レッドリストには以下の3種(2亜種)がリストアップされている。
絶滅危惧I類(CR+EN)にリストされているのはオオウラギンヒョウモンである。
準絶滅危惧(NT)にリストされているのはヒョウモンチョウ東北以北亜種、ヒョウモンチョウ本州中部亜種、アサヒヒョウモンである。
他にも都道府県・各市町村レベルでの指定も多く、動向が注目される。
ただし暖地性・多化性のツマグロヒョウモンは個体数が安定していて、さらに関東地方付近では分布域の北上も報告されており、他のヒョウモンチョウ類とは違った傾向が見られる。",1965年に国の天然記念物に指定されたヒョウモンチョウ類は何ですか?,アサヒヒョウモン,Multiple sentence reasoning
18235,330,ヒョウモンチョウ族,"ヒョウモンチョウBrenthisdaphne(DenisetSchiffermüller,1775)は他の種類と区別し「ナミヒョウモン」という別名もある。
成虫の前翅長は25-32mmほどで、翅の地色は黄色。
メスの方がやや大きくて、翅色が鈍い。
後翅の裏側にはつけ根に褐色で縁取られた黄白色の石垣状紋、外縁は赤褐色の地に不鮮明な白い縁取りがある。
幼虫はバラ科のワレモコウ類を食草とする。
ヨーロッパから中央アジア、シベリアまで広く分布し、日本では本州中部山地、東北地方北部から北海道に分布する。
5つの亜種があり、日本には本州中部亜種B.d.rabdiaButler,1877と東北以北亜種B.d.iwatensisOkano,1951が分布する。
東北以北亜種は樺太、千島列島まで分布する。",ヒョウモンチョウの翅の地色は何?,黄色,Multiple sentence reasoning
18236,330,ヒョウモンチョウ族,"ヒョウモンチョウBrenthisdaphne(DenisetSchiffermüller,1775)は他の種類と区別し「ナミヒョウモン」という別名もある。
成虫の前翅長は25-32mmほどで、翅の地色は黄色。
メスの方がやや大きくて、翅色が鈍い。
後翅の裏側にはつけ根に褐色で縁取られた黄白色の石垣状紋、外縁は赤褐色の地に不鮮明な白い縁取りがある。
幼虫はバラ科のワレモコウ類を食草とする。
ヨーロッパから中央アジア、シベリアまで広く分布し、日本では本州中部山地、東北地方北部から北海道に分布する。
5つの亜種があり、日本には本州中部亜種B.d.rabdiaButler,1877と東北以北亜種B.d.iwatensisOkano,1951が分布する。
東北以北亜種は樺太、千島列島まで分布する。",ヒョウモンチョウの幼虫は何を食べるの?,ワレモコウ類,Lexical variation (synonymy)
18237,330,ヒョウモンチョウ族,"ヒョウモンチョウBrenthisdaphne(DenisetSchiffermüller,1775)は他の種類と区別し「ナミヒョウモン」という別名もある。
成虫の前翅長は25-32mmほどで、翅の地色は黄色。
メスの方がやや大きくて、翅色が鈍い。
後翅の裏側にはつけ根に褐色で縁取られた黄白色の石垣状紋、外縁は赤褐色の地に不鮮明な白い縁取りがある。
幼虫はバラ科のワレモコウ類を食草とする。
ヨーロッパから中央アジア、シベリアまで広く分布し、日本では本州中部山地、東北地方北部から北海道に分布する。
5つの亜種があり、日本には本州中部亜種B.d.rabdiaButler,1877と東北以北亜種B.d.iwatensisOkano,1951が分布する。
東北以北亜種は樺太、千島列島まで分布する。",ヒョウモンチョウの北限地域はどこですか?,北海道,Lexical variation (world knowledge)
18238,330,ヒョウモンチョウ族,"ヒョウモンチョウBrenthisdaphne(DenisetSchiffermüller,1775)は他の種類と区別し「ナミヒョウモン」という別名もある。
成虫の前翅長は25-32mmほどで、翅の地色は黄色。
メスの方がやや大きくて、翅色が鈍い。
後翅の裏側にはつけ根に褐色で縁取られた黄白色の石垣状紋、外縁は赤褐色の地に不鮮明な白い縁取りがある。
幼虫はバラ科のワレモコウ類を食草とする。
ヨーロッパから中央アジア、シベリアまで広く分布し、日本では本州中部山地、東北地方北部から北海道に分布する。
5つの亜種があり、日本には本州中部亜種B.d.rabdiaButler,1877と東北以北亜種B.d.iwatensisOkano,1951が分布する。
東北以北亜種は樺太、千島列島まで分布する。",ヒョウモンチョウのメスとオスはどちらが大きいの?,メス,Lexical variation (world knowledge)
18239,331,ヒョウモンチョウ族,"コヒョウモンB.ino(Rottemburg,1775)は前翅長25mm前後ある。
外見・分布域ともヒョウモンチョウに似るが、翅の地色の赤みが強く橙色をしていること、外縁の小さな突起が丸みを帯びること、後翅裏側の白い縁取りが鮮明なことなどから区別する。
また、生息地にはヒョウモンチョウとの棲み分けが見られる。
幼虫はバラ科のオニシモツケなどを食草とする。",コヒョウモンの幼虫が食べるものは何ですか?,オニシモツケ,Lexical variation (synonymy)
18240,332,ヒョウモンチョウ族,"カラフトヒョウモンClossianaiphigenia(Graeser,1888)は前翅長25mm前後で、ヒョウモンチョウに比べて横長の翅をもち、後翅裏側外縁には黒く縁取られた三角形の白色紋が並ぶ。
幼虫はスミレ科のミヤマスミレを食草とする。
アムール地方から朝鮮半島まで分布するが、日本では北海道だけに分布する。",ミヤマスミレを食草とする幼虫は、羽化すると何になりますか?,カラフトヒョウモン,Multiple sentence reasoning
18241,332,ヒョウモンチョウ族,"カラフトヒョウモンClossianaiphigenia(Graeser,1888)は前翅長25mm前後で、ヒョウモンチョウに比べて横長の翅をもち、後翅裏側外縁には黒く縁取られた三角形の白色紋が並ぶ。
幼虫はスミレ科のミヤマスミレを食草とする。
アムール地方から朝鮮半島まで分布するが、日本では北海道だけに分布する。",カラフトヒョウモンの日本での生息地はどこですか?,北海道,Lexical variation (synonymy)
18242,333,ヒョウモンチョウ族,"ホソバヒョウモンC.thore(Hübner,1806)は「ヒメカラフトヒョウモン」という別名もある。
前翅長23mm前後である。
後翅裏側外縁の白色紋が不鮮明なことでカラフトヒョウモンと区別できる。
シベリア北部から東部に分布し、日本では北海道だけに分布する。
また、ヨーロッパにも生息地が点在する。",ヒメカラフトヒョウモンの正式名称は何?,ホソバヒョウモン,Lexical variation (world knowledge)
18243,333,ヒョウモンチョウ族,"ホソバヒョウモンC.thore(Hübner,1806)は「ヒメカラフトヒョウモン」という別名もある。
前翅長23mm前後である。
後翅裏側外縁の白色紋が不鮮明なことでカラフトヒョウモンと区別できる。
シベリア北部から東部に分布し、日本では北海道だけに分布する。
また、ヨーロッパにも生息地が点在する。",ホソバヒョウモンの前翅の長さはどれくらいですか?,23mm前後,Multiple sentence reasoning
18244,333,ヒョウモンチョウ族,"ホソバヒョウモンC.thore(Hübner,1806)は「ヒメカラフトヒョウモン」という別名もある。
前翅長23mm前後である。
後翅裏側外縁の白色紋が不鮮明なことでカラフトヒョウモンと区別できる。
シベリア北部から東部に分布し、日本では北海道だけに分布する。
また、ヨーロッパにも生息地が点在する。",ホソバヒョウモンの日本での生息地はどこですか?,北海道,Lexical variation (synonymy)
18245,333,ヒョウモンチョウ族,"ホソバヒョウモンC.thore(Hübner,1806)は「ヒメカラフトヒョウモン」という別名もある。
前翅長23mm前後である。
後翅裏側外縁の白色紋が不鮮明なことでカラフトヒョウモンと区別できる。
シベリア北部から東部に分布し、日本では北海道だけに分布する。
また、ヨーロッパにも生息地が点在する。",ホソバヒョウモンの海外での分布地はどこですか?,シベリア北部から東部,Lexical variation (world knowledge)
18246,334,ヒョウモンチョウ族,"アサヒヒョウモンC.freija(Thunberg,1791)は前翅長20mm前後ある。
後翅の表側つけ根に斑紋がなく黒ずむ。
また、後翅裏側は赤褐色が強く、白色紋が際立つ。
幼虫はツツジ科のキバナシャクナゲなどを食草とする。
北極圏周辺の寒帯域に広く分布するが、日本では北海道・大雪山系だけに分布する。
和名のアサヒは大雪山系の最高峰・旭岳に由来する。
日本国指定の天然記念物(1965年)、環境省レッドリスト準絶滅危惧となる(2000年)。",アサヒヒョウモンの名前にあるアサヒの由来とは何?,旭岳,Multiple sentence reasoning
18247,334,ヒョウモンチョウ族,"アサヒヒョウモンC.freija(Thunberg,1791)は前翅長20mm前後ある。
後翅の表側つけ根に斑紋がなく黒ずむ。
また、後翅裏側は赤褐色が強く、白色紋が際立つ。
幼虫はツツジ科のキバナシャクナゲなどを食草とする。
北極圏周辺の寒帯域に広く分布するが、日本では北海道・大雪山系だけに分布する。
和名のアサヒは大雪山系の最高峰・旭岳に由来する。
日本国指定の天然記念物(1965年)、環境省レッドリスト準絶滅危惧となる(2000年)。",アサヒヒョウモンの幼虫は何を食べるの?,キバナシャクナゲ,Lexical variation (synonymy)
18248,334,ヒョウモンチョウ族,"アサヒヒョウモンC.freija(Thunberg,1791)は前翅長20mm前後ある。
後翅の表側つけ根に斑紋がなく黒ずむ。
また、後翅裏側は赤褐色が強く、白色紋が際立つ。
幼虫はツツジ科のキバナシャクナゲなどを食草とする。
北極圏周辺の寒帯域に広く分布するが、日本では北海道・大雪山系だけに分布する。
和名のアサヒは大雪山系の最高峰・旭岳に由来する。
日本国指定の天然記念物(1965年)、環境省レッドリスト準絶滅危惧となる(2000年)。",アサヒヒョウモンが指定されるのが早かったのは環境省レッドリスト準絶滅危惧と天然記念物のどちらですか?,天然記念物,Logical reasoning
18249,335,ヒョウモンチョウ族,"ギンボシヒョウモンSpeyeriaaglaja(Linnaeus,1758)は前翅長35mm前後ある。
和名は後翅裏側に白い斑点が点在することに由来する。
ウラギンヒョウモンに似るが、後翅裏側のつけ根にある3つの白斑が三角形に並ぶ点で区別する。
ユーラシア大陸の温帯域に広く分布し、日本では中部地方以北で見られる。",ギンボシヒョウモンとよく似ている種類とは何ですか?,ウラギンヒョウモン,Multiple sentence reasoning
18250,335,ヒョウモンチョウ族,"ギンボシヒョウモンSpeyeriaaglaja(Linnaeus,1758)は前翅長35mm前後ある。
和名は後翅裏側に白い斑点が点在することに由来する。
ウラギンヒョウモンに似るが、後翅裏側のつけ根にある3つの白斑が三角形に並ぶ点で区別する。
ユーラシア大陸の温帯域に広く分布し、日本では中部地方以北で見られる。",ギンボシヒョウモンの日本での生息地はどこですか?,中部地方以北,Lexical variation (synonymy)
18251,336,ヒョウモンチョウ族,"ウラギンヒョウモンFabricianaadippe(DenisetSchiffermüller,1775)は前翅長35mm前後ある。
ギンボシヒョウモンに似るが、後翅裏側のつけ根にある3つの白斑は直線上に並ぶ。
また、後翅裏側の外縁には半円形の白斑が並ぶ。
ユーラシア大陸に広く分布し、日本でも北海道から九州まで分布する。",ウラギンヒョウモンが広範囲で分布している大陸は何ですか?,ユーラシア大陸,Lexical variation (synonymy)
18252,336,ヒョウモンチョウ族,"ウラギンヒョウモンFabricianaadippe(DenisetSchiffermüller,1775)は前翅長35mm前後ある。
ギンボシヒョウモンに似るが、後翅裏側のつけ根にある3つの白斑は直線上に並ぶ。
また、後翅裏側の外縁には半円形の白斑が並ぶ。
ユーラシア大陸に広く分布し、日本でも北海道から九州まで分布する。",ウラギンヒョウモンの日本での北限となる生息地はどこですか?,北海道,Lexical variation (world knowledge)
18253,336,ヒョウモンチョウ族,"ウラギンヒョウモンFabricianaadippe(DenisetSchiffermüller,1775)は前翅長35mm前後ある。
ギンボシヒョウモンに似るが、後翅裏側のつけ根にある3つの白斑は直線上に並ぶ。
また、後翅裏側の外縁には半円形の白斑が並ぶ。
ユーラシア大陸に広く分布し、日本でも北海道から九州まで分布する。",ウラギンヒョウモンの日本での南限となる生息地はどこですか?,九州,Lexical variation (world knowledge)
18254,337,ヒョウモンチョウ族,"オオウラギンヒョウモンF.nerippe(C.etR.Felder,1862)は前翅長33-42mmある。
ウラギンヒョウモンに似るが、後翅裏側の外縁にM字形の白斑が並ぶので区別できる。
中国・朝鮮半島・本州・四国・九州に分布する。
日本では1980年代から個体数が激減し、絶滅が心配されている。
環境省レッドリスト絶滅危惧I類(2000年)。",日本でオオウラギンヒョウモンの数が激減したのは何年代からですか?,1980年代,Multiple sentence reasoning
18255,338,ヒョウモンチョウ族,"ウラギンスジヒョウモンArgyronomelaodice(Pallas,1771)は前翅長35mm前後ある。
和名はメスの翅裏に、翅を前後に貫く白い曲線があることに由来する。
オスはこの白線が後翅にしかなく不鮮明である。
なお、後翅の白線はミドリヒョウモン属、メスグロヒョウモン属にもある。
ヨーロッパ、インドシナ半島北部、東アジアに分布し、日本でも北海道から九州まで分布する。",ウラギンスジヒョウモンの日本での北限となる生息地はどこですか?,北海道,Lexical variation (world knowledge)
18256,338,ヒョウモンチョウ族,"ウラギンスジヒョウモンArgyronomelaodice(Pallas,1771)は前翅長35mm前後ある。
和名はメスの翅裏に、翅を前後に貫く白い曲線があることに由来する。
オスはこの白線が後翅にしかなく不鮮明である。
なお、後翅の白線はミドリヒョウモン属、メスグロヒョウモン属にもある。
ヨーロッパ、インドシナ半島北部、東アジアに分布し、日本でも北海道から九州まで分布する。",ウラギンスジヒョウモンの日本での南限となる生息地はどこですか?,九州,Lexical variation (world knowledge)
18257,339,ヒョウモンチョウ族,"オオウラギンスジヒョウモンA.ruslana(Motschulsky,1866)は前翅長35-40mmある。
前翅の前端が外へ突き出ること、後翅つけ根の黒斑の列がつながることでウラギンスジヒョウモンと区別する。
北海道から九州までを含む東アジアに分布するが、ウラギンスジヒョウモンよりやや山地性の傾向がある。
ミドリヒョウモンArgynnispaphia(Linnaeus,1758)は前翅長35-40mmある。
和名通り後翅の裏側が緑褐色で、太い白の縦線が数本走る。
また、メスの中には翅の表側全体に緑色を発色するものもいる。
ユーラシア大陸の温帯・亜寒帯域に広く分布し、日本でも北海道から九州まで分布する。",オオウラギンスジヒョウモンとミドリヒョウモンの前翅長はどれくらいありますか?,35-40mm,Multiple sentence reasoning
18258,339,ヒョウモンチョウ族,"オオウラギンスジヒョウモンA.ruslana(Motschulsky,1866)は前翅長35-40mmある。
前翅の前端が外へ突き出ること、後翅つけ根の黒斑の列がつながることでウラギンスジヒョウモンと区別する。
北海道から九州までを含む東アジアに分布するが、ウラギンスジヒョウモンよりやや山地性の傾向がある。
ミドリヒョウモンArgynnispaphia(Linnaeus,1758)は前翅長35-40mmある。
和名通り後翅の裏側が緑褐色で、太い白の縦線が数本走る。
また、メスの中には翅の表側全体に緑色を発色するものもいる。
ユーラシア大陸の温帯・亜寒帯域に広く分布し、日本でも北海道から九州まで分布する。",山地性の傾向が強いのはオオウラギンスジヒョウモンとウラギンスジヒョウモンのどちらですか?,オオウラギンスジヒョウモン,Lexical variation (world knowledge)
18259,340,ヒョウモンチョウ族,"クモガタヒョウモンA.anadyomeneC.etR.Felder,1862の学名はNephargynnisanadyomeneとし、別属のクモガタヒョウモン属として扱うこともある。
前翅長35-40mmである。
後翅裏側にはっきりした模様がなく、一様に黄褐色なので他の種類と区別できる。
北海道から九州までを含む東アジアに分布する。",クモガタヒョウモンの前翅長は何mm?,35-40mm,Multiple sentence reasoning
18260,340,ヒョウモンチョウ族,"クモガタヒョウモンA.anadyomeneC.etR.Felder,1862の学名はNephargynnisanadyomeneとし、別属のクモガタヒョウモン属として扱うこともある。
前翅長35-40mmである。
後翅裏側にはっきりした模様がなく、一様に黄褐色なので他の種類と区別できる。
北海道から九州までを含む東アジアに分布する。",クモガタヒョウモンは全体的に何色ですか?,黄褐色,Multiple sentence reasoning
18261,340,ヒョウモンチョウ族,"クモガタヒョウモンA.anadyomeneC.etR.Felder,1862の学名はNephargynnisanadyomeneとし、別属のクモガタヒョウモン属として扱うこともある。
前翅長35-40mmである。
後翅裏側にはっきりした模様がなく、一様に黄褐色なので他の種類と区別できる。
北海道から九州までを含む東アジアに分布する。",クモガタヒョウモンの分布地域はどこですか?,東アジア,Multiple sentence reasoning
18262,341,ヒョウモンチョウ族,"メスグロヒョウモンDamorasagana(Doubleday,1847)は前翅長35-45mmほどである。
和名通りメスは黒っぽい青緑色の地に白い帯や斑点があり、ヒョウモンチョウというよりイチモンジチョウ類に似る。
オスはウラギンスジヒョウモンに似るが、表側の前翅前端や後翅つけ根に斑紋がなく、全体的に黄色部分が多い。
北海道から九州までを含む東アジアに分布する。",メスグロヒョウモンのオスは全体的に何色の部分が多いですか?,黄色,Multiple sentence reasoning
18263,342,ヒョウモンチョウ族,"ツマグロヒョウモンArgyreushyperbius(Linnaeus,1763)は前翅長38-45mmほどである。
和名通りオスメスとも後翅外縁が黒く縁取られる。
さらにメスは前翅先端が黒くて、斜めに白い帯が走り、カバマダラに似る。
アフリカ東岸から西日本を含むアジア、オーストラリアまでの熱帯・亜熱帯域に広く分布し、ヒョウモンチョウ類の中でも例外的な存在である。",ヒョウモンチョウ類の中で例外的な種類とは何ですか?,ツマグロヒョウモン,Multiple sentence reasoning
