question_id,context_id,title,context,question,answer,question_type
1,1,石淵ダム,石淵ダム(いしぶちダム)は岩手県奥州市、一級河川・北上川水系胆沢(いさわ)川に建設されたダムである。国土交通省東北地方整備局が管理する国土交通省直轄ダムで、北上川上流改修計画に基づく北上川五大ダム計画の第一弾として建設された、高さ53メートルのダム。日本で最初に施工されたロックフィルダムで、コンクリートで上流部の水を遮る日本では5基しか存在しないコンクリートフェイシングフィルダムの一つ。胆沢川・北上川の治水及び胆沢扇状地への灌漑、水力発電を目的とする多目的ダムであるが、治水・利水機能強化を目的としてダム下流2キロメートルの地点に胆沢ダムが完成し、石淵ダムは水没した。栗駒国定公園内に位置する。,石淵ダムは、どこの管理下にあるダムなの?,国土交通省東北地方整備局,Lexical variation (world knowledge)
2,1,石淵ダム,石淵ダム(いしぶちダム)は岩手県奥州市、一級河川・北上川水系胆沢(いさわ)川に建設されたダムである。国土交通省東北地方整備局が管理する国土交通省直轄ダムで、北上川上流改修計画に基づく北上川五大ダム計画の第一弾として建設された、高さ53メートルのダム。日本で最初に施工されたロックフィルダムで、コンクリートで上流部の水を遮る日本では5基しか存在しないコンクリートフェイシングフィルダムの一つ。胆沢川・北上川の治水及び胆沢扇状地への灌漑、水力発電を目的とする多目的ダムであるが、治水・利水機能強化を目的としてダム下流2キロメートルの地点に胆沢ダムが完成し、石淵ダムは水没した。栗駒国定公園内に位置する。,北上川五大ダム計画により建設されたダムのうち、最初のものは何ですか?,石淵ダム,Lexical variation (world knowledge)
3,1,石淵ダム,石淵ダム(いしぶちダム)は岩手県奥州市、一級河川・北上川水系胆沢(いさわ)川に建設されたダムである。国土交通省東北地方整備局が管理する国土交通省直轄ダムで、北上川上流改修計画に基づく北上川五大ダム計画の第一弾として建設された、高さ53メートルのダム。日本で最初に施工されたロックフィルダムで、コンクリートで上流部の水を遮る日本では5基しか存在しないコンクリートフェイシングフィルダムの一つ。胆沢川・北上川の治水及び胆沢扇状地への灌漑、水力発電を目的とする多目的ダムであるが、治水・利水機能強化を目的としてダム下流2キロメートルの地点に胆沢ダムが完成し、石淵ダムは水没した。栗駒国定公園内に位置する。,北上川五大ダム計画における最初のダムが水没したのは、どのダムの建設によることか?,胆沢ダム,Multiple sentence reasoning
4,2,石淵ダム,"石淵ダムが建設された胆沢川は北上川中流部における主要な支流の一つである。栗駒山系を形成する焼石岳(標高1,548メートル)を水源として東南に流路を取り、ダム地点上流で南西より流れ来る前川を合わせダム地点を通過すると面積約2万ヘクタールにもおよぶ日本最大級の扇状地・胆沢扇状地を形成。以後は概ね北東に流れ、奥州市水沢区において北上川に合流し太平洋へ注ぐ。流路延長は約48キロメートル、流域面積は約320平方キロメートルである。ダムは前川との合流点下流、胆沢扇状地の扇頂部に建設された。",石淵ダムが建設された川は、どの川中流部における主要な支流の一つであるの?,北上川,Syntactic variation
5,3,石淵ダム,ダムの名称である「石淵」はかつてこの一帯が猿岩を始め巨石や巨岩などによって険阻な峡谷が形成されていた所から「石淵野」と呼ばれたことに由来する。また河川名の「胆沢」については諸説があり、アイヌ語で「イ」(それが)・「サワ」(山間の平地)または「エサバ」(酋長のいる所)に由来する説のほか、胆沢扇状地の砂を「イサ」と呼びそれに沢を合体させたとする説、水路を意味する「イ」と窪地を意味する「サワ」を合わせた説などがある。しかし何れも定説になっていない。なおダムが建設された当時の自治体は胆沢郡若柳村であり、後に胆沢村に合併されさらに胆沢町に町制施行されたが平成の大合併に伴い水沢市、江刺市、胆沢郡前沢町・衣川村と合併して奥州市となり、旧胆沢町域は胆沢区となった。,ダムの名称は、その地域が何と呼ばれたことに由来しますか?,「石淵野」,Syntactic variation
6,3,石淵ダム,ダムの名称である「石淵」はかつてこの一帯が猿岩を始め巨石や巨岩などによって険阻な峡谷が形成されていた所から「石淵野」と呼ばれたことに由来する。また河川名の「胆沢」については諸説があり、アイヌ語で「イ」(それが)・「サワ」(山間の平地)または「エサバ」(酋長のいる所)に由来する説のほか、胆沢扇状地の砂を「イサ」と呼びそれに沢を合体させたとする説、水路を意味する「イ」と窪地を意味する「サワ」を合わせた説などがある。しかし何れも定説になっていない。なおダムが建設された当時の自治体は胆沢郡若柳村であり、後に胆沢村に合併されさらに胆沢町に町制施行されたが平成の大合併に伴い水沢市、江刺市、胆沢郡前沢町・衣川村と合併して奥州市となり、旧胆沢町域は胆沢区となった。,「胆沢」という河川名についての様々な説のうちには、水路の意味と何の意味を合わせたとの説もあるのか?,窪地,Lexical variation (world knowledge)
7,3,石淵ダム,ダムの名称である「石淵」はかつてこの一帯が猿岩を始め巨石や巨岩などによって険阻な峡谷が形成されていた所から「石淵野」と呼ばれたことに由来する。また河川名の「胆沢」については諸説があり、アイヌ語で「イ」(それが)・「サワ」(山間の平地)または「エサバ」(酋長のいる所)に由来する説のほか、胆沢扇状地の砂を「イサ」と呼びそれに沢を合体させたとする説、水路を意味する「イ」と窪地を意味する「サワ」を合わせた説などがある。しかし何れも定説になっていない。なおダムが建設された当時の自治体は胆沢郡若柳村であり、後に胆沢村に合併されさらに胆沢町に町制施行されたが平成の大合併に伴い水沢市、江刺市、胆沢郡前沢町・衣川村と合併して奥州市となり、旧胆沢町域は胆沢区となった。,胆沢郡は何度か合併されており、最終的に与えられた地域名は何か?,胆沢区,Lexical variation (world knowledge)
8,4,石淵ダム,"東北地方最大の河川である北上川は岩手県・宮城県を主な流域とするが、中流部と下流部の間、岩手県一関市狐禅寺(こぜんじ)から宮城県登米市に至る約27キロメートル区間は急激に川幅が狭くなる。この「狐禅寺狭窄部」の存在と狭窄部より下流における北上川の河川勾配が緩やかなことで、狭窄部より上流部の一関市は慢性的な水害常襲地帯であった。北上川流域面積(10,150平方キロメートル)の7割を占める岩手県内(北上高地や奥羽山脈東側)で大雨が降ると各支流を経て北上川に到達した洪水は一関市に集まる。この一関市狐禅寺におけるピーク時の基本高水流量は毎秒1万3600立方メートルであるが、狭窄部は毎秒6,300立方メートルの流下能力しかない。このため狭窄部で処理し切れない洪水が一関市内に湛水(たんすい)する状態となり、古くより洪水の被害に悩まされていた。根本的な解決法は狭窄部の開削による流下能力の増強であるが、約27キロメートルにもおよぶ狭窄部の開削は非現実的であった。",東北地方最大の河川は、宮城県とどこを主な流域としているか?,岩手県,Syntactic variation
9,4,石淵ダム,"東北地方最大の河川である北上川は岩手県・宮城県を主な流域とするが、中流部と下流部の間、岩手県一関市狐禅寺(こぜんじ)から宮城県登米市に至る約27キロメートル区間は急激に川幅が狭くなる。この「狐禅寺狭窄部」の存在と狭窄部より下流における北上川の河川勾配が緩やかなことで、狭窄部より上流部の一関市は慢性的な水害常襲地帯であった。北上川流域面積(10,150平方キロメートル)の7割を占める岩手県内(北上高地や奥羽山脈東側)で大雨が降ると各支流を経て北上川に到達した洪水は一関市に集まる。この一関市狐禅寺におけるピーク時の基本高水流量は毎秒1万3600立方メートルであるが、狭窄部は毎秒6,300立方メートルの流下能力しかない。このため狭窄部で処理し切れない洪水が一関市内に湛水(たんすい)する状態となり、古くより洪水の被害に悩まされていた。根本的な解決法は狭窄部の開削による流下能力の増強であるが、約27キロメートルにもおよぶ狭窄部の開削は非現実的であった。",北上川流域のうち、最も広い面積を占めるのは、何県か?,岩手県,Logical reasoning
10,4,石淵ダム,"東北地方最大の河川である北上川は岩手県・宮城県を主な流域とするが、中流部と下流部の間、岩手県一関市狐禅寺(こぜんじ)から宮城県登米市に至る約27キロメートル区間は急激に川幅が狭くなる。この「狐禅寺狭窄部」の存在と狭窄部より下流における北上川の河川勾配が緩やかなことで、狭窄部より上流部の一関市は慢性的な水害常襲地帯であった。北上川流域面積(10,150平方キロメートル)の7割を占める岩手県内(北上高地や奥羽山脈東側)で大雨が降ると各支流を経て北上川に到達した洪水は一関市に集まる。この一関市狐禅寺におけるピーク時の基本高水流量は毎秒1万3600立方メートルであるが、狭窄部は毎秒6,300立方メートルの流下能力しかない。このため狭窄部で処理し切れない洪水が一関市内に湛水(たんすい)する状態となり、古くより洪水の被害に悩まされていた。根本的な解決法は狭窄部の開削による流下能力の増強であるが、約27キロメートルにもおよぶ狭窄部の開削は非現実的であった。",古くから洪水の被害に悩んでいた、北上川流域は、どの市か?,一関市,Lexical variation (world knowledge)
11,4,石淵ダム,"東北地方最大の河川である北上川は岩手県・宮城県を主な流域とするが、中流部と下流部の間、岩手県一関市狐禅寺(こぜんじ)から宮城県登米市に至る約27キロメートル区間は急激に川幅が狭くなる。この「狐禅寺狭窄部」の存在と狭窄部より下流における北上川の河川勾配が緩やかなことで、狭窄部より上流部の一関市は慢性的な水害常襲地帯であった。北上川流域面積(10,150平方キロメートル)の7割を占める岩手県内(北上高地や奥羽山脈東側)で大雨が降ると各支流を経て北上川に到達した洪水は一関市に集まる。この一関市狐禅寺におけるピーク時の基本高水流量は毎秒1万3600立方メートルであるが、狭窄部は毎秒6,300立方メートルの流下能力しかない。このため狭窄部で処理し切れない洪水が一関市内に湛水(たんすい)する状態となり、古くより洪水の被害に悩まされていた。根本的な解決法は狭窄部の開削による流下能力の増強であるが、約27キロメートルにもおよぶ狭窄部の開削は非現実的であった。",一関市が慢性的な水害常襲地帯とされていたのは、何が存在したためか?,「狐禅寺狭窄部」,Syntactic variation
12,5,石淵ダム,当時河川行政を管掌していた内務省は北上川水系における治水対策として北上川改修事業を実施。従来宮城県石巻市にて太平洋に注いでいた北上川本流を追波湾側へ付け替える新北上川開削工事を1934年(昭和9年)に完成させ、下流部の流下能力増大を図ったが、一関市以北の北上川上流部における治水対策も急務となっておりこれに対応するため1941年(昭和16年)より北上川上流改修計画を立案した。この計画は従来の北上川改修事業と異なり、東京帝国大学教授・内務省土木試験所所長の物部長穂らが提唱し内務省内務技監であった青山士(あきら)が採用した河水統制事業制度に沿った計画であった。河水統制事業は河川に多目的ダムを建設し、従来別個に実施していた治水事業と利水事業(灌漑・水力発電など)を統合することで効率的な河川開発を行い流域の開発を促進するというものであり、既に青森県や香川県、山口県、神奈川県といった地方自治体において着手されていた。やや遅れて内務省は北上川を始め琵琶湖を含む淀川、由良川、名取川など日本の主要な河川を国直轄改修河川に指定、多目的ダムによる河川開発を開始した。北上川水系では岩手県内の上流域を対象として、北上川本流と主要な支流である雫石川、和賀川、猿ヶ石川そして胆沢川に多目的ダムを建設して洪水調節を図り、一関市には大規模な遊水池を建設して洪水を貯留することで治水安全度を向上させる計画とした。これに基づき同年には猿ヶ石川に猿ヶ石堰堤(えんてい)、後の田瀬ダムが着工されたが太平洋戦争の激化により資材確保がままならなくなり、1944年(昭和19年)の小磯内閣による決戦非常措置要領の発令もあって事業は中断した。,新北上川開削工事の完成と北上川上流改修計画の立案のうち、その時期がより早かった方は、何年の出来事なの?,1934年,Logical reasoning
13,5,石淵ダム,当時河川行政を管掌していた内務省は北上川水系における治水対策として北上川改修事業を実施。従来宮城県石巻市にて太平洋に注いでいた北上川本流を追波湾側へ付け替える新北上川開削工事を1934年(昭和9年)に完成させ、下流部の流下能力増大を図ったが、一関市以北の北上川上流部における治水対策も急務となっておりこれに対応するため1941年(昭和16年)より北上川上流改修計画を立案した。この計画は従来の北上川改修事業と異なり、東京帝国大学教授・内務省土木試験所所長の物部長穂らが提唱し内務省内務技監であった青山士(あきら)が採用した河水統制事業制度に沿った計画であった。河水統制事業は河川に多目的ダムを建設し、従来別個に実施していた治水事業と利水事業(灌漑・水力発電など)を統合することで効率的な河川開発を行い流域の開発を促進するというものであり、既に青森県や香川県、山口県、神奈川県といった地方自治体において着手されていた。やや遅れて内務省は北上川を始め琵琶湖を含む淀川、由良川、名取川など日本の主要な河川を国直轄改修河川に指定、多目的ダムによる河川開発を開始した。北上川水系では岩手県内の上流域を対象として、北上川本流と主要な支流である雫石川、和賀川、猿ヶ石川そして胆沢川に多目的ダムを建設して洪水調節を図り、一関市には大規模な遊水池を建設して洪水を貯留することで治水安全度を向上させる計画とした。これに基づき同年には猿ヶ石川に猿ヶ石堰堤(えんてい)、後の田瀬ダムが着工されたが太平洋戦争の激化により資材確保がままならなくなり、1944年(昭和19年)の小磯内閣による決戦非常措置要領の発令もあって事業は中断した。,1934年に完成した開削工事と1941年に立案した計画の両方の対象となった川は、どの川ですか?,北上川,Lexical variation (world knowledge)
14,5,石淵ダム,当時河川行政を管掌していた内務省は北上川水系における治水対策として北上川改修事業を実施。従来宮城県石巻市にて太平洋に注いでいた北上川本流を追波湾側へ付け替える新北上川開削工事を1934年(昭和9年)に完成させ、下流部の流下能力増大を図ったが、一関市以北の北上川上流部における治水対策も急務となっておりこれに対応するため1941年(昭和16年)より北上川上流改修計画を立案した。この計画は従来の北上川改修事業と異なり、東京帝国大学教授・内務省土木試験所所長の物部長穂らが提唱し内務省内務技監であった青山士(あきら)が採用した河水統制事業制度に沿った計画であった。河水統制事業は河川に多目的ダムを建設し、従来別個に実施していた治水事業と利水事業(灌漑・水力発電など)を統合することで効率的な河川開発を行い流域の開発を促進するというものであり、既に青森県や香川県、山口県、神奈川県といった地方自治体において着手されていた。やや遅れて内務省は北上川を始め琵琶湖を含む淀川、由良川、名取川など日本の主要な河川を国直轄改修河川に指定、多目的ダムによる河川開発を開始した。北上川水系では岩手県内の上流域を対象として、北上川本流と主要な支流である雫石川、和賀川、猿ヶ石川そして胆沢川に多目的ダムを建設して洪水調節を図り、一関市には大規模な遊水池を建設して洪水を貯留することで治水安全度を向上させる計画とした。これに基づき同年には猿ヶ石川に猿ヶ石堰堤(えんてい)、後の田瀬ダムが着工されたが太平洋戦争の激化により資材確保がままならなくなり、1944年(昭和19年)の小磯内閣による決戦非常措置要領の発令もあって事業は中断した。,1941年立案の北上川上流改修計画とは、何を建設することで河川開発を図った計画であるのか?,多目的ダム,Multiple sentence reasoning
15,5,石淵ダム,当時河川行政を管掌していた内務省は北上川水系における治水対策として北上川改修事業を実施。従来宮城県石巻市にて太平洋に注いでいた北上川本流を追波湾側へ付け替える新北上川開削工事を1934年(昭和9年)に完成させ、下流部の流下能力増大を図ったが、一関市以北の北上川上流部における治水対策も急務となっておりこれに対応するため1941年(昭和16年)より北上川上流改修計画を立案した。この計画は従来の北上川改修事業と異なり、東京帝国大学教授・内務省土木試験所所長の物部長穂らが提唱し内務省内務技監であった青山士(あきら)が採用した河水統制事業制度に沿った計画であった。河水統制事業は河川に多目的ダムを建設し、従来別個に実施していた治水事業と利水事業(灌漑・水力発電など)を統合することで効率的な河川開発を行い流域の開発を促進するというものであり、既に青森県や香川県、山口県、神奈川県といった地方自治体において着手されていた。やや遅れて内務省は北上川を始め琵琶湖を含む淀川、由良川、名取川など日本の主要な河川を国直轄改修河川に指定、多目的ダムによる河川開発を開始した。北上川水系では岩手県内の上流域を対象として、北上川本流と主要な支流である雫石川、和賀川、猿ヶ石川そして胆沢川に多目的ダムを建設して洪水調節を図り、一関市には大規模な遊水池を建設して洪水を貯留することで治水安全度を向上させる計画とした。これに基づき同年には猿ヶ石川に猿ヶ石堰堤(えんてい)、後の田瀬ダムが着工されたが太平洋戦争の激化により資材確保がままならなくなり、1944年(昭和19年)の小磯内閣による決戦非常措置要領の発令もあって事業は中断した。,1941年立案の北上川上流改修計画とは、治水事業と何を統合するような制度に沿った計画であるのか?,利水事業,Multiple sentence reasoning
16,6,石淵ダム,終戦を迎え日本は極度な食糧不足に陥り、1946年(昭和21年)5月19日の食糧メーデーなど国民の不満が顕著となった。食糧増産が喫緊の課題となった政府は河川開発に関して灌漑施設拡充による食糧増産を目論見、1948年(昭和23年)には国営農業水利事業制度を発足させるなどの対策を講じた。北上川流域は江戸時代より一大穀倉地帯として稲作が盛んであったが北上川本流は松尾鉱山より流出する強酸性の坑内水により河水の酸性度が高く、農業用水には不適当であった。このため支流の河川を開発して灌漑用水を整備して農地拡大を図り食糧を増産する方針が採られ、1945年(昭和20年)より国営事業として山王海ダム(滝名川)の建設が紫波郡で開始された。一方治水に重点を置いていた北上川上流改修事業についても灌漑整備優先の観点から、広大な胆沢扇状地を流域に持つ胆沢川の河川開発が注目されるようになった。以上の経緯により、戦前より着手されていた田瀬ダムの建設を中断したまま胆沢川上流の多目的ダム計画が優先的に着手された。これが石淵ダムであり胆沢郡若柳村において1945年より内務省直轄事業として建設が開始された。,終戦を迎え極度な食糧不足に陥った日本は、何を開発することで食糧増産を目論んだか?,河川,Lexical variation (world knowledge)
17,6,石淵ダム,終戦を迎え日本は極度な食糧不足に陥り、1946年(昭和21年)5月19日の食糧メーデーなど国民の不満が顕著となった。食糧増産が喫緊の課題となった政府は河川開発に関して灌漑施設拡充による食糧増産を目論見、1948年(昭和23年)には国営農業水利事業制度を発足させるなどの対策を講じた。北上川流域は江戸時代より一大穀倉地帯として稲作が盛んであったが北上川本流は松尾鉱山より流出する強酸性の坑内水により河水の酸性度が高く、農業用水には不適当であった。このため支流の河川を開発して灌漑用水を整備して農地拡大を図り食糧を増産する方針が採られ、1945年(昭和20年)より国営事業として山王海ダム(滝名川)の建設が紫波郡で開始された。一方治水に重点を置いていた北上川上流改修事業についても灌漑整備優先の観点から、広大な胆沢扇状地を流域に持つ胆沢川の河川開発が注目されるようになった。以上の経緯により、戦前より着手されていた田瀬ダムの建設を中断したまま胆沢川上流の多目的ダム計画が優先的に着手された。これが石淵ダムであり胆沢郡若柳村において1945年より内務省直轄事業として建設が開始された。,北上川本流はどこから流れ込む強酸性の坑内水により、農業用水には適していなかったの?,松尾鉱山,Lexical variation (synonymy)
18,6,石淵ダム,終戦を迎え日本は極度な食糧不足に陥り、1946年(昭和21年)5月19日の食糧メーデーなど国民の不満が顕著となった。食糧増産が喫緊の課題となった政府は河川開発に関して灌漑施設拡充による食糧増産を目論見、1948年(昭和23年)には国営農業水利事業制度を発足させるなどの対策を講じた。北上川流域は江戸時代より一大穀倉地帯として稲作が盛んであったが北上川本流は松尾鉱山より流出する強酸性の坑内水により河水の酸性度が高く、農業用水には不適当であった。このため支流の河川を開発して灌漑用水を整備して農地拡大を図り食糧を増産する方針が採られ、1945年(昭和20年)より国営事業として山王海ダム(滝名川)の建設が紫波郡で開始された。一方治水に重点を置いていた北上川上流改修事業についても灌漑整備優先の観点から、広大な胆沢扇状地を流域に持つ胆沢川の河川開発が注目されるようになった。以上の経緯により、戦前より着手されていた田瀬ダムの建設を中断したまま胆沢川上流の多目的ダム計画が優先的に着手された。これが石淵ダムであり胆沢郡若柳村において1945年より内務省直轄事業として建設が開始された。,石淵ダムと田瀬ダムのうち、より早く計画されたのは、どちらですか?,田瀬ダム,Logical reasoning
19,7,石淵ダム,1945年より石淵ダムの建設事業が開始されたが、ダム建設に伴い13世帯が移転を余儀なくされた。しかし補償問題については大きな禍根を移転住民たちに残すことになる。通常、ダム事業を開始するに当たり工事を行う前には水没予定地住民に対する補償交渉を行う。しかし石淵ダムの場合は食糧難解決という差し迫った国情が背景にあった中、工事を開始してから住民への補償交渉を開始するという状態であり、当時の事業者である内務省、後に内務省解体後河川行政を承継した建設省の態度は移転交渉というよりは立ち退き要求に近いものがあった。ダム建設開始当時は日本国憲法の制定前であり、生存権など基本的人権の尊重という概念はまだ浸透していなかった。さらに水源地域対策特別措置法などダム補償に関連する法整備は、ダム事業自体の法整備も未熟であったことから皆無に等しい状況であったことが事業者の冷淡な補償姿勢の背景にある。,石淵ダムの建設事業と日本国憲法の制定のうち、より早く行われたのは、どちらなの?,石淵ダムの建設事業,Multiple sentence reasoning
20,7,石淵ダム,1945年より石淵ダムの建設事業が開始されたが、ダム建設に伴い13世帯が移転を余儀なくされた。しかし補償問題については大きな禍根を移転住民たちに残すことになる。通常、ダム事業を開始するに当たり工事を行う前には水没予定地住民に対する補償交渉を行う。しかし石淵ダムの場合は食糧難解決という差し迫った国情が背景にあった中、工事を開始してから住民への補償交渉を開始するという状態であり、当時の事業者である内務省、後に内務省解体後河川行政を承継した建設省の態度は移転交渉というよりは立ち退き要求に近いものがあった。ダム建設開始当時は日本国憲法の制定前であり、生存権など基本的人権の尊重という概念はまだ浸透していなかった。さらに水源地域対策特別措置法などダム補償に関連する法整備は、ダム事業自体の法整備も未熟であったことから皆無に等しい状況であったことが事業者の冷淡な補償姿勢の背景にある。,石淵ダムの建設事業を管轄した内務省とそれを継いだ建設省は、水源地域の住民たちに対しどのような補償姿勢を見せましたか?,冷淡な補償姿勢,Lexical variation (world knowledge)
21,8,石淵ダム,水没予定地の住民に対する補償交渉は1950年(昭和25年)10月に妥結された。しかし当時の日本の経済状況は急激なインフレーションの中にあり物価上昇が著しく、最初は高額であった補償金はインフレーションによる物価変動で貨幣価値が激減し住民が満足できる妥結内容ではなくなった。さらに移転後の住民に対する生活再建対策も放置され、結果的にわずかな補償金しか受け取れなかった移転住民は失業の上困窮した生活を強いられ、全財産を喪失した住民も現れた。加えて工事中の住民安全対策も十分ではなく、岩石発破の度に小学校では発破の爆音や振動を恐れた児童たちが机の下へ隠れ、遂には発破によって飛来した岩石が地元女性に直撃して死亡するという事故も発生した。こうした移転住民・地元住民の苦難に対する建設省の報恩意識は欠如しており、1950年秋に行われた定礎式には地元住民が全く招かれず、完成を記念して製作された記録映画にも移転住民への感謝の言葉が一言も挿入されなかった。わずかな補償金では生活が困窮する住民たちは再補償を国に求めたが、最終的に再補償は認められなかった。,経済状況が急激なインフレーションに陥ると、貨幣価値はどうなるか?,激減,Lexical variation (world knowledge)
22,8,石淵ダム,水没予定地の住民に対する補償交渉は1950年(昭和25年)10月に妥結された。しかし当時の日本の経済状況は急激なインフレーションの中にあり物価上昇が著しく、最初は高額であった補償金はインフレーションによる物価変動で貨幣価値が激減し住民が満足できる妥結内容ではなくなった。さらに移転後の住民に対する生活再建対策も放置され、結果的にわずかな補償金しか受け取れなかった移転住民は失業の上困窮した生活を強いられ、全財産を喪失した住民も現れた。加えて工事中の住民安全対策も十分ではなく、岩石発破の度に小学校では発破の爆音や振動を恐れた児童たちが机の下へ隠れ、遂には発破によって飛来した岩石が地元女性に直撃して死亡するという事故も発生した。こうした移転住民・地元住民の苦難に対する建設省の報恩意識は欠如しており、1950年秋に行われた定礎式には地元住民が全く招かれず、完成を記念して製作された記録映画にも移転住民への感謝の言葉が一言も挿入されなかった。わずかな補償金では生活が困窮する住民たちは再補償を国に求めたが、最終的に再補償は認められなかった。,石淵ダムの完成を記念して製作された記録映画には、移転住民への感謝の言葉が乗せられていたのか?,なかった,Lexical variation (synonymy)
23,9,石淵ダム,事業者である国の補償交渉に対する姿勢は多方面から厳しい批判の的となった。一方で内務省仙台土木出張所技官としてダム工事に携わり初代の石淵ダム管理所長となった吉井弥七は、自著『遍歴』の中で石淵ダム補償交渉における国の姿勢に対し忸怩(じくじ)とした思いを記している。この『遍歴』は石淵ダム補償交渉の最中でもある1948年冬の項で中断し、未完のまま記載が終わっている。石淵ダム建設で移転を余儀なくされた住民は90名を数えるが、内9名は現在建設が進められている胆沢ダムによって再度移転を余儀なくされた。しかし胆沢ダム補償交渉では石淵ダムにおける補償対応の反省もあり、事業者である建設省も地元との交渉を重視して対応。1990年(平成2年)には水源地域対策特別措置法の対象ダムに指定されている。石淵ダム補償交渉にみられる建設省の姿勢は群馬県の藤原ダム(利根川)や秋田県の鎧畑ダム(玉川)などでも見られ地元住民との摩擦を起こしており、遂に熊本県の下筌(しもうけ)ダム(津江川)において蜂の巣城紛争という12年にわたる激しいダム反対闘争として水没住民の不満が爆発した。水源地域対策特別措置法などの水没予定地に対する法整備がなされるのはこれ以降のことであり、北上川・胆沢川流域の治水・利水という大義の下で13世帯90名の移転住民は多大な犠牲を背負った。,初代の石淵ダム管理所長は、誰だったの?,吉井弥七,Syntactic variation
24,9,石淵ダム,事業者である国の補償交渉に対する姿勢は多方面から厳しい批判の的となった。一方で内務省仙台土木出張所技官としてダム工事に携わり初代の石淵ダム管理所長となった吉井弥七は、自著『遍歴』の中で石淵ダム補償交渉における国の姿勢に対し忸怩(じくじ)とした思いを記している。この『遍歴』は石淵ダム補償交渉の最中でもある1948年冬の項で中断し、未完のまま記載が終わっている。石淵ダム建設で移転を余儀なくされた住民は90名を数えるが、内9名は現在建設が進められている胆沢ダムによって再度移転を余儀なくされた。しかし胆沢ダム補償交渉では石淵ダムにおける補償対応の反省もあり、事業者である建設省も地元との交渉を重視して対応。1990年(平成2年)には水源地域対策特別措置法の対象ダムに指定されている。石淵ダム補償交渉にみられる建設省の姿勢は群馬県の藤原ダム(利根川)や秋田県の鎧畑ダム(玉川)などでも見られ地元住民との摩擦を起こしており、遂に熊本県の下筌(しもうけ)ダム(津江川)において蜂の巣城紛争という12年にわたる激しいダム反対闘争として水没住民の不満が爆発した。水源地域対策特別措置法などの水没予定地に対する法整備がなされるのはこれ以降のことであり、北上川・胆沢川流域の治水・利水という大義の下で13世帯90名の移転住民は多大な犠牲を背負った。,石淵ダムと胆沢ダムのうち、より早く建設されたのは、どちらか?,石淵ダム,Lexical variation (world knowledge)
25,9,石淵ダム,事業者である国の補償交渉に対する姿勢は多方面から厳しい批判の的となった。一方で内務省仙台土木出張所技官としてダム工事に携わり初代の石淵ダム管理所長となった吉井弥七は、自著『遍歴』の中で石淵ダム補償交渉における国の姿勢に対し忸怩(じくじ)とした思いを記している。この『遍歴』は石淵ダム補償交渉の最中でもある1948年冬の項で中断し、未完のまま記載が終わっている。石淵ダム建設で移転を余儀なくされた住民は90名を数えるが、内9名は現在建設が進められている胆沢ダムによって再度移転を余儀なくされた。しかし胆沢ダム補償交渉では石淵ダムにおける補償対応の反省もあり、事業者である建設省も地元との交渉を重視して対応。1990年(平成2年)には水源地域対策特別措置法の対象ダムに指定されている。石淵ダム補償交渉にみられる建設省の姿勢は群馬県の藤原ダム(利根川)や秋田県の鎧畑ダム(玉川)などでも見られ地元住民との摩擦を起こしており、遂に熊本県の下筌(しもうけ)ダム(津江川)において蜂の巣城紛争という12年にわたる激しいダム反対闘争として水没住民の不満が爆発した。水源地域対策特別措置法などの水没予定地に対する法整備がなされるのはこれ以降のことであり、北上川・胆沢川流域の治水・利水という大義の下で13世帯90名の移転住民は多大な犠牲を背負った。,石淵ダムが属する流域の近くに建設されたのは、どのダムですか?,胆沢ダム,Logical reasoning
26,9,石淵ダム,事業者である国の補償交渉に対する姿勢は多方面から厳しい批判の的となった。一方で内務省仙台土木出張所技官としてダム工事に携わり初代の石淵ダム管理所長となった吉井弥七は、自著『遍歴』の中で石淵ダム補償交渉における国の姿勢に対し忸怩(じくじ)とした思いを記している。この『遍歴』は石淵ダム補償交渉の最中でもある1948年冬の項で中断し、未完のまま記載が終わっている。石淵ダム建設で移転を余儀なくされた住民は90名を数えるが、内9名は現在建設が進められている胆沢ダムによって再度移転を余儀なくされた。しかし胆沢ダム補償交渉では石淵ダムにおける補償対応の反省もあり、事業者である建設省も地元との交渉を重視して対応。1990年(平成2年)には水源地域対策特別措置法の対象ダムに指定されている。石淵ダム補償交渉にみられる建設省の姿勢は群馬県の藤原ダム(利根川)や秋田県の鎧畑ダム(玉川)などでも見られ地元住民との摩擦を起こしており、遂に熊本県の下筌(しもうけ)ダム(津江川)において蜂の巣城紛争という12年にわたる激しいダム反対闘争として水没住民の不満が爆発した。水源地域対策特別措置法などの水没予定地に対する法整備がなされるのはこれ以降のことであり、北上川・胆沢川流域の治水・利水という大義の下で13世帯90名の移転住民は多大な犠牲を背負った。,蜂の巣城紛争などの水没住民の不満表出は、それに関する法が何年に制定されるまで続いたか?,1990年,Multiple sentence reasoning
27,10,石淵ダム,内務省は胆沢川にダムを建設するに当たり、まずは建設可能な地点の選定を試みた。胆沢川は前川合流点までは峡谷を形成するが、尿前(しとまえ)川合流点を通過すると次第に胆沢扇状地が形成される。尿前川合流点より下流の山間部にダムを建設することについては扇状地の構造上、谷が次第に広くなることから当時の土木技術ではダムの長さ(堤頂長)が長くなるため当初設定していたダム本体の規模では貯水量が十分確保できなかったため断念した。一方前川合流点より上流については貯水池を形成できる適地が存在せず、結果前川合流点にある猿岩(後述)地点と現在のダムサイト地点が十分な貯水容量を確保できる好適地として最終候補に挙げられた。続く基礎地盤の調査で猿岩地点ではダム建設に耐えられるだけの地盤の強度が足りなかったが、現在のダムサイト地点では十分な強度を有することが判明したことから、当時の土木技術でダム建設が可能な唯一の建設地点として現地点が決定された。,ダムが現地点に建設されたのは、他の候補地点に建設するほどのどんな技術を持たなかったからなの?,土木技術,Lexical variation (world knowledge)
28,10,石淵ダム,内務省は胆沢川にダムを建設するに当たり、まずは建設可能な地点の選定を試みた。胆沢川は前川合流点までは峡谷を形成するが、尿前(しとまえ)川合流点を通過すると次第に胆沢扇状地が形成される。尿前川合流点より下流の山間部にダムを建設することについては扇状地の構造上、谷が次第に広くなることから当時の土木技術ではダムの長さ(堤頂長)が長くなるため当初設定していたダム本体の規模では貯水量が十分確保できなかったため断念した。一方前川合流点より上流については貯水池を形成できる適地が存在せず、結果前川合流点にある猿岩(後述)地点と現在のダムサイト地点が十分な貯水容量を確保できる好適地として最終候補に挙げられた。続く基礎地盤の調査で猿岩地点ではダム建設に耐えられるだけの地盤の強度が足りなかったが、現在のダムサイト地点では十分な強度を有することが判明したことから、当時の土木技術でダム建設が可能な唯一の建設地点として現地点が決定された。,ダム建設可能な地点の選定を行った、当ダム建設管轄はどこですか?,内務省,Lexical variation (world knowledge)
29,11,石淵ダム,ダム建設地点が決定し、続いて型式の選定が行われた。石淵ダムは北上川上流改修計画の立案当時は重力式コンクリートダムとして計画されていたが、戦後の特殊な事情によって型式の変更を余儀なくされ、結果的に日本では最初となるロックフィルダムの施工となった。重力式コンクリートダムとして建設する場合、石淵ダムの規模で必要となるセメントの量はダム本体だけで約3万7500トンと推計されていた。だが太平洋戦争の影響で1946年当時の日本国内におけるセメント生産量は計画当時(1940年)の約605万トンに対して、6分の1弱に当たる約93万トンにまで減衰しており、その用途も進駐軍用あるいは戦災復興用の資材として優先利用されていたためダム建設に回せるだけの余裕がなかった。また運搬に掛かる輸送費用もダム本体のセメント使用量との費用対効果で比べてコストが極めて割高となり、非経済的である上に国鉄(当時)東北本線水沢駅からダム工事現場までの24キロメートル区間をトラックでピストン輸送することも、ガソリンや車両数の確保の点で困難であった。一方ロックフィルダムの場合は日本では当時全く施工例がなかったものの、ダム付近の地質が風化に乏しい良質な石英安山岩で、かつ発破により大量の岩石が採取可能で工事現場からも至近距離に位置することからセメント量と輸送コストの節減が期待された。さらにダムを支える基礎地盤は石英粗面岩であり重力式では基礎処理に多大な時間と費用が掛かる反面、ロックフィルダムであれば十分な強度であるため基礎処理も簡易に済む。以上の観点からロックフィルダムが採用され、1946年より日本初のロックフィルダム施工が開始された。,日本初のロックフィルダムの施工であるのは、どのダムの施工なの?,石淵ダム,Lexical variation (synonymy)
30,11,石淵ダム,ダム建設地点が決定し、続いて型式の選定が行われた。石淵ダムは北上川上流改修計画の立案当時は重力式コンクリートダムとして計画されていたが、戦後の特殊な事情によって型式の変更を余儀なくされ、結果的に日本では最初となるロックフィルダムの施工となった。重力式コンクリートダムとして建設する場合、石淵ダムの規模で必要となるセメントの量はダム本体だけで約3万7500トンと推計されていた。だが太平洋戦争の影響で1946年当時の日本国内におけるセメント生産量は計画当時(1940年)の約605万トンに対して、6分の1弱に当たる約93万トンにまで減衰しており、その用途も進駐軍用あるいは戦災復興用の資材として優先利用されていたためダム建設に回せるだけの余裕がなかった。また運搬に掛かる輸送費用もダム本体のセメント使用量との費用対効果で比べてコストが極めて割高となり、非経済的である上に国鉄(当時)東北本線水沢駅からダム工事現場までの24キロメートル区間をトラックでピストン輸送することも、ガソリンや車両数の確保の点で困難であった。一方ロックフィルダムの場合は日本では当時全く施工例がなかったものの、ダム付近の地質が風化に乏しい良質な石英安山岩で、かつ発破により大量の岩石が採取可能で工事現場からも至近距離に位置することからセメント量と輸送コストの節減が期待された。さらにダムを支える基礎地盤は石英粗面岩であり重力式では基礎処理に多大な時間と費用が掛かる反面、ロックフィルダムであれば十分な強度であるため基礎処理も簡易に済む。以上の観点からロックフィルダムが採用され、1946年より日本初のロックフィルダム施工が開始された。,重力式コンクリートダムとして施工される計画であった、石淵ダムにおいて形式変更がなされたのは、当時、何の生産量が減衰していたからですか?,セメント,Lexical variation (world knowledge)
31,11,石淵ダム,ダム建設地点が決定し、続いて型式の選定が行われた。石淵ダムは北上川上流改修計画の立案当時は重力式コンクリートダムとして計画されていたが、戦後の特殊な事情によって型式の変更を余儀なくされ、結果的に日本では最初となるロックフィルダムの施工となった。重力式コンクリートダムとして建設する場合、石淵ダムの規模で必要となるセメントの量はダム本体だけで約3万7500トンと推計されていた。だが太平洋戦争の影響で1946年当時の日本国内におけるセメント生産量は計画当時(1940年)の約605万トンに対して、6分の1弱に当たる約93万トンにまで減衰しており、その用途も進駐軍用あるいは戦災復興用の資材として優先利用されていたためダム建設に回せるだけの余裕がなかった。また運搬に掛かる輸送費用もダム本体のセメント使用量との費用対効果で比べてコストが極めて割高となり、非経済的である上に国鉄(当時)東北本線水沢駅からダム工事現場までの24キロメートル区間をトラックでピストン輸送することも、ガソリンや車両数の確保の点で困難であった。一方ロックフィルダムの場合は日本では当時全く施工例がなかったものの、ダム付近の地質が風化に乏しい良質な石英安山岩で、かつ発破により大量の岩石が採取可能で工事現場からも至近距離に位置することからセメント量と輸送コストの節減が期待された。さらにダムを支える基礎地盤は石英粗面岩であり重力式では基礎処理に多大な時間と費用が掛かる反面、ロックフィルダムであれば十分な強度であるため基礎処理も簡易に済む。以上の観点からロックフィルダムが採用され、1946年より日本初のロックフィルダム施工が開始された。,石淵ダムがロックフィルダムとして施工されるようになったのは、何の生産量減衰とともに、何の輸送にかかる費用と距離が問題となったからか?,セメント,Multiple sentence reasoning
32,11,石淵ダム,ダム建設地点が決定し、続いて型式の選定が行われた。石淵ダムは北上川上流改修計画の立案当時は重力式コンクリートダムとして計画されていたが、戦後の特殊な事情によって型式の変更を余儀なくされ、結果的に日本では最初となるロックフィルダムの施工となった。重力式コンクリートダムとして建設する場合、石淵ダムの規模で必要となるセメントの量はダム本体だけで約3万7500トンと推計されていた。だが太平洋戦争の影響で1946年当時の日本国内におけるセメント生産量は計画当時(1940年)の約605万トンに対して、6分の1弱に当たる約93万トンにまで減衰しており、その用途も進駐軍用あるいは戦災復興用の資材として優先利用されていたためダム建設に回せるだけの余裕がなかった。また運搬に掛かる輸送費用もダム本体のセメント使用量との費用対効果で比べてコストが極めて割高となり、非経済的である上に国鉄(当時)東北本線水沢駅からダム工事現場までの24キロメートル区間をトラックでピストン輸送することも、ガソリンや車両数の確保の点で困難であった。一方ロックフィルダムの場合は日本では当時全く施工例がなかったものの、ダム付近の地質が風化に乏しい良質な石英安山岩で、かつ発破により大量の岩石が採取可能で工事現場からも至近距離に位置することからセメント量と輸送コストの節減が期待された。さらにダムを支える基礎地盤は石英粗面岩であり重力式では基礎処理に多大な時間と費用が掛かる反面、ロックフィルダムであれば十分な強度であるため基礎処理も簡易に済む。以上の観点からロックフィルダムが採用され、1946年より日本初のロックフィルダム施工が開始された。,当時、石淵ダムの建設では、最寄駅から工事現場までの資材の輸送に何が用いられる計画であったか?,トラック,Lexical variation (world knowledge)
33,12,石淵ダム,ダムの施工においては、投石工法(投石射水工法)と呼ばれる工法が用いられた。まずダムサイト直上流部にある猿岩がロックフィルダム堤体の材料となる原石山に選定され、これを火薬で爆破して岩石を採取しダム本体工事現場まで輸送。本体予定地に建設した橋の上より岩石を投下して、これを高圧水で締め固めてダム本体を盛り立てる工法である。当初は運搬に用いる蓄電車の稼働が満足ではなく、作業も不慣れであり盛り立て作業の進捗は満足ではなかったが、油圧ショベルや運搬用7トンディーゼルの導入により工程は次第に順調な推移を見せた。1950年5月12日より開始された盛り立て作業は昼夜兼行、厳寒の冬季にも作業が行われ完成するまでの間約37万トンの岩石が投石によって積み上げられた。原石採取のための発破作業は1949年(昭和24年)6月13日から1952年9月22日まで計12回実施され、使用された火薬の総量は約98トンに及んだ。そのうち1950年に実施された50トンの火薬を用いた砕石爆破の際には、日本国内の地震関係機関が共同で爆破地震動の観測を実施している。盛り立てが終わるころに投石用の橋が撤去され、上流面で水を遮るコンクリート壁の舗装や積み上げ岩石の整理作業が実施され、取水塔・排水塔・洪水吐きなどの設備も順次完成して1953年6月9日にダム本体は完成した。,ダムの施工にはどんな工法が使用された?,投石工法,Lexical variation (synonymy)
34,12,石淵ダム,ダムの施工においては、投石工法(投石射水工法)と呼ばれる工法が用いられた。まずダムサイト直上流部にある猿岩がロックフィルダム堤体の材料となる原石山に選定され、これを火薬で爆破して岩石を採取しダム本体工事現場まで輸送。本体予定地に建設した橋の上より岩石を投下して、これを高圧水で締め固めてダム本体を盛り立てる工法である。当初は運搬に用いる蓄電車の稼働が満足ではなく、作業も不慣れであり盛り立て作業の進捗は満足ではなかったが、油圧ショベルや運搬用7トンディーゼルの導入により工程は次第に順調な推移を見せた。1950年5月12日より開始された盛り立て作業は昼夜兼行、厳寒の冬季にも作業が行われ完成するまでの間約37万トンの岩石が投石によって積み上げられた。原石採取のための発破作業は1949年(昭和24年)6月13日から1952年9月22日まで計12回実施され、使用された火薬の総量は約98トンに及んだ。そのうち1950年に実施された50トンの火薬を用いた砕石爆破の際には、日本国内の地震関係機関が共同で爆破地震動の観測を実施している。盛り立てが終わるころに投石用の橋が撤去され、上流面で水を遮るコンクリート壁の舗装や積み上げ岩石の整理作業が実施され、取水塔・排水塔・洪水吐きなどの設備も順次完成して1953年6月9日にダム本体は完成した。,蓄電車の稼働や盛り立て作業の進捗において不満足であったが、油圧ショベルと何を導入することでそれを解消することができましたか?,運搬用7トンディーゼル,Lexical variation (world knowledge)
35,12,石淵ダム,ダムの施工においては、投石工法(投石射水工法)と呼ばれる工法が用いられた。まずダムサイト直上流部にある猿岩がロックフィルダム堤体の材料となる原石山に選定され、これを火薬で爆破して岩石を採取しダム本体工事現場まで輸送。本体予定地に建設した橋の上より岩石を投下して、これを高圧水で締め固めてダム本体を盛り立てる工法である。当初は運搬に用いる蓄電車の稼働が満足ではなく、作業も不慣れであり盛り立て作業の進捗は満足ではなかったが、油圧ショベルや運搬用7トンディーゼルの導入により工程は次第に順調な推移を見せた。1950年5月12日より開始された盛り立て作業は昼夜兼行、厳寒の冬季にも作業が行われ完成するまでの間約37万トンの岩石が投石によって積み上げられた。原石採取のための発破作業は1949年(昭和24年)6月13日から1952年9月22日まで計12回実施され、使用された火薬の総量は約98トンに及んだ。そのうち1950年に実施された50トンの火薬を用いた砕石爆破の際には、日本国内の地震関係機関が共同で爆破地震動の観測を実施している。盛り立てが終わるころに投石用の橋が撤去され、上流面で水を遮るコンクリート壁の舗装や積み上げ岩石の整理作業が実施され、取水塔・排水塔・洪水吐きなどの設備も順次完成して1953年6月9日にダム本体は完成した。,原石採取のための最後の発破作業とは、いつ実施されたか?,1952年9月22日,Logical reasoning
36,12,石淵ダム,ダムの施工においては、投石工法(投石射水工法)と呼ばれる工法が用いられた。まずダムサイト直上流部にある猿岩がロックフィルダム堤体の材料となる原石山に選定され、これを火薬で爆破して岩石を採取しダム本体工事現場まで輸送。本体予定地に建設した橋の上より岩石を投下して、これを高圧水で締め固めてダム本体を盛り立てる工法である。当初は運搬に用いる蓄電車の稼働が満足ではなく、作業も不慣れであり盛り立て作業の進捗は満足ではなかったが、油圧ショベルや運搬用7トンディーゼルの導入により工程は次第に順調な推移を見せた。1950年5月12日より開始された盛り立て作業は昼夜兼行、厳寒の冬季にも作業が行われ完成するまでの間約37万トンの岩石が投石によって積み上げられた。原石採取のための発破作業は1949年(昭和24年)6月13日から1952年9月22日まで計12回実施され、使用された火薬の総量は約98トンに及んだ。そのうち1950年に実施された50トンの火薬を用いた砕石爆破の際には、日本国内の地震関係機関が共同で爆破地震動の観測を実施している。盛り立てが終わるころに投石用の橋が撤去され、上流面で水を遮るコンクリート壁の舗装や積み上げ岩石の整理作業が実施され、取水塔・排水塔・洪水吐きなどの設備も順次完成して1953年6月9日にダム本体は完成した。,1952年9月22日に行われた原石採取のための発破作業とは、第何回の作業であったか?,12回,Logical reasoning
37,13,石淵ダム,ダムは着工から完成まで8年の歳月を要し、総事業費13億3600万円(当時)を投じた。戦後の混乱期の事業であったことから資材や建設機械の不足、さらには労働力の不足に絶えず悩まされた。先述した『遍歴』の著者・吉井弥七は石淵ダム建設に従事したが、11月には早くもダム工事現場は時雨に見舞われ、真冬には一晩で1メートル以上の積雪となることもあったという。また従事する労務者の安全管理という概念に乏しい時代で、頭部保護の保安帽を着用する労務者はなく作業着すら統一されていなかった。さらには労働力不足を補うため服役囚が工事に従事する状況であったと吉井は自著で述べている。厳しい環境の中で労務者はどぶろくを飲んだりして英気を養ったが、酒のつまみに死んだウサギを調理して食べた職員が野兎病に罹患するなどのハプニングもあった。こうした厳しい労務環境の中で延べ181万人の労務者が建設に従事し、ダムは完成する。,当ダムの建設工事は何年にわたって行われたの?,8年,Lexical variation (world knowledge)
38,13,石淵ダム,ダムは着工から完成まで8年の歳月を要し、総事業費13億3600万円(当時)を投じた。戦後の混乱期の事業であったことから資材や建設機械の不足、さらには労働力の不足に絶えず悩まされた。先述した『遍歴』の著者・吉井弥七は石淵ダム建設に従事したが、11月には早くもダム工事現場は時雨に見舞われ、真冬には一晩で1メートル以上の積雪となることもあったという。また従事する労務者の安全管理という概念に乏しい時代で、頭部保護の保安帽を着用する労務者はなく作業着すら統一されていなかった。さらには労働力不足を補うため服役囚が工事に従事する状況であったと吉井は自著で述べている。厳しい環境の中で労務者はどぶろくを飲んだりして英気を養ったが、酒のつまみに死んだウサギを調理して食べた職員が野兎病に罹患するなどのハプニングもあった。こうした厳しい労務環境の中で延べ181万人の労務者が建設に従事し、ダムは完成する。,当ダムの建設工事には、計何人が動員されましたか?,181万人,Lexical variation (synonymy)
39,13,石淵ダム,ダムは着工から完成まで8年の歳月を要し、総事業費13億3600万円(当時)を投じた。戦後の混乱期の事業であったことから資材や建設機械の不足、さらには労働力の不足に絶えず悩まされた。先述した『遍歴』の著者・吉井弥七は石淵ダム建設に従事したが、11月には早くもダム工事現場は時雨に見舞われ、真冬には一晩で1メートル以上の積雪となることもあったという。また従事する労務者の安全管理という概念に乏しい時代で、頭部保護の保安帽を着用する労務者はなく作業着すら統一されていなかった。さらには労働力不足を補うため服役囚が工事に従事する状況であったと吉井は自著で述べている。厳しい環境の中で労務者はどぶろくを飲んだりして英気を養ったが、酒のつまみに死んだウサギを調理して食べた職員が野兎病に罹患するなどのハプニングもあった。こうした厳しい労務環境の中で延べ181万人の労務者が建設に従事し、ダムは完成する。,当ダムの建設工事における労働力不足を解決するための動員された人々とは、どのような人々だったのか?,服役囚,Lexical variation (synonymy)
40,14,石淵ダム,こうして、日本において最初に施工されたロックフィルダムである石淵ダムは完成した。しかし岐阜県が木曽川水系久々利川に建設した小渕防災溜池(小渕ダム)が石淵ダム完成の前年・1952年に完成しており、石淵ダムは完成例において日本で最初になることはできなかった。だが石淵ダムを出発点として日本のロックフィルダム技術は発展し、御母衣ダム(庄川)や九頭竜ダム(九頭竜川)、徳山ダム(揖斐川)などといった大規模ロックフィルダムの建設につながってゆく。,日本で初めて完成したロックフィルダムは、どのダムなの?,小渕ダム,Logical reasoning
41,15,石淵ダム,石淵ダムの特徴はダム本体上流部のコンクリート舗装部が貯水を遮り、ダム本体内部への水の浸透を防ぐ遮水壁(しゃすいへき)となっていることである。これをコンクリートフェイシングフィルダムまたはコンクリート表面遮水壁型ロックフィルダムと呼び、英語の頭文字を取ってCFRDと略される。日本では石淵ダム、小渕防災溜池のほか1956年(昭和31年)群馬県に野反(のぞり)ダム(中津川)、1963年には秋田県に皆瀬ダム(皆瀬川)が建設された。しかし当時はロックフィルダムの締め固め技術が現在のように進歩しておらず、本体締め固め不足による不均等な堤体陥没(不等沈下)やクラックと呼ばれるひび割れなどが発生し易く、その対策も未確立だったため皆瀬ダムの完成以降しばらく新規の施工例は無かった。以降日本におけるロックフィルダムの施工は、ダム本体中央部に不透水性の粘土などを用いて遮水壁を形成する中央土質遮水壁型ロックフィルダムが主流になり、胆沢ダムもこの型式を採用している。しかしロックフィルダム技術の進歩に伴いこれらの問題解決が可能となり、経済性にも優れていることから2004年(平成16年)岡山県の苫田鞍部ダム(吉井川)が41年ぶりに同型式として新規に完成した。なおこの型式は世界的には中国の清江に建設中の水布埡ダムが高さ233メートルと世界一を誇っており、完成例では高さ156メートルの紫坪埔ダム(岷江)などがある。既設のものではブラジルのカンポスノボスダムが202メートルと世界一の高さを有する。,CFRDが意味するのは、何か?日本式表現で答えなさい。,コンクリート表面遮水壁型ロックフィルダム,Lexical variation (world knowledge)
42,15,石淵ダム,石淵ダムの特徴はダム本体上流部のコンクリート舗装部が貯水を遮り、ダム本体内部への水の浸透を防ぐ遮水壁(しゃすいへき)となっていることである。これをコンクリートフェイシングフィルダムまたはコンクリート表面遮水壁型ロックフィルダムと呼び、英語の頭文字を取ってCFRDと略される。日本では石淵ダム、小渕防災溜池のほか1956年(昭和31年)群馬県に野反(のぞり)ダム(中津川)、1963年には秋田県に皆瀬ダム(皆瀬川)が建設された。しかし当時はロックフィルダムの締め固め技術が現在のように進歩しておらず、本体締め固め不足による不均等な堤体陥没(不等沈下)やクラックと呼ばれるひび割れなどが発生し易く、その対策も未確立だったため皆瀬ダムの完成以降しばらく新規の施工例は無かった。以降日本におけるロックフィルダムの施工は、ダム本体中央部に不透水性の粘土などを用いて遮水壁を形成する中央土質遮水壁型ロックフィルダムが主流になり、胆沢ダムもこの型式を採用している。しかしロックフィルダム技術の進歩に伴いこれらの問題解決が可能となり、経済性にも優れていることから2004年(平成16年)岡山県の苫田鞍部ダム(吉井川)が41年ぶりに同型式として新規に完成した。なおこの型式は世界的には中国の清江に建設中の水布埡ダムが高さ233メートルと世界一を誇っており、完成例では高さ156メートルの紫坪埔ダム(岷江)などがある。既設のものではブラジルのカンポスノボスダムが202メートルと世界一の高さを有する。,胆沢ダムに採用された型式の基となる型式の略称は、何か?,CFRD,Multiple sentence reasoning
43,16,石淵ダム,"地震が多発する日本において、ダムの地震に対する安全性は特に注意を払うべき問題である。2011年(平成23年)3月11日の東日本大震災で福島県の藤沼ダム(江花川)が決壊し死者を出したが、石淵ダムにおいても過去に地震の直撃を受けている。1986年(昭和61年)6月27日にはダム付近において直下型地震が発生。ダム地点における震度は5(強震)であったが特段の被害は報告されなかった。しかし、2008年(平成20年)6月14日に宮城県・岩手県を襲った岩手・宮城内陸地震ではダム本体に被害が生じた。この地震では宮城県の荒砥沢ダム(二迫川)の貯水池において大規模な地すべりが発生し湖に大量の土砂が流入、ダム本体には影響が無かったもののダム湖は一度に大量の土砂が流入したため堆砂の被害が甚大となった。一方、石淵ダムにおいてはダム地点で震度7に相当する揺れを記録、ダム本体の加速度は基礎部において最大で2,097ガルを計測した。この地震によりダム本体は天端(てんば)にうねりや亀裂が生じたほか、貯水池周辺のがけ崩れなどが発生した。しかしダム本体における最重要部分となるコンクリート表面遮水壁の損傷は確認されず、潜水夫による水中探索においても損傷は確認されなかった。管理する国土交通省東北地方整備局は対策本部を設置し石淵ダムの緊急放流を開始して貯水池の水位を下げ、損傷箇所の修復を行った。修復後貯水を通常の水位まで戻してダムの状態を確認する「安全確認試験」を実施し、異常が認められなかったことから翌2009年(平成21年)1月21日に通常の管理体制に戻した。藤沼ダム決壊を引き起こした東日本大震災では天端に亀裂が生じたものの岩手・宮城内陸地震ほどの損傷は無く、ダムの安全性には影響がなかった。石淵ダムは完成後50年以上を経過してから二度の大震災を経験しているが、多少の損傷はあったものの地震による致命的な損傷は受けなかった。",1986年と2008年のうち、何年に起こった地震により石淵ダムが被害を受けましたか?,2008年,Multiple sentence reasoning
44,16,石淵ダム,"地震が多発する日本において、ダムの地震に対する安全性は特に注意を払うべき問題である。2011年(平成23年)3月11日の東日本大震災で福島県の藤沼ダム(江花川)が決壊し死者を出したが、石淵ダムにおいても過去に地震の直撃を受けている。1986年(昭和61年)6月27日にはダム付近において直下型地震が発生。ダム地点における震度は5(強震)であったが特段の被害は報告されなかった。しかし、2008年(平成20年)6月14日に宮城県・岩手県を襲った岩手・宮城内陸地震ではダム本体に被害が生じた。この地震では宮城県の荒砥沢ダム(二迫川)の貯水池において大規模な地すべりが発生し湖に大量の土砂が流入、ダム本体には影響が無かったもののダム湖は一度に大量の土砂が流入したため堆砂の被害が甚大となった。一方、石淵ダムにおいてはダム地点で震度7に相当する揺れを記録、ダム本体の加速度は基礎部において最大で2,097ガルを計測した。この地震によりダム本体は天端(てんば)にうねりや亀裂が生じたほか、貯水池周辺のがけ崩れなどが発生した。しかしダム本体における最重要部分となるコンクリート表面遮水壁の損傷は確認されず、潜水夫による水中探索においても損傷は確認されなかった。管理する国土交通省東北地方整備局は対策本部を設置し石淵ダムの緊急放流を開始して貯水池の水位を下げ、損傷箇所の修復を行った。修復後貯水を通常の水位まで戻してダムの状態を確認する「安全確認試験」を実施し、異常が認められなかったことから翌2009年(平成21年)1月21日に通常の管理体制に戻した。藤沼ダム決壊を引き起こした東日本大震災では天端に亀裂が生じたものの岩手・宮城内陸地震ほどの損傷は無く、ダムの安全性には影響がなかった。石淵ダムは完成後50年以上を経過してから二度の大震災を経験しているが、多少の損傷はあったものの地震による致命的な損傷は受けなかった。",石淵ダムは完成後何年までは地震による被害を受けたことがなかったの?,50年,Lexical variation (world knowledge)
45,17,石淵ダム,石淵ダムの目的は洪水調節、灌漑、水力発電の三つである。先述した通り石淵ダムは灌漑に対する効果が大きいために戦後直ちに着手された。その後河水統制事業を発展させた河川総合開発事業がアメリカのテネシー川流域開発公社(TVA)を参考として日本各地で活発になり、治水だけではなく灌漑、水力発電、上水道・工業用水道供給といった利水目的を包括した大規模河川開発計画も構想されるに至った。北上川水系では1950年の国土総合開発法制定に基づき北上特定地域総合開発計画(KVA)が1951年に閣議決定され、隣接する鳴瀬川水系を包括し岩手・宮城両県を一体とした大規模河川総合開発が行われた。石淵ダムは他の北上川五大ダムである四十四田ダム(北上川)、御所ダム(雫石川)、田瀬ダム(猿ヶ石川)、湯田ダム(和賀川)と共に北上川の治水・利水の要として重要な位置を占めている。,石淵ダムの三つの目的には、洪水調節と灌漑のほかに、何が含まれるの?,水力発電,Lexical variation (world knowledge)
46,17,石淵ダム,石淵ダムの目的は洪水調節、灌漑、水力発電の三つである。先述した通り石淵ダムは灌漑に対する効果が大きいために戦後直ちに着手された。その後河水統制事業を発展させた河川総合開発事業がアメリカのテネシー川流域開発公社(TVA)を参考として日本各地で活発になり、治水だけではなく灌漑、水力発電、上水道・工業用水道供給といった利水目的を包括した大規模河川開発計画も構想されるに至った。北上川水系では1950年の国土総合開発法制定に基づき北上特定地域総合開発計画(KVA)が1951年に閣議決定され、隣接する鳴瀬川水系を包括し岩手・宮城両県を一体とした大規模河川総合開発が行われた。石淵ダムは他の北上川五大ダムである四十四田ダム(北上川)、御所ダム(雫石川)、田瀬ダム(猿ヶ石川)、湯田ダム(和賀川)と共に北上川の治水・利水の要として重要な位置を占めている。,アメリカと日本のうち、大規模河川開発計画をより早く実施したのは、どの国ですか?,アメリカ,Logical reasoning
47,18,トラフザメ,"トラフザメ(虎斑鮫、学名:Stegostomafasciatum、英名:Zebrashark)は、テンジクザメ目に属するサメの一種。
トラフザメ科、トラフザメ属は単型である。
インド太平洋全域、60m以浅のサンゴ礁で見られる。
成体は円筒形の体、体側の隆起線、非常に長い尾鰭、薄黄色の体色に散らばる黒い斑点を持ち、識別は容易である。
幼体は横縞を持ち、成体とは体色が完全に異なる。
全長3.5m程度になる。",トラフザメの主な生息地域はどこですか?,インド太平洋全域,Multiple sentence reasoning
48,18,トラフザメ,"トラフザメ(虎斑鮫、学名:Stegostomafasciatum、英名:Zebrashark)は、テンジクザメ目に属するサメの一種。
トラフザメ科、トラフザメ属は単型である。
インド太平洋全域、60m以浅のサンゴ礁で見られる。
成体は円筒形の体、体側の隆起線、非常に長い尾鰭、薄黄色の体色に散らばる黒い斑点を持ち、識別は容易である。
幼体は横縞を持ち、成体とは体色が完全に異なる。
全長3.5m程度になる。",トラフザメの全長はどれくらいですか?,3.5m程度,Multiple sentence reasoning
49,18,トラフザメ,"トラフザメ(虎斑鮫、学名:Stegostomafasciatum、英名:Zebrashark)は、テンジクザメ目に属するサメの一種。
トラフザメ科、トラフザメ属は単型である。
インド太平洋全域、60m以浅のサンゴ礁で見られる。
成体は円筒形の体、体側の隆起線、非常に長い尾鰭、薄黄色の体色に散らばる黒い斑点を持ち、識別は容易である。
幼体は横縞を持ち、成体とは体色が完全に異なる。
全長3.5m程度になる。",トラフザメは何科に属していますか?,トラフザメ科,Multiple sentence reasoning
50,18,トラフザメ,"トラフザメ(虎斑鮫、学名:Stegostomafasciatum、英名:Zebrashark)は、テンジクザメ目に属するサメの一種。
トラフザメ科、トラフザメ属は単型である。
インド太平洋全域、60m以浅のサンゴ礁で見られる。
成体は円筒形の体、体側の隆起線、非常に長い尾鰭、薄黄色の体色に散らばる黒い斑点を持ち、識別は容易である。
幼体は横縞を持ち、成体とは体色が完全に異なる。
全長3.5m程度になる。",横縞があるのは成体と幼体のどちらですか?,成体,Lexical variation (world knowledge)
51,19,トラフザメ,"夜行性で、日中は海底で休み、夜に岩の割れ目に潜む魚、貝、甲殻類、軟体動物、ウミヘビなどを食べる。
単独で生活するが、季節的に大きな群れを作ることもある。
卵生で、雌は数十個の卵鞘を、粘着糸で岩などに固定する。
人に無害で飼育もしやすいため、ダイビングや水族館で好まれる。
肉、鰭、肝油などを目的とした漁業の対象となっており、生息数が減少している可能性が高いため、IUCNは絶滅危惧種としている。",トラフザメの生活習性は何ですか?,夜行性,Lexical variation (world knowledge)
52,19,トラフザメ,"夜行性で、日中は海底で休み、夜に岩の割れ目に潜む魚、貝、甲殻類、軟体動物、ウミヘビなどを食べる。
単独で生活するが、季節的に大きな群れを作ることもある。
卵生で、雌は数十個の卵鞘を、粘着糸で岩などに固定する。
人に無害で飼育もしやすいため、ダイビングや水族館で好まれる。
肉、鰭、肝油などを目的とした漁業の対象となっており、生息数が減少している可能性が高いため、IUCNは絶滅危惧種としている。",IUCNはトラフザメをどのような種類と定めていますか?,絶滅危惧種,Lexical variation (synonymy)
53,19,トラフザメ,"夜行性で、日中は海底で休み、夜に岩の割れ目に潜む魚、貝、甲殻類、軟体動物、ウミヘビなどを食べる。
単独で生活するが、季節的に大きな群れを作ることもある。
卵生で、雌は数十個の卵鞘を、粘着糸で岩などに固定する。
人に無害で飼育もしやすいため、ダイビングや水族館で好まれる。
肉、鰭、肝油などを目的とした漁業の対象となっており、生息数が減少している可能性が高いため、IUCNは絶滅危惧種としている。",雌は何個の卵鞘を産むの?,数十個,Lexical variation (synonymy)
54,20,トラフザメ,"1759年に出版されたアルベルトゥス・セバのシソーラス『Locupletissimirerumnaturaliumthesauriaccuratadescriptio–Naaukeurigebeschryvingvanhetschatrykekabinetdervoornaamsteseldzaamhedendernatuur』の中でツノザメ属の新種Squalusvariusとして記載された。
セバは幼体のイラストとラテン語による包括的な記載を発表したが、タイプ標本は指定しなかった。
1783年にジャン・エルマンは『Tabulaaffinitatumanimalium』の中でSqualusfasciatusとして記載命名した。",『Locupletissimirerumnaturaliumthesauriaccuratadescriptio–Naaukeurigebeschryvingvanhetschatrykekabinetdervoornaamsteseldzaamhedendernatuur』の著者は誰ですか?,アルベルトゥス・セバ,Lexical variation (world knowledge)
55,20,トラフザメ,"1759年に出版されたアルベルトゥス・セバのシソーラス『Locupletissimirerumnaturaliumthesauriaccuratadescriptio–Naaukeurigebeschryvingvanhetschatrykekabinetdervoornaamsteseldzaamhedendernatuur』の中でツノザメ属の新種Squalusvariusとして記載された。
セバは幼体のイラストとラテン語による包括的な記載を発表したが、タイプ標本は指定しなかった。
1783年にジャン・エルマンは『Tabulaaffinitatumanimalium』の中でSqualusfasciatusとして記載命名した。",『Tabulaaffinitatumanimalium』の著者は誰ですか?,ジャン・エルマン,Lexical variation (world knowledge)
56,20,トラフザメ,"1759年に出版されたアルベルトゥス・セバのシソーラス『Locupletissimirerumnaturaliumthesauriaccuratadescriptio–Naaukeurigebeschryvingvanhetschatrykekabinetdervoornaamsteseldzaamhedendernatuur』の中でツノザメ属の新種Squalusvariusとして記載された。
セバは幼体のイラストとラテン語による包括的な記載を発表したが、タイプ標本は指定しなかった。
1783年にジャン・エルマンは『Tabulaaffinitatumanimalium』の中でSqualusfasciatusとして記載命名した。",Squalusfasciatusの命名者は誰ですか?,ジャン・エルマン,Lexical variation (synonymy)
57,20,トラフザメ,"1759年に出版されたアルベルトゥス・セバのシソーラス『Locupletissimirerumnaturaliumthesauriaccuratadescriptio–Naaukeurigebeschryvingvanhetschatrykekabinetdervoornaamsteseldzaamhedendernatuur』の中でツノザメ属の新種Squalusvariusとして記載された。
セバは幼体のイラストとラテン語による包括的な記載を発表したが、タイプ標本は指定しなかった。
1783年にジャン・エルマンは『Tabulaaffinitatumanimalium』の中でSqualusfasciatusとして記載命名した。",『Tabulaaffinitatumanimalium』が出版されたのはいつ?,1783年,Lexical variation (world knowledge)
58,21,トラフザメ,"1837年、ミュラーとヘンレは本種を独自の新属Stegostoma属に移し、1801年にブロッホおよびシュナイダーによって『110の画像付分類魚類学』(""SystemaichthyologiaeiconibusCXillustratum"")の中で用いられた種小名fasciatusを使用した。
Stegostomaは中性形であるため、学名はStegostomafasciatumとなる。
1984年、レオナルド・コンパーニョは、Squalusvariusも学名の一つと解釈することはできるが、セバが記載論文中で学名を一貫して用いていないことを理由に、""fasciatus/m""を正式な学名として支持した。
コンパーニョによれば、最初に""varius/m""が適切に用いられたのは1913年のサミュエル・ガーマンによるものであり、この名はジュニアシノニムとみなせる。
現在はS.fasciatum・S.variumどちらも本種を指す学名として用いられている。",ミュラーが本種をStegostoma属に移したのは何年ですか?,1837年,Syntactic variation
59,21,トラフザメ,"1837年、ミュラーとヘンレは本種を独自の新属Stegostoma属に移し、1801年にブロッホおよびシュナイダーによって『110の画像付分類魚類学』(""SystemaichthyologiaeiconibusCXillustratum"")の中で用いられた種小名fasciatusを使用した。
Stegostomaは中性形であるため、学名はStegostomafasciatumとなる。
1984年、レオナルド・コンパーニョは、Squalusvariusも学名の一つと解釈することはできるが、セバが記載論文中で学名を一貫して用いていないことを理由に、""fasciatus/m""を正式な学名として支持した。
コンパーニョによれば、最初に""varius/m""が適切に用いられたのは1913年のサミュエル・ガーマンによるものであり、この名はジュニアシノニムとみなせる。
現在はS.fasciatum・S.variumどちらも本種を指す学名として用いられている。","""fasciatus/m""を正式な学名として支持した人は誰?",レオナルド・コンパーニョ,Syntactic variation
60,21,トラフザメ,"1837年、ミュラーとヘンレは本種を独自の新属Stegostoma属に移し、1801年にブロッホおよびシュナイダーによって『110の画像付分類魚類学』(""SystemaichthyologiaeiconibusCXillustratum"")の中で用いられた種小名fasciatusを使用した。
Stegostomaは中性形であるため、学名はStegostomafasciatumとなる。
1984年、レオナルド・コンパーニョは、Squalusvariusも学名の一つと解釈することはできるが、セバが記載論文中で学名を一貫して用いていないことを理由に、""fasciatus/m""を正式な学名として支持した。
コンパーニョによれば、最初に""varius/m""が適切に用いられたのは1913年のサミュエル・ガーマンによるものであり、この名はジュニアシノニムとみなせる。
現在はS.fasciatum・S.variumどちらも本種を指す学名として用いられている。","最初に""varius/m""が適切に用いられたのは何年だとされていますか?",1913年,Syntactic variation
61,21,トラフザメ,"1837年、ミュラーとヘンレは本種を独自の新属Stegostoma属に移し、1801年にブロッホおよびシュナイダーによって『110の画像付分類魚類学』(""SystemaichthyologiaeiconibusCXillustratum"")の中で用いられた種小名fasciatusを使用した。
Stegostomaは中性形であるため、学名はStegostomafasciatumとなる。
1984年、レオナルド・コンパーニョは、Squalusvariusも学名の一つと解釈することはできるが、セバが記載論文中で学名を一貫して用いていないことを理由に、""fasciatus/m""を正式な学名として支持した。
コンパーニョによれば、最初に""varius/m""が適切に用いられたのは1913年のサミュエル・ガーマンによるものであり、この名はジュニアシノニムとみなせる。
現在はS.fasciatum・S.variumどちらも本種を指す学名として用いられている。","最初に""varius/m""を適切に用いたのは誰だとされていますか?",サミュエル・ガーマン,Syntactic variation
62,22,トラフザメ,"属名はギリシャ語のstego(覆い)、stoma(口)に由来する。
種小名fasciatumは“縞模様”を意味し、幼魚の体色に因んだものである。
この体色は英名""zebrashark""の由来ともなっている。
""leopardshark""の名が本種の成体に対して用いられることもあるが、この名は普通はカリフォルニアドチザメTriakissemifasciata、またはイタチザメを指す。
成長に連れて大きく体型・体色が変化するため、幼体はSqualustigrinus、亜成体はS.longicaudatusとして別種とされていた時代もあった。
なお和名の虎斑鮫は岸上鎌吉によって命名された。",属名の由来となった言語は何?,ギリシャ語,Lexical variation (world knowledge)
63,22,トラフザメ,"属名はギリシャ語のstego(覆い)、stoma(口)に由来する。
種小名fasciatumは“縞模様”を意味し、幼魚の体色に因んだものである。
この体色は英名""zebrashark""の由来ともなっている。
""leopardshark""の名が本種の成体に対して用いられることもあるが、この名は普通はカリフォルニアドチザメTriakissemifasciata、またはイタチザメを指す。
成長に連れて大きく体型・体色が変化するため、幼体はSqualustigrinus、亜成体はS.longicaudatusとして別種とされていた時代もあった。
なお和名の虎斑鮫は岸上鎌吉によって命名された。",本種の和名は何ですか?,虎斑鮫,Multiple sentence reasoning
64,22,トラフザメ,"属名はギリシャ語のstego(覆い)、stoma(口)に由来する。
種小名fasciatumは“縞模様”を意味し、幼魚の体色に因んだものである。
この体色は英名""zebrashark""の由来ともなっている。
""leopardshark""の名が本種の成体に対して用いられることもあるが、この名は普通はカリフォルニアドチザメTriakissemifasciata、またはイタチザメを指す。
成長に連れて大きく体型・体色が変化するため、幼体はSqualustigrinus、亜成体はS.longicaudatusとして別種とされていた時代もあった。
なお和名の虎斑鮫は岸上鎌吉によって命名された。",虎斑鮫と名付けた人は誰ですか?,岸上鎌吉,Lexical variation (synonymy)
65,22,トラフザメ,"属名はギリシャ語のstego(覆い)、stoma(口)に由来する。
種小名fasciatumは“縞模様”を意味し、幼魚の体色に因んだものである。
この体色は英名""zebrashark""の由来ともなっている。
""leopardshark""の名が本種の成体に対して用いられることもあるが、この名は普通はカリフォルニアドチザメTriakissemifasciata、またはイタチザメを指す。
成長に連れて大きく体型・体色が変化するため、幼体はSqualustigrinus、亜成体はS.longicaudatusとして別種とされていた時代もあった。
なお和名の虎斑鮫は岸上鎌吉によって命名された。",fasciatumは何を意味しているの?,“縞模様”,Syntactic variation
66,23,トラフザメ,"形態・分子系統の両面から、ジンベエザメ・コモリザメ科とともに単系統群を構成することは広く受け入れられている。
この単系統群内での系統関係には諸説があるが、分子系統解析ではタンビコモリザメPseudoginglymostomabrevicaudatumの姉妹群であるという結果が得られている。",本種は何の姉妹群であるとされているの?,タンビコモリザメ,Multiple sentence reasoning
67,24,トラフザメ,"円筒形のどっしりとした体、大きくて少し平たい頭、短く丸い吻を持つ。
眼は小さく、頭部の側面にあり、その後方にはそれより大きな噴水孔がある。
鰓裂は短く、後ろの3対は胸鰭の基部の上に位置し、第4・5鰓裂の間隔は他のものより近い。
鼻孔には短い髭があり、鼻孔から口まで続く溝がある。
口はほぼ直線で、下唇は3葉に分かれ、口角にも溝がある。
歯列は上顎に28-33、下顎に22-32列。
歯は大きな尖頭を持ち、2個の小尖頭に囲まれる。",眼の位置はどこ?,頭部の側面,Lexical variation (world knowledge)
68,24,トラフザメ,"円筒形のどっしりとした体、大きくて少し平たい頭、短く丸い吻を持つ。
眼は小さく、頭部の側面にあり、その後方にはそれより大きな噴水孔がある。
鰓裂は短く、後ろの3対は胸鰭の基部の上に位置し、第4・5鰓裂の間隔は他のものより近い。
鼻孔には短い髭があり、鼻孔から口まで続く溝がある。
口はほぼ直線で、下唇は3葉に分かれ、口角にも溝がある。
歯列は上顎に28-33、下顎に22-32列。
歯は大きな尖頭を持ち、2個の小尖頭に囲まれる。",歯列が多いのは上顎と下顎のどちらですか?,上顎,Logical reasoning
69,24,トラフザメ,"円筒形のどっしりとした体、大きくて少し平たい頭、短く丸い吻を持つ。
眼は小さく、頭部の側面にあり、その後方にはそれより大きな噴水孔がある。
鰓裂は短く、後ろの3対は胸鰭の基部の上に位置し、第4・5鰓裂の間隔は他のものより近い。
鼻孔には短い髭があり、鼻孔から口まで続く溝がある。
口はほぼ直線で、下唇は3葉に分かれ、口角にも溝がある。
歯列は上顎に28-33、下顎に22-32列。
歯は大きな尖頭を持ち、2個の小尖頭に囲まれる。",下唇は何葉に分かれているの?,3葉,Syntactic variation
70,25,トラフザメ,"成魚の体には5列の隆起線があり、1列は背の正中線上で背鰭と一体になり、他の2対は体側にある。
第一背鰭は第二背鰭の2倍程度の大きさである。
胸鰭は大きくて幅広い。
腹鰭・臀鰭はそれより小さいが、第二背鰭よりは大きい。
尾鰭は体と同じくらい長い。
下葉は小さく、上葉の先端には大きな欠刻がある。
2.5m程度まで成長するが、不確実な記録では3.5mというものもある。
全長に雌雄差はない。",第一背鰭と第二背鰭はどちらが大きいですか?,第一背鰭,Lexical variation (world knowledge)
71,25,トラフザメ,"成魚の体には5列の隆起線があり、1列は背の正中線上で背鰭と一体になり、他の2対は体側にある。
第一背鰭は第二背鰭の2倍程度の大きさである。
胸鰭は大きくて幅広い。
腹鰭・臀鰭はそれより小さいが、第二背鰭よりは大きい。
尾鰭は体と同じくらい長い。
下葉は小さく、上葉の先端には大きな欠刻がある。
2.5m程度まで成長するが、不確実な記録では3.5mというものもある。
全長に雌雄差はない。",成魚にはいくつの隆起線があるの?,5列,Syntactic variation
72,25,トラフザメ,"成魚の体には5列の隆起線があり、1列は背の正中線上で背鰭と一体になり、他の2対は体側にある。
第一背鰭は第二背鰭の2倍程度の大きさである。
胸鰭は大きくて幅広い。
腹鰭・臀鰭はそれより小さいが、第二背鰭よりは大きい。
尾鰭は体と同じくらい長い。
下葉は小さく、上葉の先端には大きな欠刻がある。
2.5m程度まで成長するが、不確実な記録では3.5mというものもある。
全長に雌雄差はない。",背鰭と一緒になる隆起線はいくつあるの?,1列,Lexical variation (synonymy)
73,25,トラフザメ,"成魚の体には5列の隆起線があり、1列は背の正中線上で背鰭と一体になり、他の2対は体側にある。
第一背鰭は第二背鰭の2倍程度の大きさである。
胸鰭は大きくて幅広い。
腹鰭・臀鰭はそれより小さいが、第二背鰭よりは大きい。
尾鰭は体と同じくらい長い。
下葉は小さく、上葉の先端には大きな欠刻がある。
2.5m程度まで成長するが、不確実な記録では3.5mというものもある。
全長に雌雄差はない。",腹鰭と第二背鰭はどちらが大きい?,腹鰭,Lexical variation (world knowledge)
74,26,トラフザメ,"幼魚は背側が暗褐色、腹側が淡黄色で、黄色い横縞、斑点がある。
50-90cmまで成長すると黒い部分が縮小を始め、ヒョウ柄模様に変化してゆく。
成体の模様は個体ごとに差があり、個体識別に用いることができる。
1964年、インド洋において全ての斑点を欠くアルビノ個体が発見された。
これは全長1.9mの成体雌で、目立つアルビノが野生下で長期間生存していたという点で、非常に珍しいものである。",本種のアルビノ個体が発見されたのはどこの水域でしたか?,インド洋,Lexical variation (world knowledge)
75,26,トラフザメ,"幼魚は背側が暗褐色、腹側が淡黄色で、黄色い横縞、斑点がある。
50-90cmまで成長すると黒い部分が縮小を始め、ヒョウ柄模様に変化してゆく。
成体の模様は個体ごとに差があり、個体識別に用いることができる。
1964年、インド洋において全ての斑点を欠くアルビノ個体が発見された。
これは全長1.9mの成体雌で、目立つアルビノが野生下で長期間生存していたという点で、非常に珍しいものである。",本種のアルビノ個体が発見された年はいつでしたか?,1964年,Multiple sentence reasoning
76,26,トラフザメ,"幼魚は背側が暗褐色、腹側が淡黄色で、黄色い横縞、斑点がある。
50-90cmまで成長すると黒い部分が縮小を始め、ヒョウ柄模様に変化してゆく。
成体の模様は個体ごとに差があり、個体識別に用いることができる。
1964年、インド洋において全ての斑点を欠くアルビノ個体が発見された。
これは全長1.9mの成体雌で、目立つアルビノが野生下で長期間生存していたという点で、非常に珍しいものである。",インド洋で発見されたアルビノ個体の全長はどれくらいでしたか?,1.9m,Multiple sentence reasoning
77,26,トラフザメ,"幼魚は背側が暗褐色、腹側が淡黄色で、黄色い横縞、斑点がある。
50-90cmまで成長すると黒い部分が縮小を始め、ヒョウ柄模様に変化してゆく。
成体の模様は個体ごとに差があり、個体識別に用いることができる。
1964年、インド洋において全ての斑点を欠くアルビノ個体が発見された。
これは全長1.9mの成体雌で、目立つアルビノが野生下で長期間生存していたという点で、非常に珍しいものである。",幼魚の腹側は何色ですか?,淡黄色,Syntactic variation
78,27,トラフザメ,"インド太平洋の熱帯に分布する。
南アフリカから紅海・ペルシャ湾(マダガスカル・モルディブを含む)・インド・東南アジア(インドネシア・フィリピン・パラオを含む)、北は台湾・日本まで、東はニューカレドニア・トンガまで、南はオーストラリア北部までで確認されている。
底生で、潮間帯から水深62m程度の大陸棚の上に生息する。
成体、大型の幼体はよくサンゴ礁・礫底・砂底で見られる。
不確実ではあるが、フィリピンの淡水で見られたという報告もある。
外洋を渡って別の島や海山に移動することもあり、ある個体は140kmを移動した記録がある。
だが、遺伝子からは、連続する分布域であっても個体群間の移動は少ないことが示された。",本種が生息している南限はどこですか?,オーストラリア北部,Lexical variation (synonymy)
79,27,トラフザメ,"インド太平洋の熱帯に分布する。
南アフリカから紅海・ペルシャ湾(マダガスカル・モルディブを含む)・インド・東南アジア(インドネシア・フィリピン・パラオを含む)、北は台湾・日本まで、東はニューカレドニア・トンガまで、南はオーストラリア北部までで確認されている。
底生で、潮間帯から水深62m程度の大陸棚の上に生息する。
成体、大型の幼体はよくサンゴ礁・礫底・砂底で見られる。
不確実ではあるが、フィリピンの淡水で見られたという報告もある。
外洋を渡って別の島や海山に移動することもあり、ある個体は140kmを移動した記録がある。
だが、遺伝子からは、連続する分布域であっても個体群間の移動は少ないことが示された。",本種が生息している東限となる国はどこですか?,トンガ,Lexical variation (synonymy)
80,27,トラフザメ,"インド太平洋の熱帯に分布する。
南アフリカから紅海・ペルシャ湾(マダガスカル・モルディブを含む)・インド・東南アジア(インドネシア・フィリピン・パラオを含む)、北は台湾・日本まで、東はニューカレドニア・トンガまで、南はオーストラリア北部までで確認されている。
底生で、潮間帯から水深62m程度の大陸棚の上に生息する。
成体、大型の幼体はよくサンゴ礁・礫底・砂底で見られる。
不確実ではあるが、フィリピンの淡水で見られたという報告もある。
外洋を渡って別の島や海山に移動することもあり、ある個体は140kmを移動した記録がある。
だが、遺伝子からは、連続する分布域であっても個体群間の移動は少ないことが示された。",本種の生息水深は何mですか?,62m程度,Lexical variation (synonymy)
81,27,トラフザメ,"インド太平洋の熱帯に分布する。
南アフリカから紅海・ペルシャ湾(マダガスカル・モルディブを含む)・インド・東南アジア(インドネシア・フィリピン・パラオを含む)、北は台湾・日本まで、東はニューカレドニア・トンガまで、南はオーストラリア北部までで確認されている。
底生で、潮間帯から水深62m程度の大陸棚の上に生息する。
成体、大型の幼体はよくサンゴ礁・礫底・砂底で見られる。
不確実ではあるが、フィリピンの淡水で見られたという報告もある。
外洋を渡って別の島や海山に移動することもあり、ある個体は140kmを移動した記録がある。
だが、遺伝子からは、連続する分布域であっても個体群間の移動は少ないことが示された。",本種の生息区域となる北限の国は台湾とどこですか?,日本,Lexical variation (synonymy)
82,28,トラフザメ,"日中は不活発で海底で休息しており、偶に胸鰭で体を持ち上げ、口を流れに向けて呼吸を行う。
強い流れが得られるため、岩の間の水路が休息場所として好まれる。
夜間や餌があるときは活発になる。
泳ぎは素早くて力強く、体と尾鰭をウナギのようにうねらせることで推進する。
一定の流れがある場所では、尾鰭をうねらせることで水中に浮かぶことができる。
餌は主に貝類、甲殻類、小さな硬骨魚などで、おそらくウミヘビも食べる。
体が細く柔らかいため、狭い穴や裂け目にも入り込み、口腔の分厚い筋肉によって獲物を吸い出すことができる。
本種はより大きな魚類や海獣の餌となる。
寄生虫として、4種のPedibothrium属の条虫などが見つかっている。",日中での休息地はどこですか?,海底,Lexical variation (synonymy)
83,28,トラフザメ,"日中は不活発で海底で休息しており、偶に胸鰭で体を持ち上げ、口を流れに向けて呼吸を行う。
強い流れが得られるため、岩の間の水路が休息場所として好まれる。
夜間や餌があるときは活発になる。
泳ぎは素早くて力強く、体と尾鰭をウナギのようにうねらせることで推進する。
一定の流れがある場所では、尾鰭をうねらせることで水中に浮かぶことができる。
餌は主に貝類、甲殻類、小さな硬骨魚などで、おそらくウミヘビも食べる。
体が細く柔らかいため、狭い穴や裂け目にも入り込み、口腔の分厚い筋肉によって獲物を吸い出すことができる。
本種はより大きな魚類や海獣の餌となる。
寄生虫として、4種のPedibothrium属の条虫などが見つかっている。",本種の寄生虫は何種いますか?,4種,Multiple sentence reasoning
84,29,トラフザメ,"通常は単独でいるが、20-50匹の群れを作ることも記録されている。
クイーンズランド南東では毎夏、浅瀬で数百匹の群れが見られる。
この群れはほぼ全て大型の成体で、雌3に対し雄1の割合である。
群れ内での交尾行動は観察されておらず、このような群れを作る目的は不明である。
成体雄が他の雄の胸鰭に噛み付き、海底に押さえつける行動が観察されている。
押さえられた雄は仰向けになって数分間動かなくなる。
この行動は雌雄間の交尾前行動と似ており、これは上になった雄が自身の優位性を主張する行動ではないかと推測されている。",クイーンランドの南東で大群が見られる季節はいつですか?,夏,Lexical variation (world knowledge)
85,29,トラフザメ,"通常は単独でいるが、20-50匹の群れを作ることも記録されている。
クイーンズランド南東では毎夏、浅瀬で数百匹の群れが見られる。
この群れはほぼ全て大型の成体で、雌3に対し雄1の割合である。
群れ内での交尾行動は観察されておらず、このような群れを作る目的は不明である。
成体雄が他の雄の胸鰭に噛み付き、海底に押さえつける行動が観察されている。
押さえられた雄は仰向けになって数分間動かなくなる。
この行動は雌雄間の交尾前行動と似ており、これは上になった雄が自身の優位性を主張する行動ではないかと推測されている。",クイーンランドの南東で見られる群れの中で数が多いのは、雌と雄のどちらですか?,雌,Logical reasoning
86,30,トラフザメ,"交尾は、雄が雌を追いかけ、胸鰭や尾に噛み付くことで始まる。
共に海底に降りた後、雄は雌に体を巻き付け、交尾器を雌の総排泄孔に挿入する。
交尾は2-5分続く。
卵生で、雌は17cm×8cm×5cm程度の大きさの卵鞘を産む。
卵鞘は暗褐色から紫で、側面から細い繊維が生える。
この繊維には粘着性があり、雌は岩礁の垂直な壁に卵を固定する。
最大で、112日程度かけて46個の卵を産んだ記録がある。
各卵鞘は4個程度の束で産み付けられる。
野生での繁殖期は不明である。",卵鞘の大きさはどれくらいですか?,17cm×8cm×5cm程度,Syntactic variation
87,31,トラフザメ,"飼育下では、温度に依存するが、卵は4-6ヶ月で孵化する。
孵化時は全長20-36cmで、成魚に比べ尾鰭が体に対して長い。
幼魚がどのような場所で成長するかはよく分かっていないが、ある報告では50m以深、インドからの別の報告では成体より浅い場所、という結果がある。
幼魚の縞模様には、群れの中で各個体の境界を曖昧にし、捕食者が1個体を狙いにくくする役割があると考えられている、雄は1.5-1.8m、雌は1.7mで性成熟する。
寿命は野生下で25-30年と見られている。
雌が無性生殖した報告が1例ある。",性成熟時の最大サイズが大きいのは雄と雌のどちらですか?,雄,Logical reasoning
88,32,トラフザメ,"分布域のほとんどにおいて商業漁業の対象となっており、底引き網・刺し網・延縄などで漁獲される。
肉は干物・塩漬けで消費され、肝油からはビタミン、鰭はフカヒレ、あらは魚粉とされる。
浅瀬に生息し、個体群間の移動が少ないため、局地的な漁業の影響を受けやすい。
市場調査からは、昔に比べ出現頻度が減ったことが推測される。
沿岸の開発や、爆発物を用いた漁などの危機に曝されており、IUCNは危急種としている。
オーストラリアでの脅威は、エビの底引き網漁による少数の混獲だけであるため、ここでは軽度懸念とされている。",本種の漁獲方法は、刺し網、延縄の他にどんな方法がありますか?,底引き網,Lexical variation (world knowledge)
89,32,トラフザメ,"分布域のほとんどにおいて商業漁業の対象となっており、底引き網・刺し網・延縄などで漁獲される。
肉は干物・塩漬けで消費され、肝油からはビタミン、鰭はフカヒレ、あらは魚粉とされる。
浅瀬に生息し、個体群間の移動が少ないため、局地的な漁業の影響を受けやすい。
市場調査からは、昔に比べ出現頻度が減ったことが推測される。
沿岸の開発や、爆発物を用いた漁などの危機に曝されており、IUCNは危急種としている。
オーストラリアでの脅威は、エビの底引き網漁による少数の混獲だけであるため、ここでは軽度懸念とされている。",肝油から採れる栄養素は何?,ビタミン,Lexical variation (world knowledge)
90,33,焼戻し,"焼戻し(やきもどし、英語:tempering)とは、焼入れあるいは溶体化処理されて不安定な組織を持つ金属を適切な温度に加熱・温度保持することで、組織の変態または析出を進行させて安定な組織に近づけ、所要の性質及び状態を与える熱処理のことである。
焼き戻し、焼もどしとも表記する。
狭義には、焼入れされた鋼を対象にしたものを指す、鋼の焼戻しは、焼入れによりマルテンサイトを含み、硬いが脆化して、不安定な組織となった鋼に靱性を回復させて、組織も安定させる処理である。
アルミニウム合金のような非鉄金属やマルエージング鋼のような特殊鋼などへの溶体化処理後に行われる。
焼戻し処理は時効処理の一種で、人工時効あるいは焼戻し時効、高温時効と呼ばれる。
本記事では焼入れされた鋼の焼戻しについて主に説明する。
人工時効については時効(金属)を参照のこと。
また、本記事では日本工業規格、学術用語集に準じて、「焼戻し」の表記で統一する。",焼入れの後に行う熱処理を何と言いますか?,焼戻し,Lexical variation (synonymy)
91,33,焼戻し,"焼戻し(やきもどし、英語:tempering)とは、焼入れあるいは溶体化処理されて不安定な組織を持つ金属を適切な温度に加熱・温度保持することで、組織の変態または析出を進行させて安定な組織に近づけ、所要の性質及び状態を与える熱処理のことである。
焼き戻し、焼もどしとも表記する。
狭義には、焼入れされた鋼を対象にしたものを指す、鋼の焼戻しは、焼入れによりマルテンサイトを含み、硬いが脆化して、不安定な組織となった鋼に靱性を回復させて、組織も安定させる処理である。
アルミニウム合金のような非鉄金属やマルエージング鋼のような特殊鋼などへの溶体化処理後に行われる。
焼戻し処理は時効処理の一種で、人工時効あるいは焼戻し時効、高温時効と呼ばれる。
本記事では焼入れされた鋼の焼戻しについて主に説明する。
人工時効については時効(金属)を参照のこと。
また、本記事では日本工業規格、学術用語集に準じて、「焼戻し」の表記で統一する。",焼戻しでは、金属の不安定な組織をどのような組織に近づける効果がありますか?,安定な組織,Syntactic variation
92,33,焼戻し,"焼戻し(やきもどし、英語:tempering)とは、焼入れあるいは溶体化処理されて不安定な組織を持つ金属を適切な温度に加熱・温度保持することで、組織の変態または析出を進行させて安定な組織に近づけ、所要の性質及び状態を与える熱処理のことである。
焼き戻し、焼もどしとも表記する。
狭義には、焼入れされた鋼を対象にしたものを指す、鋼の焼戻しは、焼入れによりマルテンサイトを含み、硬いが脆化して、不安定な組織となった鋼に靱性を回復させて、組織も安定させる処理である。
アルミニウム合金のような非鉄金属やマルエージング鋼のような特殊鋼などへの溶体化処理後に行われる。
焼戻し処理は時効処理の一種で、人工時効あるいは焼戻し時効、高温時効と呼ばれる。
本記事では焼入れされた鋼の焼戻しについて主に説明する。
人工時効については時効(金属)を参照のこと。
また、本記事では日本工業規格、学術用語集に準じて、「焼戻し」の表記で統一する。",焼入れされた鋼に含まれる組織とは何?,マルテンサイト,Syntactic variation
93,34,焼戻し,"焼入れによって得られた鋼のマルテンサイト組織は、硬いが脆い状態となっている。
この焼入れ組織に粘り強さを与えるのが焼戻しの目的の1つである。
基本的には焼戻し温度と呼ばれる焼戻し時に加熱・保持する温度を変更することで、硬さと靱性のバランスを決定する。
靱性を重視する場合は比較的高温で焼戻しする高温焼戻しが、硬さを重視する場合は比較的低温で焼戻しする低温焼戻しが適用される。",焼戻しの目的の1つは、焼入れ組織に何を与えることですか?,粘り強さ,Syntactic variation
94,34,焼戻し,"焼入れによって得られた鋼のマルテンサイト組織は、硬いが脆い状態となっている。
この焼入れ組織に粘り強さを与えるのが焼戻しの目的の1つである。
基本的には焼戻し温度と呼ばれる焼戻し時に加熱・保持する温度を変更することで、硬さと靱性のバランスを決定する。
靱性を重視する場合は比較的高温で焼戻しする高温焼戻しが、硬さを重視する場合は比較的低温で焼戻しする低温焼戻しが適用される。",何を変更することで硬さと靱性のバランスが決まるの?,焼戻し温度,Lexical variation (synonymy)
95,34,焼戻し,"焼入れによって得られた鋼のマルテンサイト組織は、硬いが脆い状態となっている。
この焼入れ組織に粘り強さを与えるのが焼戻しの目的の1つである。
基本的には焼戻し温度と呼ばれる焼戻し時に加熱・保持する温度を変更することで、硬さと靱性のバランスを決定する。
靱性を重視する場合は比較的高温で焼戻しする高温焼戻しが、硬さを重視する場合は比較的低温で焼戻しする低温焼戻しが適用される。",靱性を重視する際の焼戻し温度は高温か低温かどっち?,高温,Lexical variation (world knowledge)
96,34,焼戻し,"焼入れによって得られた鋼のマルテンサイト組織は、硬いが脆い状態となっている。
この焼入れ組織に粘り強さを与えるのが焼戻しの目的の1つである。
基本的には焼戻し温度と呼ばれる焼戻し時に加熱・保持する温度を変更することで、硬さと靱性のバランスを決定する。
靱性を重視する場合は比較的高温で焼戻しする高温焼戻しが、硬さを重視する場合は比較的低温で焼戻しする低温焼戻しが適用される。",低温焼戻しが適用されるのは、靱性と硬さのどちらを重視する場合ですか?,硬さ,Lexical variation (world knowledge)
97,35,焼戻し,"焼入れによって、加工品にはマルテンサイト変態や熱膨張によって内部に応力が発生する。
この応力は焼入れ後にも残り、変形・割れの発生や、機械的性質の悪化を生じさせる。
このような応力を残留応力と呼ぶ。
この残留応力を焼戻し処理によって除去あるいは軽減させることができる。
加工品の大きさや加熱時間にもよるが、500°C程度の焼戻しで残留応力はほぼ除去でき、200°C程度の焼戻しで半減できる。",焼入れ後に残る応力を何と呼んでいるの?,残留応力,Multiple sentence reasoning
98,35,焼戻し,"焼入れによって、加工品にはマルテンサイト変態や熱膨張によって内部に応力が発生する。
この応力は焼入れ後にも残り、変形・割れの発生や、機械的性質の悪化を生じさせる。
このような応力を残留応力と呼ぶ。
この残留応力を焼戻し処理によって除去あるいは軽減させることができる。
加工品の大きさや加熱時間にもよるが、500°C程度の焼戻しで残留応力はほぼ除去でき、200°C程度の焼戻しで半減できる。",残留応力を半減させることが出来るのは、焼戻し温度が何°Cの時ですか?,200°C程度,Lexical variation (synonymy)
99,35,焼戻し,"焼入れによって、加工品にはマルテンサイト変態や熱膨張によって内部に応力が発生する。
この応力は焼入れ後にも残り、変形・割れの発生や、機械的性質の悪化を生じさせる。
このような応力を残留応力と呼ぶ。
この残留応力を焼戻し処理によって除去あるいは軽減させることができる。
加工品の大きさや加熱時間にもよるが、500°C程度の焼戻しで残留応力はほぼ除去でき、200°C程度の焼戻しで半減できる。",残留応力をほぼ除去することが出来る焼戻し温度はいくつですか?,500°C程度,Lexical variation (synonymy)
100,36,焼戻し,"焼入れ後の組織には、残留オーステナイトと呼ばれるマルテンサイト化しきれなかったオーステナイト組織が残っている。
残留オーステナイトは常温で放置すると時間が経つに連れて徐々にマルテンサイトに変態する。
残留オーステナイトからマルテンサイトへの変態の際、組織の体積が膨張するので変形や寸法変化を起こしたり、上記の残留応力とも相まって割れが発生する場合がある。
また、マルテンサイトも低炭素マルテンサイトへ時間が経つに連れて徐々に変化していき、その際に縮小を起こす。
焼戻しにより、このような不安定な組織を安定化させて、加工品の寸法変化や割れの発生防止をすることができる。",焼入れ後に割れが生じる原因となる組織は何ですか?,残留オーステナイト,Multiple sentence reasoning
101,36,焼戻し,"焼入れ後の組織には、残留オーステナイトと呼ばれるマルテンサイト化しきれなかったオーステナイト組織が残っている。
残留オーステナイトは常温で放置すると時間が経つに連れて徐々にマルテンサイトに変態する。
残留オーステナイトからマルテンサイトへの変態の際、組織の体積が膨張するので変形や寸法変化を起こしたり、上記の残留応力とも相まって割れが発生する場合がある。
また、マルテンサイトも低炭素マルテンサイトへ時間が経つに連れて徐々に変化していき、その際に縮小を起こす。
焼戻しにより、このような不安定な組織を安定化させて、加工品の寸法変化や割れの発生防止をすることができる。",厳密に言うと、残留オーステナイトが何に変態する時に割れの発生確率が高いですか?,マルテンサイト,Lexical variation (synonymy)
102,37,焼戻し,"焼入れされた鋼は、金属組織的にも内部応力的にも不安定な状態にある。
焼入れで得られたマルテンサイト組織を再加熱していくと、マルテンサイトから過飽和に固溶されていた炭素や合金元素が吐き出され、安定な組織に近づいていき、機械的性質も変化していく。
これが焼戻しの基本原理である。
以下、焼入れ後の組織を再加熱していくと、組織にどのような変化が発生していくかを説明する。",焼戻しの際にマルテンサイトから排出されるのは合金元素や何ですか?,炭素,Lexical variation (synonymy)
103,37,焼戻し,"焼入れされた鋼は、金属組織的にも内部応力的にも不安定な状態にある。
焼入れで得られたマルテンサイト組織を再加熱していくと、マルテンサイトから過飽和に固溶されていた炭素や合金元素が吐き出され、安定な組織に近づいていき、機械的性質も変化していく。
これが焼戻しの基本原理である。
以下、焼入れ後の組織を再加熱していくと、組織にどのような変化が発生していくかを説明する。",焼戻しするまでは、焼入れされた鋼の金属組織や内部応力はどのような状態なのか?,不安定な状態,Lexical variation (world knowledge)
104,38,焼戻し,"まず80-160°Cまで加熱すると、マルテンサイトからε炭化物と呼ばれる炭化物が析出し、マルテンサイトは低炭素マルテンサイトあるいは焼戻しマルテンサイトと呼ばれる組織に変わり、組織は低炭素マルテンサイトとε炭化物で構成されるようになる。
焼入れによる高炭素マルテンサイトはオーステナイトの炭素含有量をそのまま受け継いで炭素を0.8%含有しているのに対し、低炭素マルテンサイトは0.2-0.3%程度の含有量である。
結晶構造は、高炭素マルテンサイトは正方晶であるのに対し、低炭素マルテンサイトは立方晶を取る。
ε炭化物は六方晶の結晶構造を持ち、Fe2-2.5CあるいはFe2-3Cで表され、標準組織で析出するFe3Cのセメンタイトとは異なる。
また、このような変化により体積が縮小する。
この変化は高炭素マルテンサイトが存在する場合のみに発生するので、炭素含有量0.3%以下の低炭素鋼では発生しない。",高炭素マルテンサイトと低炭素マルテンサイトはどちらが炭素を多く含んでいるの?,高炭素マルテンサイト,Logical reasoning
105,38,焼戻し,"まず80-160°Cまで加熱すると、マルテンサイトからε炭化物と呼ばれる炭化物が析出し、マルテンサイトは低炭素マルテンサイトあるいは焼戻しマルテンサイトと呼ばれる組織に変わり、組織は低炭素マルテンサイトとε炭化物で構成されるようになる。
焼入れによる高炭素マルテンサイトはオーステナイトの炭素含有量をそのまま受け継いで炭素を0.8%含有しているのに対し、低炭素マルテンサイトは0.2-0.3%程度の含有量である。
結晶構造は、高炭素マルテンサイトは正方晶であるのに対し、低炭素マルテンサイトは立方晶を取る。
ε炭化物は六方晶の結晶構造を持ち、Fe2-2.5CあるいはFe2-3Cで表され、標準組織で析出するFe3Cのセメンタイトとは異なる。
また、このような変化により体積が縮小する。
この変化は高炭素マルテンサイトが存在する場合のみに発生するので、炭素含有量0.3%以下の低炭素鋼では発生しない。",炭素の含有量が低いのは、高炭素マルテンサイトと低炭素マルテンサイトのどちら?,低炭素マルテンサイト,Logical reasoning
106,38,焼戻し,"まず80-160°Cまで加熱すると、マルテンサイトからε炭化物と呼ばれる炭化物が析出し、マルテンサイトは低炭素マルテンサイトあるいは焼戻しマルテンサイトと呼ばれる組織に変わり、組織は低炭素マルテンサイトとε炭化物で構成されるようになる。
焼入れによる高炭素マルテンサイトはオーステナイトの炭素含有量をそのまま受け継いで炭素を0.8%含有しているのに対し、低炭素マルテンサイトは0.2-0.3%程度の含有量である。
結晶構造は、高炭素マルテンサイトは正方晶であるのに対し、低炭素マルテンサイトは立方晶を取る。
ε炭化物は六方晶の結晶構造を持ち、Fe2-2.5CあるいはFe2-3Cで表され、標準組織で析出するFe3Cのセメンタイトとは異なる。
また、このような変化により体積が縮小する。
この変化は高炭素マルテンサイトが存在する場合のみに発生するので、炭素含有量0.3%以下の低炭素鋼では発生しない。",結晶構造が立方晶の組織は何ですか?,低炭素マルテンサイト,Syntactic variation
107,38,焼戻し,"まず80-160°Cまで加熱すると、マルテンサイトからε炭化物と呼ばれる炭化物が析出し、マルテンサイトは低炭素マルテンサイトあるいは焼戻しマルテンサイトと呼ばれる組織に変わり、組織は低炭素マルテンサイトとε炭化物で構成されるようになる。
焼入れによる高炭素マルテンサイトはオーステナイトの炭素含有量をそのまま受け継いで炭素を0.8%含有しているのに対し、低炭素マルテンサイトは0.2-0.3%程度の含有量である。
結晶構造は、高炭素マルテンサイトは正方晶であるのに対し、低炭素マルテンサイトは立方晶を取る。
ε炭化物は六方晶の結晶構造を持ち、Fe2-2.5CあるいはFe2-3Cで表され、標準組織で析出するFe3Cのセメンタイトとは異なる。
また、このような変化により体積が縮小する。
この変化は高炭素マルテンサイトが存在する場合のみに発生するので、炭素含有量0.3%以下の低炭素鋼では発生しない。",加熱して焼戻しマルテンサイトに変化する前の組織名は何ですか?,マルテンサイト,Lexical variation (world knowledge)
108,39,焼戻し,"次に230-280°Cまで加熱すると、組織中の残留オーステナイトが下部ベイナイトに変態する。
この変化で体積は膨張する。
この変化は残留オーステナイトが存在する場合のみに発生する。
生じたベイナイトはやがてフェライトと炭化物(ε炭化物とセメンタイト)に変化する。",残留オーステナイトが下部ベイナイトに変態する際に膨張するものは何ですか?,体積,Multiple sentence reasoning
109,39,焼戻し,"次に230-280°Cまで加熱すると、組織中の残留オーステナイトが下部ベイナイトに変態する。
この変化で体積は膨張する。
この変化は残留オーステナイトが存在する場合のみに発生する。
生じたベイナイトはやがてフェライトと炭化物(ε炭化物とセメンタイト)に変化する。",残留オーステナイトが下部ベイナイトに変態するのは何°Cまで加熱した時ですか?,230-280°C,Syntactic variation
110,39,焼戻し,"次に230-280°Cまで加熱すると、組織中の残留オーステナイトが下部ベイナイトに変態する。
この変化で体積は膨張する。
この変化は残留オーステナイトが存在する場合のみに発生する。
生じたベイナイトはやがてフェライトと炭化物(ε炭化物とセメンタイト)に変化する。",フェライトと炭化物は何が変化したものですか?,ベイナイト,Syntactic variation
111,40,焼戻し,"さらに300°C以上に加熱すると、ε炭化物は一端母相中に溶け込み、χ炭化物と呼ばれる別の中間相炭化物の析出を経てセメンタイトを析出するようになる。
低炭素マルテンサイトは炭素をセメンタイトとして析出したことでフェライトに変態していく。
この過程では体積は縮小する。
セメンタイトは、初めはフェライト素地中に細かい粒状で分散しているが、さらに温度が上昇していくと、大きな粒子に凝縮していく。
400-500°C程度までに加熱された組織は、トルースタイトと呼ばれる組織になり、500-650°C程度ではソルバイトと呼ばれる組織になる。
トルースタイトは光学顕微鏡では判別できないレベルで微細化されたセメンタイトと等軸のフェライトから構成され、ソルバイトでは光学顕微鏡約400倍程度で判別できる微細な球状セメンタイトと等軸のフェライトで構成される。",トルースタイトとソルバイトを比べると、生じる時の加熱温度が高いのはどちらの組織ですか?,ソルバイト,Logical reasoning
112,40,焼戻し,"さらに300°C以上に加熱すると、ε炭化物は一端母相中に溶け込み、χ炭化物と呼ばれる別の中間相炭化物の析出を経てセメンタイトを析出するようになる。
低炭素マルテンサイトは炭素をセメンタイトとして析出したことでフェライトに変態していく。
この過程では体積は縮小する。
セメンタイトは、初めはフェライト素地中に細かい粒状で分散しているが、さらに温度が上昇していくと、大きな粒子に凝縮していく。
400-500°C程度までに加熱された組織は、トルースタイトと呼ばれる組織になり、500-650°C程度ではソルバイトと呼ばれる組織になる。
トルースタイトは光学顕微鏡では判別できないレベルで微細化されたセメンタイトと等軸のフェライトから構成され、ソルバイトでは光学顕微鏡約400倍程度で判別できる微細な球状セメンタイトと等軸のフェライトで構成される。",低炭素マルテンサイトがフェライトに変態する際に、縮小するものは何ですか?,体積,Multiple sentence reasoning
113,41,焼戻し,"以上の組織変化に加えて、合金鋼の場合、400-450°C以上に加熱すると固溶されていた合金元素も放出され、合金鋼特有の変化が発生するようになる。
この変化を第3段階に続く第4段階に加える場合もある。
その合金鋼特有の炭化物が発生するようになり、次のような現象が発生する。
高合金鋼を焼戻しすると、焼戻し前よりも硬さが向上する場合がある。
このような焼戻しによる硬化を、焼入れによる硬化を一次硬化として、二次硬化、あるいは焼戻し硬化と呼ぶ。
二次硬化の要因は、残留オーステナイトが焼戻しによりマルテンサイト化することによる硬化と複炭化物の微細析出による硬化の2つである。
二次硬化時に残留オーステナイトから変態したマルテンサイトは通常の焼入れ時に発生するマルテンサイトと同じなので、二次硬化を伴った焼戻し後には更にもう1回、2回焼戻しを繰り返すことが必要となる。",焼入れによって硬くなる現象を何という?,一次硬化,Lexical variation (synonymy)
114,41,焼戻し,"以上の組織変化に加えて、合金鋼の場合、400-450°C以上に加熱すると固溶されていた合金元素も放出され、合金鋼特有の変化が発生するようになる。
この変化を第3段階に続く第4段階に加える場合もある。
その合金鋼特有の炭化物が発生するようになり、次のような現象が発生する。
高合金鋼を焼戻しすると、焼戻し前よりも硬さが向上する場合がある。
このような焼戻しによる硬化を、焼入れによる硬化を一次硬化として、二次硬化、あるいは焼戻し硬化と呼ぶ。
二次硬化の要因は、残留オーステナイトが焼戻しによりマルテンサイト化することによる硬化と複炭化物の微細析出による硬化の2つである。
二次硬化時に残留オーステナイトから変態したマルテンサイトは通常の焼入れ時に発生するマルテンサイトと同じなので、二次硬化を伴った焼戻し後には更にもう1回、2回焼戻しを繰り返すことが必要となる。",焼戻しによって硬くなることを焼戻し硬化、もしくは何というの?,二次硬化,Lexical variation (synonymy)
115,42,焼戻し,"比較的低温域で焼戻しすることで、焼入れ後の硬さをあまり減少させず、残留応力の低減と性状の安定化を行うことができる。
このような焼戻し処理を低温焼戻しと呼ぶ。
焼戻し温度は目安として150-250°Cの範囲である。
低温焼戻しによって生じる鋼組織は、上記で説明した低炭素マルテンサイトで、ビッカース硬さは約800HVとなっている。
硬さや耐摩耗性を必要とする材料に低温焼戻しが適用される。
鋼種としては、炭素含有量が0.77%超える過共析鋼が主となっている。
工具鋼の例としては、二次硬化特性を持たない炭素工具鋼や冷間加工用の合金工具鋼などに適用される。
実際の製品としては、ナイフや包丁といった切削工具、ゲージやノギスといった計測器具、自動車車体のプレス金型、軸受などで適用される。
また、低温焼戻しは高周波焼入れ後や浸炭焼入れ後の標準的な焼戻しでもある。",低温焼戻しのおおよその基準となる温度は何°Cですか?,150-250°C,Lexical variation (synonymy)
116,42,焼戻し,"比較的低温域で焼戻しすることで、焼入れ後の硬さをあまり減少させず、残留応力の低減と性状の安定化を行うことができる。
このような焼戻し処理を低温焼戻しと呼ぶ。
焼戻し温度は目安として150-250°Cの範囲である。
低温焼戻しによって生じる鋼組織は、上記で説明した低炭素マルテンサイトで、ビッカース硬さは約800HVとなっている。
硬さや耐摩耗性を必要とする材料に低温焼戻しが適用される。
鋼種としては、炭素含有量が0.77%超える過共析鋼が主となっている。
工具鋼の例としては、二次硬化特性を持たない炭素工具鋼や冷間加工用の合金工具鋼などに適用される。
実際の製品としては、ナイフや包丁といった切削工具、ゲージやノギスといった計測器具、自動車車体のプレス金型、軸受などで適用される。
また、低温焼戻しは高周波焼入れ後や浸炭焼入れ後の標準的な焼戻しでもある。",低温焼戻しによって生じる鋼組織は何?,低炭素マルテンサイト,Syntactic variation
117,42,焼戻し,"比較的低温域で焼戻しすることで、焼入れ後の硬さをあまり減少させず、残留応力の低減と性状の安定化を行うことができる。
このような焼戻し処理を低温焼戻しと呼ぶ。
焼戻し温度は目安として150-250°Cの範囲である。
低温焼戻しによって生じる鋼組織は、上記で説明した低炭素マルテンサイトで、ビッカース硬さは約800HVとなっている。
硬さや耐摩耗性を必要とする材料に低温焼戻しが適用される。
鋼種としては、炭素含有量が0.77%超える過共析鋼が主となっている。
工具鋼の例としては、二次硬化特性を持たない炭素工具鋼や冷間加工用の合金工具鋼などに適用される。
実際の製品としては、ナイフや包丁といった切削工具、ゲージやノギスといった計測器具、自動車車体のプレス金型、軸受などで適用される。
また、低温焼戻しは高周波焼入れ後や浸炭焼入れ後の標準的な焼戻しでもある。",低温焼戻しが適用された切削工具は包丁と何ですか?,ナイフ,Multiple sentence reasoning
118,42,焼戻し,"比較的低温域で焼戻しすることで、焼入れ後の硬さをあまり減少させず、残留応力の低減と性状の安定化を行うことができる。
このような焼戻し処理を低温焼戻しと呼ぶ。
焼戻し温度は目安として150-250°Cの範囲である。
低温焼戻しによって生じる鋼組織は、上記で説明した低炭素マルテンサイトで、ビッカース硬さは約800HVとなっている。
硬さや耐摩耗性を必要とする材料に低温焼戻しが適用される。
鋼種としては、炭素含有量が0.77%超える過共析鋼が主となっている。
工具鋼の例としては、二次硬化特性を持たない炭素工具鋼や冷間加工用の合金工具鋼などに適用される。
実際の製品としては、ナイフや包丁といった切削工具、ゲージやノギスといった計測器具、自動車車体のプレス金型、軸受などで適用される。
また、低温焼戻しは高周波焼入れ後や浸炭焼入れ後の標準的な焼戻しでもある。",低炭素マルテンサイトのビッカース硬さはどれくらいなの?,約800HV,Syntactic variation
119,43,焼戻し,"加熱装置には油浴が最適とされる。
100°Cに沸騰させたお湯に漬す焼戻しでも残留応力を25%程度減少でき、耐摩耗性向上の効果があるので、本来の低温焼戻し温度が不可能な場合などに推奨される。
高温焼戻しの場合は焼戻し脆性を避けるために水冷などを用いた急冷が推奨されるが、焼戻し脆性温度を避けている低温焼戻しの場合は空冷などのややゆっくりした冷却が推奨される。
これは、ひずみや割れを防ぐためである。",低温焼戻しにふさわしい加熱装置は何?,油浴,Lexical variation (synonymy)
120,43,焼戻し,"加熱装置には油浴が最適とされる。
100°Cに沸騰させたお湯に漬す焼戻しでも残留応力を25%程度減少でき、耐摩耗性向上の効果があるので、本来の低温焼戻し温度が不可能な場合などに推奨される。
高温焼戻しの場合は焼戻し脆性を避けるために水冷などを用いた急冷が推奨されるが、焼戻し脆性温度を避けている低温焼戻しの場合は空冷などのややゆっくりした冷却が推奨される。
これは、ひずみや割れを防ぐためである。",低温焼戻しにゆっくりした冷却が薦められるのはひずみや何を防止するためですか?,ひずみや割れを防ぐため,Multiple sentence reasoning
121,44,焼戻し,"低温焼戻しに対して比較的高温域で焼戻しすることで、靱性を高める焼戻しを高温焼戻しと呼ぶ。
焼戻し温度は目安として温度400-680°Cの範囲で行われる。
加熱装置には塩浴や燃焼炉、電気炉が用いられる。
前述で説明した通り、焼戻し温度によって得られる組織が異なる。
高温焼戻しと呼ばれる焼戻し温度域の中でも、400-500°Cから焼き戻すとトルースタイトと呼ばれる組織が得られる。
トルースタイトのビッカース硬さは約400HVで、硬さを残しつつ靱性もある程度高い組織が得られる。
ただし、トルースタイトは錆びやすいのが欠点の1つである。
実際の製品としては高級刃物やバネ類などに適用される。",高温焼戻しの目安温度は何°C?,400-680°C,Multiple sentence reasoning
122,44,焼戻し,"低温焼戻しに対して比較的高温域で焼戻しすることで、靱性を高める焼戻しを高温焼戻しと呼ぶ。
焼戻し温度は目安として温度400-680°Cの範囲で行われる。
加熱装置には塩浴や燃焼炉、電気炉が用いられる。
前述で説明した通り、焼戻し温度によって得られる組織が異なる。
高温焼戻しと呼ばれる焼戻し温度域の中でも、400-500°Cから焼き戻すとトルースタイトと呼ばれる組織が得られる。
トルースタイトのビッカース硬さは約400HVで、硬さを残しつつ靱性もある程度高い組織が得られる。
ただし、トルースタイトは錆びやすいのが欠点の1つである。
実際の製品としては高級刃物やバネ類などに適用される。",トルースタイトが得られる焼戻し温度は何°C?,400-500°C,Lexical variation (synonymy)
123,44,焼戻し,"低温焼戻しに対して比較的高温域で焼戻しすることで、靱性を高める焼戻しを高温焼戻しと呼ぶ。
焼戻し温度は目安として温度400-680°Cの範囲で行われる。
加熱装置には塩浴や燃焼炉、電気炉が用いられる。
前述で説明した通り、焼戻し温度によって得られる組織が異なる。
高温焼戻しと呼ばれる焼戻し温度域の中でも、400-500°Cから焼き戻すとトルースタイトと呼ばれる組織が得られる。
トルースタイトのビッカース硬さは約400HVで、硬さを残しつつ靱性もある程度高い組織が得られる。
ただし、トルースタイトは錆びやすいのが欠点の1つである。
実際の製品としては高級刃物やバネ類などに適用される。",トルースタイトの短所は何?,錆びやすい,Lexical variation (synonymy)
124,44,焼戻し,"低温焼戻しに対して比較的高温域で焼戻しすることで、靱性を高める焼戻しを高温焼戻しと呼ぶ。
焼戻し温度は目安として温度400-680°Cの範囲で行われる。
加熱装置には塩浴や燃焼炉、電気炉が用いられる。
前述で説明した通り、焼戻し温度によって得られる組織が異なる。
高温焼戻しと呼ばれる焼戻し温度域の中でも、400-500°Cから焼き戻すとトルースタイトと呼ばれる組織が得られる。
トルースタイトのビッカース硬さは約400HVで、硬さを残しつつ靱性もある程度高い組織が得られる。
ただし、トルースタイトは錆びやすいのが欠点の1つである。
実際の製品としては高級刃物やバネ類などに適用される。",トルースタイトのビッカース硬さはどれくらいあるのでしょうか?,約400HV,Syntactic variation
125,45,焼戻し,"500-650°Cから焼き戻すとソルバイトと呼ばれる組織が得られる。
ソルバイトのビッカース硬さは約280HVで、鋼の組織の中では最も靱性が高いのが特徴となっている。
適度の強さと高い靱性を得られることから機械構造用鋼に適しており、実際の製品としても、トルースタイトと同じくバネ類も含め、機械部品全般で広く採用される。
日本工業規格によれば、高温焼戻しでトルースタイトかソルバイト組織を得る焼入焼戻しを、特に調質と呼ぶ。
または、ソルバイト組織を得る焼入焼戻しに限って調質と呼ぶ場合もある。
高温焼戻しが適用される製品としては、上記で述べたもの以外では、軸、高強度ボルト、軽中荷重用歯車などがある。",ソルバイトが得られるのは何°Cから何°Cに焼戻した時ですか?,500-650°C,Syntactic variation
126,45,焼戻し,"500-650°Cから焼き戻すとソルバイトと呼ばれる組織が得られる。
ソルバイトのビッカース硬さは約280HVで、鋼の組織の中では最も靱性が高いのが特徴となっている。
適度の強さと高い靱性を得られることから機械構造用鋼に適しており、実際の製品としても、トルースタイトと同じくバネ類も含め、機械部品全般で広く採用される。
日本工業規格によれば、高温焼戻しでトルースタイトかソルバイト組織を得る焼入焼戻しを、特に調質と呼ぶ。
または、ソルバイト組織を得る焼入焼戻しに限って調質と呼ぶ場合もある。
高温焼戻しが適用される製品としては、上記で述べたもの以外では、軸、高強度ボルト、軽中荷重用歯車などがある。",適度な強さと高い靱性があり、機械構造用鋼に適している組織とは何?,ソルバイト,Multiple sentence reasoning
127,45,焼戻し,"500-650°Cから焼き戻すとソルバイトと呼ばれる組織が得られる。
ソルバイトのビッカース硬さは約280HVで、鋼の組織の中では最も靱性が高いのが特徴となっている。
適度の強さと高い靱性を得られることから機械構造用鋼に適しており、実際の製品としても、トルースタイトと同じくバネ類も含め、機械部品全般で広く採用される。
日本工業規格によれば、高温焼戻しでトルースタイトかソルバイト組織を得る焼入焼戻しを、特に調質と呼ぶ。
または、ソルバイト組織を得る焼入焼戻しに限って調質と呼ぶ場合もある。
高温焼戻しが適用される製品としては、上記で述べたもの以外では、軸、高強度ボルト、軽中荷重用歯車などがある。",ソルバイトを採用した実際の製品の中で、トルースタイトと共通している種類は何?,バネ類,Multiple sentence reasoning
128,46,焼戻し,"焼戻しでは基本的に焼戻し温度に比例して硬さが低下するが、炭素鋼や合金鋼の低合金鋼などの鋼種に対して、中合金鋼、高合金鋼などの鋼種では、焼戻し温度上昇に対する硬さの低下割合が低くなる。
このように、鋼中の合金元素によっては、同じ焼戻し温度でも焼戻し後硬さが異なる性質を焼戻し軟化抵抗や焼戻し軟化抵抗性と呼ぶ、クロム、モリブデン、タングステン、バナジウムなどの炭化物形成元素が添加されていると、焼戻し軟化抵抗を大きくするように働く。",焼戻し温度上昇に対する硬さの低下具合が低くないのは、低合金鋼と中合金鋼のどちらでしょうか?,低合金鋼,Lexical variation (world knowledge)
129,46,焼戻し,"焼戻しでは基本的に焼戻し温度に比例して硬さが低下するが、炭素鋼や合金鋼の低合金鋼などの鋼種に対して、中合金鋼、高合金鋼などの鋼種では、焼戻し温度上昇に対する硬さの低下割合が低くなる。
このように、鋼中の合金元素によっては、同じ焼戻し温度でも焼戻し後硬さが異なる性質を焼戻し軟化抵抗や焼戻し軟化抵抗性と呼ぶ、クロム、モリブデン、タングステン、バナジウムなどの炭化物形成元素が添加されていると、焼戻し軟化抵抗を大きくするように働く。",焼戻し軟化抵抗性とは、同じ焼戻し温度でも焼戻し後硬さがどうなる性質のことを言いますか?,異なる性質,Syntactic variation
130,46,焼戻し,"焼戻しでは基本的に焼戻し温度に比例して硬さが低下するが、炭素鋼や合金鋼の低合金鋼などの鋼種に対して、中合金鋼、高合金鋼などの鋼種では、焼戻し温度上昇に対する硬さの低下割合が低くなる。
このように、鋼中の合金元素によっては、同じ焼戻し温度でも焼戻し後硬さが異なる性質を焼戻し軟化抵抗や焼戻し軟化抵抗性と呼ぶ、クロム、モリブデン、タングステン、バナジウムなどの炭化物形成元素が添加されていると、焼戻し軟化抵抗を大きくするように働く。",焼戻し軟化抵抗が大きく働く元素とは、クロム、モリブデン、バナジウムの他に何がある?,タングステン,Syntactic variation
131,47,焼戻し,"焼戻しは加工品の靱性を向上させる処理だが、焼戻し温度によっては逆に脆化する場合がある。
これを焼戻し脆性と呼び、低温焼戻し脆性と高温焼戻し脆性がある。
焼戻し特有の欠陥で、焼戻し処理時には焼戻し脆性が発生する温度域には注意を要する。",焼戻しは基本的に加工品のどういった性質を高める処理ですか?,靱性,Lexical variation (synonymy)
132,47,焼戻し,"焼戻しは加工品の靱性を向上させる処理だが、焼戻し温度によっては逆に脆化する場合がある。
これを焼戻し脆性と呼び、低温焼戻し脆性と高温焼戻し脆性がある。
焼戻し特有の欠陥で、焼戻し処理時には焼戻し脆性が発生する温度域には注意を要する。",焼戻しする際の何が加工品に影響を与えて脆化させてしまうのですか?,温度,Lexical variation (synonymy)
133,47,焼戻し,"焼戻しは加工品の靱性を向上させる処理だが、焼戻し温度によっては逆に脆化する場合がある。
これを焼戻し脆性と呼び、低温焼戻し脆性と高温焼戻し脆性がある。
焼戻し特有の欠陥で、焼戻し処理時には焼戻し脆性が発生する温度域には注意を要する。",靱性の対義語は何ですか?,脆化,Lexical variation (world knowledge)
134,48,焼戻し,"250-350°Cからの焼戻しで発生する脆化を低温焼戻し脆性と呼ぶ。
低温焼戻し脆性は、焼戻しの冷却速度と鋼種を問わずに発生する。
一端高温で焼戻しすれば、この条件で焼戻ししても低温焼戻し脆性は発生しなくなるのが特徴である。
低温焼戻し脆性の原因は、リン、窒素などの不純物が旧オーステナイト結晶粒界に析出すること、300°C以上で析出する初期セメンタイトが薄板状のため粒界に析出すること、残留オーステナイトから炭化物が析出して不安定になり、荷重負荷時にマルテンサイト変態して脆くなること、などが挙げられる。
そのため、リン、窒素などの不純物を減らすことも脆化を軽減する対策の1つである。
防止策としては、この温度域からの焼戻しを避けることが第一で、珪素を添加も有効である。
珪素の働きでε炭化物を安定させて、セメンタイトの析出と成長を抑え、脆化発生領域を高温域に移動させることができる。",低温焼戻し脆性を軽減する対策として窒素と何を減らすことが挙げられますか?,リン,Multiple sentence reasoning
135,48,焼戻し,"250-350°Cからの焼戻しで発生する脆化を低温焼戻し脆性と呼ぶ。
低温焼戻し脆性は、焼戻しの冷却速度と鋼種を問わずに発生する。
一端高温で焼戻しすれば、この条件で焼戻ししても低温焼戻し脆性は発生しなくなるのが特徴である。
低温焼戻し脆性の原因は、リン、窒素などの不純物が旧オーステナイト結晶粒界に析出すること、300°C以上で析出する初期セメンタイトが薄板状のため粒界に析出すること、残留オーステナイトから炭化物が析出して不安定になり、荷重負荷時にマルテンサイト変態して脆くなること、などが挙げられる。
そのため、リン、窒素などの不純物を減らすことも脆化を軽減する対策の1つである。
防止策としては、この温度域からの焼戻しを避けることが第一で、珪素を添加も有効である。
珪素の働きでε炭化物を安定させて、セメンタイトの析出と成長を抑え、脆化発生領域を高温域に移動させることができる。",低温焼戻し脆性が発生する時の温度は何°Cですか?,250-350°C,Syntactic variation
136,49,焼戻し,"450-550°Cからの焼戻しで発生する脆化を高温焼戻し脆性と呼ぶ。
さらに、この温度域を避けて550-650°Cから焼戻ししても500°C付近を徐冷すると同様に高温焼戻し脆性が発生してしまう。
そのため、高温焼戻し脆性を避けて550-650°Cから焼戻しする時には急冷が推奨される。
脆化を避ける冷却速度は空冷以上が望ましいとされる。
高温焼戻し脆性の原因は、リン、アンチモンなどの不純物が旧オーステナイト結晶粒界に析出するためで、モリブデンの添加が析出を遅らせるのに有効である。
一方で、クロム、ニッケル、マンガンなどは析出を促進させるので、ニッケルクロム鋼、クロム鋼、ニッケルマンガン鋼、マンガン鋼などで発生しやすい。
低温焼戻し脆性と異なり可逆性を持つのが特徴で、適切な他の条件で焼戻ししても、その後にこの条件で焼戻しすると高温焼戻し脆性が発生する。
逆に、高温焼戻し脆化された加工品でも再度急冷で焼き戻し直せば使えるようになる。",高温焼戻し脆性が生じる時の焼戻し温度は何°Cなの?,450-550°C,Lexical variation (synonymy)
137,49,焼戻し,"450-550°Cからの焼戻しで発生する脆化を高温焼戻し脆性と呼ぶ。
さらに、この温度域を避けて550-650°Cから焼戻ししても500°C付近を徐冷すると同様に高温焼戻し脆性が発生してしまう。
そのため、高温焼戻し脆性を避けて550-650°Cから焼戻しする時には急冷が推奨される。
脆化を避ける冷却速度は空冷以上が望ましいとされる。
高温焼戻し脆性の原因は、リン、アンチモンなどの不純物が旧オーステナイト結晶粒界に析出するためで、モリブデンの添加が析出を遅らせるのに有効である。
一方で、クロム、ニッケル、マンガンなどは析出を促進させるので、ニッケルクロム鋼、クロム鋼、ニッケルマンガン鋼、マンガン鋼などで発生しやすい。
低温焼戻し脆性と異なり可逆性を持つのが特徴で、適切な他の条件で焼戻ししても、その後にこの条件で焼戻しすると高温焼戻し脆性が発生する。
逆に、高温焼戻し脆化された加工品でも再度急冷で焼き戻し直せば使えるようになる。",急冷が推奨される焼戻し温度は何°Cから何°Cの時ですか?,550-650°C,Syntactic variation
138,49,焼戻し,"450-550°Cからの焼戻しで発生する脆化を高温焼戻し脆性と呼ぶ。
さらに、この温度域を避けて550-650°Cから焼戻ししても500°C付近を徐冷すると同様に高温焼戻し脆性が発生してしまう。
そのため、高温焼戻し脆性を避けて550-650°Cから焼戻しする時には急冷が推奨される。
脆化を避ける冷却速度は空冷以上が望ましいとされる。
高温焼戻し脆性の原因は、リン、アンチモンなどの不純物が旧オーステナイト結晶粒界に析出するためで、モリブデンの添加が析出を遅らせるのに有効である。
一方で、クロム、ニッケル、マンガンなどは析出を促進させるので、ニッケルクロム鋼、クロム鋼、ニッケルマンガン鋼、マンガン鋼などで発生しやすい。
低温焼戻し脆性と異なり可逆性を持つのが特徴で、適切な他の条件で焼戻ししても、その後にこの条件で焼戻しすると高温焼戻し脆性が発生する。
逆に、高温焼戻し脆化された加工品でも再度急冷で焼き戻し直せば使えるようになる。",450-550°Cからの焼戻しで生じる脆化の事を何と言っていますか?,高温焼戻し脆性,Lexical variation (synonymy)
139,49,焼戻し,"450-550°Cからの焼戻しで発生する脆化を高温焼戻し脆性と呼ぶ。
さらに、この温度域を避けて550-650°Cから焼戻ししても500°C付近を徐冷すると同様に高温焼戻し脆性が発生してしまう。
そのため、高温焼戻し脆性を避けて550-650°Cから焼戻しする時には急冷が推奨される。
脆化を避ける冷却速度は空冷以上が望ましいとされる。
高温焼戻し脆性の原因は、リン、アンチモンなどの不純物が旧オーステナイト結晶粒界に析出するためで、モリブデンの添加が析出を遅らせるのに有効である。
一方で、クロム、ニッケル、マンガンなどは析出を促進させるので、ニッケルクロム鋼、クロム鋼、ニッケルマンガン鋼、マンガン鋼などで発生しやすい。
低温焼戻し脆性と異なり可逆性を持つのが特徴で、適切な他の条件で焼戻ししても、その後にこの条件で焼戻しすると高温焼戻し脆性が発生する。
逆に、高温焼戻し脆化された加工品でも再度急冷で焼き戻し直せば使えるようになる。",脆化を回避するために適した冷却速度は何以上とされていますか?,空冷以上,Lexical variation (synonymy)
140,50,今中慎二,"今中慎二は、大阪府門真市出身の元プロ野球選手・コーチ等の野球指導者、野球解説者だ。愛称は「チュー」または「イマチュー」である。

現役時代は中日ドラゴンズに所属し、最多勝利や沢村栄治賞を獲得するなど、1990年代のNPBを代表する左腕として活躍した。

今中慎二は大阪府門真市の古川橋駅周辺で生まれ、3歳年上の兄の影響で浜町小学校2年生の時に野球を始めた。本来は右利きだが、この時に近所の中年女性から左利き用のグラブをもらって使い始めたことがきっかけで、左投げになった。3年生になると兄と同じ軟式野球チームに入り、4年生からは投手になった。門真第一中学に進むと同年設立されたリトルシニアチームである門真シニアに入団し、1年目からエースとなっている。当時から球速があったが、チームの守備力が高くない事などから大会ではなかなか勝てず、野球を辞めようかとも考えたという。",「チュー」とは誰の愛称ですか。,今中慎二,Multiple sentence reasoning
141,50,今中慎二,"今中慎二は、大阪府門真市出身の元プロ野球選手・コーチ等の野球指導者、野球解説者だ。愛称は「チュー」または「イマチュー」である。

現役時代は中日ドラゴンズに所属し、最多勝利や沢村栄治賞を獲得するなど、1990年代のNPBを代表する左腕として活躍した。

今中慎二は大阪府門真市の古川橋駅周辺で生まれ、3歳年上の兄の影響で浜町小学校2年生の時に野球を始めた。本来は右利きだが、この時に近所の中年女性から左利き用のグラブをもらって使い始めたことがきっかけで、左投げになった。3年生になると兄と同じ軟式野球チームに入り、4年生からは投手になった。門真第一中学に進むと同年設立されたリトルシニアチームである門真シニアに入団し、1年目からエースとなっている。当時から球速があったが、チームの守備力が高くない事などから大会ではなかなか勝てず、野球を辞めようかとも考えたという。",今中慎二は現役時代、どこに所属していたか。,中日ドラゴンズ,Multiple sentence reasoning
142,50,今中慎二,"今中慎二は、大阪府門真市出身の元プロ野球選手・コーチ等の野球指導者、野球解説者だ。愛称は「チュー」または「イマチュー」である。

現役時代は中日ドラゴンズに所属し、最多勝利や沢村栄治賞を獲得するなど、1990年代のNPBを代表する左腕として活躍した。

今中慎二は大阪府門真市の古川橋駅周辺で生まれ、3歳年上の兄の影響で浜町小学校2年生の時に野球を始めた。本来は右利きだが、この時に近所の中年女性から左利き用のグラブをもらって使い始めたことがきっかけで、左投げになった。3年生になると兄と同じ軟式野球チームに入り、4年生からは投手になった。門真第一中学に進むと同年設立されたリトルシニアチームである門真シニアに入団し、1年目からエースとなっている。当時から球速があったが、チームの守備力が高くない事などから大会ではなかなか勝てず、野球を辞めようかとも考えたという。",今中慎二は誰の影響で野球を始めたか。,3歳年上の兄,Syntactic variation
143,50,今中慎二,"今中慎二は、大阪府門真市出身の元プロ野球選手・コーチ等の野球指導者、野球解説者だ。愛称は「チュー」または「イマチュー」である。

現役時代は中日ドラゴンズに所属し、最多勝利や沢村栄治賞を獲得するなど、1990年代のNPBを代表する左腕として活躍した。

今中慎二は大阪府門真市の古川橋駅周辺で生まれ、3歳年上の兄の影響で浜町小学校2年生の時に野球を始めた。本来は右利きだが、この時に近所の中年女性から左利き用のグラブをもらって使い始めたことがきっかけで、左投げになった。3年生になると兄と同じ軟式野球チームに入り、4年生からは投手になった。門真第一中学に進むと同年設立されたリトルシニアチームである門真シニアに入団し、1年目からエースとなっている。当時から球速があったが、チームの守備力が高くない事などから大会ではなかなか勝てず、野球を辞めようかとも考えたという。",今中慎二はいつから野球を始めたの?,浜町小学校2年生の時,Syntactic variation
144,51,今中慎二,"今中慎二は大阪産大高校大東校舎に進学後、入学当初は目立った存在ではなかったが、すぐに見違えるような速球を投げるようになり、同校を訪れた田丸仁からも高評価を受けたという。1年夏の大阪府大会からベンチ入りを果たし、秋の府大会では準々決勝の対PL学園戦に登板した。この試合は0対1で敗れたものの、立浪和義や野村弘を擁して翌年に春夏連覇を果たす強豪をよく抑え、NPBのスカウトらから注目を集めるようになった。2年の冬にはクモ膜下出血で母を亡くし、精神的に大きく落ち込んだが、3年時になると精神的に立ち直り、将来のプロ入りを明確に目指すようになった。

3年生に進級した1988年度より大東校舎は大阪桐蔭高校として独立する。3年夏の大阪府大会では15個の三振を奪いながら延長戦の末に初戦で敗退し、甲子園に出場することはなかった。漫然と大学への進学を予定していたが、145km/hの速球などによって全球団のスカウトが来校するほど高い注目を集めており、1988年度ドラフト会議で中日ドラゴンズから1位指名を受けた。担当スカウトは法元英明で、契約金と年俸それぞれ6000万円、480万円(いずれも推定)で入団契約を結んでいる。同期には、バッテリーを組んでいた桐山明佳(1988年に日本ハムファイターズにドラフト外で入団)がいる。",1988年、今中慎二は高校何年生になったの?,3年生,Multiple sentence reasoning
145,52,カタルーニャ州,"カタルーニャ州(カタルーニャしゅう、カタルーニャ語:Catalunya[kətəˈluɲə],スペイン語:Cataluña,アラン語:Catalonha)は、スペインの自治州。
州都はバルセロナ。
カタルーニャ州はスペイン北東部の地中海岸にあり、交通の要衝として古代から栄えた。
カタルーニャは独自の歴史・伝統・習慣・言語を持ち、カタルーニャ人としての民族意識を有している。
中世にはアラゴン連合王国として地中海の覇権を握ったが、スペイン王国成立後には衰退した。
1979年にはスペイン国家内で自治州の地位を得たが、2010年代にはカタルーニャ独立運動が盛んになり、2017年10月にはカタルーニャ共和国として独立宣言が行われるに至った。",カタルーニャ州の州都は?,バルセロナ,Multiple sentence reasoning
146,52,カタルーニャ州,"カタルーニャ州(カタルーニャしゅう、カタルーニャ語:Catalunya[kətəˈluɲə],スペイン語:Cataluña,アラン語:Catalonha)は、スペインの自治州。
州都はバルセロナ。
カタルーニャ州はスペイン北東部の地中海岸にあり、交通の要衝として古代から栄えた。
カタルーニャは独自の歴史・伝統・習慣・言語を持ち、カタルーニャ人としての民族意識を有している。
中世にはアラゴン連合王国として地中海の覇権を握ったが、スペイン王国成立後には衰退した。
1979年にはスペイン国家内で自治州の地位を得たが、2010年代にはカタルーニャ独立運動が盛んになり、2017年10月にはカタルーニャ共和国として独立宣言が行われるに至った。",カタルーニャ州は中世時代に何王国として地中海の覇権を握ったの?,アラゴン連合王国,Lexical variation (synonymy)
147,53,カタルーニャ州,"14世紀末のカタルーニャ地方の人口は約45万人と推定されており、18世紀初頭までほぼ変化がなかったとされているが、18世紀以後に大きく変化した。
1787年のカタルーニャの人口は87万人だったが、1857年には165万人となり、スペイン全土に占める比率も7.8%から10.7%に増加した。
19世紀前半にはまだ国内移民は多くなく、基本的には産業革命の進行による自然増によるものである。
1900年には196万人(スペイン比10.5%)だったが、アラゴン・バレンシア・ムルシア・アルメリアなどからの国内移民が増加した結果、1930年には279万人(同11.8%)まで増加した。
バルセロナではこの30年間に人口が倍増して100万都市となったが、その影響で都市環境の悪化に悩まされている。
スペイン内戦とその後の混乱で人口の伸びが停滞し、1950年の人口は324万人だったが、1960年代以降の経済成長で大量に国内移民を受け入れたことで、1975年には566万人にまで急増した。
1961年から1975年の間に、アンダルシア地方などからカタルーニャに95万人が流入している。
1970年にはカタルーニャの人口の38%が非カタルーニャ人であり、乱開発、インフラや公共サービスの不足、公害などの生活環境の悪化につながった。",1787年と1857年のカタルーニャの人口はどちらが多かったの?,1857年,Logical reasoning
148,53,カタルーニャ州,"14世紀末のカタルーニャ地方の人口は約45万人と推定されており、18世紀初頭までほぼ変化がなかったとされているが、18世紀以後に大きく変化した。
1787年のカタルーニャの人口は87万人だったが、1857年には165万人となり、スペイン全土に占める比率も7.8%から10.7%に増加した。
19世紀前半にはまだ国内移民は多くなく、基本的には産業革命の進行による自然増によるものである。
1900年には196万人(スペイン比10.5%)だったが、アラゴン・バレンシア・ムルシア・アルメリアなどからの国内移民が増加した結果、1930年には279万人(同11.8%)まで増加した。
バルセロナではこの30年間に人口が倍増して100万都市となったが、その影響で都市環境の悪化に悩まされている。
スペイン内戦とその後の混乱で人口の伸びが停滞し、1950年の人口は324万人だったが、1960年代以降の経済成長で大量に国内移民を受け入れたことで、1975年には566万人にまで急増した。
1961年から1975年の間に、アンダルシア地方などからカタルーニャに95万人が流入している。
1970年にはカタルーニャの人口の38%が非カタルーニャ人であり、乱開発、インフラや公共サービスの不足、公害などの生活環境の悪化につながった。",1900年と1930年のカタルーニャへ移動して来た国内移民はどちらが多かったですか?,1930年,Logical reasoning
149,53,カタルーニャ州,"14世紀末のカタルーニャ地方の人口は約45万人と推定されており、18世紀初頭までほぼ変化がなかったとされているが、18世紀以後に大きく変化した。
1787年のカタルーニャの人口は87万人だったが、1857年には165万人となり、スペイン全土に占める比率も7.8%から10.7%に増加した。
19世紀前半にはまだ国内移民は多くなく、基本的には産業革命の進行による自然増によるものである。
1900年には196万人(スペイン比10.5%)だったが、アラゴン・バレンシア・ムルシア・アルメリアなどからの国内移民が増加した結果、1930年には279万人(同11.8%)まで増加した。
バルセロナではこの30年間に人口が倍増して100万都市となったが、その影響で都市環境の悪化に悩まされている。
スペイン内戦とその後の混乱で人口の伸びが停滞し、1950年の人口は324万人だったが、1960年代以降の経済成長で大量に国内移民を受け入れたことで、1975年には566万人にまで急増した。
1961年から1975年の間に、アンダルシア地方などからカタルーニャに95万人が流入している。
1970年にはカタルーニャの人口の38%が非カタルーニャ人であり、乱開発、インフラや公共サービスの不足、公害などの生活環境の悪化につながった。",バルセロナの人口は1950年と1975年を比較するとどちらが少ないですか?,1950年,Logical reasoning
150,54,カタルーニャ州,"民主化後の1980年代にはカタルーニャ経済が低迷し、1981年には595万人、1991年には605万人と、人口の伸びは低調だった。
1990年代にはEU外からの移民が増加し、2003年の外国人居留者は約40万人(6%)に上っている。
2003年時点での国籍別ではモロッコ人(30%)、エクアドル人(6%)、ペルー人(4.6%)の順に多く、地域としてはラテンアメリカ諸国、北アフリカ、アジア諸国からの移民が多い。
2008年のカタルーニャ州の人口は7,354,411人であり、そのうちの移民の比率は12.3%であった。
面積2,268km2のバルセロナ都市圏には3,327,872人が暮らし、バルセロナの中心部から半径15km以内に約170万人が暮らしている。
カタルーニャの人口は沿岸部に偏っており、内陸部の人口は減少傾向にある。",1981年と1991年を比較してみて、カタルーニャの人口が少ないのはどちら?,1981年,Logical reasoning
151,54,カタルーニャ州,"民主化後の1980年代にはカタルーニャ経済が低迷し、1981年には595万人、1991年には605万人と、人口の伸びは低調だった。
1990年代にはEU外からの移民が増加し、2003年の外国人居留者は約40万人(6%)に上っている。
2003年時点での国籍別ではモロッコ人(30%)、エクアドル人(6%)、ペルー人(4.6%)の順に多く、地域としてはラテンアメリカ諸国、北アフリカ、アジア諸国からの移民が多い。
2008年のカタルーニャ州の人口は7,354,411人であり、そのうちの移民の比率は12.3%であった。
面積2,268km2のバルセロナ都市圏には3,327,872人が暮らし、バルセロナの中心部から半径15km以内に約170万人が暮らしている。
カタルーニャの人口は沿岸部に偏っており、内陸部の人口は減少傾向にある。",2003年時点での国籍別でモロッコ人、エクアドル人、ペルー人の中で2番目に割合が多いのは何人ですか?,エクアドル人,Logical reasoning
152,54,カタルーニャ州,"民主化後の1980年代にはカタルーニャ経済が低迷し、1981年には595万人、1991年には605万人と、人口の伸びは低調だった。
1990年代にはEU外からの移民が増加し、2003年の外国人居留者は約40万人(6%)に上っている。
2003年時点での国籍別ではモロッコ人(30%)、エクアドル人(6%)、ペルー人(4.6%)の順に多く、地域としてはラテンアメリカ諸国、北アフリカ、アジア諸国からの移民が多い。
2008年のカタルーニャ州の人口は7,354,411人であり、そのうちの移民の比率は12.3%であった。
面積2,268km2のバルセロナ都市圏には3,327,872人が暮らし、バルセロナの中心部から半径15km以内に約170万人が暮らしている。
カタルーニャの人口は沿岸部に偏っており、内陸部の人口は減少傾向にある。",2003年の外国人居留者は何人以上になりましたか?,約40万人,Lexical variation (synonymy)
153,55,カタルーニャ州,"カタルーニャの固有言語はカタルーニャ語であり、カタルーニャ語はスペイン語よりもフランス語やイタリア語に近い言語である。
バルセロナを含むカタルーニャ州東部では主にカタルーニャ語中部方言が、カタルーニャ州西部では主にカタルーニャ語北西部方言が話され、標準カタルーニャ語は中部方言に基づいている。
カタルーニャ州でカタルーニャ語を理解する住民は約95%、話したり書いたりできる住民は約75%であるが、カタルーニャ語を母語としている住民は約30%、「自分の言語」としている住民は50%弱である。
ピレネー山中にあるアラン谷ではオック語の一つでガスコーニュ語の方言であるアラン語が話されており、2010年にはスペイン語とカタルーニャ語に加えてアラン語もカタルーニャ州全体の公用語に規定された。",カタルーニャ語を母語としている住民の割合は?,約30%,Lexical variation (synonymy)
154,55,カタルーニャ州,"カタルーニャの固有言語はカタルーニャ語であり、カタルーニャ語はスペイン語よりもフランス語やイタリア語に近い言語である。
バルセロナを含むカタルーニャ州東部では主にカタルーニャ語中部方言が、カタルーニャ州西部では主にカタルーニャ語北西部方言が話され、標準カタルーニャ語は中部方言に基づいている。
カタルーニャ州でカタルーニャ語を理解する住民は約95%、話したり書いたりできる住民は約75%であるが、カタルーニャ語を母語としている住民は約30%、「自分の言語」としている住民は50%弱である。
ピレネー山中にあるアラン谷ではオック語の一つでガスコーニュ語の方言であるアラン語が話されており、2010年にはスペイン語とカタルーニャ語に加えてアラン語もカタルーニャ州全体の公用語に規定された。",スペイン語、フランス語、イタリア語の中でカタルーニャ語に近くない言語はどれ?,スペイン語,Lexical variation (world knowledge)
155,56,カタルーニャ州,"1930年代後半のスペイン内戦後に国家の中央集権化を推し進めたフランコ体制下(1939-1975)では、公的使用が禁じられて弾圧を受けた。
内戦以前のカタルーニャでは年間700冊以上の書籍・年間200冊以上の雑誌が出版されていたが、カタルーニャ語出版物は全面的に禁じられた。
自治体・道路・広場などの名称はスペイン語名に変更され、カタルーニャ語名を戸籍簿に登録することが禁じられた。
カタルーニャ主義に関与した教育関係者は一様に罷免され、カスティーリャ地方やエストレマドゥーラ地方からスペイン語教師が送り込まれている。
カタルーニャ文化の規制は1946年に緩和され、1962年には実質的に自由化されたが、公教育やマスメディアでカタルーニャ語の使用が始まるのはフランコ死去後のことである。",カタルーニャ語の公的使用が禁止された期間とは?,1939-1975,Lexical variation (synonymy)
156,56,カタルーニャ州,"1930年代後半のスペイン内戦後に国家の中央集権化を推し進めたフランコ体制下(1939-1975)では、公的使用が禁じられて弾圧を受けた。
内戦以前のカタルーニャでは年間700冊以上の書籍・年間200冊以上の雑誌が出版されていたが、カタルーニャ語出版物は全面的に禁じられた。
自治体・道路・広場などの名称はスペイン語名に変更され、カタルーニャ語名を戸籍簿に登録することが禁じられた。
カタルーニャ主義に関与した教育関係者は一様に罷免され、カスティーリャ地方やエストレマドゥーラ地方からスペイン語教師が送り込まれている。
カタルーニャ文化の規制は1946年に緩和され、1962年には実質的に自由化されたが、公教育やマスメディアでカタルーニャ語の使用が始まるのはフランコ死去後のことである。",カタルーニャ語の公的使用を禁止した人物とは?,フランコ,Lexical variation (synonymy)
157,57,カタルーニャ州,"民主化後に制定されたスペイン1978年憲法では各自治州が独自の公用語を用いることを認めており、カタルーニャ州はスペイン語に加えてカタルーニャ語も公用語とした。
1983年には言語正常化法を制定し、1998年には言語正常化法を発展させた言語政策法を制定した。
公立の初等・中等教育ではほぼすべてでカタルーニャ語が採用されており、カタルーニャ語は教育言語として定着している。
1998年にはエル・ペリオディコ・デ・カタルーニャ紙がスペイン語版に加えてカタルーニャ語版の発行も始め、2011年にはカタルーニャ地方最大の新聞であるラ・バングアルディア紙も追随した。
カタルーニャ公営鉄道、バルセロナ地下鉄、バスなどの公共交通ではカタルーニャ語が基本であり、レンフェ(スペイン国鉄)は両言語でアナウンスしている。
カタルーニャ州の言語政策は国家公用語であるスペイン語を軽視していると批判されることもある。
なお、1993年に独立国家となったアンドラ公国はカタルーニャ語を公用語としている。",エル・ペリオディコ・デ・カタルーニャ紙とラ・バングアルディア紙はどちらが先にカタルーニャ語版の発行を始めたの?,エル・ペリオディコ・デ・カタルーニャ紙,Logical reasoning
158,57,カタルーニャ州,"民主化後に制定されたスペイン1978年憲法では各自治州が独自の公用語を用いることを認めており、カタルーニャ州はスペイン語に加えてカタルーニャ語も公用語とした。
1983年には言語正常化法を制定し、1998年には言語正常化法を発展させた言語政策法を制定した。
公立の初等・中等教育ではほぼすべてでカタルーニャ語が採用されており、カタルーニャ語は教育言語として定着している。
1998年にはエル・ペリオディコ・デ・カタルーニャ紙がスペイン語版に加えてカタルーニャ語版の発行も始め、2011年にはカタルーニャ地方最大の新聞であるラ・バングアルディア紙も追随した。
カタルーニャ公営鉄道、バルセロナ地下鉄、バスなどの公共交通ではカタルーニャ語が基本であり、レンフェ(スペイン国鉄)は両言語でアナウンスしている。
カタルーニャ州の言語政策は国家公用語であるスペイン語を軽視していると批判されることもある。
なお、1993年に独立国家となったアンドラ公国はカタルーニャ語を公用語としている。",アンドラ公国の公用語は何?,カタルーニャ語,Syntactic variation
159,57,カタルーニャ州,"民主化後に制定されたスペイン1978年憲法では各自治州が独自の公用語を用いることを認めており、カタルーニャ州はスペイン語に加えてカタルーニャ語も公用語とした。
1983年には言語正常化法を制定し、1998年には言語正常化法を発展させた言語政策法を制定した。
公立の初等・中等教育ではほぼすべてでカタルーニャ語が採用されており、カタルーニャ語は教育言語として定着している。
1998年にはエル・ペリオディコ・デ・カタルーニャ紙がスペイン語版に加えてカタルーニャ語版の発行も始め、2011年にはカタルーニャ地方最大の新聞であるラ・バングアルディア紙も追随した。
カタルーニャ公営鉄道、バルセロナ地下鉄、バスなどの公共交通ではカタルーニャ語が基本であり、レンフェ(スペイン国鉄)は両言語でアナウンスしている。
カタルーニャ州の言語政策は国家公用語であるスペイン語を軽視していると批判されることもある。
なお、1993年に独立国家となったアンドラ公国はカタルーニャ語を公用語としている。",カタルーニャ州でカタルーニャ語が公用語として追加されたのは何年?,1978年,Lexical variation (synonymy)
160,58,カタルーニャ州,"人間の塔(カステイス)はカタルーニャの象徴の一つとされる組体操であり、結束・団結・努力などカタルーニャ人の民俗的特質を表しているとされる。
大きなものでは約150人が参加し、3階建てのビルに相当する約10mの塔を組む。
人間の塔は18世紀末にタラゴナ地方のバイスで生まれたとされており、20世紀前半には消滅しかけたものの、1960年代以降にカタルーニャ文化が見直されるようになるとカタルーニャ地方全土に広がった。
1990年代にブームが起こり、2010年時点では56のチーム、8,000人が活動しているとされる。
2010年には「人間の塔」が、「ベルガのパトゥム」に次いでカタルーニャ地方で2番目の無形文化遺産となった。",カタルーニャ地方における最初の無形文化遺産とは何?,「ベルガのパトゥム」,Lexical variation (world knowledge)
161,58,カタルーニャ州,"人間の塔(カステイス)はカタルーニャの象徴の一つとされる組体操であり、結束・団結・努力などカタルーニャ人の民俗的特質を表しているとされる。
大きなものでは約150人が参加し、3階建てのビルに相当する約10mの塔を組む。
人間の塔は18世紀末にタラゴナ地方のバイスで生まれたとされており、20世紀前半には消滅しかけたものの、1960年代以降にカタルーニャ文化が見直されるようになるとカタルーニャ地方全土に広がった。
1990年代にブームが起こり、2010年時点では56のチーム、8,000人が活動しているとされる。
2010年には「人間の塔」が、「ベルガのパトゥム」に次いでカタルーニャ地方で2番目の無形文化遺産となった。",カステイス発祥の地とはどこ?,バイス,Lexical variation (synonymy)
162,59,カタルーニャ州,"カタルーニャ人のアイデンティティを表す舞踊としてサルダーナがある。
男女が交互になって手を高く上げて繋ぎ、輪を描くようにして踊る。
サルダーナはリズムの取り方やステップの踏み方が独特である。
サルダーナは激しく情熱的なフラメンコとは対比的であり、闘牛(スペインの象徴)と人間の塔(カタルーニャの象徴)の関係に似ているとされる。
フランコ体制下ではサルダーナは禁じられており、20世紀初頭や1970年代末の民主化以後にカタルーニャ精神の象徴であるとする意味合いが込められた。",カタルーニャ人のアイデンティティを表す舞踊とは何?,サルダーナ,Syntactic variation
163,59,カタルーニャ州,"カタルーニャ人のアイデンティティを表す舞踊としてサルダーナがある。
男女が交互になって手を高く上げて繋ぎ、輪を描くようにして踊る。
サルダーナはリズムの取り方やステップの踏み方が独特である。
サルダーナは激しく情熱的なフラメンコとは対比的であり、闘牛(スペインの象徴)と人間の塔(カタルーニャの象徴)の関係に似ているとされる。
フランコ体制下ではサルダーナは禁じられており、20世紀初頭や1970年代末の民主化以後にカタルーニャ精神の象徴であるとする意味合いが込められた。",サルダーナが禁止されていたのは誰の体制下の時でしたか?,フランコ,Lexical variation (synonymy)
164,60,カタルーニャ州,"スペイン北部の祭礼には巨人人形が登場することがあり、約3-4mの人形の中に人間が入ってパレードに参加する。
バルセロナのマルセーの祭礼では、巨人人形に加えて、ドラゴンやタラスク(亀と蛇が合体した怪物)などの人形もそろって行進し、夜間にはドラゴンやタラスクが爆竹を鳴らし火を噴きながら歩くコラフォックが行われる。
ベルガでは聖体祭にパトゥムという祭礼が行われ、巨人人形やドラゴンに似た怪物や巨人人形がパレードや寸劇を繰り広げる。
2005年にはカタルーニャ地方で初めて「ベルガのパトゥム」がユネスコの無形文化遺産に登録された。",「ベルガのパトゥム」に登場する人形とはどんなもの?,巨人人形,Multiple sentence reasoning
165,60,カタルーニャ州,"スペイン北部の祭礼には巨人人形が登場することがあり、約3-4mの人形の中に人間が入ってパレードに参加する。
バルセロナのマルセーの祭礼では、巨人人形に加えて、ドラゴンやタラスク(亀と蛇が合体した怪物)などの人形もそろって行進し、夜間にはドラゴンやタラスクが爆竹を鳴らし火を噴きながら歩くコラフォックが行われる。
ベルガでは聖体祭にパトゥムという祭礼が行われ、巨人人形やドラゴンに似た怪物や巨人人形がパレードや寸劇を繰り広げる。
2005年にはカタルーニャ地方で初めて「ベルガのパトゥム」がユネスコの無形文化遺産に登録された。",巨人人形の高さはどれくらいあるの?,約3-4m,Lexical variation (world knowledge)
166,61,カタルーニャ州,"スペインではクリスマスにキリストの降誕の場面を模したベレン(Belén)と呼ばれる立体模型を製作することが多いが、カタルーニャ地方ではこの生誕飾りがパセブラと呼ばれる。
パセブラには必ずカガネル(排便人形)が飾られ、翌年の豊穣などを祈願する。
この時期になると子どもはカガ・ティオー(糞しろ、丸太)と呼ばれる人形を作り、クリスマスに「糞しろ、丸太、糞しろ丸太」と歌いながら人形を棒で叩くと、菓子やおもちゃが貰える。
春季には聖週間や復活祭が行われ、白いシュロ飾りやチョコレート菓子などが登場する。
聖木曜の沈黙の行列を行う都市もあり、キリストの受難劇を含む行列を行う村もある。
4月23日にはカタルーニャの守護聖人であるサン・ジョルディの祭礼が行われ、人々はバラの花や本を贈りあう。
夏至の時期である6月23日にはサン・ジュアンの祭礼が行われ、この日には爆竹を鳴らすのが一般的な風習となっている。
カタルーニャの象徴であるカニゴー山でたき火を行い、その火をカタルーニャの全自治体の祭礼会場に届けることでカタルーニャ地方の一体感を再確認する日でもある。
9月24日はバルセロナの守護聖人であるマルセー(慈悲の聖母)の日であり、この日を中心とする一週間にはコンサート、マラソン、航空ショー、花火など様々なイベントが開催される。
11月1日の諸聖人の日と11月2日の死者の日が祝われ、焼き栗などが食べられる。",サン・ジョルディの祭礼で贈る植物とは?,バラ,Lexical variation (world knowledge)
167,61,カタルーニャ州,"スペインではクリスマスにキリストの降誕の場面を模したベレン(Belén)と呼ばれる立体模型を製作することが多いが、カタルーニャ地方ではこの生誕飾りがパセブラと呼ばれる。
パセブラには必ずカガネル(排便人形)が飾られ、翌年の豊穣などを祈願する。
この時期になると子どもはカガ・ティオー(糞しろ、丸太)と呼ばれる人形を作り、クリスマスに「糞しろ、丸太、糞しろ丸太」と歌いながら人形を棒で叩くと、菓子やおもちゃが貰える。
春季には聖週間や復活祭が行われ、白いシュロ飾りやチョコレート菓子などが登場する。
聖木曜の沈黙の行列を行う都市もあり、キリストの受難劇を含む行列を行う村もある。
4月23日にはカタルーニャの守護聖人であるサン・ジョルディの祭礼が行われ、人々はバラの花や本を贈りあう。
夏至の時期である6月23日にはサン・ジュアンの祭礼が行われ、この日には爆竹を鳴らすのが一般的な風習となっている。
カタルーニャの象徴であるカニゴー山でたき火を行い、その火をカタルーニャの全自治体の祭礼会場に届けることでカタルーニャ地方の一体感を再確認する日でもある。
9月24日はバルセロナの守護聖人であるマルセー(慈悲の聖母)の日であり、この日を中心とする一週間にはコンサート、マラソン、航空ショー、花火など様々なイベントが開催される。
11月1日の諸聖人の日と11月2日の死者の日が祝われ、焼き栗などが食べられる。",サン・ジョルディの祭礼で贈られる物品とは?,本,Lexical variation (world knowledge)
168,61,カタルーニャ州,"スペインではクリスマスにキリストの降誕の場面を模したベレン(Belén)と呼ばれる立体模型を製作することが多いが、カタルーニャ地方ではこの生誕飾りがパセブラと呼ばれる。
パセブラには必ずカガネル(排便人形)が飾られ、翌年の豊穣などを祈願する。
この時期になると子どもはカガ・ティオー(糞しろ、丸太)と呼ばれる人形を作り、クリスマスに「糞しろ、丸太、糞しろ丸太」と歌いながら人形を棒で叩くと、菓子やおもちゃが貰える。
春季には聖週間や復活祭が行われ、白いシュロ飾りやチョコレート菓子などが登場する。
聖木曜の沈黙の行列を行う都市もあり、キリストの受難劇を含む行列を行う村もある。
4月23日にはカタルーニャの守護聖人であるサン・ジョルディの祭礼が行われ、人々はバラの花や本を贈りあう。
夏至の時期である6月23日にはサン・ジュアンの祭礼が行われ、この日には爆竹を鳴らすのが一般的な風習となっている。
カタルーニャの象徴であるカニゴー山でたき火を行い、その火をカタルーニャの全自治体の祭礼会場に届けることでカタルーニャ地方の一体感を再確認する日でもある。
9月24日はバルセロナの守護聖人であるマルセー(慈悲の聖母)の日であり、この日を中心とする一週間にはコンサート、マラソン、航空ショー、花火など様々なイベントが開催される。
11月1日の諸聖人の日と11月2日の死者の日が祝われ、焼き栗などが食べられる。",翌年の豊穣などを祈願する人形の名前は?,カガネル,Syntactic variation
169,62,カタルーニャ州,"カタルーニャ州は自治州旗(サニェーラ)、国祭日(ディアーダ)、自治州歌(『収穫人たち』)を有している。
金色地に4本の赤線を引いたサニェーラが生まれたのは9世紀末であるとする伝承があり、1150年にはこのデザインがバルセロナ伯ラモン・バランゲー4世の紋章となった。
やがてアラゴン=カタルーニャ連合王国の王家の象徴となり、1979年のカタルーニャ自治憲章でサニェーラがカタルーニャ自治州旗とされた。
アラゴン州旗にも類似の図柄が採用されており、フランスのプロヴァンス地方の紋章も起源を同じくしている。",カタルーニャ州の自治州旗とは何?,サニェーラ,Syntactic variation
170,62,カタルーニャ州,"カタルーニャ州は自治州旗(サニェーラ)、国祭日(ディアーダ)、自治州歌(『収穫人たち』)を有している。
金色地に4本の赤線を引いたサニェーラが生まれたのは9世紀末であるとする伝承があり、1150年にはこのデザインがバルセロナ伯ラモン・バランゲー4世の紋章となった。
やがてアラゴン=カタルーニャ連合王国の王家の象徴となり、1979年のカタルーニャ自治憲章でサニェーラがカタルーニャ自治州旗とされた。
アラゴン州旗にも類似の図柄が採用されており、フランスのプロヴァンス地方の紋章も起源を同じくしている。",アラゴン州旗に採用されている図柄と同じ自治州旗は何ですか?,サニェーラ,Multiple sentence reasoning
171,62,カタルーニャ州,"カタルーニャ州は自治州旗(サニェーラ)、国祭日(ディアーダ)、自治州歌(『収穫人たち』)を有している。
金色地に4本の赤線を引いたサニェーラが生まれたのは9世紀末であるとする伝承があり、1150年にはこのデザインがバルセロナ伯ラモン・バランゲー4世の紋章となった。
やがてアラゴン=カタルーニャ連合王国の王家の象徴となり、1979年のカタルーニャ自治憲章でサニェーラがカタルーニャ自治州旗とされた。
アラゴン州旗にも類似の図柄が採用されており、フランスのプロヴァンス地方の紋章も起源を同じくしている。",サニェーラが生まれたのはいつだと伝えられているの?,9世紀末,Lexical variation (synonymy)
172,63,カタルーニャ州,"毎年9月11日はカタルーニャ国民の日(ディアーダ)と呼ばれる祝祭日であり、18世紀初頭のスペイン継承戦争でバルセロナが陥落した日(1714年9月11日)を由来としている。
この戦争後にはブルボン朝によってカタルーニャ語の公的使用が初めて禁じられ、カタルーニャ文化は衰退の時代を迎えた。
カタルーニャ地方の自由と固有制度の喪失を想起させる日を記念日とすることで、自らのアイデンティティの保持を表明している。
1886年に初めてカタルーニャ国民の日が記念され、フランコ体制下でこの記念日は抑圧されたが、1980年にはカタルーニャ州政府によって復活した。
カタルーニャ地方各地でスペイン継承戦争の英雄を追悼する行事が行われ、多くの市民がサニェーラなどを揺らす。
2012年には約150万人が参加する大規模な独立デモが組織され、このデモによってカタルーニャ独立の機運が高まったとされる。
独立支持派により星付きの旗(アスタラーダ)が使用されることが多い。
様々な行事で「傲慢な人びとよ、立ち去れ!」と歌われる『収穫人たち』は、1993年のカタルーニャ州議会の決議によって自治州歌とされた。
この歌は農民を中心とする民衆が権力者に対抗した収穫人戦争(1640年-1650年)に由来する。",スペイン継承戦争でバルセロナが陥落した日を由来したカタルーニャの祝祭日の通称とは?,ディアーダ,Lexical variation (world knowledge)
173,63,カタルーニャ州,"毎年9月11日はカタルーニャ国民の日(ディアーダ)と呼ばれる祝祭日であり、18世紀初頭のスペイン継承戦争でバルセロナが陥落した日(1714年9月11日)を由来としている。
この戦争後にはブルボン朝によってカタルーニャ語の公的使用が初めて禁じられ、カタルーニャ文化は衰退の時代を迎えた。
カタルーニャ地方の自由と固有制度の喪失を想起させる日を記念日とすることで、自らのアイデンティティの保持を表明している。
1886年に初めてカタルーニャ国民の日が記念され、フランコ体制下でこの記念日は抑圧されたが、1980年にはカタルーニャ州政府によって復活した。
カタルーニャ地方各地でスペイン継承戦争の英雄を追悼する行事が行われ、多くの市民がサニェーラなどを揺らす。
2012年には約150万人が参加する大規模な独立デモが組織され、このデモによってカタルーニャ独立の機運が高まったとされる。
独立支持派により星付きの旗(アスタラーダ)が使用されることが多い。
様々な行事で「傲慢な人びとよ、立ち去れ!」と歌われる『収穫人たち』は、1993年のカタルーニャ州議会の決議によって自治州歌とされた。
この歌は農民を中心とする民衆が権力者に対抗した収穫人戦争(1640年-1650年)に由来する。",カタルーニャの自治州歌のタイトルは?,『収穫人たち』,Lexical variation (world knowledge)
174,63,カタルーニャ州,"毎年9月11日はカタルーニャ国民の日(ディアーダ)と呼ばれる祝祭日であり、18世紀初頭のスペイン継承戦争でバルセロナが陥落した日(1714年9月11日)を由来としている。
この戦争後にはブルボン朝によってカタルーニャ語の公的使用が初めて禁じられ、カタルーニャ文化は衰退の時代を迎えた。
カタルーニャ地方の自由と固有制度の喪失を想起させる日を記念日とすることで、自らのアイデンティティの保持を表明している。
1886年に初めてカタルーニャ国民の日が記念され、フランコ体制下でこの記念日は抑圧されたが、1980年にはカタルーニャ州政府によって復活した。
カタルーニャ地方各地でスペイン継承戦争の英雄を追悼する行事が行われ、多くの市民がサニェーラなどを揺らす。
2012年には約150万人が参加する大規模な独立デモが組織され、このデモによってカタルーニャ独立の機運が高まったとされる。
独立支持派により星付きの旗(アスタラーダ)が使用されることが多い。
様々な行事で「傲慢な人びとよ、立ち去れ!」と歌われる『収穫人たち』は、1993年のカタルーニャ州議会の決議によって自治州歌とされた。
この歌は農民を中心とする民衆が権力者に対抗した収穫人戦争(1640年-1650年)に由来する。",『収穫人たち』の由来となる争いとは?,収穫人戦争,Multiple sentence reasoning
175,64,カタルーニャ州,"19世紀後半に生まれたエンリケ・グラナドスとイサーク・アルベニスは、スペインの国民学派を代表する音楽家である。
グラナドスは演奏活動の傍らで音楽教育者としても成功したが、第一次世界大戦中にイギリス船でアメリカ合衆国に向かう途中、ドイツの潜水艦の攻撃を受けて亡くなった。
アルベニスは『スペイン組曲』や『イベリア組曲』などのピアノ曲を書き、音楽家や画家などに多くの友人がいた。
フェデリコ・モンポウは「クロード・ドビュッシーの後継者」と呼ばれ、カタルーニャ民謡を用いた曲集やカタルーニャ語の歌曲などを残した。
パウ・カザルスは世界最高のチェリストと呼ばれる。
カザルスはスペイン内戦勃発後に亡命し、フランス領カタルーニャのプラードで長らく暮らした。
プラードではカザルスが中心となったプラード音楽祭が開催されるようになり、『パセブラ』を作曲したのもこの地である。
1971年の国連総会ではカタルーニャ民謡『鳥の歌』を演奏し、自身を「カタルーニャ人」であると述べている。
現在、世界のクラシック音楽界で最も高い評価を受けているピアニストの一人であるマリア・マルタ・アルゲリッチは祖先は18世紀にカタルーニャ地方からアルゼンチンへ移住していて、アルゲリッチはカタルーニャ発祥の姓である。
また古楽演奏の分野ではジョルディ・サバールが名高い。",エンリケ・グラナドスが亡くなった時、何の戦争が行われていたの?,第一次世界大戦,Multiple sentence reasoning
176,64,カタルーニャ州,"19世紀後半に生まれたエンリケ・グラナドスとイサーク・アルベニスは、スペインの国民学派を代表する音楽家である。
グラナドスは演奏活動の傍らで音楽教育者としても成功したが、第一次世界大戦中にイギリス船でアメリカ合衆国に向かう途中、ドイツの潜水艦の攻撃を受けて亡くなった。
アルベニスは『スペイン組曲』や『イベリア組曲』などのピアノ曲を書き、音楽家や画家などに多くの友人がいた。
フェデリコ・モンポウは「クロード・ドビュッシーの後継者」と呼ばれ、カタルーニャ民謡を用いた曲集やカタルーニャ語の歌曲などを残した。
パウ・カザルスは世界最高のチェリストと呼ばれる。
カザルスはスペイン内戦勃発後に亡命し、フランス領カタルーニャのプラードで長らく暮らした。
プラードではカザルスが中心となったプラード音楽祭が開催されるようになり、『パセブラ』を作曲したのもこの地である。
1971年の国連総会ではカタルーニャ民謡『鳥の歌』を演奏し、自身を「カタルーニャ人」であると述べている。
現在、世界のクラシック音楽界で最も高い評価を受けているピアニストの一人であるマリア・マルタ・アルゲリッチは祖先は18世紀にカタルーニャ地方からアルゼンチンへ移住していて、アルゲリッチはカタルーニャ発祥の姓である。
また古楽演奏の分野ではジョルディ・サバールが名高い。",世界最高のチェロの演奏者は誰?,パウ・カザルス,Lexical variation (synonymy)
177,64,カタルーニャ州,"19世紀後半に生まれたエンリケ・グラナドスとイサーク・アルベニスは、スペインの国民学派を代表する音楽家である。
グラナドスは演奏活動の傍らで音楽教育者としても成功したが、第一次世界大戦中にイギリス船でアメリカ合衆国に向かう途中、ドイツの潜水艦の攻撃を受けて亡くなった。
アルベニスは『スペイン組曲』や『イベリア組曲』などのピアノ曲を書き、音楽家や画家などに多くの友人がいた。
フェデリコ・モンポウは「クロード・ドビュッシーの後継者」と呼ばれ、カタルーニャ民謡を用いた曲集やカタルーニャ語の歌曲などを残した。
パウ・カザルスは世界最高のチェリストと呼ばれる。
カザルスはスペイン内戦勃発後に亡命し、フランス領カタルーニャのプラードで長らく暮らした。
プラードではカザルスが中心となったプラード音楽祭が開催されるようになり、『パセブラ』を作曲したのもこの地である。
1971年の国連総会ではカタルーニャ民謡『鳥の歌』を演奏し、自身を「カタルーニャ人」であると述べている。
現在、世界のクラシック音楽界で最も高い評価を受けているピアニストの一人であるマリア・マルタ・アルゲリッチは祖先は18世紀にカタルーニャ地方からアルゼンチンへ移住していて、アルゲリッチはカタルーニャ発祥の姓である。
また古楽演奏の分野ではジョルディ・サバールが名高い。",『パセブラ』が作曲された地とはどこ?,プラード,Syntactic variation
178,65,カタルーニャ州,"世界的なオペラ歌手のモンセラート・カバリェとホセ・カレーラスはカタルーニャ地方出身である。
カバリェは1965年にアメリカ合衆国で知名度を得て、その後世界的なスター歌手となった。
カレーラスはカバリェに見出され、1987年に発病した白血病を乗り越えて活躍している。
著名なオペラ歌手を輩出している背景には、19世紀前半に設立されたリセウ音楽院とリセウ大劇場の存在がある。",モンセラート・カバリェとホセ・カレーラスの出身地はどこ?,カタルーニャ地方,Lexical variation (synonymy)
179,66,カタルーニャ州,"カタルーニャ地方にアラブの遺跡はほとんど存在しない。
11世紀以後にはカタルーニャのキリスト教美術が目覚ましく変化し、カタルーニャ地方のフレスコ画の数と質は西ヨーロッパで際立っているとされる。
ロマネスク様式の修道院・教会・大聖堂が数多く建設され、バルセロナ美術館にはいくつものロマネスク絵画の傑作が収蔵されている。
ゴシック時代にはカタルーニャ様式と呼ばれる簡素さを好む様式が生まれ、アラゴン=カタルーニャ連合王国の領土であったサルデーニャやナポリなどでもこの様式の特徴がみられる。
政治的背景が理由で1500年頃のルネサンス期のカタルーニャ美術は低調だった。
17世紀末にはカタルーニャにバロック美術の波が到来し、特に建築の分野で数多くの作品が残っている。
1750年以降にはネオ・クラシック美術の影響が強く、19世紀には建築がロマン主義に移行した。",フレスコ画の数と質が西ヨーロッパで抜きん出ている地域はどこ?,カタルーニャ地方,Lexical variation (synonymy)
180,66,カタルーニャ州,"カタルーニャ地方にアラブの遺跡はほとんど存在しない。
11世紀以後にはカタルーニャのキリスト教美術が目覚ましく変化し、カタルーニャ地方のフレスコ画の数と質は西ヨーロッパで際立っているとされる。
ロマネスク様式の修道院・教会・大聖堂が数多く建設され、バルセロナ美術館にはいくつものロマネスク絵画の傑作が収蔵されている。
ゴシック時代にはカタルーニャ様式と呼ばれる簡素さを好む様式が生まれ、アラゴン=カタルーニャ連合王国の領土であったサルデーニャやナポリなどでもこの様式の特徴がみられる。
政治的背景が理由で1500年頃のルネサンス期のカタルーニャ美術は低調だった。
17世紀末にはカタルーニャにバロック美術の波が到来し、特に建築の分野で数多くの作品が残っている。
1750年以降にはネオ・クラシック美術の影響が強く、19世紀には建築がロマン主義に移行した。",ゴシック時代に生まれたシンプルさを好む様式とは何?,カタルーニャ様式,Lexical variation (synonymy)
181,67,カタルーニャ州,"19世紀後半には大都市の再開発が行われ、19世紀末には特に建築の分野でムダルニズマが花開いた。
アントニ・ガウディはサグラダ・ファミリア教会に心骨を注ぎ、リュイス・ドゥメナク・イ・ムンタネーやジュゼップ・プッチ・イ・カダファルクも活躍した。
画家ではサンティアゴ・ルシニョールやラモン・カザスが登場し、彼らが開いたカフェ『四匹の猫』ではパブロ・ピカソの初個展が開催された。
スペイン内戦が勃発すると多くの芸術家が亡命してパリや南仏に逃れたが、第二次世界大戦後にはカタルーニャで芸術活動が再開された。
1960年代から1970年代には、ジョアン・ミロとサルバドール・ダリという2人のカタルーニャ人芸術家が名声を高めた。
1948年にはムデスト・クシャ、ジュアン=ジュゼップ・タラッツ、アントニ・タピエスが美術団体「ダウ・アル・セット」(サイコロにおける7の目)を結成し、後には3人ともに国内外で評価を高めた。
タピエスは現代のカタルーニャ美術界の代表的存在であり、様々な素材を用いて精神性や美を追求した。
1960年代以降にはカタルーニャの建築界が高い評価を受けており、世界的にウリオル・ブイーガス、リカルド・ボフィルらの名が知られている。",サグラダ・ファミリア教会建築の中心的人物は誰だったの?,アントニ・ガウディ,Lexical variation (synonymy)
182,67,カタルーニャ州,"19世紀後半には大都市の再開発が行われ、19世紀末には特に建築の分野でムダルニズマが花開いた。
アントニ・ガウディはサグラダ・ファミリア教会に心骨を注ぎ、リュイス・ドゥメナク・イ・ムンタネーやジュゼップ・プッチ・イ・カダファルクも活躍した。
画家ではサンティアゴ・ルシニョールやラモン・カザスが登場し、彼らが開いたカフェ『四匹の猫』ではパブロ・ピカソの初個展が開催された。
スペイン内戦が勃発すると多くの芸術家が亡命してパリや南仏に逃れたが、第二次世界大戦後にはカタルーニャで芸術活動が再開された。
1960年代から1970年代には、ジョアン・ミロとサルバドール・ダリという2人のカタルーニャ人芸術家が名声を高めた。
1948年にはムデスト・クシャ、ジュアン=ジュゼップ・タラッツ、アントニ・タピエスが美術団体「ダウ・アル・セット」(サイコロにおける7の目)を結成し、後には3人ともに国内外で評価を高めた。
タピエスは現代のカタルーニャ美術界の代表的存在であり、様々な素材を用いて精神性や美を追求した。
1960年代以降にはカタルーニャの建築界が高い評価を受けており、世界的にウリオル・ブイーガス、リカルド・ボフィルらの名が知られている。",『四匹の猫』を開いたのはラモン・カザスと誰ですか?,サンティアゴ・ルシニョール,Syntactic variation
183,68,カタルーニャ州,"12世紀のカタルーニャ詩人はカタルーニャ語ではなく主にオック語で詩作を行っていた。
13世紀に活動したラモン・リュイは「カタルーニャ語の父」と呼ばれており、その内容の豊かさや言語的創造性の高さから普遍的な価値が認められている。
14世紀のカタルーニャ地方では散文が優勢となり、フランセスク・アシメニスやビセン・ファレーなどが登場した。
15世紀は「カタルーニャ文学の黄金時代」とされ。
詩人のアウジアス・マルクや騎士道小説『ティラン・ロ・ブラン』を書いたジュアノット・マルトゥレイなどがバレンシアで活躍した。
1479年にスペイン王国が成立した影響で、民衆以外の宮廷や知識人の間ではスペイン語化が進んだ。
カタルーニャ地方が政治的・経済的に低迷した16世紀以後にはカタルーニャ文学も停滞し、16世紀から18世紀は「カタルーニャ文学の衰退期」と呼ばれている。",「カタルーニャ語の父」と呼ばれた人は?,ラモン・リュイ,Syntactic variation
184,68,カタルーニャ州,"12世紀のカタルーニャ詩人はカタルーニャ語ではなく主にオック語で詩作を行っていた。
13世紀に活動したラモン・リュイは「カタルーニャ語の父」と呼ばれており、その内容の豊かさや言語的創造性の高さから普遍的な価値が認められている。
14世紀のカタルーニャ地方では散文が優勢となり、フランセスク・アシメニスやビセン・ファレーなどが登場した。
15世紀は「カタルーニャ文学の黄金時代」とされ。
詩人のアウジアス・マルクや騎士道小説『ティラン・ロ・ブラン』を書いたジュアノット・マルトゥレイなどがバレンシアで活躍した。
1479年にスペイン王国が成立した影響で、民衆以外の宮廷や知識人の間ではスペイン語化が進んだ。
カタルーニャ地方が政治的・経済的に低迷した16世紀以後にはカタルーニャ文学も停滞し、16世紀から18世紀は「カタルーニャ文学の衰退期」と呼ばれている。",『ティラン・ロ・ブラン』の作者は誰?,ジュアノット・マルトゥレイ,Lexical variation (world knowledge)
185,68,カタルーニャ州,"12世紀のカタルーニャ詩人はカタルーニャ語ではなく主にオック語で詩作を行っていた。
13世紀に活動したラモン・リュイは「カタルーニャ語の父」と呼ばれており、その内容の豊かさや言語的創造性の高さから普遍的な価値が認められている。
14世紀のカタルーニャ地方では散文が優勢となり、フランセスク・アシメニスやビセン・ファレーなどが登場した。
15世紀は「カタルーニャ文学の黄金時代」とされ。
詩人のアウジアス・マルクや騎士道小説『ティラン・ロ・ブラン』を書いたジュアノット・マルトゥレイなどがバレンシアで活躍した。
1479年にスペイン王国が成立した影響で、民衆以外の宮廷や知識人の間ではスペイン語化が進んだ。
カタルーニャ地方が政治的・経済的に低迷した16世紀以後にはカタルーニャ文学も停滞し、16世紀から18世紀は「カタルーニャ文学の衰退期」と呼ばれている。",「カタルーニャ文学の衰退期」は何世紀から始まったの?,16世紀,Lexical variation (world knowledge)
186,69,カタルーニャ州,"19世紀半ばにはカタルーニャ語とカタルーニャ文化の復興運動であるラナシェンサ(文芸復興)運動が興り、「カタルーニャの国民的詩人」と呼ばれるジャシン・バルダゲーや劇作家のアンジャル・ギマラーなどが活躍した。
19世紀末にはカタルーニャ・ナショナリズムが勢いを増し、19世紀末から20世紀初頭にはムダルニズマ(近代主義)運動が興った。
1930年代にはスペイン第二共和政の教育政策や言語政策にも助けられ、カタルーニャ文学は特に詩などの分野で活況を呈した。
スペイン内戦後のフランコ体制ではカタルーニャ語が弾圧され、カタルーニャ語作家はスペイン語作家に転向したり他国に亡命した。
1960年代になるとようやくカタルーニャ語文学の出版も可能となり、マヌエル・ダ・ペドロロの『第二創世記のタイプ原稿』はカタルーニャ語文学史上最大の売り上げを記録している。
1970年代末の民主化以後のカタルーニャでは詩の分野で優れた作家が多いとされる。",カタルーニャ語文学で最も高い売り上げを記録した作品とは何?,『第二創世記のタイプ原稿』,Lexical variation (synonymy)
187,69,カタルーニャ州,"19世紀半ばにはカタルーニャ語とカタルーニャ文化の復興運動であるラナシェンサ(文芸復興)運動が興り、「カタルーニャの国民的詩人」と呼ばれるジャシン・バルダゲーや劇作家のアンジャル・ギマラーなどが活躍した。
19世紀末にはカタルーニャ・ナショナリズムが勢いを増し、19世紀末から20世紀初頭にはムダルニズマ(近代主義)運動が興った。
1930年代にはスペイン第二共和政の教育政策や言語政策にも助けられ、カタルーニャ文学は特に詩などの分野で活況を呈した。
スペイン内戦後のフランコ体制ではカタルーニャ語が弾圧され、カタルーニャ語作家はスペイン語作家に転向したり他国に亡命した。
1960年代になるとようやくカタルーニャ語文学の出版も可能となり、マヌエル・ダ・ペドロロの『第二創世記のタイプ原稿』はカタルーニャ語文学史上最大の売り上げを記録している。
1970年代末の民主化以後のカタルーニャでは詩の分野で優れた作家が多いとされる。",『第二創世記のタイプ原稿』の作者は誰?,マヌエル・ダ・ペドロロ,Lexical variation (world knowledge)
188,70,カタルーニャ州,"カタルーニャ自治州政府は20世紀初頭からスポーツ振興に力を入れており、各競技のカタルーニャ代表を国際大会に参加させることを目標としている。
ローラーホッケーのカタルーニャ代表は暫定的に国際大会への参加を認められているが、その他の競技では国際大会への参加は実現していない。
1931年の国際オリンピック委員会(IOC)総会では1936年の夏季オリンピック開催地が決定され、下馬評ではバルセロナが有力だったもののドイツのベルリンに敗れた。
ナチス・ドイツのアドルフ・ヒトラー総統はベルリンオリンピックを政治利用しようとしたため、対抗してほぼ同時期にバルセロナで人民オリンピックの開催が企画された。
カタルーニャ自治政府に加えてスペイン共和国政府も支援し、23か国から約6,000人の選手が人民オリンピックに参加を申し込んでいる。
しかし、開会式当日の7月19日にスペイン内戦が勃発したことで人民オリンピックは中止を余儀なくされた。
それから56年後、カタルーニャ人のフアン・アントニオ・サマランチがIOC会長を務めていた1992年に、カタルーニャ色を強く出したバルセロナオリンピックが開催された。",人民オリンピックの中止の原因は何が起こったからですか?,スペイン内戦,Lexical variation (world knowledge)
189,70,カタルーニャ州,"カタルーニャ自治州政府は20世紀初頭からスポーツ振興に力を入れており、各競技のカタルーニャ代表を国際大会に参加させることを目標としている。
ローラーホッケーのカタルーニャ代表は暫定的に国際大会への参加を認められているが、その他の競技では国際大会への参加は実現していない。
1931年の国際オリンピック委員会(IOC)総会では1936年の夏季オリンピック開催地が決定され、下馬評ではバルセロナが有力だったもののドイツのベルリンに敗れた。
ナチス・ドイツのアドルフ・ヒトラー総統はベルリンオリンピックを政治利用しようとしたため、対抗してほぼ同時期にバルセロナで人民オリンピックの開催が企画された。
カタルーニャ自治政府に加えてスペイン共和国政府も支援し、23か国から約6,000人の選手が人民オリンピックに参加を申し込んでいる。
しかし、開会式当日の7月19日にスペイン内戦が勃発したことで人民オリンピックは中止を余儀なくされた。
それから56年後、カタルーニャ人のフアン・アントニオ・サマランチがIOC会長を務めていた1992年に、カタルーニャ色を強く出したバルセロナオリンピックが開催された。",1936年の夏季オリンピック開催地争奪戦で勝ったのはどこの都市でしたか?,ベルリン,Lexical variation (synonymy)
190,70,カタルーニャ州,"カタルーニャ自治州政府は20世紀初頭からスポーツ振興に力を入れており、各競技のカタルーニャ代表を国際大会に参加させることを目標としている。
ローラーホッケーのカタルーニャ代表は暫定的に国際大会への参加を認められているが、その他の競技では国際大会への参加は実現していない。
1931年の国際オリンピック委員会(IOC)総会では1936年の夏季オリンピック開催地が決定され、下馬評ではバルセロナが有力だったもののドイツのベルリンに敗れた。
ナチス・ドイツのアドルフ・ヒトラー総統はベルリンオリンピックを政治利用しようとしたため、対抗してほぼ同時期にバルセロナで人民オリンピックの開催が企画された。
カタルーニャ自治政府に加えてスペイン共和国政府も支援し、23か国から約6,000人の選手が人民オリンピックに参加を申し込んでいる。
しかし、開会式当日の7月19日にスペイン内戦が勃発したことで人民オリンピックは中止を余儀なくされた。
それから56年後、カタルーニャ人のフアン・アントニオ・サマランチがIOC会長を務めていた1992年に、カタルーニャ色を強く出したバルセロナオリンピックが開催された。",フアン・アントニオ・サマランチの出身地はどこだったの?,カタルーニャ,Lexical variation (world knowledge)
191,71,カタルーニャ州,"FCバルセロナはサッカーやバスケットボールなどの競技チームを持つ総合スポーツクラブであり、サッカー部門は世界戦略を展開する強豪クラブである。
マドリードに本拠地を置くレアル・マドリードとライバル関係にあり、両者の対戦はエル・クラシコと呼ばれる。
カタルーニャ人にとってFCバルセロナは単なるスポーツクラブに留まらず、クラブの歴史はカタルーニャの歴史と重ね合わされる存在である。
ホームスタジアムであるカンプ・ノウは、フランコ体制下でカタルーニャ語の使用が許可された唯一の場所であり、エル・クラシコはカタルーニャと中央政府の代理戦争の意味合いを呈した。
FCバルセロナはソシオと呼ばれる会員によって運営されていることが特徴である。",FCバルセロナのライバルチームはどこ?,レアル・マドリード,Multiple sentence reasoning
192,71,カタルーニャ州,"FCバルセロナはサッカーやバスケットボールなどの競技チームを持つ総合スポーツクラブであり、サッカー部門は世界戦略を展開する強豪クラブである。
マドリードに本拠地を置くレアル・マドリードとライバル関係にあり、両者の対戦はエル・クラシコと呼ばれる。
カタルーニャ人にとってFCバルセロナは単なるスポーツクラブに留まらず、クラブの歴史はカタルーニャの歴史と重ね合わされる存在である。
ホームスタジアムであるカンプ・ノウは、フランコ体制下でカタルーニャ語の使用が許可された唯一の場所であり、エル・クラシコはカタルーニャと中央政府の代理戦争の意味合いを呈した。
FCバルセロナはソシオと呼ばれる会員によって運営されていることが特徴である。",FCバルセロナとレアル・マドリードの対戦を何と呼んでいる?,エル・クラシコ,Multiple sentence reasoning
193,71,カタルーニャ州,"FCバルセロナはサッカーやバスケットボールなどの競技チームを持つ総合スポーツクラブであり、サッカー部門は世界戦略を展開する強豪クラブである。
マドリードに本拠地を置くレアル・マドリードとライバル関係にあり、両者の対戦はエル・クラシコと呼ばれる。
カタルーニャ人にとってFCバルセロナは単なるスポーツクラブに留まらず、クラブの歴史はカタルーニャの歴史と重ね合わされる存在である。
ホームスタジアムであるカンプ・ノウは、フランコ体制下でカタルーニャ語の使用が許可された唯一の場所であり、エル・クラシコはカタルーニャと中央政府の代理戦争の意味合いを呈した。
FCバルセロナはソシオと呼ばれる会員によって運営されていることが特徴である。",FCバルセロナのホームスタジアムはどこにある?,カンプ・ノウ,Multiple sentence reasoning
194,71,カタルーニャ州,"FCバルセロナはサッカーやバスケットボールなどの競技チームを持つ総合スポーツクラブであり、サッカー部門は世界戦略を展開する強豪クラブである。
マドリードに本拠地を置くレアル・マドリードとライバル関係にあり、両者の対戦はエル・クラシコと呼ばれる。
カタルーニャ人にとってFCバルセロナは単なるスポーツクラブに留まらず、クラブの歴史はカタルーニャの歴史と重ね合わされる存在である。
ホームスタジアムであるカンプ・ノウは、フランコ体制下でカタルーニャ語の使用が許可された唯一の場所であり、エル・クラシコはカタルーニャと中央政府の代理戦争の意味合いを呈した。
FCバルセロナはソシオと呼ばれる会員によって運営されていることが特徴である。",FCバルセロナを運営している会員の呼称とは?,ソシオ,Lexical variation (world knowledge)
195,72,ボーイング717,ボーイング717(Boeing717)は、アメリカ合衆国のボーイングが製造した、100席級のナローボディの双発ジェット旅客機である。当初はマクドネル・ダグラスによりMD-95として開発が進められていたが、同社がボーイングに吸収合併されたことでボーイング717の名称が与えられた。717はダグラスが開発したDC-9の発展型で、DC-9由来の胴体断面、低翼配置の主翼、T字型の尾翼を備え、胴体尾部の左右に1発ずつターボファンエンジンを備える。機体寸法は、全長が37.81メートル、全幅は28.45メートル、全高は8.92メートルで、標準座席数は106(2クラス)から117席(1クラス)である。ボーイング717のラインナップは717-200の一種類のみだが、オプションで燃料タンクを増設して最大離陸重量を増加させたHGW型がある。,ボーイング717のもともとの名称は何か?,MD-95,Lexical variation (world knowledge)
196,72,ボーイング717,ボーイング717(Boeing717)は、アメリカ合衆国のボーイングが製造した、100席級のナローボディの双発ジェット旅客機である。当初はマクドネル・ダグラスによりMD-95として開発が進められていたが、同社がボーイングに吸収合併されたことでボーイング717の名称が与えられた。717はダグラスが開発したDC-9の発展型で、DC-9由来の胴体断面、低翼配置の主翼、T字型の尾翼を備え、胴体尾部の左右に1発ずつターボファンエンジンを備える。機体寸法は、全長が37.81メートル、全幅は28.45メートル、全高は8.92メートルで、標準座席数は106(2クラス)から117席(1クラス)である。ボーイング717のラインナップは717-200の一種類のみだが、オプションで燃料タンクを増設して最大離陸重量を増加させたHGW型がある。,ボーイング717における、1クラスと2クラスのうち、その座席数がより多いのはどれ?,1クラス,Logical reasoning
197,72,ボーイング717,ボーイング717(Boeing717)は、アメリカ合衆国のボーイングが製造した、100席級のナローボディの双発ジェット旅客機である。当初はマクドネル・ダグラスによりMD-95として開発が進められていたが、同社がボーイングに吸収合併されたことでボーイング717の名称が与えられた。717はダグラスが開発したDC-9の発展型で、DC-9由来の胴体断面、低翼配置の主翼、T字型の尾翼を備え、胴体尾部の左右に1発ずつターボファンエンジンを備える。機体寸法は、全長が37.81メートル、全幅は28.45メートル、全高は8.92メートルで、標準座席数は106(2クラス)から117席(1クラス)である。ボーイング717のラインナップは717-200の一種類のみだが、オプションで燃料タンクを増設して最大離陸重量を増加させたHGW型がある。,HGW型は717-200の標準型から何を増加させたものですか?,最大離陸重量,Lexical variation (world knowledge)
198,73,ボーイング717,1995年10月にMD-95の正式開発が決定され、途中マクドネル・ダグラスがボーイングに吸収合併されるという出来事もあったが、合併後も唯一開発・生産が継続されたマクドネル・ダグラスの旅客機となった。717は1999年10月にエアトラン航空によって初就航し、従来ターボプロップ機のみを運航していた小さな航空会社でも採用された。ボーイングはボーイング737との売り分けを考えていたが受注は伸び悩み、2006年5月に最終機の引き渡しが行われて生産が終了した。717の総生産数は156機であった。2017年10月現在、717に関して5件の航空事故・事件が発生しているが、機体損失事故および死亡事故に至ったものはない。,ボーイング717の初就航はいつ?,1999年10月,Syntactic variation
199,73,ボーイング717,1995年10月にMD-95の正式開発が決定され、途中マクドネル・ダグラスがボーイングに吸収合併されるという出来事もあったが、合併後も唯一開発・生産が継続されたマクドネル・ダグラスの旅客機となった。717は1999年10月にエアトラン航空によって初就航し、従来ターボプロップ機のみを運航していた小さな航空会社でも採用された。ボーイングはボーイング737との売り分けを考えていたが受注は伸び悩み、2006年5月に最終機の引き渡しが行われて生産が終了した。717の総生産数は156機であった。2017年10月現在、717に関して5件の航空事故・事件が発生しているが、機体損失事故および死亡事故に至ったものはない。,ボーイング717において死亡事故が発生したことはあるか?,ない,Lexical variation (world knowledge)
200,73,ボーイング717,1995年10月にMD-95の正式開発が決定され、途中マクドネル・ダグラスがボーイングに吸収合併されるという出来事もあったが、合併後も唯一開発・生産が継続されたマクドネル・ダグラスの旅客機となった。717は1999年10月にエアトラン航空によって初就航し、従来ターボプロップ機のみを運航していた小さな航空会社でも採用された。ボーイングはボーイング737との売り分けを考えていたが受注は伸び悩み、2006年5月に最終機の引き渡しが行われて生産が終了した。717の総生産数は156機であった。2017年10月現在、717に関して5件の航空事故・事件が発生しているが、機体損失事故および死亡事故に至ったものはない。,ボーイング717の最終機が引き渡されたのはいつですか?,2006年5月,Syntactic variation
201,74,ボーイング717,米国のダグラスは、同社で最初のジェット旅客機となるDC-8を開発した後、プロペラ機が担っていた小型旅客機市場に向けて、短距離用の小型ジェット旅客機のDC-9を開発した。DC-9シリーズで最初のモデルとなったのはDC-9-10で、1965年12月8日に初就航した。DC-9は胴体尾部の左右に1発ずつターボファンエンジンを装備してT字型の尾翼を持ち、客席の通路が1本のナローボディ機であった。ダグラスはDC-9-10をベースに胴体延長型や最大離陸重量増加型といった派生型を開発してDC-9シリーズのラインナップを拡充した。1967年4月、ダグラスは同じ米国の航空機メーカーのマクドネルと合併してマクドネル・ダグラスとなった。1970年代の中頃になると、150席級の旅客機の需要が高まると考えられるようになり、マクドネル・ダグラスはDC-9のさらなる胴体延長型を開発して対応しようとした。このモデルでは主翼などの設計変更やエンジンの更新も行うことになり、1977年10月14日に正式な開発が決定してDC-9スーパー80と呼ばれた。DC-9スーパー80の最初のモデルは1980年8月25日に型式証明を取得し、その年の10月に路線就航を開始した。1983年7月、マクドネル・ダグラスは製品名の変更を発表し、DC-9スーパー80はMD-80シリーズと呼ばれることとなった。MD-80シリーズでも胴体長や航続距離性能が異なるシリーズ機が開発されたが、いずれもDC-9と同じ胴体断面を用い、尾部のエンジン配置とT字尾翼という特徴もDC-9から引き継がれた。,DC-8のすぐ後に開発された旅客機のシリーズで最初のモデルにおける初就航とは、いつか?,1965年12月8日,Multiple sentence reasoning
202,74,ボーイング717,米国のダグラスは、同社で最初のジェット旅客機となるDC-8を開発した後、プロペラ機が担っていた小型旅客機市場に向けて、短距離用の小型ジェット旅客機のDC-9を開発した。DC-9シリーズで最初のモデルとなったのはDC-9-10で、1965年12月8日に初就航した。DC-9は胴体尾部の左右に1発ずつターボファンエンジンを装備してT字型の尾翼を持ち、客席の通路が1本のナローボディ機であった。ダグラスはDC-9-10をベースに胴体延長型や最大離陸重量増加型といった派生型を開発してDC-9シリーズのラインナップを拡充した。1967年4月、ダグラスは同じ米国の航空機メーカーのマクドネルと合併してマクドネル・ダグラスとなった。1970年代の中頃になると、150席級の旅客機の需要が高まると考えられるようになり、マクドネル・ダグラスはDC-9のさらなる胴体延長型を開発して対応しようとした。このモデルでは主翼などの設計変更やエンジンの更新も行うことになり、1977年10月14日に正式な開発が決定してDC-9スーパー80と呼ばれた。DC-9スーパー80の最初のモデルは1980年8月25日に型式証明を取得し、その年の10月に路線就航を開始した。1983年7月、マクドネル・ダグラスは製品名の変更を発表し、DC-9スーパー80はMD-80シリーズと呼ばれることとなった。MD-80シリーズでも胴体長や航続距離性能が異なるシリーズ機が開発されたが、いずれもDC-9と同じ胴体断面を用い、尾部のエンジン配置とT字尾翼という特徴もDC-9から引き継がれた。,DC-9のさらなる胴体延長型は、正式な開発が決定された時点で何と呼ばれましたか?,DC-9スーパー80,Multiple sentence reasoning
203,74,ボーイング717,米国のダグラスは、同社で最初のジェット旅客機となるDC-8を開発した後、プロペラ機が担っていた小型旅客機市場に向けて、短距離用の小型ジェット旅客機のDC-9を開発した。DC-9シリーズで最初のモデルとなったのはDC-9-10で、1965年12月8日に初就航した。DC-9は胴体尾部の左右に1発ずつターボファンエンジンを装備してT字型の尾翼を持ち、客席の通路が1本のナローボディ機であった。ダグラスはDC-9-10をベースに胴体延長型や最大離陸重量増加型といった派生型を開発してDC-9シリーズのラインナップを拡充した。1967年4月、ダグラスは同じ米国の航空機メーカーのマクドネルと合併してマクドネル・ダグラスとなった。1970年代の中頃になると、150席級の旅客機の需要が高まると考えられるようになり、マクドネル・ダグラスはDC-9のさらなる胴体延長型を開発して対応しようとした。このモデルでは主翼などの設計変更やエンジンの更新も行うことになり、1977年10月14日に正式な開発が決定してDC-9スーパー80と呼ばれた。DC-9スーパー80の最初のモデルは1980年8月25日に型式証明を取得し、その年の10月に路線就航を開始した。1983年7月、マクドネル・ダグラスは製品名の変更を発表し、DC-9スーパー80はMD-80シリーズと呼ばれることとなった。MD-80シリーズでも胴体長や航続距離性能が異なるシリーズ機が開発されたが、いずれもDC-9と同じ胴体断面を用い、尾部のエンジン配置とT字尾翼という特徴もDC-9から引き継がれた。,DC-9のさらなる胴体延長型は、最終的には何と呼ばれるようになったの?,MD-80シリーズ,Multiple sentence reasoning
204,74,ボーイング717,米国のダグラスは、同社で最初のジェット旅客機となるDC-8を開発した後、プロペラ機が担っていた小型旅客機市場に向けて、短距離用の小型ジェット旅客機のDC-9を開発した。DC-9シリーズで最初のモデルとなったのはDC-9-10で、1965年12月8日に初就航した。DC-9は胴体尾部の左右に1発ずつターボファンエンジンを装備してT字型の尾翼を持ち、客席の通路が1本のナローボディ機であった。ダグラスはDC-9-10をベースに胴体延長型や最大離陸重量増加型といった派生型を開発してDC-9シリーズのラインナップを拡充した。1967年4月、ダグラスは同じ米国の航空機メーカーのマクドネルと合併してマクドネル・ダグラスとなった。1970年代の中頃になると、150席級の旅客機の需要が高まると考えられるようになり、マクドネル・ダグラスはDC-9のさらなる胴体延長型を開発して対応しようとした。このモデルでは主翼などの設計変更やエンジンの更新も行うことになり、1977年10月14日に正式な開発が決定してDC-9スーパー80と呼ばれた。DC-9スーパー80の最初のモデルは1980年8月25日に型式証明を取得し、その年の10月に路線就航を開始した。1983年7月、マクドネル・ダグラスは製品名の変更を発表し、DC-9スーパー80はMD-80シリーズと呼ばれることとなった。MD-80シリーズでも胴体長や航続距離性能が異なるシリーズ機が開発されたが、いずれもDC-9と同じ胴体断面を用い、尾部のエンジン配置とT字尾翼という特徴もDC-9から引き継がれた。,DC-9スーパー80がMD-80シリーズと呼ばれるようになったのは、いつからか?,1983年7月,Syntactic variation
205,75,ボーイング717,1984年3月、欧州のエアバスが完全に新設計のA320の開発を決定し、150席級のジェット旅客機市場への参入を決めた。また、1981年3月にはボーイングも737の発展型(737-300)の開発を決定しており、さらなる後継機計画も検討していた。DC-9/MD-80シリーズは一定の市場シェアを獲得していたが、マクドネル・ダグラスはこれらの競合他社の動きに対応する必要に迫られ、MD-80の次世代型となるMD-90を開発した。MD-90でもDC-9由来の胴体断面を用いられ、尾翼やエンジンの配置も引き継がれたが、エンジンは新型のインターナショナル・エアロ・エンジンズ社のV2500に置き換えられたほか、操縦系統や客室内装などが改良された。MD-90は全長が46.5メートル、標準座席数が153席(2クラス)から172席(1クラス)で、1995年4月に初就航した。マクドネル・ダグラスは、MD-80シリーズの胴体短縮型であるMD-87をベースにしたMD-90-10の開発も計画していた。しかし、MD-90のV2500エンジンは胴体短縮型には大きすぎたことから、機体計画が見直され、エンジンを置き換えて各種新技術を導入し、座席数を100席程度としたMD-95の機体構想がまとめられた。MD-95の機体案は1991年6月のパリ航空ショーで発表され、航空会社への説明が開始された。しかし、しばらくの間、航空会社からの受注はなく開発計画は棚上げ状態となった。その後1995年10月19日、米国の格安航空会社のバリュージェット航空から確定50機、オプション50機という大口の注文を獲得したことで、同日付でマクドネル・ダグラスはMD-95の正式開発を決定した。,A320と737-300のうち、開発が決定された時期がより早いのは、何か?,737-300,Logical reasoning
206,75,ボーイング717,1984年3月、欧州のエアバスが完全に新設計のA320の開発を決定し、150席級のジェット旅客機市場への参入を決めた。また、1981年3月にはボーイングも737の発展型(737-300)の開発を決定しており、さらなる後継機計画も検討していた。DC-9/MD-80シリーズは一定の市場シェアを獲得していたが、マクドネル・ダグラスはこれらの競合他社の動きに対応する必要に迫られ、MD-80の次世代型となるMD-90を開発した。MD-90でもDC-9由来の胴体断面を用いられ、尾翼やエンジンの配置も引き継がれたが、エンジンは新型のインターナショナル・エアロ・エンジンズ社のV2500に置き換えられたほか、操縦系統や客室内装などが改良された。MD-90は全長が46.5メートル、標準座席数が153席(2クラス)から172席(1クラス)で、1995年4月に初就航した。マクドネル・ダグラスは、MD-80シリーズの胴体短縮型であるMD-87をベースにしたMD-90-10の開発も計画していた。しかし、MD-90のV2500エンジンは胴体短縮型には大きすぎたことから、機体計画が見直され、エンジンを置き換えて各種新技術を導入し、座席数を100席程度としたMD-95の機体構想がまとめられた。MD-95の機体案は1991年6月のパリ航空ショーで発表され、航空会社への説明が開始された。しかし、しばらくの間、航空会社からの受注はなく開発計画は棚上げ状態となった。その後1995年10月19日、米国の格安航空会社のバリュージェット航空から確定50機、オプション50機という大口の注文を獲得したことで、同日付でマクドネル・ダグラスはMD-95の正式開発を決定した。,MD-90における、1クラスと2クラスのうち、その座席数がより多いのはどれですか?,1クラス,Logical reasoning
207,75,ボーイング717,1984年3月、欧州のエアバスが完全に新設計のA320の開発を決定し、150席級のジェット旅客機市場への参入を決めた。また、1981年3月にはボーイングも737の発展型(737-300)の開発を決定しており、さらなる後継機計画も検討していた。DC-9/MD-80シリーズは一定の市場シェアを獲得していたが、マクドネル・ダグラスはこれらの競合他社の動きに対応する必要に迫られ、MD-80の次世代型となるMD-90を開発した。MD-90でもDC-9由来の胴体断面を用いられ、尾翼やエンジンの配置も引き継がれたが、エンジンは新型のインターナショナル・エアロ・エンジンズ社のV2500に置き換えられたほか、操縦系統や客室内装などが改良された。MD-90は全長が46.5メートル、標準座席数が153席(2クラス)から172席(1クラス)で、1995年4月に初就航した。マクドネル・ダグラスは、MD-80シリーズの胴体短縮型であるMD-87をベースにしたMD-90-10の開発も計画していた。しかし、MD-90のV2500エンジンは胴体短縮型には大きすぎたことから、機体計画が見直され、エンジンを置き換えて各種新技術を導入し、座席数を100席程度としたMD-95の機体構想がまとめられた。MD-95の機体案は1991年6月のパリ航空ショーで発表され、航空会社への説明が開始された。しかし、しばらくの間、航空会社からの受注はなく開発計画は棚上げ状態となった。その後1995年10月19日、米国の格安航空会社のバリュージェット航空から確定50機、オプション50機という大口の注文を獲得したことで、同日付でマクドネル・ダグラスはMD-95の正式開発を決定した。,MD-90の初就航はいつか?,1995年4月,Syntactic variation
208,75,ボーイング717,1984年3月、欧州のエアバスが完全に新設計のA320の開発を決定し、150席級のジェット旅客機市場への参入を決めた。また、1981年3月にはボーイングも737の発展型(737-300)の開発を決定しており、さらなる後継機計画も検討していた。DC-9/MD-80シリーズは一定の市場シェアを獲得していたが、マクドネル・ダグラスはこれらの競合他社の動きに対応する必要に迫られ、MD-80の次世代型となるMD-90を開発した。MD-90でもDC-9由来の胴体断面を用いられ、尾翼やエンジンの配置も引き継がれたが、エンジンは新型のインターナショナル・エアロ・エンジンズ社のV2500に置き換えられたほか、操縦系統や客室内装などが改良された。MD-90は全長が46.5メートル、標準座席数が153席(2クラス)から172席(1クラス)で、1995年4月に初就航した。マクドネル・ダグラスは、MD-80シリーズの胴体短縮型であるMD-87をベースにしたMD-90-10の開発も計画していた。しかし、MD-90のV2500エンジンは胴体短縮型には大きすぎたことから、機体計画が見直され、エンジンを置き換えて各種新技術を導入し、座席数を100席程度としたMD-95の機体構想がまとめられた。MD-95の機体案は1991年6月のパリ航空ショーで発表され、航空会社への説明が開始された。しかし、しばらくの間、航空会社からの受注はなく開発計画は棚上げ状態となった。その後1995年10月19日、米国の格安航空会社のバリュージェット航空から確定50機、オプション50機という大口の注文を獲得したことで、同日付でマクドネル・ダグラスはMD-95の正式開発を決定した。,MD-95の正式開発を決定したのは、どの航空会社からの受注があったからか?,バリュージェット航空,Syntactic variation
209,76,ボーイング717,MD-95の開発が進行中に、計画を左右する2つの大きな出来事があった。1つ目は、MD-95の最初の発注者であったバリュージェットが深刻な経営不振に陥ったことである。1996年5月11日、バリュージェットが運航するDC-9が墜落し、乗客・乗員合わせて110人全員が死亡する事故が発生した(バリュージェット航空592便墜落事故)。その後、同社は安全上の問題点が指摘されて社会的信用を失い、1996年6月に運航を停止した。当時、MD-95を発注していたのはバリュージェットのみであり、受注がゼロになる可能性もあった。しかし、最終的にバリュージェットはエアウェイズ社と合併してエアウェイズ社の子会社であったエアトラン航空の名前で運航を再開した。MD-95の発注もエアトラン航空に引き継がれ、注文のキャンセルは回避された。2つ目は、1997年8月、マクドネル・ダグラスがボーイングに吸収合併されたことである。合併後のボーイングは、従来のボーイング製品と競合するマクドネル・ダグラス機の生産を終了させる方針を決めた。MD-95の開発も中止すべく、ボーイングはエアトラン航空に対し、ボーイングの100席級の旅客機である737-600へ発注切り替えを要請した。しかし、エアトラン航空は運航していた機材との共通性からこれを拒否し、MD-95は旧マクドネル・ダグラスの旅客機の中で唯一、合併後も開発・生産が継続されることとなった。1998年1月、ボーイングは製品の名称を揃えるため、MD-95をボーイング717-200へと変更した。「717」という名称は、アメリカ空軍の空中給油機であるKC-135Aおよび707の派生型旅客機(後に720と命名された)の型式名として割り当てられていた。しかし、この名称は一般には知られていなかったことと、717の「1」で100席級の旅客機ということを表現できることなどから、当機の名称として選ばれた。717は新生ボーイングの象徴となり、短距離路線を運航する格安航空会社向けの旅客機として開発が進められた。,ボーイングによるマクドネル・ダグラスの吸収合併とバリュージェット航空592便墜落事故のうち、その時期がより早いのは、どれ?,バリュージェット航空592便墜落事故,Logical reasoning
210,76,ボーイング717,MD-95の開発が進行中に、計画を左右する2つの大きな出来事があった。1つ目は、MD-95の最初の発注者であったバリュージェットが深刻な経営不振に陥ったことである。1996年5月11日、バリュージェットが運航するDC-9が墜落し、乗客・乗員合わせて110人全員が死亡する事故が発生した(バリュージェット航空592便墜落事故)。その後、同社は安全上の問題点が指摘されて社会的信用を失い、1996年6月に運航を停止した。当時、MD-95を発注していたのはバリュージェットのみであり、受注がゼロになる可能性もあった。しかし、最終的にバリュージェットはエアウェイズ社と合併してエアウェイズ社の子会社であったエアトラン航空の名前で運航を再開した。MD-95の発注もエアトラン航空に引き継がれ、注文のキャンセルは回避された。2つ目は、1997年8月、マクドネル・ダグラスがボーイングに吸収合併されたことである。合併後のボーイングは、従来のボーイング製品と競合するマクドネル・ダグラス機の生産を終了させる方針を決めた。MD-95の開発も中止すべく、ボーイングはエアトラン航空に対し、ボーイングの100席級の旅客機である737-600へ発注切り替えを要請した。しかし、エアトラン航空は運航していた機材との共通性からこれを拒否し、MD-95は旧マクドネル・ダグラスの旅客機の中で唯一、合併後も開発・生産が継続されることとなった。1998年1月、ボーイングは製品の名称を揃えるため、MD-95をボーイング717-200へと変更した。「717」という名称は、アメリカ空軍の空中給油機であるKC-135Aおよび707の派生型旅客機(後に720と命名された)の型式名として割り当てられていた。しかし、この名称は一般には知られていなかったことと、717の「1」で100席級の旅客機ということを表現できることなどから、当機の名称として選ばれた。717は新生ボーイングの象徴となり、短距離路線を運航する格安航空会社向けの旅客機として開発が進められた。,バリュージェット航空592便墜落事故とは、何人が死亡した大事件でしたか?,110人,Lexical variation (world knowledge)
211,76,ボーイング717,MD-95の開発が進行中に、計画を左右する2つの大きな出来事があった。1つ目は、MD-95の最初の発注者であったバリュージェットが深刻な経営不振に陥ったことである。1996年5月11日、バリュージェットが運航するDC-9が墜落し、乗客・乗員合わせて110人全員が死亡する事故が発生した(バリュージェット航空592便墜落事故)。その後、同社は安全上の問題点が指摘されて社会的信用を失い、1996年6月に運航を停止した。当時、MD-95を発注していたのはバリュージェットのみであり、受注がゼロになる可能性もあった。しかし、最終的にバリュージェットはエアウェイズ社と合併してエアウェイズ社の子会社であったエアトラン航空の名前で運航を再開した。MD-95の発注もエアトラン航空に引き継がれ、注文のキャンセルは回避された。2つ目は、1997年8月、マクドネル・ダグラスがボーイングに吸収合併されたことである。合併後のボーイングは、従来のボーイング製品と競合するマクドネル・ダグラス機の生産を終了させる方針を決めた。MD-95の開発も中止すべく、ボーイングはエアトラン航空に対し、ボーイングの100席級の旅客機である737-600へ発注切り替えを要請した。しかし、エアトラン航空は運航していた機材との共通性からこれを拒否し、MD-95は旧マクドネル・ダグラスの旅客機の中で唯一、合併後も開発・生産が継続されることとなった。1998年1月、ボーイングは製品の名称を揃えるため、MD-95をボーイング717-200へと変更した。「717」という名称は、アメリカ空軍の空中給油機であるKC-135Aおよび707の派生型旅客機(後に720と命名された)の型式名として割り当てられていた。しかし、この名称は一般には知られていなかったことと、717の「1」で100席級の旅客機ということを表現できることなどから、当機の名称として選ばれた。717は新生ボーイングの象徴となり、短距離路線を運航する格安航空会社向けの旅客機として開発が進められた。,マクドネル・ダグラスがボーイングに吸収合併された後にも唯一に開発・生産が継続された、マクドネル・ダグラス制の旅客機は何か?,MD-95,Lexical variation (world knowledge)
212,76,ボーイング717,MD-95の開発が進行中に、計画を左右する2つの大きな出来事があった。1つ目は、MD-95の最初の発注者であったバリュージェットが深刻な経営不振に陥ったことである。1996年5月11日、バリュージェットが運航するDC-9が墜落し、乗客・乗員合わせて110人全員が死亡する事故が発生した(バリュージェット航空592便墜落事故)。その後、同社は安全上の問題点が指摘されて社会的信用を失い、1996年6月に運航を停止した。当時、MD-95を発注していたのはバリュージェットのみであり、受注がゼロになる可能性もあった。しかし、最終的にバリュージェットはエアウェイズ社と合併してエアウェイズ社の子会社であったエアトラン航空の名前で運航を再開した。MD-95の発注もエアトラン航空に引き継がれ、注文のキャンセルは回避された。2つ目は、1997年8月、マクドネル・ダグラスがボーイングに吸収合併されたことである。合併後のボーイングは、従来のボーイング製品と競合するマクドネル・ダグラス機の生産を終了させる方針を決めた。MD-95の開発も中止すべく、ボーイングはエアトラン航空に対し、ボーイングの100席級の旅客機である737-600へ発注切り替えを要請した。しかし、エアトラン航空は運航していた機材との共通性からこれを拒否し、MD-95は旧マクドネル・ダグラスの旅客機の中で唯一、合併後も開発・生産が継続されることとなった。1998年1月、ボーイングは製品の名称を揃えるため、MD-95をボーイング717-200へと変更した。「717」という名称は、アメリカ空軍の空中給油機であるKC-135Aおよび707の派生型旅客機(後に720と命名された)の型式名として割り当てられていた。しかし、この名称は一般には知られていなかったことと、717の「1」で100席級の旅客機ということを表現できることなどから、当機の名称として選ばれた。717は新生ボーイングの象徴となり、短距離路線を運航する格安航空会社向けの旅客機として開発が進められた。,717の「1」は、何席級の旅客機であることを意味していたのか?,100席級,Lexical variation (world knowledge)
213,77,ボーイング717,717の胴体断面や主翼の設計はDC-9-30のものを引き継ぎ、717の開発や認証取得にかかるコストが節約され、1999年時点での717のカタログ価格は3150万USドルであった。主翼はDC-9-34のものを基本とし、新しいアルミ合金を採用して軽量化が図られた。エンジンはBMWロールス・ロイスが開発した低騒音、低燃費の新型ターボファンエンジンであるBR715が採用された。MD-80シリーズの後半から行われていた操縦系統の電子化がさらに進められ、717では完全なグラスコックピットとなった。717の生産は、マクドネル・ダグラスから引き継がれたカリフォルニア州・ロングビーチの工場で行われた。717では一部の主要コンポーネントは米国以外の企業によって設計・生産された。胴体はイタリア、機首や主翼は韓国、内装はオーストリアの企業が担当し、水平尾翼とエンジン・パイロンの設計と製造は日本の新明和工業が担当した。試験飛行のために3機の717が生産され、1号機は1998年9月2日に初飛行した。2号機と3号機は同じ年の10月26日、12月16日にそれぞれ初飛行した。1999年1月23日には量産の初号機となる機体が完成し、型式証明取得のための試験に投入された。1999年9月1日に米国の連邦航空局(FederalAviationAdministration、以下FAA)、続いて16日にはドイツの航空当局から717の型式証明が交付された。そして同月23日、エアトラン航空への初引き渡しが行われた。,717には軽量化のために、どんなものが使われたの?,新しいアルミ合金,Lexical variation (world knowledge)
214,77,ボーイング717,717の胴体断面や主翼の設計はDC-9-30のものを引き継ぎ、717の開発や認証取得にかかるコストが節約され、1999年時点での717のカタログ価格は3150万USドルであった。主翼はDC-9-34のものを基本とし、新しいアルミ合金を採用して軽量化が図られた。エンジンはBMWロールス・ロイスが開発した低騒音、低燃費の新型ターボファンエンジンであるBR715が採用された。MD-80シリーズの後半から行われていた操縦系統の電子化がさらに進められ、717では完全なグラスコックピットとなった。717の生産は、マクドネル・ダグラスから引き継がれたカリフォルニア州・ロングビーチの工場で行われた。717では一部の主要コンポーネントは米国以外の企業によって設計・生産された。胴体はイタリア、機首や主翼は韓国、内装はオーストリアの企業が担当し、水平尾翼とエンジン・パイロンの設計と製造は日本の新明和工業が担当した。試験飛行のために3機の717が生産され、1号機は1998年9月2日に初飛行した。2号機と3号機は同じ年の10月26日、12月16日にそれぞれ初飛行した。1999年1月23日には量産の初号機となる機体が完成し、型式証明取得のための試験に投入された。1999年9月1日に米国の連邦航空局(FederalAviationAdministration、以下FAA)、続いて16日にはドイツの航空当局から717の型式証明が交付された。そして同月23日、エアトラン航空への初引き渡しが行われた。,試験飛行のために3機の717のうち、その初飛行時期が最も遅かったのは、何月何日に初飛行が行われましたか?,12月16日,Logical reasoning
215,77,ボーイング717,717の胴体断面や主翼の設計はDC-9-30のものを引き継ぎ、717の開発や認証取得にかかるコストが節約され、1999年時点での717のカタログ価格は3150万USドルであった。主翼はDC-9-34のものを基本とし、新しいアルミ合金を採用して軽量化が図られた。エンジンはBMWロールス・ロイスが開発した低騒音、低燃費の新型ターボファンエンジンであるBR715が採用された。MD-80シリーズの後半から行われていた操縦系統の電子化がさらに進められ、717では完全なグラスコックピットとなった。717の生産は、マクドネル・ダグラスから引き継がれたカリフォルニア州・ロングビーチの工場で行われた。717では一部の主要コンポーネントは米国以外の企業によって設計・生産された。胴体はイタリア、機首や主翼は韓国、内装はオーストリアの企業が担当し、水平尾翼とエンジン・パイロンの設計と製造は日本の新明和工業が担当した。試験飛行のために3機の717が生産され、1号機は1998年9月2日に初飛行した。2号機と3号機は同じ年の10月26日、12月16日にそれぞれ初飛行した。1999年1月23日には量産の初号機となる機体が完成し、型式証明取得のための試験に投入された。1999年9月1日に米国の連邦航空局(FederalAviationAdministration、以下FAA)、続いて16日にはドイツの航空当局から717の型式証明が交付された。そして同月23日、エアトラン航空への初引き渡しが行われた。,ドイツと米国のうち、どの国の航空当局からの717に対する型式証明交付がより遅かったか?,ドイツ,Logical reasoning
216,77,ボーイング717,717の胴体断面や主翼の設計はDC-9-30のものを引き継ぎ、717の開発や認証取得にかかるコストが節約され、1999年時点での717のカタログ価格は3150万USドルであった。主翼はDC-9-34のものを基本とし、新しいアルミ合金を採用して軽量化が図られた。エンジンはBMWロールス・ロイスが開発した低騒音、低燃費の新型ターボファンエンジンであるBR715が採用された。MD-80シリーズの後半から行われていた操縦系統の電子化がさらに進められ、717では完全なグラスコックピットとなった。717の生産は、マクドネル・ダグラスから引き継がれたカリフォルニア州・ロングビーチの工場で行われた。717では一部の主要コンポーネントは米国以外の企業によって設計・生産された。胴体はイタリア、機首や主翼は韓国、内装はオーストリアの企業が担当し、水平尾翼とエンジン・パイロンの設計と製造は日本の新明和工業が担当した。試験飛行のために3機の717が生産され、1号機は1998年9月2日に初飛行した。2号機と3号機は同じ年の10月26日、12月16日にそれぞれ初飛行した。1999年1月23日には量産の初号機となる機体が完成し、型式証明取得のための試験に投入された。1999年9月1日に米国の連邦航空局(FederalAviationAdministration、以下FAA)、続いて16日にはドイツの航空当局から717の型式証明が交付された。そして同月23日、エアトラン航空への初引き渡しが行われた。,717における初引き渡しは、9月何日に行われたのか?,23日,Syntactic variation
217,78,ボーイング717,1999年10月12日、エアトラン航空によって717の商業運航が開始された。2001年6月までに、7社の航空会社に63機の717が導入された(リース会社が機体を保有するリース機も含む)。717の新造機納入数が多かったのは米国の航空会社で、エアトラン航空で22機、その次がトランス・ワールド航空で20機であった。その他の地域では、スペインのエーバルと、ギリシャのオリンピック航空の子会社オリンピック・アビエーション、オーストラリアのインパルス航空、アジアのバンコク・エアウェイズに引き渡しが行われていた。エアトラン航空では717により旧式のDC-9が置き換えられ、ハワイアン航空は島々を結ぶ短距離路線に717を投入した。インパルス航空やオリンピック・アビエーションは、それまで小型のターボプロップ機しか運航しておらず、717が最初に導入したジェット旅客機となった。717の初期の運航者は、ボーイングが従来取引していた航空会社よりも小さかったため、ボーイングはカスタマーサポートの新しい方針を打ち出し、整備や運航に関する諸問題を運航者間で共有できる体制を整えた。初期に717を導入した航空会社では、補助動力装置やエンジンなどに関するいくつかのトラブルがあり、ボーイングは対処が必要であったが、早期に出発信頼度は99パーセントに達していたほか、上昇性能、燃費性能などが当初計画値を上回り、着陸滑走距離は計画より短く済んだ。また、エンジンの排気や機外騒音は当時の規制値を十分下回った。,エアトラン航空とトランス・ワールド航空のうち、2001年6月までの新造機納入数がより多かったのは、どの会社なの?,エアトラン航空,Logical reasoning
218,78,ボーイング717,1999年10月12日、エアトラン航空によって717の商業運航が開始された。2001年6月までに、7社の航空会社に63機の717が導入された(リース会社が機体を保有するリース機も含む)。717の新造機納入数が多かったのは米国の航空会社で、エアトラン航空で22機、その次がトランス・ワールド航空で20機であった。その他の地域では、スペインのエーバルと、ギリシャのオリンピック航空の子会社オリンピック・アビエーション、オーストラリアのインパルス航空、アジアのバンコク・エアウェイズに引き渡しが行われていた。エアトラン航空では717により旧式のDC-9が置き換えられ、ハワイアン航空は島々を結ぶ短距離路線に717を投入した。インパルス航空やオリンピック・アビエーションは、それまで小型のターボプロップ機しか運航しておらず、717が最初に導入したジェット旅客機となった。717の初期の運航者は、ボーイングが従来取引していた航空会社よりも小さかったため、ボーイングはカスタマーサポートの新しい方針を打ち出し、整備や運航に関する諸問題を運航者間で共有できる体制を整えた。初期に717を導入した航空会社では、補助動力装置やエンジンなどに関するいくつかのトラブルがあり、ボーイングは対処が必要であったが、早期に出発信頼度は99パーセントに達していたほか、上昇性能、燃費性能などが当初計画値を上回り、着陸滑走距離は計画より短く済んだ。また、エンジンの排気や機外騒音は当時の規制値を十分下回った。,インパルス航空やオリンピック・アビエーションにおいて、最初に導入したジェット旅客機は、何ですか?,717,Syntactic variation
219,78,ボーイング717,1999年10月12日、エアトラン航空によって717の商業運航が開始された。2001年6月までに、7社の航空会社に63機の717が導入された(リース会社が機体を保有するリース機も含む)。717の新造機納入数が多かったのは米国の航空会社で、エアトラン航空で22機、その次がトランス・ワールド航空で20機であった。その他の地域では、スペインのエーバルと、ギリシャのオリンピック航空の子会社オリンピック・アビエーション、オーストラリアのインパルス航空、アジアのバンコク・エアウェイズに引き渡しが行われていた。エアトラン航空では717により旧式のDC-9が置き換えられ、ハワイアン航空は島々を結ぶ短距離路線に717を投入した。インパルス航空やオリンピック・アビエーションは、それまで小型のターボプロップ機しか運航しておらず、717が最初に導入したジェット旅客機となった。717の初期の運航者は、ボーイングが従来取引していた航空会社よりも小さかったため、ボーイングはカスタマーサポートの新しい方針を打ち出し、整備や運航に関する諸問題を運航者間で共有できる体制を整えた。初期に717を導入した航空会社では、補助動力装置やエンジンなどに関するいくつかのトラブルがあり、ボーイングは対処が必要であったが、早期に出発信頼度は99パーセントに達していたほか、上昇性能、燃費性能などが当初計画値を上回り、着陸滑走距離は計画より短く済んだ。また、エンジンの排気や機外騒音は当時の規制値を十分下回った。,エアトラン航空において、717の導入とともに使用されなくなった旅客機は何か?,DC-9,Lexical variation (world knowledge)
220,78,ボーイング717,1999年10月12日、エアトラン航空によって717の商業運航が開始された。2001年6月までに、7社の航空会社に63機の717が導入された(リース会社が機体を保有するリース機も含む)。717の新造機納入数が多かったのは米国の航空会社で、エアトラン航空で22機、その次がトランス・ワールド航空で20機であった。その他の地域では、スペインのエーバルと、ギリシャのオリンピック航空の子会社オリンピック・アビエーション、オーストラリアのインパルス航空、アジアのバンコク・エアウェイズに引き渡しが行われていた。エアトラン航空では717により旧式のDC-9が置き換えられ、ハワイアン航空は島々を結ぶ短距離路線に717を投入した。インパルス航空やオリンピック・アビエーションは、それまで小型のターボプロップ機しか運航しておらず、717が最初に導入したジェット旅客機となった。717の初期の運航者は、ボーイングが従来取引していた航空会社よりも小さかったため、ボーイングはカスタマーサポートの新しい方針を打ち出し、整備や運航に関する諸問題を運航者間で共有できる体制を整えた。初期に717を導入した航空会社では、補助動力装置やエンジンなどに関するいくつかのトラブルがあり、ボーイングは対処が必要であったが、早期に出発信頼度は99パーセントに達していたほか、上昇性能、燃費性能などが当初計画値を上回り、着陸滑走距離は計画より短く済んだ。また、エンジンの排気や機外騒音は当時の規制値を十分下回った。,2001年6月までに新造機納入数が最も多かったのは、どの航空会社か?,エアトラン航空,Logical reasoning
221,79,ボーイング717,"ボーイングのラインナップには717とほぼ同じ客席数の737-600があり、両機種を並行して生産し続けることを疑問視する声がボーイングに寄せられていた。ボーイングは、両機種は航続距離が異なり717は短距離向け、737-600は中距離向けで、1,600キロメートルより短い飛行での飛行距離当たりの運航経済性は717-200の方が737-600より優れていると説明していた。そしてボーイングは、717の胴体を短縮して座席数を70から80席とする717-100Xや、胴体延長により130席程度を配置できるようにする717-300Xといった派生型の開発構想も示していた。しかし、短距離路線向けの100席以下の旅客機市場には、ボンバルディアのCRJシリーズやエンブラエルのE-Jetシリーズといったリージョナルジェットが参入しており、ボーイングは旅客機のラインナップを100席以上に絞る方針を固めていた。また、130席級の短距離機というのも航空会社からの関心を得ることができず、717-100Xと-300Xの開発には至らなかった。",717と737-600のうち、より遠くまで運航できたのは、何?,737-600,Logical reasoning
222,79,ボーイング717,"ボーイングのラインナップには717とほぼ同じ客席数の737-600があり、両機種を並行して生産し続けることを疑問視する声がボーイングに寄せられていた。ボーイングは、両機種は航続距離が異なり717は短距離向け、737-600は中距離向けで、1,600キロメートルより短い飛行での飛行距離当たりの運航経済性は717-200の方が737-600より優れていると説明していた。そしてボーイングは、717の胴体を短縮して座席数を70から80席とする717-100Xや、胴体延長により130席程度を配置できるようにする717-300Xといった派生型の開発構想も示していた。しかし、短距離路線向けの100席以下の旅客機市場には、ボンバルディアのCRJシリーズやエンブラエルのE-Jetシリーズといったリージョナルジェットが参入しており、ボーイングは旅客機のラインナップを100席以上に絞る方針を固めていた。また、130席級の短距離機というのも航空会社からの関心を得ることができず、717-100Xと-300Xの開発には至らなかった。",717-100Xと717-300Xのうち、より多くの座席数を有すると構想された旅客機は何ですか?,717-300X,Logical reasoning
223,79,ボーイング717,"ボーイングのラインナップには717とほぼ同じ客席数の737-600があり、両機種を並行して生産し続けることを疑問視する声がボーイングに寄せられていた。ボーイングは、両機種は航続距離が異なり717は短距離向け、737-600は中距離向けで、1,600キロメートルより短い飛行での飛行距離当たりの運航経済性は717-200の方が737-600より優れていると説明していた。そしてボーイングは、717の胴体を短縮して座席数を70から80席とする717-100Xや、胴体延長により130席程度を配置できるようにする717-300Xといった派生型の開発構想も示していた。しかし、短距離路線向けの100席以下の旅客機市場には、ボンバルディアのCRJシリーズやエンブラエルのE-Jetシリーズといったリージョナルジェットが参入しており、ボーイングは旅客機のラインナップを100席以上に絞る方針を固めていた。また、130席級の短距離機というのも航空会社からの関心を得ることができず、717-100Xと-300Xの開発には至らなかった。",717-100Xと717-300Xのうち、胴体がより長く構想された旅客機は何ですか?,717-300X,Logical reasoning
224,80,ボーイング717,717は2001年6月の時点で154機の受注を得ていたが販売は減速を続け、2001年10月、ボーイングは2001年中で717の受注を終了することを発表した。しかし、この間に商談が進んでいた航空会社が製造延長を強く望んだことから、同年12月にボーイングは製造継続を決定した。その後、2003年5月には、受注数の上積みを狙って717-200をベースとして座席数を40から60席としたビジネスジェット型の提案も始めた。ビジネスジェット型の受注は得られなかったものの、受注継続により2002年には32機、2003年と2004年には8機ずつの注文を得た。2004年後半になると受注がなくなり、2005年1月、ボーイングは改めて新規受注を停止することを発表した。2006年5月23日、ミッドウエスト航空とエアトラン航空に1機ずつ、717の最後の引き渡しが行われた。これにより、ダグラスによって1941年に開設されたロングビーチ工場での民間機生産が終了した。717の総生産数は156機であった。,2002年と2003年のうち、717に対しより多くの機数の注文があったのは、いつか?,2002年,Logical reasoning
225,80,ボーイング717,717は2001年6月の時点で154機の受注を得ていたが販売は減速を続け、2001年10月、ボーイングは2001年中で717の受注を終了することを発表した。しかし、この間に商談が進んでいた航空会社が製造延長を強く望んだことから、同年12月にボーイングは製造継続を決定した。その後、2003年5月には、受注数の上積みを狙って717-200をベースとして座席数を40から60席としたビジネスジェット型の提案も始めた。ビジネスジェット型の受注は得られなかったものの、受注継続により2002年には32機、2003年と2004年には8機ずつの注文を得た。2004年後半になると受注がなくなり、2005年1月、ボーイングは改めて新規受注を停止することを発表した。2006年5月23日、ミッドウエスト航空とエアトラン航空に1機ずつ、717の最後の引き渡しが行われた。これにより、ダグラスによって1941年に開設されたロングビーチ工場での民間機生産が終了した。717の総生産数は156機であった。,717の最後の引き渡しが行われたのは、いつ?,2006年5月23日,Syntactic variation
226,80,ボーイング717,717は2001年6月の時点で154機の受注を得ていたが販売は減速を続け、2001年10月、ボーイングは2001年中で717の受注を終了することを発表した。しかし、この間に商談が進んでいた航空会社が製造延長を強く望んだことから、同年12月にボーイングは製造継続を決定した。その後、2003年5月には、受注数の上積みを狙って717-200をベースとして座席数を40から60席としたビジネスジェット型の提案も始めた。ビジネスジェット型の受注は得られなかったものの、受注継続により2002年には32機、2003年と2004年には8機ずつの注文を得た。2004年後半になると受注がなくなり、2005年1月、ボーイングは改めて新規受注を停止することを発表した。2006年5月23日、ミッドウエスト航空とエアトラン航空に1機ずつ、717の最後の引き渡しが行われた。これにより、ダグラスによって1941年に開設されたロングビーチ工場での民間機生産が終了した。717の総生産数は156機であった。,ボーイングが717の受注を終了すると最初に発表したのはいつなの?,2001年10月,Logical reasoning
227,81,ボーイング717,"717は低翼配置の主翼を持つ単葉機であり、エンジンは胴体尾部の左右に1発ずつ配置され、垂直尾翼の上に水平尾翼が配置されたT字尾翼を持つ。717の尾翼やエンジンの配置はDC-9シリーズの流れが受け継がれたものである。胴体断面もDC-9から引き継がれたもので、2つの円を組み合わせたダルマを逆さにしたような断面を持ち、最大幅が3.34メートルである。機体の寸法はDC-9-30と同程度であり、全長が37.81メートル、全幅は28.45メートル、全高は8.92メートルである。717の主翼はテーパーがついた後退翼で、翼端にはウィングレットを持たない。この主翼はDC-9-34の主翼と基本設計は同様で、前縁・後縁ともに直線で構成されたシンプルな平面形を持ち、翼面積は92.97平方メートル、25パーセント翼弦での後退角は24.5度、翼厚/翼弦比は11.6である。717で変更された点としては、取り付け角が1.3度増やされているほか、使用部材に新アルミ合金などの新素材が採用されている。降着装置は前輪配置で、前脚と主脚ともに2輪式である。717には長胴型や短胴型といった派生型は開発されなかったが、最大離陸重量を増加させたHGW型と呼ばれる仕様が設定されている。標準型の最大離陸重量は49,845キログラムであり、HGW型では54,885キログラムとなる。HGW型では中央翼(胴体)内に燃料タンクが追加され、重量増加分はこの燃料に充てられる。106名の乗客と手荷物を搭載した場合の航続距離は、標準型が1,430海里(2,648キロメートル)、HGW型が2,060海里(3,815キロメートル)となる。HGW型ではエンジンの推力も強化されている。",717は、エンジンがどこの左右に1つずつ配置された旅客機でありますか?,胴体尾部,Syntactic variation
228,81,ボーイング717,"717は低翼配置の主翼を持つ単葉機であり、エンジンは胴体尾部の左右に1発ずつ配置され、垂直尾翼の上に水平尾翼が配置されたT字尾翼を持つ。717の尾翼やエンジンの配置はDC-9シリーズの流れが受け継がれたものである。胴体断面もDC-9から引き継がれたもので、2つの円を組み合わせたダルマを逆さにしたような断面を持ち、最大幅が3.34メートルである。機体の寸法はDC-9-30と同程度であり、全長が37.81メートル、全幅は28.45メートル、全高は8.92メートルである。717の主翼はテーパーがついた後退翼で、翼端にはウィングレットを持たない。この主翼はDC-9-34の主翼と基本設計は同様で、前縁・後縁ともに直線で構成されたシンプルな平面形を持ち、翼面積は92.97平方メートル、25パーセント翼弦での後退角は24.5度、翼厚/翼弦比は11.6である。717で変更された点としては、取り付け角が1.3度増やされているほか、使用部材に新アルミ合金などの新素材が採用されている。降着装置は前輪配置で、前脚と主脚ともに2輪式である。717には長胴型や短胴型といった派生型は開発されなかったが、最大離陸重量を増加させたHGW型と呼ばれる仕様が設定されている。標準型の最大離陸重量は49,845キログラムであり、HGW型では54,885キログラムとなる。HGW型では中央翼(胴体)内に燃料タンクが追加され、重量増加分はこの燃料に充てられる。106名の乗客と手荷物を搭載した場合の航続距離は、標準型が1,430海里(2,648キロメートル)、HGW型が2,060海里(3,815キロメートル)となる。HGW型ではエンジンの推力も強化されている。",717における標準型とHGW型のうち、最大離陸重量の値がより大きいのは、どれか?,HGW型,Logical reasoning
229,81,ボーイング717,"717は低翼配置の主翼を持つ単葉機であり、エンジンは胴体尾部の左右に1発ずつ配置され、垂直尾翼の上に水平尾翼が配置されたT字尾翼を持つ。717の尾翼やエンジンの配置はDC-9シリーズの流れが受け継がれたものである。胴体断面もDC-9から引き継がれたもので、2つの円を組み合わせたダルマを逆さにしたような断面を持ち、最大幅が3.34メートルである。機体の寸法はDC-9-30と同程度であり、全長が37.81メートル、全幅は28.45メートル、全高は8.92メートルである。717の主翼はテーパーがついた後退翼で、翼端にはウィングレットを持たない。この主翼はDC-9-34の主翼と基本設計は同様で、前縁・後縁ともに直線で構成されたシンプルな平面形を持ち、翼面積は92.97平方メートル、25パーセント翼弦での後退角は24.5度、翼厚/翼弦比は11.6である。717で変更された点としては、取り付け角が1.3度増やされているほか、使用部材に新アルミ合金などの新素材が採用されている。降着装置は前輪配置で、前脚と主脚ともに2輪式である。717には長胴型や短胴型といった派生型は開発されなかったが、最大離陸重量を増加させたHGW型と呼ばれる仕様が設定されている。標準型の最大離陸重量は49,845キログラムであり、HGW型では54,885キログラムとなる。HGW型では中央翼(胴体)内に燃料タンクが追加され、重量増加分はこの燃料に充てられる。106名の乗客と手荷物を搭載した場合の航続距離は、標準型が1,430海里(2,648キロメートル)、HGW型が2,060海里(3,815キロメートル)となる。HGW型ではエンジンの推力も強化されている。",搭載した乗客数および手荷物の重量が同じである場合、航続距離がより長いのは、標準型とHGW型のうち、どれか?,HGW型,Logical reasoning
230,81,ボーイング717,"717は低翼配置の主翼を持つ単葉機であり、エンジンは胴体尾部の左右に1発ずつ配置され、垂直尾翼の上に水平尾翼が配置されたT字尾翼を持つ。717の尾翼やエンジンの配置はDC-9シリーズの流れが受け継がれたものである。胴体断面もDC-9から引き継がれたもので、2つの円を組み合わせたダルマを逆さにしたような断面を持ち、最大幅が3.34メートルである。機体の寸法はDC-9-30と同程度であり、全長が37.81メートル、全幅は28.45メートル、全高は8.92メートルである。717の主翼はテーパーがついた後退翼で、翼端にはウィングレットを持たない。この主翼はDC-9-34の主翼と基本設計は同様で、前縁・後縁ともに直線で構成されたシンプルな平面形を持ち、翼面積は92.97平方メートル、25パーセント翼弦での後退角は24.5度、翼厚/翼弦比は11.6である。717で変更された点としては、取り付け角が1.3度増やされているほか、使用部材に新アルミ合金などの新素材が採用されている。降着装置は前輪配置で、前脚と主脚ともに2輪式である。717には長胴型や短胴型といった派生型は開発されなかったが、最大離陸重量を増加させたHGW型と呼ばれる仕様が設定されている。標準型の最大離陸重量は49,845キログラムであり、HGW型では54,885キログラムとなる。HGW型では中央翼(胴体)内に燃料タンクが追加され、重量増加分はこの燃料に充てられる。106名の乗客と手荷物を搭載した場合の航続距離は、標準型が1,430海里(2,648キロメートル)、HGW型が2,060海里(3,815キロメートル)となる。HGW型ではエンジンの推力も強化されている。",717の標準型より最大離陸重量を増加させ、エンジンの推力を強化した型を何と呼ぶか?,HGW型,Multiple sentence reasoning
231,82,ボーイング717,717の運航に必要な操縦士は機長と副操縦士の2名である。717の操縦席にはMD-11で導入された技術や設計が用いられている。717の操縦席は完全なグラスコックピットとなり、操縦席の全面には液晶ディスプレイが横一列に6面配置されている。操縦室内の電子システムも完全にデジタル化され、MD-87と比べて操縦室内のコンポーネントが50パーセント以上少なくなり、操縦士の作業負荷の低減が図られている。スポイラーはフライ・バイ・ワイヤによって制御される。航法システムや自動操縦装置はハネウェル社のシステムが採用されている。自動着陸装置は標準でカテゴリーIIIa対応で、オプションでカテゴリーIIIbへの対応も可能である。,717の操縦席には、何で導入された技術や設計が用いられた?,MD-11,Syntactic variation
232,82,ボーイング717,717の運航に必要な操縦士は機長と副操縦士の2名である。717の操縦席にはMD-11で導入された技術や設計が用いられている。717の操縦席は完全なグラスコックピットとなり、操縦席の全面には液晶ディスプレイが横一列に6面配置されている。操縦室内の電子システムも完全にデジタル化され、MD-87と比べて操縦室内のコンポーネントが50パーセント以上少なくなり、操縦士の作業負荷の低減が図られている。スポイラーはフライ・バイ・ワイヤによって制御される。航法システムや自動操縦装置はハネウェル社のシステムが採用されている。自動着陸装置は標準でカテゴリーIIIa対応で、オプションでカテゴリーIIIbへの対応も可能である。,717とMD-87を比べた時、操縦室内のコンポーネントの数がより多いのは、どれですか?,MD-87,Lexical variation (world knowledge)
233,82,ボーイング717,717の運航に必要な操縦士は機長と副操縦士の2名である。717の操縦席にはMD-11で導入された技術や設計が用いられている。717の操縦席は完全なグラスコックピットとなり、操縦席の全面には液晶ディスプレイが横一列に6面配置されている。操縦室内の電子システムも完全にデジタル化され、MD-87と比べて操縦室内のコンポーネントが50パーセント以上少なくなり、操縦士の作業負荷の低減が図られている。スポイラーはフライ・バイ・ワイヤによって制御される。航法システムや自動操縦装置はハネウェル社のシステムが採用されている。自動着陸装置は標準でカテゴリーIIIa対応で、オプションでカテゴリーIIIbへの対応も可能である。,この文書では、飛行システムにおいて717を、MD-11とどんな旅客機と比較しているか?,MD-87,Multiple sentence reasoning
234,83,ボーイング717,717の客室内には通路が1本配置され、標準的な座席配置はエコノミークラスが3+2の5アブレスト、上級クラスは2+2の4アブレストであり、左右の座席上には手荷物を収容するオーバーヘッド・ビンが配置されている。胴体断面は1960年代に設計されたDC-9のものだが内装は一新されており、窓面積が拡大され、オーバーヘッド・ビンの下部へ手すりが設けられ、バキューム式の化粧室が導入されている。乗降用のドアは客室最前部の左舷と通路最後部の尾部に配置されている。前方の乗降用ドアの下にはエアステアと呼ばれる収納式階段がオプションで設定されている。サービスドアは前方乗降用ドアの向かいにあたる右舷に1か所あり、非常口は、左右の主翼上に2か所ずつと、尾部乗降用ドアの上にあたるテールコーン部に1か所設けられている。床下の貨物室は、主翼を挟んで前方と後方に分かれており、容積は標準型が26.5立方メートル、HGW型が20.7立方メートルである。HGW型の方が容積が小さいのは、貨物室内にオプションの燃料タンクが設けられるためである。各貨物室の右舷側に内開き式の貨物用扉が配置されている。,717の座席配置において、アブレストがより多いのは、エコノミークラスか、もしくは、上級クラスか?,エコノミークラス,Logical reasoning
235,83,ボーイング717,717の客室内には通路が1本配置され、標準的な座席配置はエコノミークラスが3+2の5アブレスト、上級クラスは2+2の4アブレストであり、左右の座席上には手荷物を収容するオーバーヘッド・ビンが配置されている。胴体断面は1960年代に設計されたDC-9のものだが内装は一新されており、窓面積が拡大され、オーバーヘッド・ビンの下部へ手すりが設けられ、バキューム式の化粧室が導入されている。乗降用のドアは客室最前部の左舷と通路最後部の尾部に配置されている。前方の乗降用ドアの下にはエアステアと呼ばれる収納式階段がオプションで設定されている。サービスドアは前方乗降用ドアの向かいにあたる右舷に1か所あり、非常口は、左右の主翼上に2か所ずつと、尾部乗降用ドアの上にあたるテールコーン部に1か所設けられている。床下の貨物室は、主翼を挟んで前方と後方に分かれており、容積は標準型が26.5立方メートル、HGW型が20.7立方メートルである。HGW型の方が容積が小さいのは、貨物室内にオプションの燃料タンクが設けられるためである。各貨物室の右舷側に内開き式の貨物用扉が配置されている。,床下の貨物室の容積がより小さいのは、標準型とHGW型のうち、どちらですか?,HGW型,Lexical variation (world knowledge)
236,83,ボーイング717,717の客室内には通路が1本配置され、標準的な座席配置はエコノミークラスが3+2の5アブレスト、上級クラスは2+2の4アブレストであり、左右の座席上には手荷物を収容するオーバーヘッド・ビンが配置されている。胴体断面は1960年代に設計されたDC-9のものだが内装は一新されており、窓面積が拡大され、オーバーヘッド・ビンの下部へ手すりが設けられ、バキューム式の化粧室が導入されている。乗降用のドアは客室最前部の左舷と通路最後部の尾部に配置されている。前方の乗降用ドアの下にはエアステアと呼ばれる収納式階段がオプションで設定されている。サービスドアは前方乗降用ドアの向かいにあたる右舷に1か所あり、非常口は、左右の主翼上に2か所ずつと、尾部乗降用ドアの上にあたるテールコーン部に1か所設けられている。床下の貨物室は、主翼を挟んで前方と後方に分かれており、容積は標準型が26.5立方メートル、HGW型が20.7立方メートルである。HGW型の方が容積が小さいのは、貨物室内にオプションの燃料タンクが設けられるためである。各貨物室の右舷側に内開き式の貨物用扉が配置されている。,HGW型の方が容積が小さいのは、貨物室内に何が設けられたためであるの?,オプションの燃料タンク,Syntactic variation
237,84,ボーイング717,2017年7月現在、航空会社5社により154機が民間航空路線に就航している。最も多くの717を運航しているのは米国のデルタ航空であり、全体の約6割となる91機である。続いてオーストラリアのカンタスリンクと米国のハワイアン航空がそれぞれ20機、スペインのボロテアが17機、トルクメニスタン航空が6機を運用している。717の新造機の受領数が最も多かったのはエアトラン航空で63機、2番手がミッドウエスト航空で25機、続いてトランス・ワールド航空で24機であり、いずれも米国の航空会社であった。また、717は、インパルス航空やオリンピック・アビエーションのように小型のターボプロップ機しか運航していなかった航空会社でも導入された。初期に717の導入数が多かった航空会社のうち、トランス・ワールド航空は2001年にアメリカン航空に吸収合併された。これにより717はアメリカン航空に引き継がれたが、同社は2002年には手放している。また、エアトラン航空はサウスウエスト航空に吸収合併された。合併作業は2011年5月に完了し、717もサウスウエスト航空に引き継がれた。これによりサウスウエスト航空が717の最多運用者となったが、同社は717をデルタ航空にリースすることを発表し、2015年にデルタ航空が最大の運用者となった。ミッドウエスト航空では2009年から2010年にかけて717を手放している。2014年頃にはフィンランドのブルーワンでも運用されていた。,ハワイアン航空とボロテアのうち、2017年7月の時点でより多くの717を運航していたのは、どの航空会社か?,ハワイアン航空,Logical reasoning
238,84,ボーイング717,2017年7月現在、航空会社5社により154機が民間航空路線に就航している。最も多くの717を運航しているのは米国のデルタ航空であり、全体の約6割となる91機である。続いてオーストラリアのカンタスリンクと米国のハワイアン航空がそれぞれ20機、スペインのボロテアが17機、トルクメニスタン航空が6機を運用している。717の新造機の受領数が最も多かったのはエアトラン航空で63機、2番手がミッドウエスト航空で25機、続いてトランス・ワールド航空で24機であり、いずれも米国の航空会社であった。また、717は、インパルス航空やオリンピック・アビエーションのように小型のターボプロップ機しか運航していなかった航空会社でも導入された。初期に717の導入数が多かった航空会社のうち、トランス・ワールド航空は2001年にアメリカン航空に吸収合併された。これにより717はアメリカン航空に引き継がれたが、同社は2002年には手放している。また、エアトラン航空はサウスウエスト航空に吸収合併された。合併作業は2011年5月に完了し、717もサウスウエスト航空に引き継がれた。これによりサウスウエスト航空が717の最多運用者となったが、同社は717をデルタ航空にリースすることを発表し、2015年にデルタ航空が最大の運用者となった。ミッドウエスト航空では2009年から2010年にかけて717を手放している。2014年頃にはフィンランドのブルーワンでも運用されていた。,717の新造機の受領数が3番目に多かったのは、どの航空会社なの?,トランス・ワールド航空,Lexical variation (world knowledge)
239,84,ボーイング717,2017年7月現在、航空会社5社により154機が民間航空路線に就航している。最も多くの717を運航しているのは米国のデルタ航空であり、全体の約6割となる91機である。続いてオーストラリアのカンタスリンクと米国のハワイアン航空がそれぞれ20機、スペインのボロテアが17機、トルクメニスタン航空が6機を運用している。717の新造機の受領数が最も多かったのはエアトラン航空で63機、2番手がミッドウエスト航空で25機、続いてトランス・ワールド航空で24機であり、いずれも米国の航空会社であった。また、717は、インパルス航空やオリンピック・アビエーションのように小型のターボプロップ機しか運航していなかった航空会社でも導入された。初期に717の導入数が多かった航空会社のうち、トランス・ワールド航空は2001年にアメリカン航空に吸収合併された。これにより717はアメリカン航空に引き継がれたが、同社は2002年には手放している。また、エアトラン航空はサウスウエスト航空に吸収合併された。合併作業は2011年5月に完了し、717もサウスウエスト航空に引き継がれた。これによりサウスウエスト航空が717の最多運用者となったが、同社は717をデルタ航空にリースすることを発表し、2015年にデルタ航空が最大の運用者となった。ミッドウエスト航空では2009年から2010年にかけて717を手放している。2014年頃にはフィンランドのブルーワンでも運用されていた。,デルタ航空のすぐ前の717の最多運用者は、どの航空会社ですか?,サウスウエスト航空,Lexical variation (world knowledge)
240,84,ボーイング717,2017年7月現在、航空会社5社により154機が民間航空路線に就航している。最も多くの717を運航しているのは米国のデルタ航空であり、全体の約6割となる91機である。続いてオーストラリアのカンタスリンクと米国のハワイアン航空がそれぞれ20機、スペインのボロテアが17機、トルクメニスタン航空が6機を運用している。717の新造機の受領数が最も多かったのはエアトラン航空で63機、2番手がミッドウエスト航空で25機、続いてトランス・ワールド航空で24機であり、いずれも米国の航空会社であった。また、717は、インパルス航空やオリンピック・アビエーションのように小型のターボプロップ機しか運航していなかった航空会社でも導入された。初期に717の導入数が多かった航空会社のうち、トランス・ワールド航空は2001年にアメリカン航空に吸収合併された。これにより717はアメリカン航空に引き継がれたが、同社は2002年には手放している。また、エアトラン航空はサウスウエスト航空に吸収合併された。合併作業は2011年5月に完了し、717もサウスウエスト航空に引き継がれた。これによりサウスウエスト航空が717の最多運用者となったが、同社は717をデルタ航空にリースすることを発表し、2015年にデルタ航空が最大の運用者となった。ミッドウエスト航空では2009年から2010年にかけて717を手放している。2014年頃にはフィンランドのブルーワンでも運用されていた。,アメリカン航空とミッドウエスト航空のうち、717を手放した時期がより遅いのは、どちらか?,ミッドウエスト航空,Logical reasoning
241,85,カール・ボッシュ,"カール・ボッシュはドイツの化学者、工学者、経営者である。

1899年にBASFに入社し、研究を開始した。1908年から1913年までフリッツ・ハーバーと共にハーバー・ボッシュ法を開発した。第一次世界大戦の後、高圧化学を用いて、ガソリンやメタノールの合成の研究を続けた。1925年にはIG・ファルベンの創立者の一人となった。1931年に高圧化学的方法の発明と開発によって、ノーベル化学賞を受賞した。",カール・ボッシュは何年にBASFに入社したか。,1899年,Multiple sentence reasoning
242,85,カール・ボッシュ,"カール・ボッシュはドイツの化学者、工学者、経営者である。

1899年にBASFに入社し、研究を開始した。1908年から1913年までフリッツ・ハーバーと共にハーバー・ボッシュ法を開発した。第一次世界大戦の後、高圧化学を用いて、ガソリンやメタノールの合成の研究を続けた。1925年にはIG・ファルベンの創立者の一人となった。1931年に高圧化学的方法の発明と開発によって、ノーベル化学賞を受賞した。",ハーバー・ボッシュ法を開発したのはフリッツ・ハーバーと誰ですか。,カール・ボッシュ,Multiple sentence reasoning
243,85,カール・ボッシュ,"カール・ボッシュはドイツの化学者、工学者、経営者である。

1899年にBASFに入社し、研究を開始した。1908年から1913年までフリッツ・ハーバーと共にハーバー・ボッシュ法を開発した。第一次世界大戦の後、高圧化学を用いて、ガソリンやメタノールの合成の研究を続けた。1925年にはIG・ファルベンの創立者の一人となった。1931年に高圧化学的方法の発明と開発によって、ノーベル化学賞を受賞した。",カール・ボッシュは何を発明したことでノーベル化学賞を受賞したか。,高圧化学的方法,Multiple sentence reasoning
244,86,カール・ボッシュ,"カール・ボッシュは1874年8月27日、ドイツのケルンで生まれた。カールという名前は父親の名から採られている。父親はシュヴァーベンの農家の出身で、ケルンでは配線事業や、ガス・水道用の部品の製造・販売にたずさわっていた。母親のパウラ・リープストはケルンの生まれである。また、ロバート・ボッシュ社の創立者であるロバート・ボッシュは叔父にあたる。

幼いころから父親の持っている工具や機械に興味を示し、フンボルト街の高等実業学校に入ってからは家で鳥かごや飼育箱、ボートなど、様々なものを細工していた。16歳のとき、一家は仕事場つきの家へと引っ越した。この頃になると化学を好むようになり、器具を入手して化学の実験をしていた。",カール・ボッシュの母国はどこ?,ドイツ,Lexical variation (world knowledge)
245,86,カール・ボッシュ,"カール・ボッシュは1874年8月27日、ドイツのケルンで生まれた。カールという名前は父親の名から採られている。父親はシュヴァーベンの農家の出身で、ケルンでは配線事業や、ガス・水道用の部品の製造・販売にたずさわっていた。母親のパウラ・リープストはケルンの生まれである。また、ロバート・ボッシュ社の創立者であるロバート・ボッシュは叔父にあたる。

幼いころから父親の持っている工具や機械に興味を示し、フンボルト街の高等実業学校に入ってからは家で鳥かごや飼育箱、ボートなど、様々なものを細工していた。16歳のとき、一家は仕事場つきの家へと引っ越した。この頃になると化学を好むようになり、器具を入手して化学の実験をしていた。",カール・ボッシュのカールは父親から採ったの、母親から採ったの?,父親,Multiple sentence reasoning
246,86,カール・ボッシュ,"カール・ボッシュは1874年8月27日、ドイツのケルンで生まれた。カールという名前は父親の名から採られている。父親はシュヴァーベンの農家の出身で、ケルンでは配線事業や、ガス・水道用の部品の製造・販売にたずさわっていた。母親のパウラ・リープストはケルンの生まれである。また、ロバート・ボッシュ社の創立者であるロバート・ボッシュは叔父にあたる。

幼いころから父親の持っている工具や機械に興味を示し、フンボルト街の高等実業学校に入ってからは家で鳥かごや飼育箱、ボートなど、様々なものを細工していた。16歳のとき、一家は仕事場つきの家へと引っ越した。この頃になると化学を好むようになり、器具を入手して化学の実験をしていた。",ロバート・ボッシュ社の創立者の名前は何?,ロバート・ボッシュ,Syntactic variation
247,87,カール・ボッシュ,"カール・ボッシュは1893年、高等実業学校を卒業したとき、化学者になりたいという思いを持っていた。しかし父の勧めにより、シレジアの精錬所で組立工の従弟として学ぶことになった。化学から離れて職人仕事にたずさわることは本意でなかったが、仕事仲間からの評価は高かった。翌1894年になると、シャルロッテンブルク工科大学に冶金学と機械工学の学生として入学が認められた。そこでは専攻分野の講義のほか、化学の講義も受講した。ただし同校では理論的な計算値よりも職人たちが感覚で導いた値を優先するようなところがあって、ボッシュは不満に思っていた。そして、純粋な科学に魅力を感じたボッシュは、ライプツィヒ大学に入学した。

ライプツィヒ大学ではヨハネス・ウィスリセヌスのもとで有機化学を学び、1898年に学位を得た。大学では化学のほか、鉱物学や昆虫、植物についての講義を聞き、知見を広めた。また、イギリスから講演にやってきたウィリアム・ラムゼーが希ガスのスペクトルを実演した時は、自らの手でそれを再現しようと思い、自分で装置を作り上げ、ラムゼイ講演の3日後にヘリウムのスペクトル実演を成功させた。",カール・ボッシュは1893年、どの学校を卒業したの?,高等実業学校,Syntactic variation
248,87,カール・ボッシュ,"カール・ボッシュは1893年、高等実業学校を卒業したとき、化学者になりたいという思いを持っていた。しかし父の勧めにより、シレジアの精錬所で組立工の従弟として学ぶことになった。化学から離れて職人仕事にたずさわることは本意でなかったが、仕事仲間からの評価は高かった。翌1894年になると、シャルロッテンブルク工科大学に冶金学と機械工学の学生として入学が認められた。そこでは専攻分野の講義のほか、化学の講義も受講した。ただし同校では理論的な計算値よりも職人たちが感覚で導いた値を優先するようなところがあって、ボッシュは不満に思っていた。そして、純粋な科学に魅力を感じたボッシュは、ライプツィヒ大学に入学した。

ライプツィヒ大学ではヨハネス・ウィスリセヌスのもとで有機化学を学び、1898年に学位を得た。大学では化学のほか、鉱物学や昆虫、植物についての講義を聞き、知見を広めた。また、イギリスから講演にやってきたウィリアム・ラムゼーが希ガスのスペクトルを実演した時は、自らの手でそれを再現しようと思い、自分で装置を作り上げ、ラムゼイ講演の3日後にヘリウムのスペクトル実演を成功させた。",カール・ボッシュは、いつシャルロッテンブルク工科大学の入学が認められたか。,1894年,Syntactic variation
249,87,カール・ボッシュ,"カール・ボッシュは1893年、高等実業学校を卒業したとき、化学者になりたいという思いを持っていた。しかし父の勧めにより、シレジアの精錬所で組立工の従弟として学ぶことになった。化学から離れて職人仕事にたずさわることは本意でなかったが、仕事仲間からの評価は高かった。翌1894年になると、シャルロッテンブルク工科大学に冶金学と機械工学の学生として入学が認められた。そこでは専攻分野の講義のほか、化学の講義も受講した。ただし同校では理論的な計算値よりも職人たちが感覚で導いた値を優先するようなところがあって、ボッシュは不満に思っていた。そして、純粋な科学に魅力を感じたボッシュは、ライプツィヒ大学に入学した。

ライプツィヒ大学ではヨハネス・ウィスリセヌスのもとで有機化学を学び、1898年に学位を得た。大学では化学のほか、鉱物学や昆虫、植物についての講義を聞き、知見を広めた。また、イギリスから講演にやってきたウィリアム・ラムゼーが希ガスのスペクトルを実演した時は、自らの手でそれを再現しようと思い、自分で装置を作り上げ、ラムゼイ講演の3日後にヘリウムのスペクトル実演を成功させた。",1898年、カール・ボッシュはどの学校の学位を得たか。,ライプツィヒ大学,Multiple sentence reasoning
250,87,カール・ボッシュ,"カール・ボッシュは1893年、高等実業学校を卒業したとき、化学者になりたいという思いを持っていた。しかし父の勧めにより、シレジアの精錬所で組立工の従弟として学ぶことになった。化学から離れて職人仕事にたずさわることは本意でなかったが、仕事仲間からの評価は高かった。翌1894年になると、シャルロッテンブルク工科大学に冶金学と機械工学の学生として入学が認められた。そこでは専攻分野の講義のほか、化学の講義も受講した。ただし同校では理論的な計算値よりも職人たちが感覚で導いた値を優先するようなところがあって、ボッシュは不満に思っていた。そして、純粋な科学に魅力を感じたボッシュは、ライプツィヒ大学に入学した。

ライプツィヒ大学ではヨハネス・ウィスリセヌスのもとで有機化学を学び、1898年に学位を得た。大学では化学のほか、鉱物学や昆虫、植物についての講義を聞き、知見を広めた。また、イギリスから講演にやってきたウィリアム・ラムゼーが希ガスのスペクトルを実演した時は、自らの手でそれを再現しようと思い、自分で装置を作り上げ、ラムゼイ講演の3日後にヘリウムのスペクトル実演を成功させた。",カール・ボッシュはラムゼイ講演の何日後、ヘリウムのスペクトル実演を成功させたか。,3日後,Multiple sentence reasoning
251,88,カール・ボッシュ,"ボッシュはこのまま学問への道を進みたかったが、経済的な理由で父親からの反対を受けたため断念した。父親はライプツィヒへ行き、息子の化学工場への入社についてウィスリセヌス教授に相談を持ちかけた。教授から希望先を聞かれたカール・ボッシュは、その場でBASFの名を挙げた。

ボッシュがBASFを志望したのは、教授や先輩の勧めによるところもあったが、同社の名声や将来性も大きな理由だった。また同社には、ハインリッヒ・フォン・ブルンクやルドルフ・クニーツといった著名な学者が在籍していたことも、ボッシュにとっては魅力的だった。ボッシュは1899年1月30日付けでBASFに求職願いを出し、面接の結果、4月15日に採用になった。

BASF社では、新入社員はまず中央研究室に入り、そこで社員の適性を見てから配属先を決めることになっていた。ボッシュも中央研究室を経てから、無水フタル酸の製造工場に回された。担当部長は、無水フタル酸の製造における硫酸水銀の触媒作用を発見したオイゲン・サッパーだった。それと並行して、ボッシュは1900年、ルドルフ・クニーツからアンモニア合成に関する実験を命じられた。",ボッシュが学問の道へ進むことに対して、父親は反対でしたか、賛成でしたか。,反対,Logical reasoning
252,88,カール・ボッシュ,"ボッシュはこのまま学問への道を進みたかったが、経済的な理由で父親からの反対を受けたため断念した。父親はライプツィヒへ行き、息子の化学工場への入社についてウィスリセヌス教授に相談を持ちかけた。教授から希望先を聞かれたカール・ボッシュは、その場でBASFの名を挙げた。

ボッシュがBASFを志望したのは、教授や先輩の勧めによるところもあったが、同社の名声や将来性も大きな理由だった。また同社には、ハインリッヒ・フォン・ブルンクやルドルフ・クニーツといった著名な学者が在籍していたことも、ボッシュにとっては魅力的だった。ボッシュは1899年1月30日付けでBASFに求職願いを出し、面接の結果、4月15日に採用になった。

BASF社では、新入社員はまず中央研究室に入り、そこで社員の適性を見てから配属先を決めることになっていた。ボッシュも中央研究室を経てから、無水フタル酸の製造工場に回された。担当部長は、無水フタル酸の製造における硫酸水銀の触媒作用を発見したオイゲン・サッパーだった。それと並行して、ボッシュは1900年、ルドルフ・クニーツからアンモニア合成に関する実験を命じられた。",ボッシュは何年にBASFに入社することになりましたか。,1899年,Lexical variation (synonymy)
253,88,カール・ボッシュ,"ボッシュはこのまま学問への道を進みたかったが、経済的な理由で父親からの反対を受けたため断念した。父親はライプツィヒへ行き、息子の化学工場への入社についてウィスリセヌス教授に相談を持ちかけた。教授から希望先を聞かれたカール・ボッシュは、その場でBASFの名を挙げた。

ボッシュがBASFを志望したのは、教授や先輩の勧めによるところもあったが、同社の名声や将来性も大きな理由だった。また同社には、ハインリッヒ・フォン・ブルンクやルドルフ・クニーツといった著名な学者が在籍していたことも、ボッシュにとっては魅力的だった。ボッシュは1899年1月30日付けでBASFに求職願いを出し、面接の結果、4月15日に採用になった。

BASF社では、新入社員はまず中央研究室に入り、そこで社員の適性を見てから配属先を決めることになっていた。ボッシュも中央研究室を経てから、無水フタル酸の製造工場に回された。担当部長は、無水フタル酸の製造における硫酸水銀の触媒作用を発見したオイゲン・サッパーだった。それと並行して、ボッシュは1900年、ルドルフ・クニーツからアンモニア合成に関する実験を命じられた。",ボッシュがBASFの新入社員だったとき、無水フタル酸の製造工場の担当部長は誰でしたか。,オイゲン・サッパー,Multiple sentence reasoning
254,88,カール・ボッシュ,"ボッシュはこのまま学問への道を進みたかったが、経済的な理由で父親からの反対を受けたため断念した。父親はライプツィヒへ行き、息子の化学工場への入社についてウィスリセヌス教授に相談を持ちかけた。教授から希望先を聞かれたカール・ボッシュは、その場でBASFの名を挙げた。

ボッシュがBASFを志望したのは、教授や先輩の勧めによるところもあったが、同社の名声や将来性も大きな理由だった。また同社には、ハインリッヒ・フォン・ブルンクやルドルフ・クニーツといった著名な学者が在籍していたことも、ボッシュにとっては魅力的だった。ボッシュは1899年1月30日付けでBASFに求職願いを出し、面接の結果、4月15日に採用になった。

BASF社では、新入社員はまず中央研究室に入り、そこで社員の適性を見てから配属先を決めることになっていた。ボッシュも中央研究室を経てから、無水フタル酸の製造工場に回された。担当部長は、無水フタル酸の製造における硫酸水銀の触媒作用を発見したオイゲン・サッパーだった。それと並行して、ボッシュは1900年、ルドルフ・クニーツからアンモニア合成に関する実験を命じられた。",無水フタル酸の製造における硫酸水銀の触媒作用を発見した人の名前は何ですか。,オイゲン・サッパー,Syntactic variation
255,89,カール・ボッシュ,"当時、アンモニアを人工的に合成させることは、チリ硝石に代わる化学肥料に必須となる固定窒素を作り出す目的として化学者の間で注目を集めていた。そのような状況の中で、当時著名な化学者であったヴィルヘルム・オストヴァルトは1900年、鉄の針金を触媒として、窒素と水素を適切な温度・圧力のもとで合成させることでアンモニアを作ることに成功した。そこでオストヴァルトは、さっそくその方法で特許を申請し、BASFをはじめとする数社に売り込みをかけた。BASFはこの内容に興味を示し、社内で追試することにした。この追試を任されたのがボッシュだったのである。このときボッシュは入社してまだ1年もたっていなかった。

ボッシュは実験をしてみたが、何度やってもオストヴァルトの結果が再現できなかったので、上司にそのように報告した。これを聞いてオストヴァルトは怒り、会社の重役室までやってきた。そして、「そうです。もし貴方達が、新参で無経験で何もできない化学者に命じたならば、もちろん何も出てこないでしょう」と言った。その後ボッシュはオストヴァルトと激しく論争したり、オストヴァルトが実際に使った針金で実験したりしてみたが、結局上手くゆかなかった。しかしボッシュは実験しているうちに、事の実態がだんだん分かってきた。オストヴァルトが使った針金には不純物である窒化鉄が付着していて、それが水素と反応してアンモニアが生成されていたのである。オストヴァルトもやがてはそれを認め、特許を取り下げ、この問題から手を引いた。

この事件によって、ボッシュは、問題を発見する能力や、化学界の大物にもひるまずに自己を貫いたことなどが評価され、上司からの信頼を得ることができた。",ヴィルヘルム・オストヴァルトは1900年、鉄の針金を触媒として、窒素と水素を適切な温度・圧力のもとで合成させることで何を作ることに成功しましたか。,アンモニア,Syntactic variation
256,89,カール・ボッシュ,"当時、アンモニアを人工的に合成させることは、チリ硝石に代わる化学肥料に必須となる固定窒素を作り出す目的として化学者の間で注目を集めていた。そのような状況の中で、当時著名な化学者であったヴィルヘルム・オストヴァルトは1900年、鉄の針金を触媒として、窒素と水素を適切な温度・圧力のもとで合成させることでアンモニアを作ることに成功した。そこでオストヴァルトは、さっそくその方法で特許を申請し、BASFをはじめとする数社に売り込みをかけた。BASFはこの内容に興味を示し、社内で追試することにした。この追試を任されたのがボッシュだったのである。このときボッシュは入社してまだ1年もたっていなかった。

ボッシュは実験をしてみたが、何度やってもオストヴァルトの結果が再現できなかったので、上司にそのように報告した。これを聞いてオストヴァルトは怒り、会社の重役室までやってきた。そして、「そうです。もし貴方達が、新参で無経験で何もできない化学者に命じたならば、もちろん何も出てこないでしょう」と言った。その後ボッシュはオストヴァルトと激しく論争したり、オストヴァルトが実際に使った針金で実験したりしてみたが、結局上手くゆかなかった。しかしボッシュは実験しているうちに、事の実態がだんだん分かってきた。オストヴァルトが使った針金には不純物である窒化鉄が付着していて、それが水素と反応してアンモニアが生成されていたのである。オストヴァルトもやがてはそれを認め、特許を取り下げ、この問題から手を引いた。

この事件によって、ボッシュは、問題を発見する能力や、化学界の大物にもひるまずに自己を貫いたことなどが評価され、上司からの信頼を得ることができた。",オストヴァルトが使った針金には何が付着していて、水素と反応してアンモニアが生成されていたのですか。,窒化鉄,Syntactic variation
257,89,カール・ボッシュ,"当時、アンモニアを人工的に合成させることは、チリ硝石に代わる化学肥料に必須となる固定窒素を作り出す目的として化学者の間で注目を集めていた。そのような状況の中で、当時著名な化学者であったヴィルヘルム・オストヴァルトは1900年、鉄の針金を触媒として、窒素と水素を適切な温度・圧力のもとで合成させることでアンモニアを作ることに成功した。そこでオストヴァルトは、さっそくその方法で特許を申請し、BASFをはじめとする数社に売り込みをかけた。BASFはこの内容に興味を示し、社内で追試することにした。この追試を任されたのがボッシュだったのである。このときボッシュは入社してまだ1年もたっていなかった。

ボッシュは実験をしてみたが、何度やってもオストヴァルトの結果が再現できなかったので、上司にそのように報告した。これを聞いてオストヴァルトは怒り、会社の重役室までやってきた。そして、「そうです。もし貴方達が、新参で無経験で何もできない化学者に命じたならば、もちろん何も出てこないでしょう」と言った。その後ボッシュはオストヴァルトと激しく論争したり、オストヴァルトが実際に使った針金で実験したりしてみたが、結局上手くゆかなかった。しかしボッシュは実験しているうちに、事の実態がだんだん分かってきた。オストヴァルトが使った針金には不純物である窒化鉄が付着していて、それが水素と反応してアンモニアが生成されていたのである。オストヴァルトもやがてはそれを認め、特許を取り下げ、この問題から手を引いた。

この事件によって、ボッシュは、問題を発見する能力や、化学界の大物にもひるまずに自己を貫いたことなどが評価され、上司からの信頼を得ることができた。",オストヴァルトが使った針金には不純物である窒化鉄が付着していて、それが水素と反応してアンモニアが生成されていたことを発見したのは誰ですか。,ボッシュ,Multiple sentence reasoning
258,90,カール・ボッシュ,"ボッシュは入社直後から、工場内の住居に住み、週末にはボウリングをしたり、酒を飲みに出かけたりしていた。また、休暇や祭日には両親のところで過ごすようにしていた。そしてここで、妹の友達のエルゼ・シルバッハと仲が良くなり、1902年に結婚した。結婚後はルートヴィヒス・ハーフェンのアパートに住み、その後、さらに大きな家に移り住んだ。1906年には長男のカール、1911年には長女のインゲが生まれた。

一方、仕事においては、無水フタル酸工場の拡張が計画されていた。ボッシュはこの際、装置の加熱方法を従来の石炭ガス加熱から、新たな発生炉ガス加熱に切り替えることを提案し、実行に移した。ブルンクは当初これに反対していたが、後に、ボッシュの方法は経費の節約になることを認めた。ボッシュは他にもいくつかの改良を提案したが、ブルンクやクニーツから信頼されるようになっていたため、上司の支持を得ることができた。ボッシュには大きな権限が与えられ、フタル酸工場拡張後には実験室が与えられ、助手もつくようになった。",ボッシュは誰と結婚したの?,エルゼ・シルバッハ,Multiple sentence reasoning
259,90,カール・ボッシュ,"ボッシュは入社直後から、工場内の住居に住み、週末にはボウリングをしたり、酒を飲みに出かけたりしていた。また、休暇や祭日には両親のところで過ごすようにしていた。そしてここで、妹の友達のエルゼ・シルバッハと仲が良くなり、1902年に結婚した。結婚後はルートヴィヒス・ハーフェンのアパートに住み、その後、さらに大きな家に移り住んだ。1906年には長男のカール、1911年には長女のインゲが生まれた。

一方、仕事においては、無水フタル酸工場の拡張が計画されていた。ボッシュはこの際、装置の加熱方法を従来の石炭ガス加熱から、新たな発生炉ガス加熱に切り替えることを提案し、実行に移した。ブルンクは当初これに反対していたが、後に、ボッシュの方法は経費の節約になることを認めた。ボッシュは他にもいくつかの改良を提案したが、ブルンクやクニーツから信頼されるようになっていたため、上司の支持を得ることができた。ボッシュには大きな権限が与えられ、フタル酸工場拡張後には実験室が与えられ、助手もつくようになった。",カールとインゲと、誰の方が先に生まれたの?,カール,Logical reasoning
260,90,カール・ボッシュ,"ボッシュは入社直後から、工場内の住居に住み、週末にはボウリングをしたり、酒を飲みに出かけたりしていた。また、休暇や祭日には両親のところで過ごすようにしていた。そしてここで、妹の友達のエルゼ・シルバッハと仲が良くなり、1902年に結婚した。結婚後はルートヴィヒス・ハーフェンのアパートに住み、その後、さらに大きな家に移り住んだ。1906年には長男のカール、1911年には長女のインゲが生まれた。

一方、仕事においては、無水フタル酸工場の拡張が計画されていた。ボッシュはこの際、装置の加熱方法を従来の石炭ガス加熱から、新たな発生炉ガス加熱に切り替えることを提案し、実行に移した。ブルンクは当初これに反対していたが、後に、ボッシュの方法は経費の節約になることを認めた。ボッシュは他にもいくつかの改良を提案したが、ブルンクやクニーツから信頼されるようになっていたため、上司の支持を得ることができた。ボッシュには大きな権限が与えられ、フタル酸工場拡張後には実験室が与えられ、助手もつくようになった。",ボッシュの長女は何年生まれなの?,1911年,Multiple sentence reasoning
261,91,カール・ボッシュ,"ボッシュはこの任務の中心となって活動し、1915年5月、オッパウ工場に作られた新装置を使って1日150トンのチリ硝石を作ることに成功した。しかし同年同月、フランス軍がオッパウを空襲したため、この工場もそのうち空襲で失われるのではないかと危ぶまれるようになった。そこでドイツ政府とBASFは再び契約を結び、ライプツィヒ近くにあるロイナという小さな町に新しい工場を作ることにした。ボッシュは1916年からこの工場建設に専念したが、軍の徴用による人材不足、資材不足、冬の厳しい寒さにより、作業は難航した。結果的に、当初の予定である1917年2月1日からは遅れたものの、着工から約1年で建設は完了し、1917年4月27日に装置の炉に火がつけられた。生産量は、最初の年は年間36,000トンだったが、急激に増加し、戦争が終わるころには年間16万トンになった。

戦争中ボッシュの評価は高まり、BASFの取締役に任命された。さらに、ボッシュの名はドイツ工業会でも知られるようになった。一方、戦争が続いて、ドイツ軍の敗北が避けられなくなってくると、元々食糧危機を救うために自分が進めていたアンモニア合成の発展は、結果的に現在では戦争を長引かせることになっているのではないかと考え、悩むこともあった。",ボッシュは1915年5月、オッパウ工場に作られた新装置を使って1日何トンのチリ硝石を作ることに成功したか。,150トン,Syntactic variation
262,91,カール・ボッシュ,"ボッシュはこの任務の中心となって活動し、1915年5月、オッパウ工場に作られた新装置を使って1日150トンのチリ硝石を作ることに成功した。しかし同年同月、フランス軍がオッパウを空襲したため、この工場もそのうち空襲で失われるのではないかと危ぶまれるようになった。そこでドイツ政府とBASFは再び契約を結び、ライプツィヒ近くにあるロイナという小さな町に新しい工場を作ることにした。ボッシュは1916年からこの工場建設に専念したが、軍の徴用による人材不足、資材不足、冬の厳しい寒さにより、作業は難航した。結果的に、当初の予定である1917年2月1日からは遅れたものの、着工から約1年で建設は完了し、1917年4月27日に装置の炉に火がつけられた。生産量は、最初の年は年間36,000トンだったが、急激に増加し、戦争が終わるころには年間16万トンになった。

戦争中ボッシュの評価は高まり、BASFの取締役に任命された。さらに、ボッシュの名はドイツ工業会でも知られるようになった。一方、戦争が続いて、ドイツ軍の敗北が避けられなくなってくると、元々食糧危機を救うために自分が進めていたアンモニア合成の発展は、結果的に現在では戦争を長引かせることになっているのではないかと考え、悩むこともあった。",戦争中、ボッシュの評価は高まったことで、ボッシュはBASFの何に任命されたか。,取締役,Syntactic variation
263,92,カール・ボッシュ,"1918年、戦争は終結した。ボッシュはドイツ工業会の代表として、1919年3月にベルサイユで始まった和平交渉に参加した。ベルサイユではホテルからの外出は許されず、回りには鉄条網がはりめぐらされ、厳しい監視がつけられた。

交渉の内容もドイツにとって厳しいものだった。ドイツにある多くの化学工場は、火薬や爆薬が製造可能であるという理由で、軍需工場とみなされた。そして連合国であるフランスは、BASFのオッパウ工場とロイナ工場の閉鎖を求めた。ボッシュは、ドイツの秩序と賠償金の支払いのため、工場は連合国にとっても必要であると主張したが、聞き入れてもらえなかった。

そこでボッシュは、ある夜、ホテルを抜け出し、鉄条網を乗り越え、監視の目をすり抜けて、フランス化学工業界の大物であるジョセフ・フロッサールと会って話をつけ、2時間後にホテルに戻った。その結果、ボッシュはパリに行くことが許され、そこでの数度にわたる交渉の末に、1919年11月に話はまとまり、オッパウ・ロイナ両工場は操業を続けることが許された。その代わり、フランスは国家窒素局(ONIA)の手でフランス国内にハーバー・ボッシュ法を利用したアンモニア工場を建てることが決まり、BASFはそのための技術援助をすることになった。ボッシュは交渉をまとめた功績により、1919年、BASFの取締役会長に任命された。

こうしてボッシュはBASFの代表となったが、従業員との細かい取り決めについては深く関わろうとはしなかった。そういった中で、労働者からの不満が表面化するようになった。1919年にはロイナ工場でストライキが発生し、1921年には、共産主義活動家によって組織された労働者によってロイナ工場の入り口が封鎖され、警察との間で戦闘状態となった。こうした背景には、ロイナ工場が短期間のうちに作られたために従業員の住居が十分に建てられておらず、労働環境においても長時間労働や安全性の欠如といった問題を抱えており、さらに従業員に対する厳しい管理への反発もあったことが挙げられる。",ドイツ工業会の代表として、1919年3月にベルサイユで始まった和平交渉に参加した人は誰でしたか。,ボッシュ,Syntactic variation
264,92,カール・ボッシュ,"1918年、戦争は終結した。ボッシュはドイツ工業会の代表として、1919年3月にベルサイユで始まった和平交渉に参加した。ベルサイユではホテルからの外出は許されず、回りには鉄条網がはりめぐらされ、厳しい監視がつけられた。

交渉の内容もドイツにとって厳しいものだった。ドイツにある多くの化学工場は、火薬や爆薬が製造可能であるという理由で、軍需工場とみなされた。そして連合国であるフランスは、BASFのオッパウ工場とロイナ工場の閉鎖を求めた。ボッシュは、ドイツの秩序と賠償金の支払いのため、工場は連合国にとっても必要であると主張したが、聞き入れてもらえなかった。

そこでボッシュは、ある夜、ホテルを抜け出し、鉄条網を乗り越え、監視の目をすり抜けて、フランス化学工業界の大物であるジョセフ・フロッサールと会って話をつけ、2時間後にホテルに戻った。その結果、ボッシュはパリに行くことが許され、そこでの数度にわたる交渉の末に、1919年11月に話はまとまり、オッパウ・ロイナ両工場は操業を続けることが許された。その代わり、フランスは国家窒素局(ONIA)の手でフランス国内にハーバー・ボッシュ法を利用したアンモニア工場を建てることが決まり、BASFはそのための技術援助をすることになった。ボッシュは交渉をまとめた功績により、1919年、BASFの取締役会長に任命された。

こうしてボッシュはBASFの代表となったが、従業員との細かい取り決めについては深く関わろうとはしなかった。そういった中で、労働者からの不満が表面化するようになった。1919年にはロイナ工場でストライキが発生し、1921年には、共産主義活動家によって組織された労働者によってロイナ工場の入り口が封鎖され、警察との間で戦闘状態となった。こうした背景には、ロイナ工場が短期間のうちに作られたために従業員の住居が十分に建てられておらず、労働環境においても長時間労働や安全性の欠如といった問題を抱えており、さらに従業員に対する厳しい管理への反発もあったことが挙げられる。",ボッシュがBASFの取締役会長に任命されたのはいつですか。,1919年,Syntactic variation
265,92,カール・ボッシュ,"1918年、戦争は終結した。ボッシュはドイツ工業会の代表として、1919年3月にベルサイユで始まった和平交渉に参加した。ベルサイユではホテルからの外出は許されず、回りには鉄条網がはりめぐらされ、厳しい監視がつけられた。

交渉の内容もドイツにとって厳しいものだった。ドイツにある多くの化学工場は、火薬や爆薬が製造可能であるという理由で、軍需工場とみなされた。そして連合国であるフランスは、BASFのオッパウ工場とロイナ工場の閉鎖を求めた。ボッシュは、ドイツの秩序と賠償金の支払いのため、工場は連合国にとっても必要であると主張したが、聞き入れてもらえなかった。

そこでボッシュは、ある夜、ホテルを抜け出し、鉄条網を乗り越え、監視の目をすり抜けて、フランス化学工業界の大物であるジョセフ・フロッサールと会って話をつけ、2時間後にホテルに戻った。その結果、ボッシュはパリに行くことが許され、そこでの数度にわたる交渉の末に、1919年11月に話はまとまり、オッパウ・ロイナ両工場は操業を続けることが許された。その代わり、フランスは国家窒素局(ONIA)の手でフランス国内にハーバー・ボッシュ法を利用したアンモニア工場を建てることが決まり、BASFはそのための技術援助をすることになった。ボッシュは交渉をまとめた功績により、1919年、BASFの取締役会長に任命された。

こうしてボッシュはBASFの代表となったが、従業員との細かい取り決めについては深く関わろうとはしなかった。そういった中で、労働者からの不満が表面化するようになった。1919年にはロイナ工場でストライキが発生し、1921年には、共産主義活動家によって組織された労働者によってロイナ工場の入り口が封鎖され、警察との間で戦闘状態となった。こうした背景には、ロイナ工場が短期間のうちに作られたために従業員の住居が十分に建てられておらず、労働環境においても長時間労働や安全性の欠如といった問題を抱えており、さらに従業員に対する厳しい管理への反発もあったことが挙げられる。",ロイナ工場でのストライキは何年に発生したの?,1919年,Syntactic variation
266,93,カール・ボッシュ,"一方でオッパウ工場では、1921年9月に大きな爆発事故が起き、死者561人を出す大惨事となった(オッパウ大爆発)。肥料の固まりを崩すのに使っていた火薬が原因だった。この爆発音は当時工場から12マイル(19.2キロメートル)離れたハイデルベルクにいたボッシュにも聞こえた。

ボッシュはすぐにオッパウへ行き状況を確認した。それからハイデルベルクに戻って、母親が使うミシンの糸巻きを一晩中旋盤加工した。その後9月25日の追悼式で社員に対して挨拶をしたが、それ以後、ボッシュはしばらく人前に姿を見せなくなった。1922年6月に仕事に復帰したが、以前と比べて口数が少なくなり、大勢の人とかかわるのを避けるようになっていた。

1923年、フランスは、ドイツが賠償金の支払いを延期したのを理由に、オッパウ工場を占領した。ボッシュは当局に協力しなかったという理由でフランス法廷で裁かれ、懲役8年の刑となったが、その年のうちにフランス軍は撤退し、翌年には判決も撤回された。

またこの時期、妻と2人の子供とともに、ハイデルベルクの家に移り住んだ。",オッパウ大爆発は何年にありましたか。,1921年,Syntactic variation
267,93,カール・ボッシュ,"一方でオッパウ工場では、1921年9月に大きな爆発事故が起き、死者561人を出す大惨事となった(オッパウ大爆発)。肥料の固まりを崩すのに使っていた火薬が原因だった。この爆発音は当時工場から12マイル(19.2キロメートル)離れたハイデルベルクにいたボッシュにも聞こえた。

ボッシュはすぐにオッパウへ行き状況を確認した。それからハイデルベルクに戻って、母親が使うミシンの糸巻きを一晩中旋盤加工した。その後9月25日の追悼式で社員に対して挨拶をしたが、それ以後、ボッシュはしばらく人前に姿を見せなくなった。1922年6月に仕事に復帰したが、以前と比べて口数が少なくなり、大勢の人とかかわるのを避けるようになっていた。

1923年、フランスは、ドイツが賠償金の支払いを延期したのを理由に、オッパウ工場を占領した。ボッシュは当局に協力しなかったという理由でフランス法廷で裁かれ、懲役8年の刑となったが、その年のうちにフランス軍は撤退し、翌年には判決も撤回された。

またこの時期、妻と2人の子供とともに、ハイデルベルクの家に移り住んだ。",オッパウ大爆発の原因は何でしたか。,火薬,Multiple sentence reasoning
268,93,カール・ボッシュ,"一方でオッパウ工場では、1921年9月に大きな爆発事故が起き、死者561人を出す大惨事となった(オッパウ大爆発)。肥料の固まりを崩すのに使っていた火薬が原因だった。この爆発音は当時工場から12マイル(19.2キロメートル)離れたハイデルベルクにいたボッシュにも聞こえた。

ボッシュはすぐにオッパウへ行き状況を確認した。それからハイデルベルクに戻って、母親が使うミシンの糸巻きを一晩中旋盤加工した。その後9月25日の追悼式で社員に対して挨拶をしたが、それ以後、ボッシュはしばらく人前に姿を見せなくなった。1922年6月に仕事に復帰したが、以前と比べて口数が少なくなり、大勢の人とかかわるのを避けるようになっていた。

1923年、フランスは、ドイツが賠償金の支払いを延期したのを理由に、オッパウ工場を占領した。ボッシュは当局に協力しなかったという理由でフランス法廷で裁かれ、懲役8年の刑となったが、その年のうちにフランス軍は撤退し、翌年には判決も撤回された。

またこの時期、妻と2人の子供とともに、ハイデルベルクの家に移り住んだ。",1923年、オッパウ工場はどの国に占領されたか。,フランス,Syntactic variation
269,94,カール・ボッシュ,"1932年、ドイツではアドルフ・ヒトラー率いるナチスが勢力を伸ばしてきた。ヒトラーは自動車の愛好家でもあったため、IGファルベンが進めるガソリンの合成に期待していた。そのことを人づてに聞いたボッシュは、「あの男は私が思っていたより分別があるらしい」と言った。1933年1月、ヒトラーは首相に任命された。2月20日、ナチスは化学会社に献金を求め、IGファルベンは40万マルクを支払った。

1933年4月7日、ヒトラーは、ユダヤ人を公職から追放する公務員法を発布した。ボッシュはこの法律に反対していたが、自然科学界で功績のあった人物に対しては法律を適用しないという話を信じていた。そのため、当時カイザー・ヴィルヘルム研究所にいたユダヤ人の物理学者リーゼ・マイトナーには、このまま職にとどまるよう助言した。また同じころ、ヒトラーは経済諮問委員会をつくり、ボッシュは委員に選ばれた。その際、ヒトラーはボッシュの政治的見解について調査するよう命じており、ボッシュがナチスのユダヤ人に対する政策に不満を持っていることなどが調べ上げられていた。",ヒトラーはいつドイツの首相に任命されたの?,1933年1月,Syntactic variation
270,94,カール・ボッシュ,"1932年、ドイツではアドルフ・ヒトラー率いるナチスが勢力を伸ばしてきた。ヒトラーは自動車の愛好家でもあったため、IGファルベンが進めるガソリンの合成に期待していた。そのことを人づてに聞いたボッシュは、「あの男は私が思っていたより分別があるらしい」と言った。1933年1月、ヒトラーは首相に任命された。2月20日、ナチスは化学会社に献金を求め、IGファルベンは40万マルクを支払った。

1933年4月7日、ヒトラーは、ユダヤ人を公職から追放する公務員法を発布した。ボッシュはこの法律に反対していたが、自然科学界で功績のあった人物に対しては法律を適用しないという話を信じていた。そのため、当時カイザー・ヴィルヘルム研究所にいたユダヤ人の物理学者リーゼ・マイトナーには、このまま職にとどまるよう助言した。また同じころ、ヒトラーは経済諮問委員会をつくり、ボッシュは委員に選ばれた。その際、ヒトラーはボッシュの政治的見解について調査するよう命じており、ボッシュがナチスのユダヤ人に対する政策に不満を持っていることなどが調べ上げられていた。",ヒトラーはいつユダヤ人を公職から追放する公務員法を発布したの?,1933年4月7日,Syntactic variation
271,94,カール・ボッシュ,"1932年、ドイツではアドルフ・ヒトラー率いるナチスが勢力を伸ばしてきた。ヒトラーは自動車の愛好家でもあったため、IGファルベンが進めるガソリンの合成に期待していた。そのことを人づてに聞いたボッシュは、「あの男は私が思っていたより分別があるらしい」と言った。1933年1月、ヒトラーは首相に任命された。2月20日、ナチスは化学会社に献金を求め、IGファルベンは40万マルクを支払った。

1933年4月7日、ヒトラーは、ユダヤ人を公職から追放する公務員法を発布した。ボッシュはこの法律に反対していたが、自然科学界で功績のあった人物に対しては法律を適用しないという話を信じていた。そのため、当時カイザー・ヴィルヘルム研究所にいたユダヤ人の物理学者リーゼ・マイトナーには、このまま職にとどまるよう助言した。また同じころ、ヒトラーは経済諮問委員会をつくり、ボッシュは委員に選ばれた。その際、ヒトラーはボッシュの政治的見解について調査するよう命じており、ボッシュがナチスのユダヤ人に対する政策に不満を持っていることなどが調べ上げられていた。",当時リーゼ・マイトナーはどの研究所にいたの?,カイザー・ヴィルヘルム研究所,Syntactic variation
272,95,ローテンブルク・オプ・デア・タウバー,"ローテンブルク・オプ・デア・タウバー(ドイツ語:RothenburgobderTauberDe-RothenburgobderTauber-pronunciation.ogg)は、ドイツ南部のバイエルン州ミッテルフランケンのアンスバッハ郡にある大規模郡都市。
ローテンブルク・オプ・デア・タウバーは、タウバー川沿いのフランケンヘーエ自然公園周縁部に位置している。",ローテンブルク・オプ・デア・タウバーは何州に属しているの?,バイエルン州,Lexical variation (world knowledge)
273,95,ローテンブルク・オプ・デア・タウバー,"ローテンブルク・オプ・デア・タウバー(ドイツ語:RothenburgobderTauberDe-RothenburgobderTauber-pronunciation.ogg)は、ドイツ南部のバイエルン州ミッテルフランケンのアンスバッハ郡にある大規模郡都市。
ローテンブルク・オプ・デア・タウバーは、タウバー川沿いのフランケンヘーエ自然公園周縁部に位置している。",ローテンブルク・オプ・デア・タウバーはどこの群に属しているの?,アンスバッハ郡,Lexical variation (world knowledge)
274,95,ローテンブルク・オプ・デア・タウバー,"ローテンブルク・オプ・デア・タウバー(ドイツ語:RothenburgobderTauberDe-RothenburgobderTauber-pronunciation.ogg)は、ドイツ南部のバイエルン州ミッテルフランケンのアンスバッハ郡にある大規模郡都市。
ローテンブルク・オプ・デア・タウバーは、タウバー川沿いのフランケンヘーエ自然公園周縁部に位置している。",ローテンブルク・オプ・デア・タウバーに流れている川は何?,タウバー川,Lexical variation (synonymy)
275,96,ローテンブルク・オプ・デア・タウバー,"ローテンブルクの起源は、現在は一市区となっているデトヴァングにあった。
この小教区は、970年頃にライニガーという名の東フランケン地方の貴族によって創設された。
この貴族はついでコムブルク(現在はシュヴェービッシュ・ハル市の一部)を創設した。
この貴族が、タウバー川を望む丘の上に(oberhalbderTauber)城を建てたことが、現在の地名である""obderTauber""の由来である。",ローテンブルクの起源となる都市はどこ?,デトヴァング,Lexical variation (world knowledge)
276,96,ローテンブルク・オプ・デア・タウバー,"ローテンブルクの起源は、現在は一市区となっているデトヴァングにあった。
この小教区は、970年頃にライニガーという名の東フランケン地方の貴族によって創設された。
この貴族はついでコムブルク(現在はシュヴェービッシュ・ハル市の一部)を創設した。
この貴族が、タウバー川を望む丘の上に(oberhalbderTauber)城を建てたことが、現在の地名である""obderTauber""の由来である。",デトヴァングの創設者は誰?,ライニガー,Lexical variation (world knowledge)
277,96,ローテンブルク・オプ・デア・タウバー,"ローテンブルクの起源は、現在は一市区となっているデトヴァングにあった。
この小教区は、970年頃にライニガーという名の東フランケン地方の貴族によって創設された。
この貴族はついでコムブルク(現在はシュヴェービッシュ・ハル市の一部)を創設した。
この貴族が、タウバー川を望む丘の上に(oberhalbderTauber)城を建てたことが、現在の地名である""obderTauber""の由来である。",コムブルクの創設者は誰?,ライニガー,Multiple sentence reasoning
278,96,ローテンブルク・オプ・デア・タウバー,"ローテンブルクの起源は、現在は一市区となっているデトヴァングにあった。
この小教区は、970年頃にライニガーという名の東フランケン地方の貴族によって創設された。
この貴族はついでコムブルク(現在はシュヴェービッシュ・ハル市の一部)を創設した。
この貴族が、タウバー川を望む丘の上に(oberhalbderTauber)城を建てたことが、現在の地名である""obderTauber""の由来である。",タウバー川を望む丘の上に城を建てた人は誰?,ライニガー,Multiple sentence reasoning
279,97,ローテンブルク・オプ・デア・タウバー,"このコムブルク=ローテンブルク伯が断絶する1108年までには、皇帝の城が築かれていた。
この伯家の最後の当主となったハインリヒ・フォン・ローテンブルクは、城をコムブルク修道院に遺贈した。
しかし、皇帝ハインリヒ5世は、この遺贈を認めず、甥のコンラート・フォン・ホーエンシュタウフェンにレーエンとしてこの所領を与えた。
コンラートは1137年にローマ王(在位1138年-1152年)に即位してコンラート3世となると、1142年にローテンブルクに帝国の城を築き、ここに宮廷を置いた。
しかしローテンブルクの宮殿において政務を執った国王はコンラート3世のみである。",コムブルク=ローテンブルク伯の最期の当主は誰だったの?,ハインリヒ・フォン・ローテンブルク,Multiple sentence reasoning
280,97,ローテンブルク・オプ・デア・タウバー,"このコムブルク=ローテンブルク伯が断絶する1108年までには、皇帝の城が築かれていた。
この伯家の最後の当主となったハインリヒ・フォン・ローテンブルクは、城をコムブルク修道院に遺贈した。
しかし、皇帝ハインリヒ5世は、この遺贈を認めず、甥のコンラート・フォン・ホーエンシュタウフェンにレーエンとしてこの所領を与えた。
コンラートは1137年にローマ王(在位1138年-1152年)に即位してコンラート3世となると、1142年にローテンブルクに帝国の城を築き、ここに宮廷を置いた。
しかしローテンブルクの宮殿において政務を執った国王はコンラート3世のみである。",城の寄贈先はどこでしたか?,コムブルク修道院,Lexical variation (world knowledge)
281,97,ローテンブルク・オプ・デア・タウバー,"このコムブルク=ローテンブルク伯が断絶する1108年までには、皇帝の城が築かれていた。
この伯家の最後の当主となったハインリヒ・フォン・ローテンブルクは、城をコムブルク修道院に遺贈した。
しかし、皇帝ハインリヒ5世は、この遺贈を認めず、甥のコンラート・フォン・ホーエンシュタウフェンにレーエンとしてこの所領を与えた。
コンラートは1137年にローマ王(在位1138年-1152年)に即位してコンラート3世となると、1142年にローテンブルクに帝国の城を築き、ここに宮廷を置いた。
しかしローテンブルクの宮殿において政務を執った国王はコンラート3世のみである。",コンラートはローマ王即位後に何と名乗りましたか?,コンラート3世,Lexical variation (synonymy)
282,97,ローテンブルク・オプ・デア・タウバー,"このコムブルク=ローテンブルク伯が断絶する1108年までには、皇帝の城が築かれていた。
この伯家の最後の当主となったハインリヒ・フォン・ローテンブルクは、城をコムブルク修道院に遺贈した。
しかし、皇帝ハインリヒ5世は、この遺贈を認めず、甥のコンラート・フォン・ホーエンシュタウフェンにレーエンとしてこの所領を与えた。
コンラートは1137年にローマ王(在位1138年-1152年)に即位してコンラート3世となると、1142年にローテンブルクに帝国の城を築き、ここに宮廷を置いた。
しかしローテンブルクの宮殿において政務を執った国王はコンラート3世のみである。",ハインリヒ・フォン・ローテンブルクによる城の寄贈を否認した人は誰でしたか?,ハインリヒ5世,Lexical variation (synonymy)
283,98,ローテンブルク・オプ・デア・タウバー,"彼の息子のフリードリヒ・フォン・ローテンブルクは、父親が亡くなったときはまだ成人前であったため、従兄弟のフリードリヒ1世の後見下に置かれ、1157年に「ローテンブルク公」という称号で刀礼を受けた。
フリードリヒ1世により、フリードリヒ・フォン・ローテンブルクにはエーガーラント地方も与えられた。
フリードリヒは1167年に亡くなり、彼の兄も早逝していたため、ローテンブルクの城は意味を失った。
1170年にローテンブルク市が設置された。
当時の町の中心は市場とヤコブ教会であった。
この当時から街の要塞化が始まったとみられる。
その時代の遺物として、古い地下室・古い堀や牛乳市場などを見る事が出来る。
13世紀になると、塔や城壁が造られた。
その中で現在まで残っているものはレーダー・アーチとマルクス塔である。
1194年から1254年まで、ホーエンシュタウフェン朝の代官がローテンブルク周辺の地域を支配した。
この頃、聖ヨハネ修道会やその他の修道会がヤコブ教会やドミニコ会の修道院の近くに設置された。",「ローテンブルク公」の称号を得た人は誰?,フリードリヒ・フォン・ローテンブルク,Lexical variation (synonymy)
284,98,ローテンブルク・オプ・デア・タウバー,"彼の息子のフリードリヒ・フォン・ローテンブルクは、父親が亡くなったときはまだ成人前であったため、従兄弟のフリードリヒ1世の後見下に置かれ、1157年に「ローテンブルク公」という称号で刀礼を受けた。
フリードリヒ1世により、フリードリヒ・フォン・ローテンブルクにはエーガーラント地方も与えられた。
フリードリヒは1167年に亡くなり、彼の兄も早逝していたため、ローテンブルクの城は意味を失った。
1170年にローテンブルク市が設置された。
当時の町の中心は市場とヤコブ教会であった。
この当時から街の要塞化が始まったとみられる。
その時代の遺物として、古い地下室・古い堀や牛乳市場などを見る事が出来る。
13世紀になると、塔や城壁が造られた。
その中で現在まで残っているものはレーダー・アーチとマルクス塔である。
1194年から1254年まで、ホーエンシュタウフェン朝の代官がローテンブルク周辺の地域を支配した。
この頃、聖ヨハネ修道会やその他の修道会がヤコブ教会やドミニコ会の修道院の近くに設置された。",マルクス塔はいつ造られたの?,13世紀,Multiple sentence reasoning
285,98,ローテンブルク・オプ・デア・タウバー,"彼の息子のフリードリヒ・フォン・ローテンブルクは、父親が亡くなったときはまだ成人前であったため、従兄弟のフリードリヒ1世の後見下に置かれ、1157年に「ローテンブルク公」という称号で刀礼を受けた。
フリードリヒ1世により、フリードリヒ・フォン・ローテンブルクにはエーガーラント地方も与えられた。
フリードリヒは1167年に亡くなり、彼の兄も早逝していたため、ローテンブルクの城は意味を失った。
1170年にローテンブルク市が設置された。
当時の町の中心は市場とヤコブ教会であった。
この当時から街の要塞化が始まったとみられる。
その時代の遺物として、古い地下室・古い堀や牛乳市場などを見る事が出来る。
13世紀になると、塔や城壁が造られた。
その中で現在まで残っているものはレーダー・アーチとマルクス塔である。
1194年から1254年まで、ホーエンシュタウフェン朝の代官がローテンブルク周辺の地域を支配した。
この頃、聖ヨハネ修道会やその他の修道会がヤコブ教会やドミニコ会の修道院の近くに設置された。",レーダー・アーチはいつ造られたの?,13世紀,Multiple sentence reasoning
286,99,ローテンブルク・オプ・デア・タウバー,"1274年にローテンブルクはハプスブルク家のルドルフ1世から帝国都市の特権を与えられた。
市内には3つの有名な市場が出来、その後の数世紀にわたり街は発展した。
市内の住民と郊外の騎士らはフランシスコ会の修道院と聖霊病院を設置した(1376年-1378年に市の防壁に組み込まれた)。
ドイツ騎士団は1311年に聖ヤコブ教会の建設をはじめ、1336年から市民が使えるようになった(完成は1485年)。
聖ヤコブ教会には、十字軍遠征に伴いローテンブルクにもたらされた聖遺物とされる聖血が置かれた。
これが多くの巡礼者を引き寄せ、中世のローテンブルクは第一級の巡礼地であった。
その当時は神聖ローマ帝国内の上位20都市の中に入っていた。
市壁の内側の人口は約5500人で、これに加えて周辺の390平方キロメートルの領地の中に14,000人が居住していた。
1350年には皇帝から徴税権と関税権を認められ、この頃からローテンブルクは帝国自由都市とみなされるようになる。
1356年のバーゼル地震で古い城塞が崩壊した。
今もなお聖バルシウス教会が残っている所である。
その廃墟の切石は当時としては貴重な資材であり、市壁の建造に用いられた。",聖ヤコブ教会が完成したのはいつですか?,1485年,Syntactic variation
287,99,ローテンブルク・オプ・デア・タウバー,"1274年にローテンブルクはハプスブルク家のルドルフ1世から帝国都市の特権を与えられた。
市内には3つの有名な市場が出来、その後の数世紀にわたり街は発展した。
市内の住民と郊外の騎士らはフランシスコ会の修道院と聖霊病院を設置した(1376年-1378年に市の防壁に組み込まれた)。
ドイツ騎士団は1311年に聖ヤコブ教会の建設をはじめ、1336年から市民が使えるようになった(完成は1485年)。
聖ヤコブ教会には、十字軍遠征に伴いローテンブルクにもたらされた聖遺物とされる聖血が置かれた。
これが多くの巡礼者を引き寄せ、中世のローテンブルクは第一級の巡礼地であった。
その当時は神聖ローマ帝国内の上位20都市の中に入っていた。
市壁の内側の人口は約5500人で、これに加えて周辺の390平方キロメートルの領地の中に14,000人が居住していた。
1350年には皇帝から徴税権と関税権を認められ、この頃からローテンブルクは帝国自由都市とみなされるようになる。
1356年のバーゼル地震で古い城塞が崩壊した。
今もなお聖バルシウス教会が残っている所である。
その廃墟の切石は当時としては貴重な資材であり、市壁の建造に用いられた。",人口が多かったのは、市壁の内側と390平方キロメートルの領地のどちらの地域ですか?,390平方キロメートルの領地,Logical reasoning
288,99,ローテンブルク・オプ・デア・タウバー,"1274年にローテンブルクはハプスブルク家のルドルフ1世から帝国都市の特権を与えられた。
市内には3つの有名な市場が出来、その後の数世紀にわたり街は発展した。
市内の住民と郊外の騎士らはフランシスコ会の修道院と聖霊病院を設置した(1376年-1378年に市の防壁に組み込まれた)。
ドイツ騎士団は1311年に聖ヤコブ教会の建設をはじめ、1336年から市民が使えるようになった(完成は1485年)。
聖ヤコブ教会には、十字軍遠征に伴いローテンブルクにもたらされた聖遺物とされる聖血が置かれた。
これが多くの巡礼者を引き寄せ、中世のローテンブルクは第一級の巡礼地であった。
その当時は神聖ローマ帝国内の上位20都市の中に入っていた。
市壁の内側の人口は約5500人で、これに加えて周辺の390平方キロメートルの領地の中に14,000人が居住していた。
1350年には皇帝から徴税権と関税権を認められ、この頃からローテンブルクは帝国自由都市とみなされるようになる。
1356年のバーゼル地震で古い城塞が崩壊した。
今もなお聖バルシウス教会が残っている所である。
その廃墟の切石は当時としては貴重な資材であり、市壁の建造に用いられた。",関税権が認められたのは何年でしたか?,1350年,Syntactic variation
289,99,ローテンブルク・オプ・デア・タウバー,"1274年にローテンブルクはハプスブルク家のルドルフ1世から帝国都市の特権を与えられた。
市内には3つの有名な市場が出来、その後の数世紀にわたり街は発展した。
市内の住民と郊外の騎士らはフランシスコ会の修道院と聖霊病院を設置した(1376年-1378年に市の防壁に組み込まれた)。
ドイツ騎士団は1311年に聖ヤコブ教会の建設をはじめ、1336年から市民が使えるようになった(完成は1485年)。
聖ヤコブ教会には、十字軍遠征に伴いローテンブルクにもたらされた聖遺物とされる聖血が置かれた。
これが多くの巡礼者を引き寄せ、中世のローテンブルクは第一級の巡礼地であった。
その当時は神聖ローマ帝国内の上位20都市の中に入っていた。
市壁の内側の人口は約5500人で、これに加えて周辺の390平方キロメートルの領地の中に14,000人が居住していた。
1350年には皇帝から徴税権と関税権を認められ、この頃からローテンブルクは帝国自由都市とみなされるようになる。
1356年のバーゼル地震で古い城塞が崩壊した。
今もなお聖バルシウス教会が残っている所である。
その廃墟の切石は当時としては貴重な資材であり、市壁の建造に用いられた。",古い城塞が崩壊した原因は、何が発生したためですか?,バーゼル地震,Lexical variation (world knowledge)
290,100,ローテンブルク・オプ・デア・タウバー,"中世のこの町で最も有名な人物は、エネルギッシュな政策で知られた市長ハインリヒ・トップラー(1340年頃生-1408年没)であろう。
1373年にはトップラーが市長に就任した(1408年まで在任)。
ヤコブ教会の増築を決定。
また1398年には聖ヤコブ教会の建設をドイツ騎士団から引き継ぎ、聖ヤコブ教会は市所有の教会となった。
それと同時に、ゴシック様式の市庁舎の建設も始まった。
1378年、ローテンブルクはウルムを盟主とするシュヴァーベン都市連盟に加盟した。
1400年ごろまでには、ローテンブルクはフランケン地方の中ではニュルンベルクに次ぐ第二位の人口を抱える都市となった。
1485年には、170年掛けて建設された聖ヤコブ教会が落成し、現在までよく保存されている。",1373年から1408年まで市長を務めた人は誰でしたか?,トップラー,Lexical variation (synonymy)
291,100,ローテンブルク・オプ・デア・タウバー,"中世のこの町で最も有名な人物は、エネルギッシュな政策で知られた市長ハインリヒ・トップラー(1340年頃生-1408年没)であろう。
1373年にはトップラーが市長に就任した(1408年まで在任)。
ヤコブ教会の増築を決定。
また1398年には聖ヤコブ教会の建設をドイツ騎士団から引き継ぎ、聖ヤコブ教会は市所有の教会となった。
それと同時に、ゴシック様式の市庁舎の建設も始まった。
1378年、ローテンブルクはウルムを盟主とするシュヴァーベン都市連盟に加盟した。
1400年ごろまでには、ローテンブルクはフランケン地方の中ではニュルンベルクに次ぐ第二位の人口を抱える都市となった。
1485年には、170年掛けて建設された聖ヤコブ教会が落成し、現在までよく保存されている。",聖ヤコブ教会の建設期間は何年でしたか?,170年,Lexical variation (world knowledge)
292,101,ローテンブルク・オプ・デア・タウバー,"1525年、ドイツ農民戦争において、ローテンブルクはフロリアン・ガイアー率いる反乱軍側につき、プロテスタントに改宗しようとしたが、最終的にローテンブルクの守将Kasimirは降伏した。
JohannTeuschleinら反乱者が処刑された。
1544年、ローテンブルクはJohannHornburg市長の時代に遂にプロテスタントへの改宗を達成した。
いわゆる宗教改革である。
1559年にはプロテスタントの教会規則が公布された。
聖ジョンの騎士団とドイツ騎士団だけが引き続きカトリックを信仰したが、これらの騎士修道会もそれぞれの教会(聖ジョン教会、聖ヨハネ教会)への権利を手放さねばならなかった。
1572年、1501年に焼失した市庁舎の東側の再建が始まった。
その後、三十年戦争が勃発するまでの間、街は繁栄した。",ドイツ農民戦争にて反乱軍を率いた人物は誰でしたか?,フロリアン・ガイアー,Syntactic variation
293,101,ローテンブルク・オプ・デア・タウバー,"1525年、ドイツ農民戦争において、ローテンブルクはフロリアン・ガイアー率いる反乱軍側につき、プロテスタントに改宗しようとしたが、最終的にローテンブルクの守将Kasimirは降伏した。
JohannTeuschleinら反乱者が処刑された。
1544年、ローテンブルクはJohannHornburg市長の時代に遂にプロテスタントへの改宗を達成した。
いわゆる宗教改革である。
1559年にはプロテスタントの教会規則が公布された。
聖ジョンの騎士団とドイツ騎士団だけが引き続きカトリックを信仰したが、これらの騎士修道会もそれぞれの教会(聖ジョン教会、聖ヨハネ教会)への権利を手放さねばならなかった。
1572年、1501年に焼失した市庁舎の東側の再建が始まった。
その後、三十年戦争が勃発するまでの間、街は繁栄した。",ドイツ騎士団が信仰した教派は何でしたか?,カトリック,Lexical variation (world knowledge)
294,101,ローテンブルク・オプ・デア・タウバー,"1525年、ドイツ農民戦争において、ローテンブルクはフロリアン・ガイアー率いる反乱軍側につき、プロテスタントに改宗しようとしたが、最終的にローテンブルクの守将Kasimirは降伏した。
JohannTeuschleinら反乱者が処刑された。
1544年、ローテンブルクはJohannHornburg市長の時代に遂にプロテスタントへの改宗を達成した。
いわゆる宗教改革である。
1559年にはプロテスタントの教会規則が公布された。
聖ジョンの騎士団とドイツ騎士団だけが引き続きカトリックを信仰したが、これらの騎士修道会もそれぞれの教会(聖ジョン教会、聖ヨハネ教会)への権利を手放さねばならなかった。
1572年、1501年に焼失した市庁舎の東側の再建が始まった。
その後、三十年戦争が勃発するまでの間、街は繁栄した。",聖ジョンの騎士団が信仰した教派は何だった?,カトリック,Lexical variation (world knowledge)
295,101,ローテンブルク・オプ・デア・タウバー,"1525年、ドイツ農民戦争において、ローテンブルクはフロリアン・ガイアー率いる反乱軍側につき、プロテスタントに改宗しようとしたが、最終的にローテンブルクの守将Kasimirは降伏した。
JohannTeuschleinら反乱者が処刑された。
1544年、ローテンブルクはJohannHornburg市長の時代に遂にプロテスタントへの改宗を達成した。
いわゆる宗教改革である。
1559年にはプロテスタントの教会規則が公布された。
聖ジョンの騎士団とドイツ騎士団だけが引き続きカトリックを信仰したが、これらの騎士修道会もそれぞれの教会(聖ジョン教会、聖ヨハネ教会)への権利を手放さねばならなかった。
1572年、1501年に焼失した市庁舎の東側の再建が始まった。
その後、三十年戦争が勃発するまでの間、街は繁栄した。",ローテンブルクは何の教派に改宗したの?,プロテスタント,Lexical variation (world knowledge)
296,102,ローテンブルク・オプ・デア・タウバー,"1618年に勃発し1648年まで続いた三十年戦争の時代、ローテンブルクも戦費の負担や通過する友軍への便宜供与などを行った。
1631年、1634年、1645年にローテンブルク付近で戦闘があった。
1631年10月にカトリックのティリー伯ヨハン・セルクラエスが、プロテスタントのルター派のローテンブルクに40,000人の軍隊の宿営を求めた。
街はこれを拒否し、籠城して守り抜こうとした。
しかしながら、ティリー伯の軍隊は300人の兵を失っただけで、間もなくローテンブルクを陥落させた。
「街に火を放ち掠奪する」と脅したティリー伯から旧市長のヌッシュが街を救った成り行きは、現在も毎年開催される街の祝祭劇『マイスタートゥルンク』の話の元になっている。",1618年に始まり1648年に終わった戦争の名称は何?,三十年戦争,Lexical variation (synonymy)
297,102,ローテンブルク・オプ・デア・タウバー,"1618年に勃発し1648年まで続いた三十年戦争の時代、ローテンブルクも戦費の負担や通過する友軍への便宜供与などを行った。
1631年、1634年、1645年にローテンブルク付近で戦闘があった。
1631年10月にカトリックのティリー伯ヨハン・セルクラエスが、プロテスタントのルター派のローテンブルクに40,000人の軍隊の宿営を求めた。
街はこれを拒否し、籠城して守り抜こうとした。
しかしながら、ティリー伯の軍隊は300人の兵を失っただけで、間もなくローテンブルクを陥落させた。
「街に火を放ち掠奪する」と脅したティリー伯から旧市長のヌッシュが街を救った成り行きは、現在も毎年開催される街の祝祭劇『マイスタートゥルンク』の話の元になっている。",三十年戦争の期間中、ローテンブルク付近での最初の戦闘は何年に起こりましたか?,1631年,Lexical variation (world knowledge)
298,102,ローテンブルク・オプ・デア・タウバー,"1618年に勃発し1648年まで続いた三十年戦争の時代、ローテンブルクも戦費の負担や通過する友軍への便宜供与などを行った。
1631年、1634年、1645年にローテンブルク付近で戦闘があった。
1631年10月にカトリックのティリー伯ヨハン・セルクラエスが、プロテスタントのルター派のローテンブルクに40,000人の軍隊の宿営を求めた。
街はこれを拒否し、籠城して守り抜こうとした。
しかしながら、ティリー伯の軍隊は300人の兵を失っただけで、間もなくローテンブルクを陥落させた。
「街に火を放ち掠奪する」と脅したティリー伯から旧市長のヌッシュが街を救った成り行きは、現在も毎年開催される街の祝祭劇『マイスタートゥルンク』の話の元になっている。",ローテンブルクで毎年開催される祝祭劇の題目とは何?,『マイスタートゥルンク』,Lexical variation (world knowledge)
299,103,ローテンブルク・オプ・デア・タウバー,"帝国都市連合は1632年-1634年にかけてスウェーデンと同盟した。
1634年にはペストの大流行によって多くの死者が出た。
1645年にフランスの軍隊に占領された。
1650年に最後の兵士が街を去ると、この街にはもはや財産も権力もなくなり、ローテンブルクの街の発展は停滞し、街はその重要性を失っていった。
これは、街が17世紀のままの状態で保存された理由である。
1688年の大同盟戦争では、フランスの侵攻を受けてドイツ側の軍隊(ラントヴェーア)は大損害を受けたがローテンブルクは占領されなかった。
街の再建は18世紀まで続いた。",1634年に多数の死者が出た死因は何だったの?,ペスト,Lexical variation (synonymy)
300,104,ローテンブルク・オプ・デア・タウバー,"1793年のフランス革命戦争もこの地に大きな騒乱をもたらした。
この頃、既にアンスバッハ侯領とバイロイト侯領を引き継いだプロイセン王国はローテンブルクとの間で国境を画定する合意書に署名している。
この事は、ローテンブルクのような小さな帝国都市であっても、その独立性を認められていた事を意味している。
フランス革命戦争ではオーストリア軍および帝国クライス軍がフランスに敗北した。
この賠償のために神聖ローマ帝国はライン川左岸地域をフランスに割譲する事となった。
このとき神聖ローマ帝国が失ったライン川左岸地域の領土を領有していた諸侯に対しては、残っている神聖ローマ帝国領を再分割して領地を補償する事となり、そのために招集された帝国代表者会議主要決議において1803年に決議が成立した。
この決議により、500年にわたる独立都市としての歴史を持つローテンブルクは、その意思に反してバイエルン領に併合された。
帝国の負債のため、バイエルンは多くの公共建築物や土地を売却した(例えば現在の教会広場となっている牛乳市場のMarienkapelleや、Stauferburgの大きな塔など)。
帝国クライス会議の代議士を勤めた名門の家系も土地を失い、vonStadt家を除いて他所へ移って行った。",フランス革命戦争の賠償のために、神聖ローマ帝国はどこの地域をフランスに割譲したの?,ライン川左岸地域,Multiple sentence reasoning
301,104,ローテンブルク・オプ・デア・タウバー,"1793年のフランス革命戦争もこの地に大きな騒乱をもたらした。
この頃、既にアンスバッハ侯領とバイロイト侯領を引き継いだプロイセン王国はローテンブルクとの間で国境を画定する合意書に署名している。
この事は、ローテンブルクのような小さな帝国都市であっても、その独立性を認められていた事を意味している。
フランス革命戦争ではオーストリア軍および帝国クライス軍がフランスに敗北した。
この賠償のために神聖ローマ帝国はライン川左岸地域をフランスに割譲する事となった。
このとき神聖ローマ帝国が失ったライン川左岸地域の領土を領有していた諸侯に対しては、残っている神聖ローマ帝国領を再分割して領地を補償する事となり、そのために招集された帝国代表者会議主要決議において1803年に決議が成立した。
この決議により、500年にわたる独立都市としての歴史を持つローテンブルクは、その意思に反してバイエルン領に併合された。
帝国の負債のため、バイエルンは多くの公共建築物や土地を売却した(例えば現在の教会広場となっている牛乳市場のMarienkapelleや、Stauferburgの大きな塔など)。
帝国クライス会議の代議士を勤めた名門の家系も土地を失い、vonStadt家を除いて他所へ移って行った。",ローテンブルクがバイエルン領に併合されると決まったのは何年でしたか?,1803年,Multiple sentence reasoning
302,105,ローテンブルク・オプ・デア・タウバー,"1806年にはナポレオンの圧力により、フランス主導でバイエルン王国が成立。
同時にライン同盟に加盟し、フランスの影響下に置かれた。
ローテンブルクは辺境地帯となり、経済危機はさらに悪化した。
1813年にはナポレオン敗退によりライン同盟は解消、1815年のウィーン会議によりバイエルン王国はオーストリアを盟主とするドイツ連邦に加入した。
このドイツ連邦も、1866年の普墺戦争のプロイセン勝利をもって解消された。
1871年にドイツ帝国が成立すると、バイエルン王国もドイツ帝国に組み込まれた。
また、1873年には鉄道が開通した。
これらの理由によりドイツ帝国内からの旅行が容易になり、次第に観光客が増え始めた。
また工業化(乳母車工場など)も進め、経済は回復を始めた。",バイエルン王国の成立を主導した国はどこ?,フランス,Lexical variation (world knowledge)
303,105,ローテンブルク・オプ・デア・タウバー,"1806年にはナポレオンの圧力により、フランス主導でバイエルン王国が成立。
同時にライン同盟に加盟し、フランスの影響下に置かれた。
ローテンブルクは辺境地帯となり、経済危機はさらに悪化した。
1813年にはナポレオン敗退によりライン同盟は解消、1815年のウィーン会議によりバイエルン王国はオーストリアを盟主とするドイツ連邦に加入した。
このドイツ連邦も、1866年の普墺戦争のプロイセン勝利をもって解消された。
1871年にドイツ帝国が成立すると、バイエルン王国もドイツ帝国に組み込まれた。
また、1873年には鉄道が開通した。
これらの理由によりドイツ帝国内からの旅行が容易になり、次第に観光客が増え始めた。
また工業化(乳母車工場など)も進め、経済は回復を始めた。",ローテンブルクに鉄道が開通したのは何年?,1873年,Multiple sentence reasoning
304,105,ローテンブルク・オプ・デア・タウバー,"1806年にはナポレオンの圧力により、フランス主導でバイエルン王国が成立。
同時にライン同盟に加盟し、フランスの影響下に置かれた。
ローテンブルクは辺境地帯となり、経済危機はさらに悪化した。
1813年にはナポレオン敗退によりライン同盟は解消、1815年のウィーン会議によりバイエルン王国はオーストリアを盟主とするドイツ連邦に加入した。
このドイツ連邦も、1866年の普墺戦争のプロイセン勝利をもって解消された。
1871年にドイツ帝国が成立すると、バイエルン王国もドイツ帝国に組み込まれた。
また、1873年には鉄道が開通した。
これらの理由によりドイツ帝国内からの旅行が容易になり、次第に観光客が増え始めた。
また工業化(乳母車工場など)も進め、経済は回復を始めた。",先に成立したのはドイツ帝国とバイエルン王国のどちらですか?,バイエルン王国,Logical reasoning
305,105,ローテンブルク・オプ・デア・タウバー,"1806年にはナポレオンの圧力により、フランス主導でバイエルン王国が成立。
同時にライン同盟に加盟し、フランスの影響下に置かれた。
ローテンブルクは辺境地帯となり、経済危機はさらに悪化した。
1813年にはナポレオン敗退によりライン同盟は解消、1815年のウィーン会議によりバイエルン王国はオーストリアを盟主とするドイツ連邦に加入した。
このドイツ連邦も、1866年の普墺戦争のプロイセン勝利をもって解消された。
1871年にドイツ帝国が成立すると、バイエルン王国もドイツ帝国に組み込まれた。
また、1873年には鉄道が開通した。
これらの理由によりドイツ帝国内からの旅行が容易になり、次第に観光客が増え始めた。
また工業化(乳母車工場など)も進め、経済は回復を始めた。",普墺戦争で勝った国はどこでしたか?,プロイセン,Lexical variation (synonymy)
306,106,ローテンブルク・オプ・デア・タウバー,"1880年代になると、ロマン主義の画家らによってローテンブルクが再発見され、イギリスやフランスからも人気の観光地となっていった。
街並みに大きな変更を加える事を禁ずる法律が作られた。
第一次世界大戦前には、現在も存在しているホテル・アイゼンフートに滞在するバスツアーまであった。
ヴァイマール共和国時代、この都市とその周辺の選挙区は、NSDAP支持者の多い地区となり、1933年の選挙でこの政党は80%もの票を獲得した。",ヴァイマール共和国時代に、ローテンブルクの多くの人々が支持した政党は何ですか?,NSDAP,Lexical variation (synonymy)
307,107,ローテンブルク・オプ・デア・タウバー,"ローテンブルクはナチスの運動家たちにとって特別に重要なものであった。
彼らにとってローテンブルクはドイツ人の「故郷の町」の典型であり、ドイツ的な要素を余すところなく体現した街とされた。
1930年代を通じて、ナチスの下部組織である歓喜力行団は国中からローテンブルクへの日帰り旅行を定期的に組織した。
この運動はローテンブルクの住民からは強く支持された。
それは、この運動がもたらす経済的な利益のみならず、ローテンブルクは「ドイツの街の中で最もドイツ的である」と称揚されていたからでもあり、住民の多くは国家社会主義に好意的であった。
1938年10月、ローテンブルクはユダヤ人市民を追放した。
これはナチスや、ドイツ中のナチス支持者たちから支持された。",「ドイツの街の中で最もドイツ的である」と褒められていた地域はどこ?,ローテンブルク,Lexical variation (synonymy)
308,107,ローテンブルク・オプ・デア・タウバー,"ローテンブルクはナチスの運動家たちにとって特別に重要なものであった。
彼らにとってローテンブルクはドイツ人の「故郷の町」の典型であり、ドイツ的な要素を余すところなく体現した街とされた。
1930年代を通じて、ナチスの下部組織である歓喜力行団は国中からローテンブルクへの日帰り旅行を定期的に組織した。
この運動はローテンブルクの住民からは強く支持された。
それは、この運動がもたらす経済的な利益のみならず、ローテンブルクは「ドイツの街の中で最もドイツ的である」と称揚されていたからでもあり、住民の多くは国家社会主義に好意的であった。
1938年10月、ローテンブルクはユダヤ人市民を追放した。
これはナチスや、ドイツ中のナチス支持者たちから支持された。",ローテンブルクからユダヤ人市民が追放されたのはいつ?,1938年10月,Syntactic variation
309,108,ローテンブルク・オプ・デア・タウバー,"第二次世界大戦の終戦直前の1945年3月、ドイツ軍の兵士がローテンブルクに駐屯して街を守備していた。
3月31日、ローテンブルクは、16機のアメリカ空軍機の爆撃を受け、39人が死亡し、306軒の家屋、6つの公共建築物、9つの望楼、そして市壁が600mにわたって破壊された。
これは、保存されていた建造物の約40%以上を占める旧市街東部が損傷または破壊された事になる。
この爆撃作戦の本来の目標は、オーバーフランケンのエーブラハであったが、霧に覆われていたため攻撃できず、このため代理の目標として、軍事的な意義などないにもかかわらず、ローテンブルクが攻撃されたのであった。
損害の大部分は、旧市街でも比較的新しい地域であったため、最も重要な記念建造物は、被害を免れた。
後に質問されたパイロットは、自分たちが文化遺産都市を爆撃していることにまったく気づいていなかったと答えている。",ローテンブルクはどこの地域の代わりに爆撃を受けましたか?,エーブラハ,Lexical variation (synonymy)
310,108,ローテンブルク・オプ・デア・タウバー,"第二次世界大戦の終戦直前の1945年3月、ドイツ軍の兵士がローテンブルクに駐屯して街を守備していた。
3月31日、ローテンブルクは、16機のアメリカ空軍機の爆撃を受け、39人が死亡し、306軒の家屋、6つの公共建築物、9つの望楼、そして市壁が600mにわたって破壊された。
これは、保存されていた建造物の約40%以上を占める旧市街東部が損傷または破壊された事になる。
この爆撃作戦の本来の目標は、オーバーフランケンのエーブラハであったが、霧に覆われていたため攻撃できず、このため代理の目標として、軍事的な意義などないにもかかわらず、ローテンブルクが攻撃されたのであった。
損害の大部分は、旧市街でも比較的新しい地域であったため、最も重要な記念建造物は、被害を免れた。
後に質問されたパイロットは、自分たちが文化遺産都市を爆撃していることにまったく気づいていなかったと答えている。",アメリカ空軍の爆撃によって亡くなった人は何人いましたか?,39人,Lexical variation (synonymy)
311,108,ローテンブルク・オプ・デア・タウバー,"第二次世界大戦の終戦直前の1945年3月、ドイツ軍の兵士がローテンブルクに駐屯して街を守備していた。
3月31日、ローテンブルクは、16機のアメリカ空軍機の爆撃を受け、39人が死亡し、306軒の家屋、6つの公共建築物、9つの望楼、そして市壁が600mにわたって破壊された。
これは、保存されていた建造物の約40%以上を占める旧市街東部が損傷または破壊された事になる。
この爆撃作戦の本来の目標は、オーバーフランケンのエーブラハであったが、霧に覆われていたため攻撃できず、このため代理の目標として、軍事的な意義などないにもかかわらず、ローテンブルクが攻撃されたのであった。
損害の大部分は、旧市街でも比較的新しい地域であったため、最も重要な記念建造物は、被害を免れた。
後に質問されたパイロットは、自分たちが文化遺産都市を爆撃していることにまったく気づいていなかったと答えている。",アメリカ空軍の当初の爆撃目的地はどこでしたか?,エーブラハ,Lexical variation (synonymy)
312,109,ローテンブルク・オプ・デア・タウバー,"かつての米国国防省副長官ジョン・ジェイ・マックロイは、文書で以下の証言を行った。
ローテンブルクへの進軍に際して、デーヴァーズ将軍の部隊による砲撃が計画されたのだが、これを阻止したというのである。
彼は、戦前にこの街を訪れ、この中世都市に魅了された母親の話で、この街を知っていたのだという。
ドイツ軍守備隊長のThommes少佐はヒトラーの「全ての街は最後まで戦え」との命令を無視し、降伏した。
これによって、砲撃による街の完全破壊は免れた。
4月17日、ドイツが降伏する3週間前に、米軍が街を占領した。
戦後、街は旧態に忠実に再建された。
全世界から再建のための寄付が寄せられ、アメリカからも多額の再建資金援助を行っている。
この時の寄付者の名前は、市壁の内側通路に掲示されている。
1972年まで、この街はローテンブルク郡の郡庁所在地であった。
バイエルン州の市町村再編により、この街とその郡はアンスバッハ郡に編入されることとなった。
この都市は、大規模郡都市の地位を保持した。",デーヴァーズ将軍の部隊による砲撃計画を阻止した人は誰ですか?,ジョン・ジェイ・マックロイ,Multiple sentence reasoning
313,110,ローテンブルク・オプ・デア・タウバー,"ローテンブルク・オプ・デア・タウバー郡が廃止された後でも大規模郡都市の状態にあるローテンブルクでは、上級市長の選挙が行われる。
2006年の選挙では、選挙グループ""FürRothenburg""のヴァルター・ハルトルが、決選投票でSPDの候補を破って選出された。
ハルトルは、2006年5月2日に着任した。
市議会は、24議席からなり、その中から市長が選出される。
選挙は6年ごとに行われる。",ローテンブルクでは、市長選挙が何年ごとに行われるの?,6年,Multiple sentence reasoning
314,110,ローテンブルク・オプ・デア・タウバー,"ローテンブルク・オプ・デア・タウバー郡が廃止された後でも大規模郡都市の状態にあるローテンブルクでは、上級市長の選挙が行われる。
2006年の選挙では、選挙グループ""FürRothenburg""のヴァルター・ハルトルが、決選投票でSPDの候補を破って選出された。
ハルトルは、2006年5月2日に着任した。
市議会は、24議席からなり、その中から市長が選出される。
選挙は6年ごとに行われる。",ヴァルター・ハルトルが市長に着任したのはいつでしたか?,2006年5月2日,Multiple sentence reasoning
315,111,ローテンブルク・オプ・デア・タウバー,"ローテンブルクでは、観光産業が大きなウェイトを占めている。
しかしこの他にも、大手家具製造業者の工場が一つ、大手建設機械製造業者の工場が一つ、中小の機械製造業者がいくつか、それにヨーロッパで2番目に大きな焼き菓子の生産工場がある。
ローテンブルク・オプ・デア・タウバーは、アウトバーンA7号線沿いに位置し、市街からわずかな距離にローテンブルク・オプ・デア・タウバー・インターチェンジがある。
旧連邦道B25号線がローテンブルクを南北に縦断して走っており、東西に走る古城街道と市内で交差する。
この街は、幹線鉄道ヴュルツブルク-アンスバッハ線とシュタイナハから分岐する形で1873年11月1日に開業した、鉄道路線の終着点である。
現在この路線は、ニュルンベルク広域鉄道網の一つ、近郊鉄道R82として運営されている。
1905年から1971年までの間はシリングスフュルストを経由してドムビュールで幹線アンスバッハ-クライルスハイム線に接続する路線もあった。",ローテンブルクでの重要産業は何ですか?,観光産業,Lexical variation (synonymy)
316,111,ローテンブルク・オプ・デア・タウバー,"ローテンブルクでは、観光産業が大きなウェイトを占めている。
しかしこの他にも、大手家具製造業者の工場が一つ、大手建設機械製造業者の工場が一つ、中小の機械製造業者がいくつか、それにヨーロッパで2番目に大きな焼き菓子の生産工場がある。
ローテンブルク・オプ・デア・タウバーは、アウトバーンA7号線沿いに位置し、市街からわずかな距離にローテンブルク・オプ・デア・タウバー・インターチェンジがある。
旧連邦道B25号線がローテンブルクを南北に縦断して走っており、東西に走る古城街道と市内で交差する。
この街は、幹線鉄道ヴュルツブルク-アンスバッハ線とシュタイナハから分岐する形で1873年11月1日に開業した、鉄道路線の終着点である。
現在この路線は、ニュルンベルク広域鉄道網の一つ、近郊鉄道R82として運営されている。
1905年から1971年までの間はシリングスフュルストを経由してドムビュールで幹線アンスバッハ-クライルスハイム線に接続する路線もあった。",ローテンブルクを南北に縦断している道路とは何?,旧連邦道B25号線,Lexical variation (synonymy)
317,112,ローテンブルク・オプ・デア・タウバー,"ローテンブルク・オプ・デア・タウバーには多くのサイクリングロードが通っている。
市街の約1km東に、ローテンブルク・オプ・デア・タウバー・スポーツ飛行場(荷重5,700kg、滑走路600m)がある。
ここでは、時折、メルセデス・ベンツ・ツーリングカー・レーシング・チームがテスト走行を行っている。
鉄道で移動する際には、バイエルン州ゼルビッツ郊外にローテンビュルク(de:Rothenbürg(Selbitz)、uにウムラウトが付いている)というまぎらわしい駅があるので注意が必要である。
間違えてローテンビュルクに向かってしまう観光客が少なくないようで、ローテンビュルクからローテンブルク・オプ・デア・タウバーに行く方法を複数の言語で案内するパンフレットがローテンビュルク駅には用意されている。",ローテンブルクと間違えやすい鉄道の駅名とは何?,ローテンビュルク,Lexical variation (synonymy)
318,112,ローテンブルク・オプ・デア・タウバー,"ローテンブルク・オプ・デア・タウバーには多くのサイクリングロードが通っている。
市街の約1km東に、ローテンブルク・オプ・デア・タウバー・スポーツ飛行場(荷重5,700kg、滑走路600m)がある。
ここでは、時折、メルセデス・ベンツ・ツーリングカー・レーシング・チームがテスト走行を行っている。
鉄道で移動する際には、バイエルン州ゼルビッツ郊外にローテンビュルク(de:Rothenbürg(Selbitz)、uにウムラウトが付いている)というまぎらわしい駅があるので注意が必要である。
間違えてローテンビュルクに向かってしまう観光客が少なくないようで、ローテンビュルクからローテンブルク・オプ・デア・タウバーに行く方法を複数の言語で案内するパンフレットがローテンビュルク駅には用意されている。",ローテンブルク・オプ・デア・タウバー・スポーツ飛行場の滑走路の距離はどれくらいですか?,600m,Lexical variation (world knowledge)
319,113,戦争レクイエム,"『戦争レクイエム』作品66は、イギリスの作曲家ベンジャミン・ブリテンが1962年に発表した管弦楽付き合唱作品である。テクストにはラテン語によるカトリックの典礼文と、第一次世界大戦に従軍し25歳の若さで戦死したイギリスの詩人ウィルフレッド・オーウェンによる英語の詩が使われており、第二次世界大戦における全ての国の犠牲者を追悼するとともに、戦争の不合理さを告発し世界の平和を願う作品となっている。

3人の独唱者と混声合唱および児童合唱、大小2つのオーケストラにより演奏され、所要時間は約1時間25分。「第1章レクイエム・エテルナム(永遠の安息)」、「第2章ディエス・イレ(怒りの日)」、「第3章オッフェルトリウム(奉献唱)」、「第4章サンクトゥス(聖なるかな)」、「第5章アニュス・デイ(神の子羊)」、「第6章リベラ・メ(我を解き放ちたまえ)」の6つの楽章で構成されている。なお、第6章「リベラ・メ」で使われているラテン語のテクスト「リベラ・メ」と「イン・パラディスム(楽園にて)」は、それぞれ「死者のためのミサ」が終わった後の「赦祷式」と、柩を墓地へ運ぶ時のためのものであり、本来は「レクイエム」の典礼文には含まれない。",『戦争レクイエム』作品66の作曲家の名前は何?,ベンジャミン・ブリテン,Syntactic variation
320,113,戦争レクイエム,"『戦争レクイエム』作品66は、イギリスの作曲家ベンジャミン・ブリテンが1962年に発表した管弦楽付き合唱作品である。テクストにはラテン語によるカトリックの典礼文と、第一次世界大戦に従軍し25歳の若さで戦死したイギリスの詩人ウィルフレッド・オーウェンによる英語の詩が使われており、第二次世界大戦における全ての国の犠牲者を追悼するとともに、戦争の不合理さを告発し世界の平和を願う作品となっている。

3人の独唱者と混声合唱および児童合唱、大小2つのオーケストラにより演奏され、所要時間は約1時間25分。「第1章レクイエム・エテルナム(永遠の安息)」、「第2章ディエス・イレ(怒りの日)」、「第3章オッフェルトリウム(奉献唱)」、「第4章サンクトゥス(聖なるかな)」、「第5章アニュス・デイ(神の子羊)」、「第6章リベラ・メ(我を解き放ちたまえ)」の6つの楽章で構成されている。なお、第6章「リベラ・メ」で使われているラテン語のテクスト「リベラ・メ」と「イン・パラディスム(楽園にて)」は、それぞれ「死者のためのミサ」が終わった後の「赦祷式」と、柩を墓地へ運ぶ時のためのものであり、本来は「レクイエム」の典礼文には含まれない。",イギリスの詩人ウィルフレッド・オーウェンは何歳で亡くなったか。,25歳,Lexical variation (synonymy)
321,113,戦争レクイエム,"『戦争レクイエム』作品66は、イギリスの作曲家ベンジャミン・ブリテンが1962年に発表した管弦楽付き合唱作品である。テクストにはラテン語によるカトリックの典礼文と、第一次世界大戦に従軍し25歳の若さで戦死したイギリスの詩人ウィルフレッド・オーウェンによる英語の詩が使われており、第二次世界大戦における全ての国の犠牲者を追悼するとともに、戦争の不合理さを告発し世界の平和を願う作品となっている。

3人の独唱者と混声合唱および児童合唱、大小2つのオーケストラにより演奏され、所要時間は約1時間25分。「第1章レクイエム・エテルナム(永遠の安息)」、「第2章ディエス・イレ(怒りの日)」、「第3章オッフェルトリウム(奉献唱)」、「第4章サンクトゥス(聖なるかな)」、「第5章アニュス・デイ(神の子羊)」、「第6章リベラ・メ(我を解き放ちたまえ)」の6つの楽章で構成されている。なお、第6章「リベラ・メ」で使われているラテン語のテクスト「リベラ・メ」と「イン・パラディスム(楽園にて)」は、それぞれ「死者のためのミサ」が終わった後の「赦祷式」と、柩を墓地へ運ぶ時のためのものであり、本来は「レクイエム」の典礼文には含まれない。",『戦争レクイエム』作品66は何年に発表されたの?,1962年,Syntactic variation
322,113,戦争レクイエム,"『戦争レクイエム』作品66は、イギリスの作曲家ベンジャミン・ブリテンが1962年に発表した管弦楽付き合唱作品である。テクストにはラテン語によるカトリックの典礼文と、第一次世界大戦に従軍し25歳の若さで戦死したイギリスの詩人ウィルフレッド・オーウェンによる英語の詩が使われており、第二次世界大戦における全ての国の犠牲者を追悼するとともに、戦争の不合理さを告発し世界の平和を願う作品となっている。

3人の独唱者と混声合唱および児童合唱、大小2つのオーケストラにより演奏され、所要時間は約1時間25分。「第1章レクイエム・エテルナム(永遠の安息)」、「第2章ディエス・イレ(怒りの日)」、「第3章オッフェルトリウム(奉献唱)」、「第4章サンクトゥス(聖なるかな)」、「第5章アニュス・デイ(神の子羊)」、「第6章リベラ・メ(我を解き放ちたまえ)」の6つの楽章で構成されている。なお、第6章「リベラ・メ」で使われているラテン語のテクスト「リベラ・メ」と「イン・パラディスム(楽園にて)」は、それぞれ「死者のためのミサ」が終わった後の「赦祷式」と、柩を墓地へ運ぶ時のためのものであり、本来は「レクイエム」の典礼文には含まれない。",『戦争レクイエム』はいくつの楽章で構成されているか。,6つ,Multiple sentence reasoning
323,114,戦争レクイエム,"『戦争レクイエム』の特徴は、典礼文とオーウェンの詩を対比・融合させ、カトリックの「死者のためのミサ」の世界と現実的な世界を交錯させている点にある。オーウェンは、第一次世界大戦に従軍して戦争の現実を目の当たりにし、殺し殺される運命にある兵士の苦悩や自己の内面の葛藤を表現した詩人である。オーウェンの詩作に対する姿勢は彼の詩集の序文に現れており、『戦争レクイエム』のスコアの扉ページには、その一節が次のように引用されている。

『戦争レクイエム』の作曲にあたり、ブリテンはオーウェンの作品から9篇の詩を選び出し、ミサの典礼文と巧みに組み合わせてテクストを構成した。例えば第2章「ディエス・イレ」において典礼文が「最後の審判」のラッパに言及した後に軍隊の消燈ラッパが登場する詩が置かれるといったように、テクストは緊密に結び付けられている。ブリテンはこの作品におけるオーウェンの詩の役割を「レクイエムの一種の注釈」と説明しているが、第3章「オッフェルトリウム」において聖書に出てくる逸話が全く違う結末に置き換えられてしまうように、オーウェンの詩は直前に置かれた典礼文の内容を転覆し、あるいは戦争に対するキリスト教の態度そのものを批判するかのように配置されており、二つのテクストはフィナーレ部分において融和するまで厳しく対立し続けている。",『戦争レクイエム』の作曲にあたり、ブリテンはオーウェンの作品から何篇の詩を選び出しましたか。,9篇,Syntactic variation
324,115,戦争レクイエム,ブリテンは生来優しく繊細な性格で暴力を嫌っており、作曲の師であるフランク・ブリッジからも平和主義の影響を受けていた。1935年には映画音楽の制作を通して詩人のW・H・オーデンと出会い親交を深めるが、その影響で平和主義の傾向はさらに強固なものになった。オーウェンの影響を強く受けていたオーデンは周囲の者に対してオーウェンの詩を読むことを熱心に勧めており、ブリテンはこの頃にオーデンを通じてオーウェンを理解する手がかりを得ていた可能性が考えられる。そのオーデンは1939年1月にアメリカ大陸に移住し、同年5月にはブリテンも親友ピーター・ピアーズとともにイギリスを離れ、カナダ・アメリカに向かった。同年9月には第二次世界大戦が勃発し、イギリスの友人からは帰国を促す手紙が届くが、ブリテンはさらに数年間アメリカにとどまり続けた。アメリカ滞在中の1940年には日本政府の委嘱により『シンフォニア・ダ・レクイエム』作品20を作曲しているが、この曲についてはブリテン自身が新聞に「私が作品に込めようとしているのは私自身の反戦的信条のすべて」だと寄稿しており、平和主義的な内容や典礼文に基づく楽章タイトルなど、『戦争レクイエム』を予告する作品であると言える。,ブリテンの作曲の師は誰?,フランク・ブリッジ,Syntactic variation
325,115,戦争レクイエム,ブリテンは生来優しく繊細な性格で暴力を嫌っており、作曲の師であるフランク・ブリッジからも平和主義の影響を受けていた。1935年には映画音楽の制作を通して詩人のW・H・オーデンと出会い親交を深めるが、その影響で平和主義の傾向はさらに強固なものになった。オーウェンの影響を強く受けていたオーデンは周囲の者に対してオーウェンの詩を読むことを熱心に勧めており、ブリテンはこの頃にオーデンを通じてオーウェンを理解する手がかりを得ていた可能性が考えられる。そのオーデンは1939年1月にアメリカ大陸に移住し、同年5月にはブリテンも親友ピーター・ピアーズとともにイギリスを離れ、カナダ・アメリカに向かった。同年9月には第二次世界大戦が勃発し、イギリスの友人からは帰国を促す手紙が届くが、ブリテンはさらに数年間アメリカにとどまり続けた。アメリカ滞在中の1940年には日本政府の委嘱により『シンフォニア・ダ・レクイエム』作品20を作曲しているが、この曲についてはブリテン自身が新聞に「私が作品に込めようとしているのは私自身の反戦的信条のすべて」だと寄稿しており、平和主義的な内容や典礼文に基づく楽章タイトルなど、『戦争レクイエム』を予告する作品であると言える。,W・H・オーデンとブリテンは何年に知り合いになったか。,1935年,Multiple sentence reasoning
326,115,戦争レクイエム,ブリテンは生来優しく繊細な性格で暴力を嫌っており、作曲の師であるフランク・ブリッジからも平和主義の影響を受けていた。1935年には映画音楽の制作を通して詩人のW・H・オーデンと出会い親交を深めるが、その影響で平和主義の傾向はさらに強固なものになった。オーウェンの影響を強く受けていたオーデンは周囲の者に対してオーウェンの詩を読むことを熱心に勧めており、ブリテンはこの頃にオーデンを通じてオーウェンを理解する手がかりを得ていた可能性が考えられる。そのオーデンは1939年1月にアメリカ大陸に移住し、同年5月にはブリテンも親友ピーター・ピアーズとともにイギリスを離れ、カナダ・アメリカに向かった。同年9月には第二次世界大戦が勃発し、イギリスの友人からは帰国を促す手紙が届くが、ブリテンはさらに数年間アメリカにとどまり続けた。アメリカ滞在中の1940年には日本政府の委嘱により『シンフォニア・ダ・レクイエム』作品20を作曲しているが、この曲についてはブリテン自身が新聞に「私が作品に込めようとしているのは私自身の反戦的信条のすべて」だと寄稿しており、平和主義的な内容や典礼文に基づく楽章タイトルなど、『戦争レクイエム』を予告する作品であると言える。,第二次世界大戦は何年に勃発したか。,1939年,Multiple sentence reasoning
327,115,戦争レクイエム,ブリテンは生来優しく繊細な性格で暴力を嫌っており、作曲の師であるフランク・ブリッジからも平和主義の影響を受けていた。1935年には映画音楽の制作を通して詩人のW・H・オーデンと出会い親交を深めるが、その影響で平和主義の傾向はさらに強固なものになった。オーウェンの影響を強く受けていたオーデンは周囲の者に対してオーウェンの詩を読むことを熱心に勧めており、ブリテンはこの頃にオーデンを通じてオーウェンを理解する手がかりを得ていた可能性が考えられる。そのオーデンは1939年1月にアメリカ大陸に移住し、同年5月にはブリテンも親友ピーター・ピアーズとともにイギリスを離れ、カナダ・アメリカに向かった。同年9月には第二次世界大戦が勃発し、イギリスの友人からは帰国を促す手紙が届くが、ブリテンはさらに数年間アメリカにとどまり続けた。アメリカ滞在中の1940年には日本政府の委嘱により『シンフォニア・ダ・レクイエム』作品20を作曲しているが、この曲についてはブリテン自身が新聞に「私が作品に込めようとしているのは私自身の反戦的信条のすべて」だと寄稿しており、平和主義的な内容や典礼文に基づく楽章タイトルなど、『戦争レクイエム』を予告する作品であると言える。,ブリテンに『シンフォニア・ダ・レクイエム』作品20の作曲を任せたのは誰?,日本政府,Lexical variation (synonymy)
328,116,戦争レクイエム,"この申し出は最終的に1943年5月に認可され、ブリテンは、同じく良心的兵役拒否者となったピアーズとともに「戦意高揚のための音楽家・美術家委員会(CEMA)」のためのコンサートを行った。その一方で、ブリテンやピアーズの友人の中には、従軍し大戦の犠牲となった者もいる。ロジャー・バーニー、デヴィッド・ギルは戦死し、マイケル・ハリディは従軍中に行方不明となった。『戦争レクイエム』は、この3名と1959年に自殺したピアーズ・ダンカリーの思い出に捧げられ、スコアには4人の友人の名前が記されている。

平和主義者のブリテンではあったが第二次世界大戦を扱った作品は決して多くない。第二次世界大戦が終結した1940年代後半には、戦争や暴力に反対する内容の大規模な合唱曲を構想するが、それらは実を結ばず、1955年には、イーディス・シットウェルの詩による、ロンドン空襲を扱った『カンティクル第3番「なおも雨は降る」』作品55を作曲している。これはブリテンが第二次世界大戦に直接言及した数少ない作品の一つである。",ピアーズ・ダンカリーは何年に亡くなったか。,1959年,Lexical variation (synonymy)
329,116,戦争レクイエム,"この申し出は最終的に1943年5月に認可され、ブリテンは、同じく良心的兵役拒否者となったピアーズとともに「戦意高揚のための音楽家・美術家委員会(CEMA)」のためのコンサートを行った。その一方で、ブリテンやピアーズの友人の中には、従軍し大戦の犠牲となった者もいる。ロジャー・バーニー、デヴィッド・ギルは戦死し、マイケル・ハリディは従軍中に行方不明となった。『戦争レクイエム』は、この3名と1959年に自殺したピアーズ・ダンカリーの思い出に捧げられ、スコアには4人の友人の名前が記されている。

平和主義者のブリテンではあったが第二次世界大戦を扱った作品は決して多くない。第二次世界大戦が終結した1940年代後半には、戦争や暴力に反対する内容の大規模な合唱曲を構想するが、それらは実を結ばず、1955年には、イーディス・シットウェルの詩による、ロンドン空襲を扱った『カンティクル第3番「なおも雨は降る」』作品55を作曲している。これはブリテンが第二次世界大戦に直接言及した数少ない作品の一つである。",第二次世界大戦はいつ終わったの?,1940年代後半,Lexical variation (synonymy)
330,116,戦争レクイエム,"この申し出は最終的に1943年5月に認可され、ブリテンは、同じく良心的兵役拒否者となったピアーズとともに「戦意高揚のための音楽家・美術家委員会(CEMA)」のためのコンサートを行った。その一方で、ブリテンやピアーズの友人の中には、従軍し大戦の犠牲となった者もいる。ロジャー・バーニー、デヴィッド・ギルは戦死し、マイケル・ハリディは従軍中に行方不明となった。『戦争レクイエム』は、この3名と1959年に自殺したピアーズ・ダンカリーの思い出に捧げられ、スコアには4人の友人の名前が記されている。

平和主義者のブリテンではあったが第二次世界大戦を扱った作品は決して多くない。第二次世界大戦が終結した1940年代後半には、戦争や暴力に反対する内容の大規模な合唱曲を構想するが、それらは実を結ばず、1955年には、イーディス・シットウェルの詩による、ロンドン空襲を扱った『カンティクル第3番「なおも雨は降る」』作品55を作曲している。これはブリテンが第二次世界大戦に直接言及した数少ない作品の一つである。",『カンティクル第3番「なおも雨は降る」』作品55は何を扱った作品ですか。,ロンドン空襲,Syntactic variation
331,117,戦争レクイエム,"1958年10月7日、ブリテンは、第二次世界大戦で破壊された聖マイケル大聖堂の再建を祝う献堂式のための楽曲を委嘱され、このことが『戦争レクイエム』が生まれる直接のきっかけとなった。

大聖堂があるコヴェントリーはイギリス中部のウォリックシャー州にある工業都市で、第二次世界大戦中の1940年11月14日にドイツ空軍の激しい空襲を受けた。市のシンボルであった大聖堂もこの時に破壊されたが、戦後、建築家バジル・スペンスの設計による現代的な新しい大聖堂が破壊された聖堂の廃墟に隣接して建てられることとなり、彫刻家ジェイコブ・エプスタイン、画家のグレアム・サザーランド、ジョン・パイパー、エリザベス・フリンクなど多くの芸術家がこの再建に関わった。ブリテンへの作曲の委嘱は、献堂式ために組織された式典芸術委員会から行われたが、英国王室楽長であったアーサー・ブリスを差し置いてブリテンが起用されたことは、当時のイギリス楽壇では意外性をもって受け止められた。",聖マイケル大聖堂はどの戦争のせいで破壊されたか。,第二次世界大戦,Syntactic variation
332,117,戦争レクイエム,"1958年10月7日、ブリテンは、第二次世界大戦で破壊された聖マイケル大聖堂の再建を祝う献堂式のための楽曲を委嘱され、このことが『戦争レクイエム』が生まれる直接のきっかけとなった。

大聖堂があるコヴェントリーはイギリス中部のウォリックシャー州にある工業都市で、第二次世界大戦中の1940年11月14日にドイツ空軍の激しい空襲を受けた。市のシンボルであった大聖堂もこの時に破壊されたが、戦後、建築家バジル・スペンスの設計による現代的な新しい大聖堂が破壊された聖堂の廃墟に隣接して建てられることとなり、彫刻家ジェイコブ・エプスタイン、画家のグレアム・サザーランド、ジョン・パイパー、エリザベス・フリンクなど多くの芸術家がこの再建に関わった。ブリテンへの作曲の委嘱は、献堂式ために組織された式典芸術委員会から行われたが、英国王室楽長であったアーサー・ブリスを差し置いてブリテンが起用されたことは、当時のイギリス楽壇では意外性をもって受け止められた。",ブリテンはいつ聖マイケル大聖堂の再建を祝う献堂式のための楽曲を委嘱されたか。,1958年10月7日,Syntactic variation
333,117,戦争レクイエム,"1958年10月7日、ブリテンは、第二次世界大戦で破壊された聖マイケル大聖堂の再建を祝う献堂式のための楽曲を委嘱され、このことが『戦争レクイエム』が生まれる直接のきっかけとなった。

大聖堂があるコヴェントリーはイギリス中部のウォリックシャー州にある工業都市で、第二次世界大戦中の1940年11月14日にドイツ空軍の激しい空襲を受けた。市のシンボルであった大聖堂もこの時に破壊されたが、戦後、建築家バジル・スペンスの設計による現代的な新しい大聖堂が破壊された聖堂の廃墟に隣接して建てられることとなり、彫刻家ジェイコブ・エプスタイン、画家のグレアム・サザーランド、ジョン・パイパー、エリザベス・フリンクなど多くの芸術家がこの再建に関わった。ブリテンへの作曲の委嘱は、献堂式ために組織された式典芸術委員会から行われたが、英国王室楽長であったアーサー・ブリスを差し置いてブリテンが起用されたことは、当時のイギリス楽壇では意外性をもって受け止められた。",コヴェントリーはいつドイツ空軍の空襲を受けたか。,1940年11月14日,Syntactic variation
334,118,戦争レクイエム,『戦争レクイエム』の初演に向けての大きな問題点はヴィシネフスカヤの出演が確定していないことであった。すでに1961年の夏、オールドバラ音楽祭にヴィシネフスカヤが出演した際、ブリテンは彼女に『戦争レクイエム』への出演を直接依頼し快諾を得ていたがソ連当局が出演許可を与えていなかったのである。ブリテンはソ連文化省に手紙を送り、ヴィシネフスカヤも文化省のエカチェリーナ・フルツェワに直談判を行ったがソ連当局は出演を拒み続けていた。『戦争レクイエム』が完成した1961年といえばベルリンの壁の建設やアメリカとキューバの断交など冷戦に伴う緊張が高まっていた時期ではあったが東西の文化的な交流が途絶えていた訳ではなく、まさに『戦争レクイエム』の初演が行われる直前の1962年5月、ヴィシネフスカヤはロイヤル・オペラ・ハウスでの『アイーダ』公演のためイギリスを訪れていたのである。ソ連当局の許可さえ得られれば彼女はそのままイギリスに残って『戦争レクイエム』に出演できるはずであり、ブリテンやロストロポーヴィチは間際まで粘り強く交渉を行った。しかしその努力も空しく、『アイーダ』公演の最終日、ヴィシネフスカヤに帰国命令が下された。,1961年の夏、ブリテンは誰に『戦争レクイエム』への出演を直接依頼していましたか。,ヴィシネフスカヤ,Multiple sentence reasoning
335,118,戦争レクイエム,『戦争レクイエム』の初演に向けての大きな問題点はヴィシネフスカヤの出演が確定していないことであった。すでに1961年の夏、オールドバラ音楽祭にヴィシネフスカヤが出演した際、ブリテンは彼女に『戦争レクイエム』への出演を直接依頼し快諾を得ていたがソ連当局が出演許可を与えていなかったのである。ブリテンはソ連文化省に手紙を送り、ヴィシネフスカヤも文化省のエカチェリーナ・フルツェワに直談判を行ったがソ連当局は出演を拒み続けていた。『戦争レクイエム』が完成した1961年といえばベルリンの壁の建設やアメリカとキューバの断交など冷戦に伴う緊張が高まっていた時期ではあったが東西の文化的な交流が途絶えていた訳ではなく、まさに『戦争レクイエム』の初演が行われる直前の1962年5月、ヴィシネフスカヤはロイヤル・オペラ・ハウスでの『アイーダ』公演のためイギリスを訪れていたのである。ソ連当局の許可さえ得られれば彼女はそのままイギリスに残って『戦争レクイエム』に出演できるはずであり、ブリテンやロストロポーヴィチは間際まで粘り強く交渉を行った。しかしその努力も空しく、『アイーダ』公演の最終日、ヴィシネフスカヤに帰国命令が下された。,『戦争レクイエム』は何年に完成されたの?,1961年,Syntactic variation
336,119,戦争レクイエム,"1962年5月30日、コヴェントリーの聖マイケル教会における『戦争レクイエム』の初演は、ピアーズ(テノール)、フィッシャー=ディースカウ(バリトン)、ハーパー(ソプラノ)の3名の独唱者、メレディス・デイヴィス指揮によるバーミンガム市交響楽団、コヴェントリー祝祭合唱団、レミントンとストラットフォードのホーリー・トリニティ教会児童合唱団、ブリテン自身の指揮によるメロス・アンサンブルによって行われた。

この時の演奏では、第2章「ディエス・イレ」の途中でファンファーレを担当する金管楽器奏者が出るタイミングを完全に見失ってしまうなどのミスがあり、ブリテンはその出来栄えに満足しなかったが、聴衆には好意的に受け止められた。出演者のフィッシャー=ディースカウもフィナーレの部分では戦死した友人や戦争にまつわる様々な思いが去来し、涙ぐみながら歌ったという。

初演当日の演奏はBBCがモノラル録音しており、ブリテンの生誕100年にあたる2013年にイギリスのテスタメントがCD化している。",1962年5月30日に行われた『戦争レクイエム』の初演で、独唱者は何名でしたか。,3名,Syntactic variation
337,119,戦争レクイエム,"1962年5月30日、コヴェントリーの聖マイケル教会における『戦争レクイエム』の初演は、ピアーズ(テノール)、フィッシャー=ディースカウ(バリトン)、ハーパー(ソプラノ)の3名の独唱者、メレディス・デイヴィス指揮によるバーミンガム市交響楽団、コヴェントリー祝祭合唱団、レミントンとストラットフォードのホーリー・トリニティ教会児童合唱団、ブリテン自身の指揮によるメロス・アンサンブルによって行われた。

この時の演奏では、第2章「ディエス・イレ」の途中でファンファーレを担当する金管楽器奏者が出るタイミングを完全に見失ってしまうなどのミスがあり、ブリテンはその出来栄えに満足しなかったが、聴衆には好意的に受け止められた。出演者のフィッシャー=ディースカウもフィナーレの部分では戦死した友人や戦争にまつわる様々な思いが去来し、涙ぐみながら歌ったという。

初演当日の演奏はBBCがモノラル録音しており、ブリテンの生誕100年にあたる2013年にイギリスのテスタメントがCD化している。",ブリテンの生誕100年にあたる年はいつでしたか。,2013年,Syntactic variation
338,120,焼入れ,"焼入れ(やきいれ、英語:quenching)とは、金属を所定の高温状態から急冷させる熱処理である。
焼き入れとも表記する。
広義には、金属全般を所定の高温状態から急冷させる操作を行う処理を指し、狭義には、鉄鋼材料(特に鋼)を金属組織がオーステナイト組織になるまで加熱した後、急冷してマルテンサイト組織を得る熱処理を指す。
本記事では、狭義の方の鋼の焼入れについて主に説明する。
焼入れを行うことにより、鉄鋼材を硬くして、耐摩耗性や引張強さ、疲労強度などの強度を向上させることができる。
焼入れ性がよい材料ほど、材料内部深くまで焼きを入れる(マルテンサイト化させる)ことができる。
焼入れしたままでは硬いが脆くなるため、靭性を回復させて粘り強い材料にするために焼戻しを焼入れ後に行うのが一般的である。
焼入れ処理にともなって割れやひずみなどの欠陥が起きる可能性があり、冷却方法などに工夫が行われる。",金属を所定の高温状態から急速に冷却させる熱処理の方法を何と言いますか?,焼入れ,Lexical variation (synonymy)
339,120,焼入れ,"焼入れ(やきいれ、英語:quenching)とは、金属を所定の高温状態から急冷させる熱処理である。
焼き入れとも表記する。
広義には、金属全般を所定の高温状態から急冷させる操作を行う処理を指し、狭義には、鉄鋼材料(特に鋼)を金属組織がオーステナイト組織になるまで加熱した後、急冷してマルテンサイト組織を得る熱処理を指す。
本記事では、狭義の方の鋼の焼入れについて主に説明する。
焼入れを行うことにより、鉄鋼材を硬くして、耐摩耗性や引張強さ、疲労強度などの強度を向上させることができる。
焼入れ性がよい材料ほど、材料内部深くまで焼きを入れる(マルテンサイト化させる)ことができる。
焼入れしたままでは硬いが脆くなるため、靭性を回復させて粘り強い材料にするために焼戻しを焼入れ後に行うのが一般的である。
焼入れ処理にともなって割れやひずみなどの欠陥が起きる可能性があり、冷却方法などに工夫が行われる。",焼入れは、厳密には鉄鋼材料を急冷することで何を得る熱処理だとしていますか?,マルテンサイト組織,Lexical variation (synonymy)
340,120,焼入れ,"焼入れ(やきいれ、英語:quenching)とは、金属を所定の高温状態から急冷させる熱処理である。
焼き入れとも表記する。
広義には、金属全般を所定の高温状態から急冷させる操作を行う処理を指し、狭義には、鉄鋼材料(特に鋼)を金属組織がオーステナイト組織になるまで加熱した後、急冷してマルテンサイト組織を得る熱処理を指す。
本記事では、狭義の方の鋼の焼入れについて主に説明する。
焼入れを行うことにより、鉄鋼材を硬くして、耐摩耗性や引張強さ、疲労強度などの強度を向上させることができる。
焼入れ性がよい材料ほど、材料内部深くまで焼きを入れる(マルテンサイト化させる)ことができる。
焼入れしたままでは硬いが脆くなるため、靭性を回復させて粘り強い材料にするために焼戻しを焼入れ後に行うのが一般的である。
焼入れ処理にともなって割れやひずみなどの欠陥が起きる可能性があり、冷却方法などに工夫が行われる。",焼入れをすると、鉄鋼材の硬さ、引張強さ、疲労強度とあともう1つはどのような性質を強化することができますか?,耐摩耗性,Lexical variation (synonymy)
341,121,焼入れ,"物質は、組成、温度、圧力の条件により、液体や固体などに代表される相と呼ばれる物質の形態が変化する。
組成、温度、圧力などを縦軸や横軸として変化させて、どの相が存在するか示した図を状態図、平衡状態図、あるいは相図と呼ぶ。
合金の場合は、圧力一定として温度変化と組成変化で状態図を示す場合が一般である。
また、合金の場合は、固体として存在する間でも種々の相に変化するのが特徴である。
このような相の変化を変態と呼ぶ。",圧力一定として温度変化と組成変化で状態図を示す事が一般的である物質とは何?,合金,Lexical variation (synonymy)
342,121,焼入れ,"物質は、組成、温度、圧力の条件により、液体や固体などに代表される相と呼ばれる物質の形態が変化する。
組成、温度、圧力などを縦軸や横軸として変化させて、どの相が存在するか示した図を状態図、平衡状態図、あるいは相図と呼ぶ。
合金の場合は、圧力一定として温度変化と組成変化で状態図を示す場合が一般である。
また、合金の場合は、固体として存在する間でも種々の相に変化するのが特徴である。
このような相の変化を変態と呼ぶ。",固体として存在する間でも種々に変態する物質とは何ですか?,合金,Lexical variation (synonymy)
343,122,焼入れ,"ある1つの金属元素に別の1つの元素を加えたものを二元合金と呼ぶ。
鉄と炭素から成る二元合金について、横軸に炭素の質量パーセント濃度、縦軸に温度を取り、相の変化を示した図を鉄-炭素系二元合金平衡状態図、あるいは鉄-炭素系平衡状態図などと呼ぶ。
ここで「平衡」とは、非常にゆっくり冷却・加熱したときの変化を表している。
鉄-炭素系二元合金平衡状態図は純鉄と純炭素のみを原料とした合金に基づくものであるが、一般的な鋼は、不純物として、あるいは性質改善のために、炭素以外の成分も含んでおり、これらの他の成分により状態図が多少変化するので注意が必要である。
合金鋼の場合で、横軸:炭素濃度、縦軸:温度の状態図で比較すると、合金元素の総量が5%以下の低合金鋼では鉄-炭素二元合金とほぼ同形だが、総量10%以上の高合金鋼になると大きく異なってくる。
以下では簡単のために鉄-炭素系二元合金平衡状態図を用いて鋼の相変化を説明する。",ある1つの金属元素に別の1つの元素を加えたものを何と呼びますか?,二元合金,Syntactic variation
344,122,焼入れ,"ある1つの金属元素に別の1つの元素を加えたものを二元合金と呼ぶ。
鉄と炭素から成る二元合金について、横軸に炭素の質量パーセント濃度、縦軸に温度を取り、相の変化を示した図を鉄-炭素系二元合金平衡状態図、あるいは鉄-炭素系平衡状態図などと呼ぶ。
ここで「平衡」とは、非常にゆっくり冷却・加熱したときの変化を表している。
鉄-炭素系二元合金平衡状態図は純鉄と純炭素のみを原料とした合金に基づくものであるが、一般的な鋼は、不純物として、あるいは性質改善のために、炭素以外の成分も含んでおり、これらの他の成分により状態図が多少変化するので注意が必要である。
合金鋼の場合で、横軸:炭素濃度、縦軸:温度の状態図で比較すると、合金元素の総量が5%以下の低合金鋼では鉄-炭素二元合金とほぼ同形だが、総量10%以上の高合金鋼になると大きく異なってくる。
以下では簡単のために鉄-炭素系二元合金平衡状態図を用いて鋼の相変化を説明する。",超スロースピードで冷却・加熱したときの変化を表した単語は何ですか?,「平衡」,Lexical variation (synonymy)
345,123,焼入れ,"純鉄と呼ばれる炭素質量パーセント濃度が0.022%以下の領域を除いて、鉄-炭素系二元合金平衡状態図を見ていく。
室温では、鋼の相はフェライト相およびセメンタイトで構成される。
詳しく見ると、炭素濃度0.77%未満ではフェライト+パーライトで、0.77%丁度ではパーライトのみで、0.77%超過ではパーライト+セメンタイトで構成される。
この0.77%の点を共析点と呼び、共析点未満の炭素濃度の鋼を亜共析鋼、共析点丁度を共析鋼、共析点超過を過共析鋼と呼ぶ。
硬さに注目すると、フェライトは軟らかく粘りのある組織で、パーライトも比較的柔らかい組織で、セメンタイトは非常に硬いが脆い組織となっている。",フェライト、セメンタイト、パーライトの中で最も硬い組織はどれですか?,セメンタイト,Lexical variation (world knowledge)
346,123,焼入れ,"純鉄と呼ばれる炭素質量パーセント濃度が0.022%以下の領域を除いて、鉄-炭素系二元合金平衡状態図を見ていく。
室温では、鋼の相はフェライト相およびセメンタイトで構成される。
詳しく見ると、炭素濃度0.77%未満ではフェライト+パーライトで、0.77%丁度ではパーライトのみで、0.77%超過ではパーライト+セメンタイトで構成される。
この0.77%の点を共析点と呼び、共析点未満の炭素濃度の鋼を亜共析鋼、共析点丁度を共析鋼、共析点超過を過共析鋼と呼ぶ。
硬さに注目すると、フェライトは軟らかく粘りのある組織で、パーライトも比較的柔らかい組織で、セメンタイトは非常に硬いが脆い組織となっている。",室温での鋼がパーライトのみで構成される時は炭素濃度が何%の時ですか?,0.77%丁度,Lexical variation (world knowledge)
347,123,焼入れ,"純鉄と呼ばれる炭素質量パーセント濃度が0.022%以下の領域を除いて、鉄-炭素系二元合金平衡状態図を見ていく。
室温では、鋼の相はフェライト相およびセメンタイトで構成される。
詳しく見ると、炭素濃度0.77%未満ではフェライト+パーライトで、0.77%丁度ではパーライトのみで、0.77%超過ではパーライト+セメンタイトで構成される。
この0.77%の点を共析点と呼び、共析点未満の炭素濃度の鋼を亜共析鋼、共析点丁度を共析鋼、共析点超過を過共析鋼と呼ぶ。
硬さに注目すると、フェライトは軟らかく粘りのある組織で、パーライトも比較的柔らかい組織で、セメンタイトは非常に硬いが脆い組織となっている。",室温での鋼がパーライト+セメンタイトで構成される時の共析点は何%ですか?,0.77%超過,Multiple sentence reasoning
348,123,焼入れ,"純鉄と呼ばれる炭素質量パーセント濃度が0.022%以下の領域を除いて、鉄-炭素系二元合金平衡状態図を見ていく。
室温では、鋼の相はフェライト相およびセメンタイトで構成される。
詳しく見ると、炭素濃度0.77%未満ではフェライト+パーライトで、0.77%丁度ではパーライトのみで、0.77%超過ではパーライト+セメンタイトで構成される。
この0.77%の点を共析点と呼び、共析点未満の炭素濃度の鋼を亜共析鋼、共析点丁度を共析鋼、共析点超過を過共析鋼と呼ぶ。
硬さに注目すると、フェライトは軟らかく粘りのある組織で、パーライトも比較的柔らかい組織で、セメンタイトは非常に硬いが脆い組織となっている。",共析点超過の炭素濃度の鋼の呼称は何ですか?,過共析鋼,Lexical variation (world knowledge)
349,124,焼入れ,"高温域を見ていくと、A1線と呼ばれる727°Cの温度を超えた領域では、亜共析鋼はフェライト+オーステナイトに、共析鋼はオーステナイトのみに、過共析鋼はオーステナイト+セメンタイトになる。
この温度では亜共析鋼にはまだフェライトが存在するが、さらに温度を上げてA3線と呼ばれる温度を超えると亜共析鋼もオーステナイトのみの相となる。
オーステナイトもフェライトに似て軟らかく粘りのある組織であるが、炭素固溶領域が大きい特徴を持つ。
オーステナイトあるいはオーステナイト+セメンタイトの高温状態から、逆に冷却していくとする。
ゆっくり平衡的に冷やしていくと上記で説明した順序を逆にたどって変態が起こるだけだが、冷却速度を上げて冷やすと、パーライトやフェライトに変態する時間が足りず、マルテンサイトと呼ばれる平衡状態図には示されない相が現れる。
この変態をマルテンサイト変態と呼ぶ。
マルテンサイト組織は、α鉄が過剰に炭素を強制固溶した組織で、非常に硬い性質を持つ。
このように、急冷によるマルテンサイト変態を起こして鋼を硬くさせる操作が、一般的な鋼の焼入れである。
日本刀の焼入れなど、焼入れは古来から経験的な鍛冶職人の技術として存在していたが、1888年、ロシアの冶金学者ドミートリー・コンスタンチノヴィッチ・チェルノフ(DmitryChernov)により、焼入れが起こる具体的な加熱・冷却条件が発表され、これが鋼の焼入れ、及び熱処理の理論的な嚆矢とされる。",亜共析鋼にまだフェライトが存在している時の温度とは何°Cですか?,727°C,Multiple sentence reasoning
350,124,焼入れ,"高温域を見ていくと、A1線と呼ばれる727°Cの温度を超えた領域では、亜共析鋼はフェライト+オーステナイトに、共析鋼はオーステナイトのみに、過共析鋼はオーステナイト+セメンタイトになる。
この温度では亜共析鋼にはまだフェライトが存在するが、さらに温度を上げてA3線と呼ばれる温度を超えると亜共析鋼もオーステナイトのみの相となる。
オーステナイトもフェライトに似て軟らかく粘りのある組織であるが、炭素固溶領域が大きい特徴を持つ。
オーステナイトあるいはオーステナイト+セメンタイトの高温状態から、逆に冷却していくとする。
ゆっくり平衡的に冷やしていくと上記で説明した順序を逆にたどって変態が起こるだけだが、冷却速度を上げて冷やすと、パーライトやフェライトに変態する時間が足りず、マルテンサイトと呼ばれる平衡状態図には示されない相が現れる。
この変態をマルテンサイト変態と呼ぶ。
マルテンサイト組織は、α鉄が過剰に炭素を強制固溶した組織で、非常に硬い性質を持つ。
このように、急冷によるマルテンサイト変態を起こして鋼を硬くさせる操作が、一般的な鋼の焼入れである。
日本刀の焼入れなど、焼入れは古来から経験的な鍛冶職人の技術として存在していたが、1888年、ロシアの冶金学者ドミートリー・コンスタンチノヴィッチ・チェルノフ(DmitryChernov)により、焼入れが起こる具体的な加熱・冷却条件が発表され、これが鋼の焼入れ、及び熱処理の理論的な嚆矢とされる。",焼入れの仕組みや条件を理論的に説いた人は誰ですか?,ドミートリー・コンスタンチノヴィッチ・チェルノフ,Lexical variation (synonymy)
351,124,焼入れ,"高温域を見ていくと、A1線と呼ばれる727°Cの温度を超えた領域では、亜共析鋼はフェライト+オーステナイトに、共析鋼はオーステナイトのみに、過共析鋼はオーステナイト+セメンタイトになる。
この温度では亜共析鋼にはまだフェライトが存在するが、さらに温度を上げてA3線と呼ばれる温度を超えると亜共析鋼もオーステナイトのみの相となる。
オーステナイトもフェライトに似て軟らかく粘りのある組織であるが、炭素固溶領域が大きい特徴を持つ。
オーステナイトあるいはオーステナイト+セメンタイトの高温状態から、逆に冷却していくとする。
ゆっくり平衡的に冷やしていくと上記で説明した順序を逆にたどって変態が起こるだけだが、冷却速度を上げて冷やすと、パーライトやフェライトに変態する時間が足りず、マルテンサイトと呼ばれる平衡状態図には示されない相が現れる。
この変態をマルテンサイト変態と呼ぶ。
マルテンサイト組織は、α鉄が過剰に炭素を強制固溶した組織で、非常に硬い性質を持つ。
このように、急冷によるマルテンサイト変態を起こして鋼を硬くさせる操作が、一般的な鋼の焼入れである。
日本刀の焼入れなど、焼入れは古来から経験的な鍛冶職人の技術として存在していたが、1888年、ロシアの冶金学者ドミートリー・コンスタンチノヴィッチ・チェルノフ(DmitryChernov)により、焼入れが起こる具体的な加熱・冷却条件が発表され、これが鋼の焼入れ、及び熱処理の理論的な嚆矢とされる。",平衡状態図には示されないマルテンサイトの相が現れる変態を何といいますか?,マルテンサイト変態,Multiple sentence reasoning
352,125,焼入れ,"焼入れは、一般的に加工品の加熱、温度保持、冷却という順序で行われ、冷却途中でマルテンサイト変態が発生する。
また、通常は焼入れ後に焼戻しを行う。
以下に順を追って説明する。
鋼の組織がオーステナイトになるまで加工物を炉などで加熱する。
熱処理用の炉の種類には、熱源の種類別に、電気炉、重油炉、ガス炉、塩浴炉などがある。
加熱前の前処理として、焼入れ不良の原因となるため、加工品に汚れや錆がある場合は洗浄やショットブラストで取り除く。
加熱は、一般に、亜共析鋼ではA3線から30-50°C高い温度まで昇温させ、共析鋼・過共析鋼ではA1線から30-50°C高い温度まで昇温させて、温度を保持する。
前述の通り、A3線・A1線を超えるとオーステナイト化されるが、それよりも30-50°C高く設定する理由は十分均一なオーステナイトを得る確実性を上げるためである。
このような焼入れのための最高加熱温度を焼入れ温度あるいはオーステナイト化温度と呼ぶ。
上記の一般的な焼入れ温度は、焼なましの一種である完全焼なましとほぼ同じ加熱温度でもある。",焼入れ過程の中でマルテンサイト変態が生じるのはいつ?,冷却途中,Lexical variation (synonymy)
353,125,焼入れ,"焼入れは、一般的に加工品の加熱、温度保持、冷却という順序で行われ、冷却途中でマルテンサイト変態が発生する。
また、通常は焼入れ後に焼戻しを行う。
以下に順を追って説明する。
鋼の組織がオーステナイトになるまで加工物を炉などで加熱する。
熱処理用の炉の種類には、熱源の種類別に、電気炉、重油炉、ガス炉、塩浴炉などがある。
加熱前の前処理として、焼入れ不良の原因となるため、加工品に汚れや錆がある場合は洗浄やショットブラストで取り除く。
加熱は、一般に、亜共析鋼ではA3線から30-50°C高い温度まで昇温させ、共析鋼・過共析鋼ではA1線から30-50°C高い温度まで昇温させて、温度を保持する。
前述の通り、A3線・A1線を超えるとオーステナイト化されるが、それよりも30-50°C高く設定する理由は十分均一なオーステナイトを得る確実性を上げるためである。
このような焼入れのための最高加熱温度を焼入れ温度あるいはオーステナイト化温度と呼ぶ。
上記の一般的な焼入れ温度は、焼なましの一種である完全焼なましとほぼ同じ加熱温度でもある。",焼入れ不良が起こらないように、加工品に錆がある時はどのような方法で除去しますか?,ショットブラスト,Lexical variation (synonymy)
354,126,焼入れ,"亜共析鋼の場合、もし焼入れ温度がA3線より低い場合は、A3線以下ではフェライトが既に析出しているので、焼入れ後組織にもフェライトが含まれるようになり十分な硬度が得られない。
このような、何らかの原因によりマルテンサイトのみの組織が得られなかった焼入れを不完全焼入れ、甘焼きと呼ぶ。
これに対して、100%マルテンサイト組織が得られた焼入れを完全焼入れと呼ぶ。
ただし、100%のマルテンサイトを得ることは現実的には困難なので、およそ90%程度で実用上は完全焼入れと見なされる。
逆に焼入れ温度が高過ぎると、結晶粒が粗大化して焼入れ後の機械的性質が劣るようになる。
また、後述の焼割れや変形の原因にもなる。
過共析鋼の場合、A1線を超えてAcm線以上まで加熱すれば全ての組織がオーステナイト化されるが、この温度から焼入れしても焼割れや残留オーステナイトの増加などが発生して上手く焼入れできない。
これは鉄中への炭素の固溶濃度が大きくなり過ぎることが原因で、このため焼入れ温度をA1線直上に設定するのが一般である。
ただし、後述の通り高合金鋼使用の場合は、Acm線以上で焼入れ温度を設定する場合もある。",100%マルテンサイト組織が得られなかった焼入れを甘焼き、または何と言いますか?,不完全焼入れ,Lexical variation (synonymy)
355,126,焼入れ,"亜共析鋼の場合、もし焼入れ温度がA3線より低い場合は、A3線以下ではフェライトが既に析出しているので、焼入れ後組織にもフェライトが含まれるようになり十分な硬度が得られない。
このような、何らかの原因によりマルテンサイトのみの組織が得られなかった焼入れを不完全焼入れ、甘焼きと呼ぶ。
これに対して、100%マルテンサイト組織が得られた焼入れを完全焼入れと呼ぶ。
ただし、100%のマルテンサイトを得ることは現実的には困難なので、およそ90%程度で実用上は完全焼入れと見なされる。
逆に焼入れ温度が高過ぎると、結晶粒が粗大化して焼入れ後の機械的性質が劣るようになる。
また、後述の焼割れや変形の原因にもなる。
過共析鋼の場合、A1線を超えてAcm線以上まで加熱すれば全ての組織がオーステナイト化されるが、この温度から焼入れしても焼割れや残留オーステナイトの増加などが発生して上手く焼入れできない。
これは鉄中への炭素の固溶濃度が大きくなり過ぎることが原因で、このため焼入れ温度をA1線直上に設定するのが一般である。
ただし、後述の通り高合金鋼使用の場合は、Acm線以上で焼入れ温度を設定する場合もある。",実際は、およそ何%程度のマルテンサイトが得られたら完全焼入れと言えるのでしょうか?,90%程度,Lexical variation (synonymy)
356,127,焼入れ,"焼入れ温度に保持してセメンタイトをオーステナイト中に固溶させる操作を、固溶化熱処理、オーステナイト化処理とよぶ。
昇温速度にもよるが、加熱するとき加工品の表面に比べて内部・中心は遅れて昇温するので、表面温度が焼入れ温度に達した後に内部・中心温度は遅れて焼入れ温度に達する。
そのため、加工品表面が焼入れ温度に達してから冷却するまでの時間を保持時間、加工品全体が焼入れ温度に達してから冷却するまでの時間を有効保持時間と呼び分ける。
必要な保持時間は、昇温速度、加工品の大きさ、化学成分や加熱前の組織状態によって変わる。
材質の影響としては、焼入れ前の組織の結晶粒が微細化されているほど、均質なオーステナイト化にかかる時間が短く、保持時間も短くてよくなる。
また、組成の影響も大きく、高炭素クロム軸受鋼、高速度鋼、ダイス鋼などでは、同じ条件で比較して、機械構造用炭素鋼などよりも約20分程度保持時間が長くする必要がある。",有効保持時間とは、加工品の表面と全体どちらの部分が焼入れ温度に達してから冷却するまでの時間を指しますか?,全体,Lexical variation (world knowledge)
357,127,焼入れ,"焼入れ温度に保持してセメンタイトをオーステナイト中に固溶させる操作を、固溶化熱処理、オーステナイト化処理とよぶ。
昇温速度にもよるが、加熱するとき加工品の表面に比べて内部・中心は遅れて昇温するので、表面温度が焼入れ温度に達した後に内部・中心温度は遅れて焼入れ温度に達する。
そのため、加工品表面が焼入れ温度に達してから冷却するまでの時間を保持時間、加工品全体が焼入れ温度に達してから冷却するまでの時間を有効保持時間と呼び分ける。
必要な保持時間は、昇温速度、加工品の大きさ、化学成分や加熱前の組織状態によって変わる。
材質の影響としては、焼入れ前の組織の結晶粒が微細化されているほど、均質なオーステナイト化にかかる時間が短く、保持時間も短くてよくなる。
また、組成の影響も大きく、高炭素クロム軸受鋼、高速度鋼、ダイス鋼などでは、同じ条件で比較して、機械構造用炭素鋼などよりも約20分程度保持時間が長くする必要がある。",同じ条件下で高炭素クロム軸受鋼、高速度鋼、ダイス鋼と機械構造用炭素鋼を比べる時、保持時間を長くする必要がないのはどちらですか?,機械構造用炭素鋼,Lexical variation (world knowledge)
358,128,焼入れ,"加工品の加熱・保持後に冷却を行う。
焼入れに必要な冷却速度は大体160°C/秒以上とされる。
冷却速度を下げていくと、マルテンサイト変態の前にパーライト変態、ベイナイト変態、フェライト変態が発生するようになり、冷却後の組織にマルテンサイト以外の組織が混入し始める。
この他の組織が発生するようになる限界の冷却速度を上部臨界冷却速度、あるいは単に臨界冷却速度と呼び、完全焼入れになる限界速度でもある。
上部臨界冷却速度からさらに冷却速度を下げていくと、他の変態が多くなりマルテンサイト変態の比率が下がっていき、遂にはマルテンサイト変態が発生しなくなる。
この限界の冷却速度を下部臨界冷却速度と呼び、不完全焼入れになる下限速度となる。
さらに冷却速度を遅くすると(亜共析鋼の場合は)焼ならしに、もっと遅くすると完全焼なましに該当するような熱処理操作となる。
このような冷却速度と変態の関係を、亜共析鋼を例にしてCCT図(連続冷却変態曲線)で見ていくと、上部臨界冷却速度でパーライト変態開始線にかかり出す。
上部臨界冷却速度と下部臨界冷却速度の間では、100%パーライト変態する前にパーライト変態領域を抜けて残りはマルテンサイト変態領域に入る。
下部臨界冷却速度で100%パーライト変態線にかかり出し、これ以上になると全てパーライト変態となる。",加工品の加熱・保持後に冷却を行う際に、必要な冷却速度は大体どれくらいとされていますか?,160°C/秒以上,Multiple sentence reasoning
359,128,焼入れ,"加工品の加熱・保持後に冷却を行う。
焼入れに必要な冷却速度は大体160°C/秒以上とされる。
冷却速度を下げていくと、マルテンサイト変態の前にパーライト変態、ベイナイト変態、フェライト変態が発生するようになり、冷却後の組織にマルテンサイト以外の組織が混入し始める。
この他の組織が発生するようになる限界の冷却速度を上部臨界冷却速度、あるいは単に臨界冷却速度と呼び、完全焼入れになる限界速度でもある。
上部臨界冷却速度からさらに冷却速度を下げていくと、他の変態が多くなりマルテンサイト変態の比率が下がっていき、遂にはマルテンサイト変態が発生しなくなる。
この限界の冷却速度を下部臨界冷却速度と呼び、不完全焼入れになる下限速度となる。
さらに冷却速度を遅くすると(亜共析鋼の場合は)焼ならしに、もっと遅くすると完全焼なましに該当するような熱処理操作となる。
このような冷却速度と変態の関係を、亜共析鋼を例にしてCCT図(連続冷却変態曲線)で見ていくと、上部臨界冷却速度でパーライト変態開始線にかかり出す。
上部臨界冷却速度と下部臨界冷却速度の間では、100%パーライト変態する前にパーライト変態領域を抜けて残りはマルテンサイト変態領域に入る。
下部臨界冷却速度で100%パーライト変態線にかかり出し、これ以上になると全てパーライト変態となる。",冷却速度を下げていく中で、パーライト変態、ベイナイト変態、フェライト変態の後に発生する変態は何ですか?,マルテンサイト変態,Lexical variation (world knowledge)
360,129,焼入れ,"焼割れや変形を避けるためにも、加工品全体が均一に降温するように冷却するのが理想的である。
そのためには冷却速度を落とすことが1つの方策だが、その他に降温を不均一にする要因としては加工品形状やサイズの影響が大きい。
一般に、表面が最も冷却が早く、内部深くなるに連れて冷却が遅くなる。
そのため、表面は100%マルテンサイトが得られるような冷却であっても、中心部ではパーライトしか得られないような冷却速度まで低下してしまうことがある。
このように、内部深くになるほど焼きが入りにくくなるので、加工品のサイズが大きくなるほど焼きが入らない領域が大きくなる。
また、内部の冷却が遅くなることに起因して、内部だけでなく、表面側も冷却速度が低下して焼きが不十分となることもある。
このような加工品の大きさ(=質量)が大きくなるほど焼きが入りづらくなる現象を、質量効果と呼ぶ。
焼入れ性が良い材料では深くまで焼きが入りやすいので質量効果を小さくできる。",加工品の大きさが大きくなるにつれて焼きが入りにくくなる現象は何ですか?,質量効果,Lexical variation (synonymy)
361,129,焼入れ,"焼割れや変形を避けるためにも、加工品全体が均一に降温するように冷却するのが理想的である。
そのためには冷却速度を落とすことが1つの方策だが、その他に降温を不均一にする要因としては加工品形状やサイズの影響が大きい。
一般に、表面が最も冷却が早く、内部深くなるに連れて冷却が遅くなる。
そのため、表面は100%マルテンサイトが得られるような冷却であっても、中心部ではパーライトしか得られないような冷却速度まで低下してしまうことがある。
このように、内部深くになるほど焼きが入りにくくなるので、加工品のサイズが大きくなるほど焼きが入らない領域が大きくなる。
また、内部の冷却が遅くなることに起因して、内部だけでなく、表面側も冷却速度が低下して焼きが不十分となることもある。
このような加工品の大きさ(=質量)が大きくなるほど焼きが入りづらくなる現象を、質量効果と呼ぶ。
焼入れ性が良い材料では深くまで焼きが入りやすいので質量効果を小さくできる。",質量効果を小さくできるのはどんな材料ですか?,焼入れ性が良い材料,Syntactic variation
362,130,焼入れ,"加熱保持後に冷却するために冷却剤が必要になる。
焼入れに用いられる冷却剤としては、
水、油、水溶液、塩浴、加圧ガス、空気などがある。
慣習として、使用する冷却剤の名前を冠して○○焼入れなどと呼ぶ。
例えば水中で冷却する焼入れは水焼入れ、油中で冷却する焼入れは油焼入れなどと呼ぶ。
また、冷却液に浸漬させて焼入れする方法をズブ焼入れ、冷却液を吹きつけて焼入れする方法をスプレー焼入れ、噴射焼入れ、霧状の冷却液中で行う焼入れを噴霧焼入れなどと呼ぶ。
冷却剤の種類の他に、流体の場合は撹拌の程度が冷却の強さに大きく影響する。
これは、加工品を水や油の冷却液につけると、すぐに加工品表面に蒸気膜が発生・覆い、冷却がゆるやかとなるためである。
一般に、実際に冷却剤を使用する上で必要な管理項目は、温度、撹拌、異物混入防止、冷却剤の品質・寿命が挙げられる。",霧状の冷却液中で行う焼入れを何というの?,噴霧焼入れ,Syntactic variation
363,131,焼入れ,"水による冷却は、冷却剤の中でも冷却速度が大きく、コストが安く、どこでも手に入りやすいという利点がある。
しかし、Ms点を過ぎた危険区域温度でも急冷してしまうので、焼割れや変形の不具合の可能性が高い。
水温が30°Cを超えると冷却能が大きく低下するので、30°C以下に保った使用が推奨される。
冷た過ぎても冷却効果が悪くなるので、焼入れを開始するときの水温は、15°C程度が適当とされる。
約60°Cくらいでは油と同程度の冷却速度となるので、油焼入れの代わりに使用される場合もある。",焼入れ開始時の水温が約60°Cの場合、冷却速度がほぼ同じになるのは何ですか?,油,Multiple sentence reasoning
364,131,焼入れ,"水による冷却は、冷却剤の中でも冷却速度が大きく、コストが安く、どこでも手に入りやすいという利点がある。
しかし、Ms点を過ぎた危険区域温度でも急冷してしまうので、焼割れや変形の不具合の可能性が高い。
水温が30°Cを超えると冷却能が大きく低下するので、30°C以下に保った使用が推奨される。
冷た過ぎても冷却効果が悪くなるので、焼入れを開始するときの水温は、15°C程度が適当とされる。
約60°Cくらいでは油と同程度の冷却速度となるので、油焼入れの代わりに使用される場合もある。",水による冷却では、最適水温は何°Cとされていますか?,30°C以下,Lexical variation (synonymy)
365,132,焼入れ,"油による冷却は、均一な冷却ができ、危険区域でもゆっくり冷却できるので焼割れや変形の危険が少ないという利点がある。
一方、冷却速度が水の約1/3遅く、臨界区域での冷却が遅い点、火災や環境汚染に注意する必要がある点などの欠点がある。
焼入れ用に調整された油を焼入油と呼び、鉱油が広く使用されている。
油の場合は、油温を上げると粘度が小さくなり、結果として冷却が早くなる。
そのため油の冷却能は60-80°Cで最も大きくなる。
加工品によって冷却油自身も温度上昇することを考えて、焼入れを開始するときの油温は、50-70°C程度が適当とされる。
さらに温度を上げて後述のマルテンパなどにも使用される。",水と油ではどちらが冷却速度が速いですか?,水,Lexical variation (world knowledge)
366,132,焼入れ,"油による冷却は、均一な冷却ができ、危険区域でもゆっくり冷却できるので焼割れや変形の危険が少ないという利点がある。
一方、冷却速度が水の約1/3遅く、臨界区域での冷却が遅い点、火災や環境汚染に注意する必要がある点などの欠点がある。
焼入れ用に調整された油を焼入油と呼び、鉱油が広く使用されている。
油の場合は、油温を上げると粘度が小さくなり、結果として冷却が早くなる。
そのため油の冷却能は60-80°Cで最も大きくなる。
加工品によって冷却油自身も温度上昇することを考えて、焼入れを開始するときの油温は、50-70°C程度が適当とされる。
さらに温度を上げて後述のマルテンパなどにも使用される。",焼入れを開始するときの油の適温は何°Cですか?,50-70°C程度,Lexical variation (synonymy)
367,132,焼入れ,"油による冷却は、均一な冷却ができ、危険区域でもゆっくり冷却できるので焼割れや変形の危険が少ないという利点がある。
一方、冷却速度が水の約1/3遅く、臨界区域での冷却が遅い点、火災や環境汚染に注意する必要がある点などの欠点がある。
焼入れ用に調整された油を焼入油と呼び、鉱油が広く使用されている。
油の場合は、油温を上げると粘度が小さくなり、結果として冷却が早くなる。
そのため油の冷却能は60-80°Cで最も大きくなる。
加工品によって冷却油自身も温度上昇することを考えて、焼入れを開始するときの油温は、50-70°C程度が適当とされる。
さらに温度を上げて後述のマルテンパなどにも使用される。",焼入油として多く用いられている油は何ですか?,鉱油,Lexical variation (synonymy)
368,133,焼入れ,"水溶性の物質を水に溶かして冷却剤として使用するもの。
苛性ソーダ、炭酸ソーダ、食塩などは、蒸気幕が発生している時間を短縮できるので水の冷却能を高めることができる。
近年では、ポリマーを利用したポリマー焼入液が実用化されている。
ポリビニルアルコール、ポリエチレングリコール、ポリアクリル酸ナトリウム、ポリアルキレングリコールなどを利用したものがある。
液濃度に応じて冷却能が変わり、高濃度では油寄り、低濃度では水寄りになる。
油のように危険区域での冷却速度を落とすことができ、水のように火災の恐れが無いという利点がある。",最近になって実用化された水溶性の冷却剤とは何ですか?,ポリマー焼入液,Lexical variation (synonymy)
369,134,焼入れ,"塩浴、あるいはソルトバスは、塩類を浴に満たして加熱して液体化したもの。
熱処理塩浴剤をソルトと総称する。
150-500°Cに加熱して使用する。
後述のマルテンパ、オーステンパに使用される。
150°C程度の塩浴は、50°C程度の油と同程度の冷却能となる。
塩類としては、塩化カリウム、食塩、硝酸ナトリウム、亜硝酸ナトリウムなどが使用される。
均一な冷却ができ、焼むらや焼割れが少ないなど利点がある一方、塩浴のコストが掛るなどの欠点がある。",ソルトバスを使用する際の加熱温度は何°Cですか?,150-500°C,Multiple sentence reasoning
370,134,焼入れ,"塩浴、あるいはソルトバスは、塩類を浴に満たして加熱して液体化したもの。
熱処理塩浴剤をソルトと総称する。
150-500°Cに加熱して使用する。
後述のマルテンパ、オーステンパに使用される。
150°C程度の塩浴は、50°C程度の油と同程度の冷却能となる。
塩類としては、塩化カリウム、食塩、硝酸ナトリウム、亜硝酸ナトリウムなどが使用される。
均一な冷却ができ、焼むらや焼割れが少ないなど利点がある一方、塩浴のコストが掛るなどの欠点がある。",50°C程度の油と同程度の冷却能となるのは、塩浴が何°Cの時ですか?,150°C程度,Syntactic variation
371,135,焼入れ,"水素ガスや窒素ガス、ヘリウムガスなどを加圧して吹きつけ、焼入れの冷却剤として利用する。
真空加熱炉と併用して、表面を酸化させない光輝焼入れに利用される。
0.1-0.6MPa程度の加圧ガスで、焼入れ性の良い高合金鋼に対して行われるのが一般的である。
0.5-4MPaまで加圧して低合金鋼へ適用する例もある。
ただし、日本国内では1MPa以上では高圧ガス保安法で規制されるため採用が難しく、ガスを高速循環させて冷却速度を向上させる方法などが開発されている。
ガス焼入れの欠点としては、設備にコストがかかることなどである。",加圧ガスを利用する際に併用される熱処理用の炉は何ですか?,真空加熱炉,Multiple sentence reasoning
372,135,焼入れ,"水素ガスや窒素ガス、ヘリウムガスなどを加圧して吹きつけ、焼入れの冷却剤として利用する。
真空加熱炉と併用して、表面を酸化させない光輝焼入れに利用される。
0.1-0.6MPa程度の加圧ガスで、焼入れ性の良い高合金鋼に対して行われるのが一般的である。
0.5-4MPaまで加圧して低合金鋼へ適用する例もある。
ただし、日本国内では1MPa以上では高圧ガス保安法で規制されるため採用が難しく、ガスを高速循環させて冷却速度を向上させる方法などが開発されている。
ガス焼入れの欠点としては、設備にコストがかかることなどである。",日本国内では何MPa以上だと加圧ガスの採用が困難ですか?,1MPa以上,Lexical variation (synonymy)
373,135,焼入れ,"水素ガスや窒素ガス、ヘリウムガスなどを加圧して吹きつけ、焼入れの冷却剤として利用する。
真空加熱炉と併用して、表面を酸化させない光輝焼入れに利用される。
0.1-0.6MPa程度の加圧ガスで、焼入れ性の良い高合金鋼に対して行われるのが一般的である。
0.5-4MPaまで加圧して低合金鋼へ適用する例もある。
ただし、日本国内では1MPa以上では高圧ガス保安法で規制されるため採用が難しく、ガスを高速循環させて冷却速度を向上させる方法などが開発されている。
ガス焼入れの欠点としては、設備にコストがかかることなどである。",低合金鋼に加圧ガスを適用する際はどれくらいの圧力ですか?,0.5-4MPa,Multiple sentence reasoning
374,136,焼入れ,"オーステンパ(austemper)は、等温焼入れの一種で、焼入れ温度からの急冷途中に300-500°Cの温度で停止させ、等温変態が完了したら、再び空冷などのゆっくりとした冷却に切り替えて焼入れを完了させる方法である。
焼入れ後に得られる組織はベイナイトで、そのためベイナイト焼入れとも呼ぶ。
ベイナイトは硬さと靱性が高い組織で、オーステンパ後は焼戻しを必ずしも必要としない利点がある。
また、高温域で変態が徐々に進行するので、マルクエンチ、マルテンパ以上に、ひずみ、焼割れの危険性は小さくなる。
同じベイナイトでも、高めの温度で等温変態させることで靱性が高い上部ベイナイトとなり、低めの温度で硬めの下部ベイナイトとなる。
境目の温度は約350°Cである。
硬さ調整のため、オーステンパ後も焼戻しすることはある。
加工品が大形品だと内部でパーライト変態が発生する場合があり、加工品の大きさに制限がある。
一次冷却を行う熱浴には、塩浴の他に金属浴を使用する場合もある。",オーステンパ後に得られる組織は何ですか?,ベイナイト,Lexical variation (synonymy)
375,136,焼入れ,"オーステンパ(austemper)は、等温焼入れの一種で、焼入れ温度からの急冷途中に300-500°Cの温度で停止させ、等温変態が完了したら、再び空冷などのゆっくりとした冷却に切り替えて焼入れを完了させる方法である。
焼入れ後に得られる組織はベイナイトで、そのためベイナイト焼入れとも呼ぶ。
ベイナイトは硬さと靱性が高い組織で、オーステンパ後は焼戻しを必ずしも必要としない利点がある。
また、高温域で変態が徐々に進行するので、マルクエンチ、マルテンパ以上に、ひずみ、焼割れの危険性は小さくなる。
同じベイナイトでも、高めの温度で等温変態させることで靱性が高い上部ベイナイトとなり、低めの温度で硬めの下部ベイナイトとなる。
境目の温度は約350°Cである。
硬さ調整のため、オーステンパ後も焼戻しすることはある。
加工品が大形品だと内部でパーライト変態が発生する場合があり、加工品の大きさに制限がある。
一次冷却を行う熱浴には、塩浴の他に金属浴を使用する場合もある。",オーステンパの別名は何?,ベイナイト焼入れ,Multiple sentence reasoning
376,136,焼入れ,"オーステンパ(austemper)は、等温焼入れの一種で、焼入れ温度からの急冷途中に300-500°Cの温度で停止させ、等温変態が完了したら、再び空冷などのゆっくりとした冷却に切り替えて焼入れを完了させる方法である。
焼入れ後に得られる組織はベイナイトで、そのためベイナイト焼入れとも呼ぶ。
ベイナイトは硬さと靱性が高い組織で、オーステンパ後は焼戻しを必ずしも必要としない利点がある。
また、高温域で変態が徐々に進行するので、マルクエンチ、マルテンパ以上に、ひずみ、焼割れの危険性は小さくなる。
同じベイナイトでも、高めの温度で等温変態させることで靱性が高い上部ベイナイトとなり、低めの温度で硬めの下部ベイナイトとなる。
境目の温度は約350°Cである。
硬さ調整のため、オーステンパ後も焼戻しすることはある。
加工品が大形品だと内部でパーライト変態が発生する場合があり、加工品の大きさに制限がある。
一次冷却を行う熱浴には、塩浴の他に金属浴を使用する場合もある。",マルクエンチ、マルテンパ、オーステンパの中でひずみや焼割れの危険性が小さいのは何?,オーステンパ,Multiple sentence reasoning
377,136,焼入れ,"オーステンパ(austemper)は、等温焼入れの一種で、焼入れ温度からの急冷途中に300-500°Cの温度で停止させ、等温変態が完了したら、再び空冷などのゆっくりとした冷却に切り替えて焼入れを完了させる方法である。
焼入れ後に得られる組織はベイナイトで、そのためベイナイト焼入れとも呼ぶ。
ベイナイトは硬さと靱性が高い組織で、オーステンパ後は焼戻しを必ずしも必要としない利点がある。
また、高温域で変態が徐々に進行するので、マルクエンチ、マルテンパ以上に、ひずみ、焼割れの危険性は小さくなる。
同じベイナイトでも、高めの温度で等温変態させることで靱性が高い上部ベイナイトとなり、低めの温度で硬めの下部ベイナイトとなる。
境目の温度は約350°Cである。
硬さ調整のため、オーステンパ後も焼戻しすることはある。
加工品が大形品だと内部でパーライト変態が発生する場合があり、加工品の大きさに制限がある。
一次冷却を行う熱浴には、塩浴の他に金属浴を使用する場合もある。",上部ベイナイトと下部ベイナイトの境目の温度は何°Cですか?,約350°C,Multiple sentence reasoning
378,137,焼入れ,"表面相だけを焼入れして内部は軟らかいままにしておく焼入れが表面焼入れで、使用する熱源別に、高周波焼入れ、炎焼入れ、レーザー焼入れ、電子ビーム焼入れなどがある。
鋼表面の化学成分を変化させる方法を合わせたものとしては、浸炭焼入れ、浸炭窒化焼入れなどもある。
加工品全体ではなく表面の硬化を狙った熱処理を表面硬化処理(surfacehardeningtreatment)と呼ぶ。
表面硬化処理には、鋼表面の化学成分を変化させる化学的表面硬化法と、化学成分を特に変化させずに行う物理的表面硬化法がある。
浸炭焼入れ、浸炭窒化焼入れが化学的表面硬化法に相当し、表面焼入れは物理的表面硬化法に相当する。",レーザー焼入れは何という焼入れの種類に含まれますか?,表面焼入れ,Lexical variation (world knowledge)
379,137,焼入れ,"表面相だけを焼入れして内部は軟らかいままにしておく焼入れが表面焼入れで、使用する熱源別に、高周波焼入れ、炎焼入れ、レーザー焼入れ、電子ビーム焼入れなどがある。
鋼表面の化学成分を変化させる方法を合わせたものとしては、浸炭焼入れ、浸炭窒化焼入れなどもある。
加工品全体ではなく表面の硬化を狙った熱処理を表面硬化処理(surfacehardeningtreatment)と呼ぶ。
表面硬化処理には、鋼表面の化学成分を変化させる化学的表面硬化法と、化学成分を特に変化させずに行う物理的表面硬化法がある。
浸炭焼入れ、浸炭窒化焼入れが化学的表面硬化法に相当し、表面焼入れは物理的表面硬化法に相当する。",化学成分を特に変化させずに行う表面硬化処理は何?,物理的表面硬化法,Syntactic variation
380,137,焼入れ,"表面相だけを焼入れして内部は軟らかいままにしておく焼入れが表面焼入れで、使用する熱源別に、高周波焼入れ、炎焼入れ、レーザー焼入れ、電子ビーム焼入れなどがある。
鋼表面の化学成分を変化させる方法を合わせたものとしては、浸炭焼入れ、浸炭窒化焼入れなどもある。
加工品全体ではなく表面の硬化を狙った熱処理を表面硬化処理(surfacehardeningtreatment)と呼ぶ。
表面硬化処理には、鋼表面の化学成分を変化させる化学的表面硬化法と、化学成分を特に変化させずに行う物理的表面硬化法がある。
浸炭焼入れ、浸炭窒化焼入れが化学的表面硬化法に相当し、表面焼入れは物理的表面硬化法に相当する。",鋼表面の化学成分を変化させる表面硬化処理を何と言いますか?,化学的表面硬化法,Syntactic variation
381,138,焼入れ,"焼入れ完了後に、加工品に割れや変形、硬さ不足などの不具合が発生する場合がある。
マルテンサイト変態や冷却の不均一などを原因として、焼入れにより割れ(き裂)が発生する。
焼入れにより発生する割れを分類すると、焼割れ、置割れ、研削割れの種類がある。
加工品に割れが発生すると再生が利かずほとんどの場合使用不可になるので、致命的な焼入れ欠陥の一つである。",焼入れによる割れの発生原因は、マルテンサイト変態と何が挙げられますか?,冷却の不均一,Lexical variation (synonymy)
382,139,焼入れ,"焼割れとは焼入れの過程で発生する割れのことで、焼入応力を主原因とする。
焼入応力が加工品の引張強さを超えると割れが発生する。
焼入れ完了した加工品に常温放置中に生じる割れを置割れ、あるいは自然割れ、時効割れなどとも呼ぶ。
特に、焼入れ後に焼戻ししないで加工品を放置すると発生しやすい。
焼入れ後の組織には、マルテンサイトの他に残留オーステナイトも発生する。
残留オーステナイトは常温でも時間経過によりマルテンサイトへ変化するので、その際の変態応力の発生で加工品の残留応力のバランスが崩れて割れに至る。
これが置割れの原因である。
対策として、焼入れ後は間を置かずに焼戻しを実行して、材質を安定化させることが望ましい。
必要に応じてサブゼロ処理も組み合わせる。",置割れや自然割れが生じるのは焼入れ完了後のいつですか?,常温放置中,Syntactic variation
383,139,焼入れ,"焼割れとは焼入れの過程で発生する割れのことで、焼入応力を主原因とする。
焼入応力が加工品の引張強さを超えると割れが発生する。
焼入れ完了した加工品に常温放置中に生じる割れを置割れ、あるいは自然割れ、時効割れなどとも呼ぶ。
特に、焼入れ後に焼戻ししないで加工品を放置すると発生しやすい。
焼入れ後の組織には、マルテンサイトの他に残留オーステナイトも発生する。
残留オーステナイトは常温でも時間経過によりマルテンサイトへ変化するので、その際の変態応力の発生で加工品の残留応力のバランスが崩れて割れに至る。
これが置割れの原因である。
対策として、焼入れ後は間を置かずに焼戻しを実行して、材質を安定化させることが望ましい。
必要に応じてサブゼロ処理も組み合わせる。",焼入れ後の組織に発生するのは、マルテンサイト以外で何がありますか?,残留オーステナイト,Lexical variation (world knowledge)
384,139,焼入れ,"焼割れとは焼入れの過程で発生する割れのことで、焼入応力を主原因とする。
焼入応力が加工品の引張強さを超えると割れが発生する。
焼入れ完了した加工品に常温放置中に生じる割れを置割れ、あるいは自然割れ、時効割れなどとも呼ぶ。
特に、焼入れ後に焼戻ししないで加工品を放置すると発生しやすい。
焼入れ後の組織には、マルテンサイトの他に残留オーステナイトも発生する。
残留オーステナイトは常温でも時間経過によりマルテンサイトへ変化するので、その際の変態応力の発生で加工品の残留応力のバランスが崩れて割れに至る。
これが置割れの原因である。
対策として、焼入れ後は間を置かずに焼戻しを実行して、材質を安定化させることが望ましい。
必要に応じてサブゼロ処理も組み合わせる。",置割れ対策として、焼入れ後は即時に何を行うことが望ましいですか?,焼戻し,Lexical variation (synonymy)
385,140,焼入れ,"焼入れ完了した加工品に研削加工する際に発生する割れを、研削割れ、あるいは研磨割れと呼ぶ。
研削時の加熱が研削割れの原因で、約100°Cまで加工品表面が昇温することにより発生する第1種研削割れと約300°Cまで昇温することにより発生する第2種研削割れがあり、第1種研削割れは研削方向に直角に割れが走り、第2種研削割れは研削方向に直角と平行に割れが走る特徴がある。
これは、再加熱で100°C付近でε炭化物が析出し、300°C付近でセメンタイトが析出するのが原因で、組織変化により体積変化が起こり、置割れと同じように加工品の残留応力のバランスが崩れて割れに至る。
研削中ではなく、研削終了後に発生する傾向を持つ。
第1種研削割れには100-120°C焼戻しが、第2種研削割れには300°C焼戻しが有効とされる。
焼戻しを行わない場合は、できるだけ残留オーステナイトを少なくして、かつ研削による昇温を小さくする",第1種研削割れと第2種研削割れは、どちらの方が発生時の温度が高いですか?,第2種研削割れ,Logical reasoning
386,140,焼入れ,"焼入れ完了した加工品に研削加工する際に発生する割れを、研削割れ、あるいは研磨割れと呼ぶ。
研削時の加熱が研削割れの原因で、約100°Cまで加工品表面が昇温することにより発生する第1種研削割れと約300°Cまで昇温することにより発生する第2種研削割れがあり、第1種研削割れは研削方向に直角に割れが走り、第2種研削割れは研削方向に直角と平行に割れが走る特徴がある。
これは、再加熱で100°C付近でε炭化物が析出し、300°C付近でセメンタイトが析出するのが原因で、組織変化により体積変化が起こり、置割れと同じように加工品の残留応力のバランスが崩れて割れに至る。
研削中ではなく、研削終了後に発生する傾向を持つ。
第1種研削割れには100-120°C焼戻しが、第2種研削割れには300°C焼戻しが有効とされる。
焼戻しを行わない場合は、できるだけ残留オーステナイトを少なくして、かつ研削による昇温を小さくする",第1種研削割れに有効な焼戻し温度と第2種研削割れに有効な焼戻し温度では、どちらが低温度ですか?,第1種研削割れ,Logical reasoning
387,140,焼入れ,"焼入れ完了した加工品に研削加工する際に発生する割れを、研削割れ、あるいは研磨割れと呼ぶ。
研削時の加熱が研削割れの原因で、約100°Cまで加工品表面が昇温することにより発生する第1種研削割れと約300°Cまで昇温することにより発生する第2種研削割れがあり、第1種研削割れは研削方向に直角に割れが走り、第2種研削割れは研削方向に直角と平行に割れが走る特徴がある。
これは、再加熱で100°C付近でε炭化物が析出し、300°C付近でセメンタイトが析出するのが原因で、組織変化により体積変化が起こり、置割れと同じように加工品の残留応力のバランスが崩れて割れに至る。
研削中ではなく、研削終了後に発生する傾向を持つ。
第1種研削割れには100-120°C焼戻しが、第2種研削割れには300°C焼戻しが有効とされる。
焼戻しを行わない場合は、できるだけ残留オーステナイトを少なくして、かつ研削による昇温を小さくする",研削割れの発生傾向が高いのは、研削中か、それとも研削終了後か?,研削終了後,Multiple sentence reasoning
388,141,アンドレイ・ルブリョフ(映画),"『アンドレイ・ルブリョフ』は、1971年のソビエト連邦の映画である。監督は、アンドレイ・タルコフスキー、脚本は、アンドレイ・コンチャロフスキーとアンドレイ・タルコフスキーがつとめた。出演は、アナトリー・ソロニーツィン、イワン・ラピコフ、ニコライ・グリニコ、ニコライ・セルゲーエフ、ニコライ・ブルリャーエフ、イルマ・ラウシュなど。15世紀初頭のモスクワ大公国を舞台に、イコン画家アンドレイ・ルブリョフを描いた歴史映画である。

本作が製作された当時のソビエト連邦の映画は、完成するとまずスタジオの審査にかけられ、さらに国家検閲を経てから一般上映されるしくみになっていた。本作においては、1966年に完成しながら検閲で歴史的解釈や暴力的描写が批判されて、ただちに一般公開が許可されず、のちに作品の一部をカットして検閲を通過したものが、1971年にソビエト連邦内で一般公開された。

また、1969年、ソビエト連邦での一般公開が許可されていないうちに第22回カンヌ国際映画祭に出品されて、当年の国際映画批評家連盟賞を受賞した。",映画『アンドレイ・ルブリョフ』の監督は誰?,アンドレイ・タルコフスキー,Multiple sentence reasoning
389,141,アンドレイ・ルブリョフ(映画),"『アンドレイ・ルブリョフ』は、1971年のソビエト連邦の映画である。監督は、アンドレイ・タルコフスキー、脚本は、アンドレイ・コンチャロフスキーとアンドレイ・タルコフスキーがつとめた。出演は、アナトリー・ソロニーツィン、イワン・ラピコフ、ニコライ・グリニコ、ニコライ・セルゲーエフ、ニコライ・ブルリャーエフ、イルマ・ラウシュなど。15世紀初頭のモスクワ大公国を舞台に、イコン画家アンドレイ・ルブリョフを描いた歴史映画である。

本作が製作された当時のソビエト連邦の映画は、完成するとまずスタジオの審査にかけられ、さらに国家検閲を経てから一般上映されるしくみになっていた。本作においては、1966年に完成しながら検閲で歴史的解釈や暴力的描写が批判されて、ただちに一般公開が許可されず、のちに作品の一部をカットして検閲を通過したものが、1971年にソビエト連邦内で一般公開された。

また、1969年、ソビエト連邦での一般公開が許可されていないうちに第22回カンヌ国際映画祭に出品されて、当年の国際映画批評家連盟賞を受賞した。",映画『アンドレイ・ルブリョフ』の脚本はアンドレイ・タルコフスキーと誰?,アンドレイ・コンチャロフスキー,Multiple sentence reasoning
390,141,アンドレイ・ルブリョフ(映画),"『アンドレイ・ルブリョフ』は、1971年のソビエト連邦の映画である。監督は、アンドレイ・タルコフスキー、脚本は、アンドレイ・コンチャロフスキーとアンドレイ・タルコフスキーがつとめた。出演は、アナトリー・ソロニーツィン、イワン・ラピコフ、ニコライ・グリニコ、ニコライ・セルゲーエフ、ニコライ・ブルリャーエフ、イルマ・ラウシュなど。15世紀初頭のモスクワ大公国を舞台に、イコン画家アンドレイ・ルブリョフを描いた歴史映画である。

本作が製作された当時のソビエト連邦の映画は、完成するとまずスタジオの審査にかけられ、さらに国家検閲を経てから一般上映されるしくみになっていた。本作においては、1966年に完成しながら検閲で歴史的解釈や暴力的描写が批判されて、ただちに一般公開が許可されず、のちに作品の一部をカットして検閲を通過したものが、1971年にソビエト連邦内で一般公開された。

また、1969年、ソビエト連邦での一般公開が許可されていないうちに第22回カンヌ国際映画祭に出品されて、当年の国際映画批評家連盟賞を受賞した。",映画『アンドレイ・ルブリョフ』の舞台となっている場所はどこ?,モスクワ大公国,Multiple sentence reasoning
391,141,アンドレイ・ルブリョフ(映画),"『アンドレイ・ルブリョフ』は、1971年のソビエト連邦の映画である。監督は、アンドレイ・タルコフスキー、脚本は、アンドレイ・コンチャロフスキーとアンドレイ・タルコフスキーがつとめた。出演は、アナトリー・ソロニーツィン、イワン・ラピコフ、ニコライ・グリニコ、ニコライ・セルゲーエフ、ニコライ・ブルリャーエフ、イルマ・ラウシュなど。15世紀初頭のモスクワ大公国を舞台に、イコン画家アンドレイ・ルブリョフを描いた歴史映画である。

本作が製作された当時のソビエト連邦の映画は、完成するとまずスタジオの審査にかけられ、さらに国家検閲を経てから一般上映されるしくみになっていた。本作においては、1966年に完成しながら検閲で歴史的解釈や暴力的描写が批判されて、ただちに一般公開が許可されず、のちに作品の一部をカットして検閲を通過したものが、1971年にソビエト連邦内で一般公開された。

また、1969年、ソビエト連邦での一般公開が許可されていないうちに第22回カンヌ国際映画祭に出品されて、当年の国際映画批評家連盟賞を受賞した。",映画『アンドレイ・ルブリョフ』は第22回カンヌ国際映画祭でどの賞を受賞したか。,国際映画批評家連盟賞,Multiple sentence reasoning
392,142,アンドレイ・ルブリョフ(映画),映画『アンドレイ・ルブリョフ』の舞台は、15世紀初頭のモスクワ大公国である。タタール襲来とルーシ諸公の内乱が続いた動乱期を背景に、ロシアの最も優れたイコン画家アンドレイ・ルブリョフの苦悩と模索を描いた。ルブリョフの生涯をたんにたどるのでなく、その生涯に関する挿話や、中世ロシアの史実を下敷きにした挿話を織りまぜた8つの章と「プロローグ」、「エピローグ」をあわせた全10章を叙述することで物語は進む。「プロローグ」と「エピローグ」を除く8つの章はそれぞれ題名が付けられて年代順に並べられている。また、「プロローグ」から「最後の審判1408年夏」が第1部、「襲来1408年」から「エピローグ」が第2部の2部構成になっており、日本公開時は第1部に「動乱そして沈黙」、第2部に「試練そして復活」と独自の邦題がくわえられた。,映画『アンドレイ・ルブリョフ』の舞台となっている場所はどこ?,モスクワ大公国,Syntactic variation
393,143,アンドレイ・ルブリョフ(映画),1961年、『僕の村は戦場だった』で長編映画の初監督をつとめていたアンドレイ・タルコフスキーは、その製作中にイコン画家アンドレイ・ルブリョフにかんする映画の企画書を映画スタジオのモスフィルムに持ち込んだ。1962年2月に脚本執筆の契約を結び、タルコフスキーと脚本の共同執筆者アンドレイ・コンチャロフスキーは、映画の舞台となる中世史や当時の芸術文化にかんする書籍や記録をくわしく調査しながら、同年12月に第一稿を完成させた。その後、2回の改稿を経て、1963年12月に脚本の最終稿がモスフィルムに承認されたのち、1964年4月にはソビエト連邦における映画全般の管理を担っていた中央行政機関ゴスキノでも脚本が承認されて、映画製作が始まった。また、時期を同じくして映画雑誌『映画芸術』4月号と5月号に脚本の最終稿が連載されて、歴史家、映画研究家や一般読者らによって社会政治的側面、歴史的側面から広く議論がなされた。,アンドレイ・タルコフスキーが監督をつとめた最初の長編映画は何?,『僕の村は戦場だった』,Lexical variation (synonymy)
394,144,アンドレイ・ルブリョフ(映画),そもそも、ルブリョフの生涯の映画化は、映画俳優ワシーリー・リヴァーノフの構想から始まったものだった。リヴァーノフは、タルコフキーとコンチャロフスキーと3人でモスクワ郊外の森を散策中にルブリョフの脚本をともに書くことを提案したが、タルコフスキーとコンチャロフスキーは、リヴァーノフがほかの映画に出演中に2人で脚本を執筆し始めた。ルブリョフを題材に選んだ理由は、ロシア文化史上、第一級の人物のひとりであったからである。しかし、タルコフスキーは、ルブリョフの伝記映画や歴史映画にするつもりはなく、それよりむしろルブリョフの生きた時代と、芸術家の人格形成との関連性を表現することに興味を持ち、ルブリョフが芸術家として成熟していく過程を描こうとした。,ルブリョフの生涯の映画化は誰の構想から始まったものですか。,ワシーリー・リヴァーノフ,Syntactic variation
395,145,アンドレイ・ルブリョフ(映画),映画『アンドレイ・ルブリョフ』の第1版は、1966年7月に完成した。このときの題名は『アンドレイの受難』となっており、上映時間は205分であった。しかし、中央行政機関ゴスキノの検閲で歴史的解釈が批判されたほか、上映時間を短縮することや暴力的描写、ヌードシーンの削除が要求されて、ただちに一般上映が許可されなかった。批判を受けた具体的な内容は、「襲来1408年」の章において、民衆はタタール軍に蹂躙、虐殺されて一方的に打ちひしがれる描かれ方をしているが、ロシア人民はもっと勇敢にもっと英雄的にタタールと戦い続けた、という歴史的解釈の異論があったほか、暴力的描写は「最後の審判1408年夏」の章で彫刻家らの目をえぐる場面など、ヌードシーンは「祭日1408年」の章の異教徒らの儀式の場面などが議論の的となった。監督のアンドレイ・タルコフスキーは、そういったゴスキノの要求に段階的に従い、元の205分版を数次にわたってカットと編集を重ねて186分版まで短縮して、題名を『アンドレイ・ルブリョフ』と改題した。,映画『アンドレイ・ルブリョフ』の第1版は、いつ完成したの?,1966年7月,Syntactic variation
396,145,アンドレイ・ルブリョフ(映画),映画『アンドレイ・ルブリョフ』の第1版は、1966年7月に完成した。このときの題名は『アンドレイの受難』となっており、上映時間は205分であった。しかし、中央行政機関ゴスキノの検閲で歴史的解釈が批判されたほか、上映時間を短縮することや暴力的描写、ヌードシーンの削除が要求されて、ただちに一般上映が許可されなかった。批判を受けた具体的な内容は、「襲来1408年」の章において、民衆はタタール軍に蹂躙、虐殺されて一方的に打ちひしがれる描かれ方をしているが、ロシア人民はもっと勇敢にもっと英雄的にタタールと戦い続けた、という歴史的解釈の異論があったほか、暴力的描写は「最後の審判1408年夏」の章で彫刻家らの目をえぐる場面など、ヌードシーンは「祭日1408年」の章の異教徒らの儀式の場面などが議論の的となった。監督のアンドレイ・タルコフスキーは、そういったゴスキノの要求に段階的に従い、元の205分版を数次にわたってカットと編集を重ねて186分版まで短縮して、題名を『アンドレイ・ルブリョフ』と改題した。,映画『アンドレイ・ルブリョフ』の第1版の上演時間は何分でしたか。,205分,Multiple sentence reasoning
397,146,アンドレイ・ルブリョフ(映画),映画『アンドレイ・ルブリョフ』は1969年から1973年にかけて、フランスとフィンランドで映画賞を受賞した。ひとつは、1969年に第22回カンヌ国際映画祭に出品したときのものである。このとき、ソビエト連邦でまだ一般公開が許可されておらず、公開を許可しないソビエト連邦当局に対する抗議として、パルム・ドールや審査員特別グランプリの選考対象とならないコンペティション外での招待出品となった。しかしながら、本作は観客の高い評価を得て、国際映画批評家連盟賞を受賞した。また、このときのカンヌ国際映画祭は、出品作を選ぶ主導権が出品国の映画関係機関にあったが、1972年以降の回からそれが映画祭当局に移ることとなり、本作の出品と受賞をめぐる一件は、そうした未来へのひとつの序章となった。さらに、1971年にフランスのフランス映画批評家協会の最優秀外国映画賞、1973年にフィンランドのユッシ賞で最優秀外国映画賞を受賞したほか、個人では1970年にイルマ・ラウシュが、フランスのエトワール・ドゥ・クリスタル賞の最優秀外国人女優賞を受賞した。,映画『アンドレイ・ルブリョフ』は1973年にフィンランドのユッシ賞で何を受賞したか。,最優秀外国映画賞,Multiple sentence reasoning
398,147,ウィリアム・キャヴェンディッシュ(第4代デヴォンシャー公爵),"第4代デヴォンシャー公爵ウィリアム・キャヴェンディッシュ(英語:WilliamCavendish,4thDukeofDevonshire,KGPCFRSFSA、1720年5月8日-1764年10月2日)は、イギリスのホイッグ政治家である。",ウィリアム・キャヴェンディッシュは、どの国の者なの?,イギリス,Syntactic variation
399,147,ウィリアム・キャヴェンディッシュ(第4代デヴォンシャー公爵),"第4代デヴォンシャー公爵ウィリアム・キャヴェンディッシュ(英語:WilliamCavendish,4thDukeofDevonshire,KGPCFRSFSA、1720年5月8日-1764年10月2日)は、イギリスのホイッグ政治家である。",ウィリアム・キャヴェンディッシュは、第何代デヴォンシャー公爵でありますか?,第4代,Syntactic variation
400,148,ウィリアム・キャヴェンディッシュ(第4代デヴォンシャー公爵),ウィリアム・キャヴェンディッシュは、1756年11月16日から1757年6月25日の間首相をつとめたが、実質的指導者はウィリアム・ピット(大ピット、後の初代チャタム伯爵)であった。大ピットは財政面の知識に乏しく、自らは南部担当国務大臣となり、第一大蔵卿(首相)をデヴォンシャーに任せて七年戦争の指揮にあたった。,ウィリアム・キャヴェンディッシュがイギリス首相を務めたのは、いつからいつだったか?,1756年11月16日から1757年6月25日,Syntactic variation
401,148,ウィリアム・キャヴェンディッシュ(第4代デヴォンシャー公爵),ウィリアム・キャヴェンディッシュは、1756年11月16日から1757年6月25日の間首相をつとめたが、実質的指導者はウィリアム・ピット(大ピット、後の初代チャタム伯爵)であった。大ピットは財政面の知識に乏しく、自らは南部担当国務大臣となり、第一大蔵卿(首相)をデヴォンシャーに任せて七年戦争の指揮にあたった。,ウィリアム・キャヴェンディッシュがイギリス首相を務めた時に、実質的指導者とされたのは、誰だったか?,ウィリアム・ピット,Syntactic variation
402,148,ウィリアム・キャヴェンディッシュ(第4代デヴォンシャー公爵),ウィリアム・キャヴェンディッシュは、1756年11月16日から1757年6月25日の間首相をつとめたが、実質的指導者はウィリアム・ピット(大ピット、後の初代チャタム伯爵)であった。大ピットは財政面の知識に乏しく、自らは南部担当国務大臣となり、第一大蔵卿(首相)をデヴォンシャーに任せて七年戦争の指揮にあたった。,大ピットとは、誰のことを指すのか?,ウィリアム・ピット,Multiple sentence reasoning
403,148,ウィリアム・キャヴェンディッシュ(第4代デヴォンシャー公爵),ウィリアム・キャヴェンディッシュは、1756年11月16日から1757年6月25日の間首相をつとめたが、実質的指導者はウィリアム・ピット(大ピット、後の初代チャタム伯爵)であった。大ピットは財政面の知識に乏しく、自らは南部担当国務大臣となり、第一大蔵卿(首相)をデヴォンシャーに任せて七年戦争の指揮にあたった。,七年戦争の指揮をとったイギリス側の者は、誰だったか?,ウィリアム・ピット,Multiple sentence reasoning
404,149,ウィリアム・キャヴェンディッシュ(第4代デヴォンシャー公爵),ウィリアム・キャヴェンディッシュは、1729年以前はキャヴェンディッシュ卿(LordCavendish)、同年から1755年まではハーティントン侯爵(MarquessofHartington)の儀礼称号を名乗った。,ウィリアム・キャヴェンディッシュは、キャヴェンディッシュ卿とハーティントン侯爵のうち、どちらの儀礼称号をより早く名乗ったの?,キャヴェンディッシュ卿,Logical reasoning
405,149,ウィリアム・キャヴェンディッシュ(第4代デヴォンシャー公爵),ウィリアム・キャヴェンディッシュは、1729年以前はキャヴェンディッシュ卿(LordCavendish)、同年から1755年まではハーティントン侯爵(MarquessofHartington)の儀礼称号を名乗った。,ウィリアム・キャヴェンディッシュが1728年の時点に名乗った、儀礼称号は何ですか?,キャヴェンディッシュ卿,Logical reasoning
406,149,ウィリアム・キャヴェンディッシュ(第4代デヴォンシャー公爵),ウィリアム・キャヴェンディッシュは、1729年以前はキャヴェンディッシュ卿(LordCavendish)、同年から1755年まではハーティントン侯爵(MarquessofHartington)の儀礼称号を名乗った。,ウィリアム・キャヴェンディッシュが1753年の時点に名乗った、儀礼称号は何ですか?,ハーティントン侯爵,Logical reasoning
407,149,ウィリアム・キャヴェンディッシュ(第4代デヴォンシャー公爵),ウィリアム・キャヴェンディッシュは、1729年以前はキャヴェンディッシュ卿(LordCavendish)、同年から1755年まではハーティントン侯爵(MarquessofHartington)の儀礼称号を名乗った。,何年を基点に、ウィリアム・キャヴェンディッシュが名乗る儀礼称号が変わったか?,1729年,Lexical variation (world knowledge)
408,150,ウィリアム・キャヴェンディッシュ(第4代デヴォンシャー公爵),ウィリアム・キャヴェンディッシュは、第3代デヴォンシャー公爵ウィリアム・キャヴェンディッシュとキャサリン・ホスキンス(1777年5月8日没、ジョン・ホスキンスの娘)の長男として、1720年に生まれ、同年6月1日にセント・マーティン・イン・ザ・フィールズで洗礼を受けた。,ウィリアム・キャヴェンディッシュの父親は、第何代デヴォンシャー公爵であったの?,第3代,Lexical variation (world knowledge)
409,150,ウィリアム・キャヴェンディッシュ(第4代デヴォンシャー公爵),ウィリアム・キャヴェンディッシュは、第3代デヴォンシャー公爵ウィリアム・キャヴェンディッシュとキャサリン・ホスキンス(1777年5月8日没、ジョン・ホスキンスの娘)の長男として、1720年に生まれ、同年6月1日にセント・マーティン・イン・ザ・フィールズで洗礼を受けた。,ウィリアム・キャヴェンディッシュは、何年に生まれましたか?,1720年,Syntactic variation
410,150,ウィリアム・キャヴェンディッシュ(第4代デヴォンシャー公爵),ウィリアム・キャヴェンディッシュは、第3代デヴォンシャー公爵ウィリアム・キャヴェンディッシュとキャサリン・ホスキンス(1777年5月8日没、ジョン・ホスキンスの娘)の長男として、1720年に生まれ、同年6月1日にセント・マーティン・イン・ザ・フィールズで洗礼を受けた。,ウィリアム・キャヴェンディッシュが洗礼を受けたのは、何年だったか?,1720年,Syntactic variation
411,150,ウィリアム・キャヴェンディッシュ(第4代デヴォンシャー公爵),ウィリアム・キャヴェンディッシュは、第3代デヴォンシャー公爵ウィリアム・キャヴェンディッシュとキャサリン・ホスキンス(1777年5月8日没、ジョン・ホスキンスの娘)の長男として、1720年に生まれ、同年6月1日にセント・マーティン・イン・ザ・フィールズで洗礼を受けた。,ウィリアム・キャヴェンディッシュは、どこで洗礼を受けたか?,セント・マーティン・イン・ザ・フィールズ,Syntactic variation
412,151,ウィリアム・キャヴェンディッシュ(第4代デヴォンシャー公爵),ウィリアム・キャヴェンディッシュは、1729年から1755年までハーティントン侯爵の儀礼称号を使用した。家庭教師のアーサー・スミス(後のダブリン大主教)から教育を受けた後、1739年から1740年にかけてスミスとともにグランドツアーに出てフランスとイタリアを旅した。,ウィリアム・キャヴェンディッシュが、ハーティントン侯爵の儀礼称号を名乗ったのは、何年から何年までだったの?,1729年から1755年,Lexical variation (synonymy)
413,151,ウィリアム・キャヴェンディッシュ(第4代デヴォンシャー公爵),ウィリアム・キャヴェンディッシュは、1729年から1755年までハーティントン侯爵の儀礼称号を使用した。家庭教師のアーサー・スミス(後のダブリン大主教)から教育を受けた後、1739年から1740年にかけてスミスとともにグランドツアーに出てフランスとイタリアを旅した。,幼いころのウィリアム・キャヴェンディッシュを教えた家庭教師は、誰でしたか?,アーサー・スミス,Lexical variation (world knowledge)
414,151,ウィリアム・キャヴェンディッシュ(第4代デヴォンシャー公爵),ウィリアム・キャヴェンディッシュは、1729年から1755年までハーティントン侯爵の儀礼称号を使用した。家庭教師のアーサー・スミス(後のダブリン大主教)から教育を受けた後、1739年から1740年にかけてスミスとともにグランドツアーに出てフランスとイタリアを旅した。,ウィリアム・キャヴェンディッシュがアーサー・スミスとグランドツアーに出かけた時、訪ねた国には、フランスとどの国があるか?,イタリア,Lexical variation (world knowledge)
415,151,ウィリアム・キャヴェンディッシュ(第4代デヴォンシャー公爵),ウィリアム・キャヴェンディッシュは、1729年から1755年までハーティントン侯爵の儀礼称号を使用した。家庭教師のアーサー・スミス(後のダブリン大主教)から教育を受けた後、1739年から1740年にかけてスミスとともにグランドツアーに出てフランスとイタリアを旅した。,1729年から1755年までにウィリアム・キャヴェンディッシュが使っていた儀礼称号は、何だったか?,ハーティントン侯爵,Lexical variation (synonymy)
416,152,ウィリアム・キャヴェンディッシュ(第4代デヴォンシャー公爵),ウィリアム・キャヴェンディッシュは、成人直後の1741年イギリス総選挙でダービーシャー選挙区から出馬して庶民院議員に当選、1742年11月16日に初めて議場での演説をした。,ウィリアム・キャヴェンディッシュが政界入りを果たしたのは、いつの総選挙でのことなの?,1741年,Lexical variation (world knowledge)
417,152,ウィリアム・キャヴェンディッシュ(第4代デヴォンシャー公爵),ウィリアム・キャヴェンディッシュは、成人直後の1741年イギリス総選挙でダービーシャー選挙区から出馬して庶民院議員に当選、1742年11月16日に初めて議場での演説をした。,ウィリアム・キャヴェンディッシュは、どの選挙区から出馬し、政界入りを果たしましたか?,ダービーシャー選挙区,Lexical variation (world knowledge)
418,152,ウィリアム・キャヴェンディッシュ(第4代デヴォンシャー公爵),ウィリアム・キャヴェンディッシュは、成人直後の1741年イギリス総選挙でダービーシャー選挙区から出馬して庶民院議員に当選、1742年11月16日に初めて議場での演説をした。,ウィリアム・キャヴェンディッシュにとって、議員としての初演説は、いつだったか?,1742年11月16日,Lexical variation (world knowledge)
419,152,ウィリアム・キャヴェンディッシュ(第4代デヴォンシャー公爵),ウィリアム・キャヴェンディッシュは、成人直後の1741年イギリス総選挙でダービーシャー選挙区から出馬して庶民院議員に当選、1742年11月16日に初めて議場での演説をした。,1741年のイギリス総選挙でダービーシャー選挙区から出馬し、議員として活動し始めたのは、誰か?,ウィリアム・キャヴェンディッシュ,Lexical variation (world knowledge)
420,153,ウィリアム・キャヴェンディッシュ(第4代デヴォンシャー公爵),1747年イギリス総選挙で再選を果たすと、ウィリアム・キャヴェンディッシュは議会開会直後にアーサー・オンズローの庶民院議長再任を動議した。1751年に王太子ジョージ(後の国王ジョージ3世)の家庭教師への任命を打診されたが辞退した。,ウィリアム・キャヴェンディッシュがアーサー・オンズローの庶民院議長再任に関する案件を提出したのは、何年のことなの?,1747年,Lexical variation (world knowledge)
421,153,ウィリアム・キャヴェンディッシュ(第4代デヴォンシャー公爵),1747年イギリス総選挙で再選を果たすと、ウィリアム・キャヴェンディッシュは議会開会直後にアーサー・オンズローの庶民院議長再任を動議した。1751年に王太子ジョージ(後の国王ジョージ3世)の家庭教師への任命を打診されたが辞退した。,1741年に初当選したウィリアム・キャヴェンディッシュは、そのあと、何年の総選挙で再選しましたか?,1747年,Lexical variation (world knowledge)
422,153,ウィリアム・キャヴェンディッシュ(第4代デヴォンシャー公爵),1747年イギリス総選挙で再選を果たすと、ウィリアム・キャヴェンディッシュは議会開会直後にアーサー・オンズローの庶民院議長再任を動議した。1751年に王太子ジョージ(後の国王ジョージ3世)の家庭教師への任命を打診されたが辞退した。,ウィリアム・キャヴェンディッシュに王太子ジョージの家庭教師の役が下されたのは、何年のことか?,1751年,Lexical variation (world knowledge)
423,154,ウィリアム・キャヴェンディッシュ(第4代デヴォンシャー公爵),1748年に裕福な女相続人であるシャーロット・ボイルと結婚して広大な領地を獲得したことで政治におけるウィリアム・キャヴェンディッシュの影響力が増し、1751年に主馬頭に任じられるとともに同年6月13日に「ハードウィックのキャヴェンディッシュ男爵」(BaronCavendishofHardwick)として貴族院に招集され(繰上勅書)、貴族院議員となる。,何年を基点にウィリアム・キャヴェンディッシュの政治的影響力が急激に上がったの?,1748年,Lexical variation (world knowledge)
424,154,ウィリアム・キャヴェンディッシュ(第4代デヴォンシャー公爵),1748年に裕福な女相続人であるシャーロット・ボイルと結婚して広大な領地を獲得したことで政治におけるウィリアム・キャヴェンディッシュの影響力が増し、1751年に主馬頭に任じられるとともに同年6月13日に「ハードウィックのキャヴェンディッシュ男爵」(BaronCavendishofHardwick)として貴族院に招集され(繰上勅書)、貴族院議員となる。,ウィリアム・キャヴェンディッシュは、誰と結婚しましたか?,シャーロット・ボイル,Syntactic variation
425,154,ウィリアム・キャヴェンディッシュ(第4代デヴォンシャー公爵),1748年に裕福な女相続人であるシャーロット・ボイルと結婚して広大な領地を獲得したことで政治におけるウィリアム・キャヴェンディッシュの影響力が増し、1751年に主馬頭に任じられるとともに同年6月13日に「ハードウィックのキャヴェンディッシュ男爵」(BaronCavendishofHardwick)として貴族院に招集され(繰上勅書)、貴族院議員となる。,ウィリアム・キャヴェンディッシュとシャーロット・ボイルは、何年に結婚したか?,1748年,Syntactic variation
426,154,ウィリアム・キャヴェンディッシュ(第4代デヴォンシャー公爵),1748年に裕福な女相続人であるシャーロット・ボイルと結婚して広大な領地を獲得したことで政治におけるウィリアム・キャヴェンディッシュの影響力が増し、1751年に主馬頭に任じられるとともに同年6月13日に「ハードウィックのキャヴェンディッシュ男爵」(BaronCavendishofHardwick)として貴族院に招集され(繰上勅書)、貴族院議員となる。,ウィリアム・キャヴェンディッシュが貴族院議員になったのは、何年のことか?,1748年,Syntactic variation
427,155,ウィリアム・キャヴェンディッシュ(第4代デヴォンシャー公爵),ウィリアム・キャヴェンディッシュは、1754年にヘンリー・ペラムが死去するとその兄にあたる初代ニューカッスル公爵トマス・ペラム=ホールズを支持したため、1755年3月に初代ドーセット公爵ライオネル・サックヴィルの後任としてアイルランド総督を務めるようニューカッスル公爵から任じられた。,ヘンリー・ペラムが死去したのは、何年のことなの?,1754年,Syntactic variation
428,155,ウィリアム・キャヴェンディッシュ(第4代デヴォンシャー公爵),ウィリアム・キャヴェンディッシュは、1754年にヘンリー・ペラムが死去するとその兄にあたる初代ニューカッスル公爵トマス・ペラム=ホールズを支持したため、1755年3月に初代ドーセット公爵ライオネル・サックヴィルの後任としてアイルランド総督を務めるようニューカッスル公爵から任じられた。,ウィリアム・キャヴェンディッシュがアイルランド総督に任命されたのは、何年のことですか?,1755年,Lexical variation (synonymy)
429,155,ウィリアム・キャヴェンディッシュ(第4代デヴォンシャー公爵),ウィリアム・キャヴェンディッシュは、1754年にヘンリー・ペラムが死去するとその兄にあたる初代ニューカッスル公爵トマス・ペラム=ホールズを支持したため、1755年3月に初代ドーセット公爵ライオネル・サックヴィルの後任としてアイルランド総督を務めるようニューカッスル公爵から任じられた。,1754年からイギリスの実権を握ったのは、誰か?,トマス・ペラム=ホールズ,Logical reasoning
430,155,ウィリアム・キャヴェンディッシュ(第4代デヴォンシャー公爵),ウィリアム・キャヴェンディッシュは、1754年にヘンリー・ペラムが死去するとその兄にあたる初代ニューカッスル公爵トマス・ペラム=ホールズを支持したため、1755年3月に初代ドーセット公爵ライオネル・サックヴィルの後任としてアイルランド総督を務めるようニューカッスル公爵から任じられた。,ヘンリー・ペラムの実験末期にアイルランド総督を務めていたのは、誰か?,ライオネル・サックヴィル,Logical reasoning
431,156,ウィリアム・キャヴェンディッシュ(第4代デヴォンシャー公爵),1756年に七年戦争が勃発するとイングランドでは指導者として大ピットを期待する声が高まるが、本人が初代ニューカッスル公爵トマス・ペラム=ホールズの政権へ加わるのを拒否した。デヴォンシャー公爵は1756年10月にアイルランドから帰国したが、ちょうど同10月にヘンリー・フォックスが南部担当国務大臣を辞任して第1次ニューカッスル公爵内閣が崩壊、フォックスが組閣に失敗したため家柄と庶民院議員の経験やアイルランドでの人気によりデヴォンシャーが第一大蔵卿(首相)に推された(大ピットはフォックスの後任として南部担当国務大臣に就任)。,七年戦争が発生したのは、何年のことなの?,1756年,Lexical variation (synonymy)
432,156,ウィリアム・キャヴェンディッシュ(第4代デヴォンシャー公爵),1756年に七年戦争が勃発するとイングランドでは指導者として大ピットを期待する声が高まるが、本人が初代ニューカッスル公爵トマス・ペラム=ホールズの政権へ加わるのを拒否した。デヴォンシャー公爵は1756年10月にアイルランドから帰国したが、ちょうど同10月にヘンリー・フォックスが南部担当国務大臣を辞任して第1次ニューカッスル公爵内閣が崩壊、フォックスが組閣に失敗したため家柄と庶民院議員の経験やアイルランドでの人気によりデヴォンシャーが第一大蔵卿(首相)に推された(大ピットはフォックスの後任として南部担当国務大臣に就任)。,1756年の時点でイングランドの実権を握っていたのは、誰ですか?,トマス・ペラム=ホールズ,Logical reasoning
433,156,ウィリアム・キャヴェンディッシュ(第4代デヴォンシャー公爵),1756年に七年戦争が勃発するとイングランドでは指導者として大ピットを期待する声が高まるが、本人が初代ニューカッスル公爵トマス・ペラム=ホールズの政権へ加わるのを拒否した。デヴォンシャー公爵は1756年10月にアイルランドから帰国したが、ちょうど同10月にヘンリー・フォックスが南部担当国務大臣を辞任して第1次ニューカッスル公爵内閣が崩壊、フォックスが組閣に失敗したため家柄と庶民院議員の経験やアイルランドでの人気によりデヴォンシャーが第一大蔵卿(首相)に推された(大ピットはフォックスの後任として南部担当国務大臣に就任)。,デヴォンシャー公爵がイギリス首相に推薦されたのは、何年のことか?,1756年,Lexical variation (synonymy)
434,156,ウィリアム・キャヴェンディッシュ(第4代デヴォンシャー公爵),1756年に七年戦争が勃発するとイングランドでは指導者として大ピットを期待する声が高まるが、本人が初代ニューカッスル公爵トマス・ペラム=ホールズの政権へ加わるのを拒否した。デヴォンシャー公爵は1756年10月にアイルランドから帰国したが、ちょうど同10月にヘンリー・フォックスが南部担当国務大臣を辞任して第1次ニューカッスル公爵内閣が崩壊、フォックスが組閣に失敗したため家柄と庶民院議員の経験やアイルランドでの人気によりデヴォンシャーが第一大蔵卿(首相)に推された(大ピットはフォックスの後任として南部担当国務大臣に就任)。,1755年の時点でデヴォンシャー公爵は、どこで活動していたか?,アイルランド,Logical reasoning
435,157,ウィリアム・キャヴェンディッシュ(第4代デヴォンシャー公爵),デヴォンシャーは大ピットとニューカッスル公爵が和解するためのつなぎ役とみられ、彼はアイルランド政界での任命と同じく党派性の薄い内閣を組閣したが、これは同時に内閣が不安定であることを意味した。そして、大方の予想通り、組閣からわずか5か月後に大ピットが辞任すると内閣が倒れ、デヴォンシャーの仲介もあり6月末にニューカッスル=ピット内閣が成立した、デヴォンシャー自身は宮内長官に転じた。,当時、大ピットとニューカッスル公爵が和解するためのつなぎ役とみられていたのは、誰なの?,デヴォンシャー,Syntactic variation
436,157,ウィリアム・キャヴェンディッシュ(第4代デヴォンシャー公爵),デヴォンシャーは大ピットとニューカッスル公爵が和解するためのつなぎ役とみられ、彼はアイルランド政界での任命と同じく党派性の薄い内閣を組閣したが、これは同時に内閣が不安定であることを意味した。そして、大方の予想通り、組閣からわずか5か月後に大ピットが辞任すると内閣が倒れ、デヴォンシャーの仲介もあり6月末にニューカッスル=ピット内閣が成立した、デヴォンシャー自身は宮内長官に転じた。,デヴォンシャーが組閣した内閣は、何と安定性が薄い内閣と評されていましたか?,党派性,Lexical variation (world knowledge)
437,157,ウィリアム・キャヴェンディッシュ(第4代デヴォンシャー公爵),デヴォンシャーは大ピットとニューカッスル公爵が和解するためのつなぎ役とみられ、彼はアイルランド政界での任命と同じく党派性の薄い内閣を組閣したが、これは同時に内閣が不安定であることを意味した。そして、大方の予想通り、組閣からわずか5か月後に大ピットが辞任すると内閣が倒れ、デヴォンシャーの仲介もあり6月末にニューカッスル=ピット内閣が成立した、デヴォンシャー自身は宮内長官に転じた。,デヴォンシャーが組閣した内閣は、わずか何か月で崩れてしまったか?,5か月,Lexical variation (synonymy)
438,157,ウィリアム・キャヴェンディッシュ(第4代デヴォンシャー公爵),デヴォンシャーは大ピットとニューカッスル公爵が和解するためのつなぎ役とみられ、彼はアイルランド政界での任命と同じく党派性の薄い内閣を組閣したが、これは同時に内閣が不安定であることを意味した。そして、大方の予想通り、組閣からわずか5か月後に大ピットが辞任すると内閣が倒れ、デヴォンシャーの仲介もあり6月末にニューカッスル=ピット内閣が成立した、デヴォンシャー自身は宮内長官に転じた。,デヴォンシャーが組閣した内閣が崩れた原因としては、誰の辞任が挙げられるか?,大ピット,Lexical variation (world knowledge)
439,158,ウィリアム・キャヴェンディッシュ(第4代デヴォンシャー公爵),宮内長官に転じた後も閣議に出席して、各党派の融和に努めた。やがて1762年5月にニューカッスル公爵が辞任すると、デヴォンシャー公爵は辞任せず閣議への出席を拒否したが、結局七年戦争の講和条約をめぐり後任の首相である第3代ビュート伯爵ジョン・ステュアートと決裂して1762年11月28日に宮内長官を辞任、国王ジョージ3世は激怒してデヴォンシャー公爵を枢密顧問官から解任した。,ニューカッスル公爵が辞任したのは、何年のことなの?,1762年,Syntactic variation
440,158,ウィリアム・キャヴェンディッシュ(第4代デヴォンシャー公爵),宮内長官に転じた後も閣議に出席して、各党派の融和に努めた。やがて1762年5月にニューカッスル公爵が辞任すると、デヴォンシャー公爵は辞任せず閣議への出席を拒否したが、結局七年戦争の講和条約をめぐり後任の首相である第3代ビュート伯爵ジョン・ステュアートと決裂して1762年11月28日に宮内長官を辞任、国王ジョージ3世は激怒してデヴォンシャー公爵を枢密顧問官から解任した。,ニューカッスル公爵の後を継ぎ、イギリス首相となったのは、誰ですか?,ジョン・ステュアート,Lexical variation (world knowledge)
441,158,ウィリアム・キャヴェンディッシュ(第4代デヴォンシャー公爵),宮内長官に転じた後も閣議に出席して、各党派の融和に努めた。やがて1762年5月にニューカッスル公爵が辞任すると、デヴォンシャー公爵は辞任せず閣議への出席を拒否したが、結局七年戦争の講和条約をめぐり後任の首相である第3代ビュート伯爵ジョン・ステュアートと決裂して1762年11月28日に宮内長官を辞任、国王ジョージ3世は激怒してデヴォンシャー公爵を枢密顧問官から解任した。,ジョン・ステュアートがイギリス首相となったのは、何年のことか?,1762年,Logical reasoning
442,158,ウィリアム・キャヴェンディッシュ(第4代デヴォンシャー公爵),宮内長官に転じた後も閣議に出席して、各党派の融和に努めた。やがて1762年5月にニューカッスル公爵が辞任すると、デヴォンシャー公爵は辞任せず閣議への出席を拒否したが、結局七年戦争の講和条約をめぐり後任の首相である第3代ビュート伯爵ジョン・ステュアートと決裂して1762年11月28日に宮内長官を辞任、国王ジョージ3世は激怒してデヴォンシャー公爵を枢密顧問官から解任した。,デヴォンシャー公爵が宮内長官を辞任したのは、いつのことか?,1762年11月28日,Syntactic variation
443,159,ウィリアム・キャヴェンディッシュ(第4代デヴォンシャー公爵),1761年11月12日、ウィリアム・キャヴェンディッシュは王立協会フェローに選出された。1762年12月9日、ロンドン考古協会フェローに選出された。また、1761年7月4日にアイルランド枢密院の枢密顧問官への任命が公表されたが、就任宣誓を行わなかった。,ウィリアム・キャヴェンディッシュは、王立協会フェローとロンドン考古協会フェローのうち、どちらに、より早く選出されたの?,王立協会フェロー,Logical reasoning
444,159,ウィリアム・キャヴェンディッシュ(第4代デヴォンシャー公爵),1761年11月12日、ウィリアム・キャヴェンディッシュは王立協会フェローに選出された。1762年12月9日、ロンドン考古協会フェローに選出された。また、1761年7月4日にアイルランド枢密院の枢密顧問官への任命が公表されたが、就任宣誓を行わなかった。,ウィリアム・キャヴェンディッシュをアイルランド枢密院の枢密顧問官に任命することが公表された年度に、ウィリアム・キャヴェンディッシュは、何に選出されましたか?,王立協会フェロー,Multiple sentence reasoning
445,159,ウィリアム・キャヴェンディッシュ(第4代デヴォンシャー公爵),1761年11月12日、ウィリアム・キャヴェンディッシュは王立協会フェローに選出された。1762年12月9日、ロンドン考古協会フェローに選出された。また、1761年7月4日にアイルランド枢密院の枢密顧問官への任命が公表されたが、就任宣誓を行わなかった。,ウィリアム・キャヴェンディッシュが、王立協会フェローに選出されたのは、いつのことか?,1761年11月12日,Syntactic variation
446,159,ウィリアム・キャヴェンディッシュ(第4代デヴォンシャー公爵),1761年11月12日、ウィリアム・キャヴェンディッシュは王立協会フェローに選出された。1762年12月9日、ロンドン考古協会フェローに選出された。また、1761年7月4日にアイルランド枢密院の枢密顧問官への任命が公表されたが、就任宣誓を行わなかった。,ウィリアム・キャヴェンディッシュが、ロンドン考古協会フェローに選出されたのは、いつのことか?,1762年12月9日,Syntactic variation
447,160,南極点,"南極点(なんきょくてん、英:SouthPole)とは、自転する天体の最南端に当たる南緯90度地点のことである。
ほとんどの場合、地理学上の南極点は自転軸と天体表面が交差する点の内、南側にある1点が南極点である。
もうひとつは北極点のことである。
以下本項では特に断らないかぎり、地球の南極点について述べる。",南極点は南緯何度ですか?,90度,Syntactic variation
448,160,南極点,"南極点(なんきょくてん、英:SouthPole)とは、自転する天体の最南端に当たる南緯90度地点のことである。
ほとんどの場合、地理学上の南極点は自転軸と天体表面が交差する点の内、南側にある1点が南極点である。
もうひとつは北極点のことである。
以下本項では特に断らないかぎり、地球の南極点について述べる。",自転する天体の最北端に当たる地点を何といいますか?,北極点,Lexical variation (synonymy)
449,161,南極点,"南極点は南極大陸上に位置し、1956年に建設されたアメリカ合衆国のアムンゼン・スコット基地内にある。
南極点はあくまで地理学的な地点であり、方位磁石のS極が指し示す地磁気の極である南磁極(南緯64.6度、東経138.6度、1997年1月)や、地球磁場を完全な双極子磁場と想定した際にS極に当たる南磁軸極(南地磁気極)(en)(南緯78.6度、東経110.0度)とは一致しない。
南極点の地理座標は、緯度であれば単純に南緯90度と与えられる。
一方の経度では、表すことができない特異点である極(きょく)に相当する。
便宜的に経度を示す場合、南極点の方眼北(グリッド北)はグリニッジ子午線に沿っているとみなし、経度は西経(または東経)0度としている。",南極点が位置しているのはどこの基地内ですか?,アムンゼン・スコット基地,Lexical variation (world knowledge)
450,161,南極点,"南極点は南極大陸上に位置し、1956年に建設されたアメリカ合衆国のアムンゼン・スコット基地内にある。
南極点はあくまで地理学的な地点であり、方位磁石のS極が指し示す地磁気の極である南磁極(南緯64.6度、東経138.6度、1997年1月)や、地球磁場を完全な双極子磁場と想定した際にS極に当たる南磁軸極(南地磁気極)(en)(南緯78.6度、東経110.0度)とは一致しない。
南極点の地理座標は、緯度であれば単純に南緯90度と与えられる。
一方の経度では、表すことができない特異点である極(きょく)に相当する。
便宜的に経度を示す場合、南極点の方眼北(グリッド北)はグリニッジ子午線に沿っているとみなし、経度は西経(または東経)0度としている。",アムンゼン・スコット基地を建設した国は?,アメリカ合衆国,Lexical variation (world knowledge)
451,161,南極点,"南極点は南極大陸上に位置し、1956年に建設されたアメリカ合衆国のアムンゼン・スコット基地内にある。
南極点はあくまで地理学的な地点であり、方位磁石のS極が指し示す地磁気の極である南磁極(南緯64.6度、東経138.6度、1997年1月)や、地球磁場を完全な双極子磁場と想定した際にS極に当たる南磁軸極(南地磁気極)(en)(南緯78.6度、東経110.0度)とは一致しない。
南極点の地理座標は、緯度であれば単純に南緯90度と与えられる。
一方の経度では、表すことができない特異点である極(きょく)に相当する。
便宜的に経度を示す場合、南極点の方眼北(グリッド北)はグリニッジ子午線に沿っているとみなし、経度は西経(または東経)0度としている。",アムンゼン・スコット基地の設立年は?,1956年,Lexical variation (world knowledge)
452,161,南極点,"南極点は南極大陸上に位置し、1956年に建設されたアメリカ合衆国のアムンゼン・スコット基地内にある。
南極点はあくまで地理学的な地点であり、方位磁石のS極が指し示す地磁気の極である南磁極(南緯64.6度、東経138.6度、1997年1月)や、地球磁場を完全な双極子磁場と想定した際にS極に当たる南磁軸極(南地磁気極)(en)(南緯78.6度、東経110.0度)とは一致しない。
南極点の地理座標は、緯度であれば単純に南緯90度と与えられる。
一方の経度では、表すことができない特異点である極(きょく)に相当する。
便宜的に経度を示す場合、南極点の方眼北(グリッド北)はグリニッジ子午線に沿っているとみなし、経度は西経(または東経)0度としている。",南極点の経度は何度ですか?,0度,Syntactic variation
453,162,南極点,"大陸移動があるため、地球の歴史において常にそうであった訳ではないが、南極点は南極大陸上にある。
2011年現在それは、最も近い海岸線となるマクマード湾(en)から内陸におよそ1,300キロメートル(800マイル)の位置にある。
そこには厚さおよそ2,700メートル(9,000フィート)の氷が大地を覆い、南極点はその氷床の上、標高にしておよそ2,835メートル(9,306フィート)の位置にある。
しかし、地震などの地殻変動によってジオイドに変化が起こると、自転のモーメントに影響を与え地球の自転軸はぐらつく。
これを極運動という。
そのため、この定義では厳格には南極点および北極点を固定できない。
さらに、南極点の氷床は1年あたり約10メートルの速度でグリッド北37度から40度の方向に移動し、ウェッデル海へ向かっている。よって南極点に何らかの標識を置いても、時間が経つにつれて位置がずれて行くことになる。",南極点に最も近い海外線はどこ?,マクマード湾,Multiple sentence reasoning
454,162,南極点,"大陸移動があるため、地球の歴史において常にそうであった訳ではないが、南極点は南極大陸上にある。
2011年現在それは、最も近い海岸線となるマクマード湾(en)から内陸におよそ1,300キロメートル(800マイル)の位置にある。
そこには厚さおよそ2,700メートル(9,000フィート)の氷が大地を覆い、南極点はその氷床の上、標高にしておよそ2,835メートル(9,306フィート)の位置にある。
しかし、地震などの地殻変動によってジオイドに変化が起こると、自転のモーメントに影響を与え地球の自転軸はぐらつく。
これを極運動という。
そのため、この定義では厳格には南極点および北極点を固定できない。
さらに、南極点の氷床は1年あたり約10メートルの速度でグリッド北37度から40度の方向に移動し、ウェッデル海へ向かっている。よって南極点に何らかの標識を置いても、時間が経つにつれて位置がずれて行くことになる。",南極点の標高は?,"およそ2,835メートル",Syntactic variation
455,162,南極点,"大陸移動があるため、地球の歴史において常にそうであった訳ではないが、南極点は南極大陸上にある。
2011年現在それは、最も近い海岸線となるマクマード湾(en)から内陸におよそ1,300キロメートル(800マイル)の位置にある。
そこには厚さおよそ2,700メートル(9,000フィート)の氷が大地を覆い、南極点はその氷床の上、標高にしておよそ2,835メートル(9,306フィート)の位置にある。
しかし、地震などの地殻変動によってジオイドに変化が起こると、自転のモーメントに影響を与え地球の自転軸はぐらつく。
これを極運動という。
そのため、この定義では厳格には南極点および北極点を固定できない。
さらに、南極点の氷床は1年あたり約10メートルの速度でグリッド北37度から40度の方向に移動し、ウェッデル海へ向かっている。よって南極点に何らかの標識を置いても、時間が経つにつれて位置がずれて行くことになる。",南極点の氷床の厚さはどれくらいですか?,"およそ2,700メートル",Lexical variation (synonymy)
456,163,南極点,"以上の理由から、地理学的に定められる実際の南極点は継続的に測定され、毎年元旦に「ジオグラフィック・ポール」という標識が付け替えられる。
ジオグラフィック・ポールは簡単な杭を打って示す。
そばにはアメリカ合衆国の星条旗と、添えられた立て看板がある。
看板にはロアール・アムンセンとロバート・スコットの業績を讃えて彼らがそれぞれ南極点に到達した日付と短い解説、そして南極点の標高が記されている。
過去の標識は観測日を付けて残されるため、氷原に点々と打たれた杭から南極点の移動が確認できる。",ジオグラフィック・ポールの付け替えが行われる日は?,元旦,Syntactic variation
457,163,南極点,"以上の理由から、地理学的に定められる実際の南極点は継続的に測定され、毎年元旦に「ジオグラフィック・ポール」という標識が付け替えられる。
ジオグラフィック・ポールは簡単な杭を打って示す。
そばにはアメリカ合衆国の星条旗と、添えられた立て看板がある。
看板にはロアール・アムンセンとロバート・スコットの業績を讃えて彼らがそれぞれ南極点に到達した日付と短い解説、そして南極点の標高が記されている。
過去の標識は観測日を付けて残されるため、氷原に点々と打たれた杭から南極点の移動が確認できる。",ジオグラフィック・ポールのそばに立てられる旗とは?,星条旗,Multiple sentence reasoning
458,163,南極点,"以上の理由から、地理学的に定められる実際の南極点は継続的に測定され、毎年元旦に「ジオグラフィック・ポール」という標識が付け替えられる。
ジオグラフィック・ポールは簡単な杭を打って示す。
そばにはアメリカ合衆国の星条旗と、添えられた立て看板がある。
看板にはロアール・アムンセンとロバート・スコットの業績を讃えて彼らがそれぞれ南極点に到達した日付と短い解説、そして南極点の標高が記されている。
過去の標識は観測日を付けて残されるため、氷原に点々と打たれた杭から南極点の移動が確認できる。",看板に記されているのは、ロアール・アムンセンと誰の南極点到達の日付ですか?,ロバート・スコット,Syntactic variation
459,164,南極点,"実際の南極点標識とは別に、観光用の南極点標識「セレモニアル・ポール」がアムンゼン・スコット基地の脇に設置されている。
金属球を上に据えた柱脚(en)状台座の標識は、南極条約の原加盟国である12カ国の国旗で囲われており、南極が人類の共有財産であることを象徴する。
実際の南極点とはさほど離れていない。",「セレモニアル・ポール」とは何用の南極点標識ですか?,観光用,Syntactic variation
460,164,南極点,"実際の南極点標識とは別に、観光用の南極点標識「セレモニアル・ポール」がアムンゼン・スコット基地の脇に設置されている。
金属球を上に据えた柱脚(en)状台座の標識は、南極条約の原加盟国である12カ国の国旗で囲われており、南極が人類の共有財産であることを象徴する。
実際の南極点とはさほど離れていない。",南極条約の原加盟国は何ヶ国ですか?,12カ国,Syntactic variation
461,164,南極点,"実際の南極点標識とは別に、観光用の南極点標識「セレモニアル・ポール」がアムンゼン・スコット基地の脇に設置されている。
金属球を上に据えた柱脚(en)状台座の標識は、南極条約の原加盟国である12カ国の国旗で囲われており、南極が人類の共有財産であることを象徴する。
実際の南極点とはさほど離れていない。",「セレモニアル・ポール」の近くにある施設とは何?,アムンゼン・スコット基地,Lexical variation (world knowledge)
462,165,南極点,"アムンセンのテントとは、1911年12月14日に南極点に到達したロアール・アムンセン率いるノルウェー遠征隊によって設営されたテント。
現在、南極点付近の雪と氷の下に埋没している。
南極条約協議国会議へのノルウェーからの提案により、南極史跡記念物(HSM80)に指定された。
テントの正確な位置は不明だが、氷の移動速度と雪の蓄積速度から計算すると、2010年の時点で、南極点から1.8〜2.5キロメートル離れた表面から17メートルの深さと推定される。",ノルウェー遠征隊が南極点に到達したのはいつですか?,1911年12月14日,Syntactic variation
463,165,南極点,"アムンセンのテントとは、1911年12月14日に南極点に到達したロアール・アムンセン率いるノルウェー遠征隊によって設営されたテント。
現在、南極点付近の雪と氷の下に埋没している。
南極条約協議国会議へのノルウェーからの提案により、南極史跡記念物(HSM80)に指定された。
テントの正確な位置は不明だが、氷の移動速度と雪の蓄積速度から計算すると、2010年の時点で、南極点から1.8〜2.5キロメートル離れた表面から17メートルの深さと推定される。",ノルウェー遠征隊の中心人物は誰でしたか?,ロアール・アムンセン,Lexical variation (world knowledge)
464,165,南極点,"アムンセンのテントとは、1911年12月14日に南極点に到達したロアール・アムンセン率いるノルウェー遠征隊によって設営されたテント。
現在、南極点付近の雪と氷の下に埋没している。
南極条約協議国会議へのノルウェーからの提案により、南極史跡記念物(HSM80)に指定された。
テントの正確な位置は不明だが、氷の移動速度と雪の蓄積速度から計算すると、2010年の時点で、南極点から1.8〜2.5キロメートル離れた表面から17メートルの深さと推定される。",アムンセンのテントは2010年の時点で、南極点から何キロメートル離れた地点に埋まっていますか?,1.8〜2.5キロメートル,Lexical variation (synonymy)
465,165,南極点,"アムンセンのテントとは、1911年12月14日に南極点に到達したロアール・アムンセン率いるノルウェー遠征隊によって設営されたテント。
現在、南極点付近の雪と氷の下に埋没している。
南極条約協議国会議へのノルウェーからの提案により、南極史跡記念物(HSM80)に指定された。
テントの正確な位置は不明だが、氷の移動速度と雪の蓄積速度から計算すると、2010年の時点で、南極点から1.8〜2.5キロメートル離れた表面から17メートルの深さと推定される。",ノルウェーの提案によって南極史跡記念物に指定されたものとは?,アムンセンのテント,Multiple sentence reasoning
466,166,南極点,"アルゼンチンの旗竿とは、第1回アルゼンチン内陸極点探検隊(オペラシオン90)によって1965年12月に南極点に立てられた旗竿。
南極条約協議国会議へのアルゼンチンの提案により、南極史跡記念物(HSM1)に指定された。",アルゼンチンの旗竿が立てられたのはいつ?,1965年12月,Syntactic variation
467,166,南極点,"アルゼンチンの旗竿とは、第1回アルゼンチン内陸極点探検隊(オペラシオン90)によって1965年12月に南極点に立てられた旗竿。
南極条約協議国会議へのアルゼンチンの提案により、南極史跡記念物(HSM1)に指定された。",南極史跡記念物(HSM1)に指定されたものとは何?,アルゼンチンの旗竿,Multiple sentence reasoning
468,167,南極点,"南極の発見には諸説あるが、1820年から翌1821年の1月にロシアのファビアン・ベリングスハウゼン(en)とミハイル・ラザレフ(en)が南極に到達したことはごく初期の事例に当たる。
1月後にアメリカのジョン・デイビス(en)らが南極大陸初上陸を果たした。
当時、南極の地形は未知であったが、19世紀中ごろにアメリカの海軍士官チャールズ・ウィルクスが自ら行った1839年-1840年の探検結果を元に南極は新大陸であると主張し、後にそれは正しさが証明された。
ジェイムズ・クラーク・ロスは1839年-1843年に航路で南極点到達を目指す探検に挑んだが、失敗した。",ファビアン・ベリングスハウゼンとジョン・デイビスはどちらが先に南極に到達しましたか?,ファビアン・ベリングスハウゼン,Logical reasoning
469,167,南極点,"南極の発見には諸説あるが、1820年から翌1821年の1月にロシアのファビアン・ベリングスハウゼン(en)とミハイル・ラザレフ(en)が南極に到達したことはごく初期の事例に当たる。
1月後にアメリカのジョン・デイビス(en)らが南極大陸初上陸を果たした。
当時、南極の地形は未知であったが、19世紀中ごろにアメリカの海軍士官チャールズ・ウィルクスが自ら行った1839年-1840年の探検結果を元に南極は新大陸であると主張し、後にそれは正しさが証明された。
ジェイムズ・クラーク・ロスは1839年-1843年に航路で南極点到達を目指す探検に挑んだが、失敗した。",南極が新大陸であることを主張した人は誰でしたか?,チャールズ・ウィルクス,Syntactic variation
470,167,南極点,"南極の発見には諸説あるが、1820年から翌1821年の1月にロシアのファビアン・ベリングスハウゼン(en)とミハイル・ラザレフ(en)が南極に到達したことはごく初期の事例に当たる。
1月後にアメリカのジョン・デイビス(en)らが南極大陸初上陸を果たした。
当時、南極の地形は未知であったが、19世紀中ごろにアメリカの海軍士官チャールズ・ウィルクスが自ら行った1839年-1840年の探検結果を元に南極は新大陸であると主張し、後にそれは正しさが証明された。
ジェイムズ・クラーク・ロスは1839年-1843年に航路で南極点到達を目指す探検に挑んだが、失敗した。",ファビアン・ベリングスハウゼン、ジョン・デイビス、ミハイル・ラザレフの中でアメリカの人は誰ですか?,ジョン・デイビス,Multiple sentence reasoning
471,168,南極点,"南極点への行程を探す最初の試みは、1901年-1904年にディスカヴァリー号探検隊に加わったイギリスの冒険家ロバート・スコットによって行われた。
アーネスト・シャクルトンやエドワード・ウィルソン(en)とともに、出来るかぎり南を目指したスコットは、1902年12月31日に南緯82.16度まで到達した。
シャクルトンはニムロド号探検隊の隊長として再び南極に挑み、1909年1月9日に南緯88.23度、南極点まであと112マイル(180キロ)というところまでたどり着いたが、引き返さざるを得なくなり涙を呑んだ。",1902年12月31日と1909年1月9日に到達した地点が、より南極点に近かったのはどちらの年月日ですか?,1909年1月9日,Logical reasoning
472,168,南極点,"南極点への行程を探す最初の試みは、1901年-1904年にディスカヴァリー号探検隊に加わったイギリスの冒険家ロバート・スコットによって行われた。
アーネスト・シャクルトンやエドワード・ウィルソン(en)とともに、出来るかぎり南を目指したスコットは、1902年12月31日に南緯82.16度まで到達した。
シャクルトンはニムロド号探検隊の隊長として再び南極に挑み、1909年1月9日に南緯88.23度、南極点まであと112マイル(180キロ)というところまでたどり着いたが、引き返さざるを得なくなり涙を呑んだ。",1902年以降に再度南極点を目指した人は誰ですか?,シャクルトン,Multiple sentence reasoning
473,168,南極点,"南極点への行程を探す最初の試みは、1901年-1904年にディスカヴァリー号探検隊に加わったイギリスの冒険家ロバート・スコットによって行われた。
アーネスト・シャクルトンやエドワード・ウィルソン(en)とともに、出来るかぎり南を目指したスコットは、1902年12月31日に南緯82.16度まで到達した。
シャクルトンはニムロド号探検隊の隊長として再び南極に挑み、1909年1月9日に南緯88.23度、南極点まであと112マイル(180キロ)というところまでたどり着いたが、引き返さざるを得なくなり涙を呑んだ。",シャクルトンが2度目の南極点挑戦時に属していた隊の名前とは?,ニムロド号探検隊,Lexical variation (synonymy)
474,169,南極点,"人類初の南極点到達は、1911年12月14日にノルウェーのロアール・アムンセンの南極点遠征隊によって成し遂げられた。
アムンセンは南極点にポールハイム(en)というキャンプを張り、南極点周辺の台地を国王ホーコン7世にちなみ「ホーコン7世台地(en)」と命名した。
ロバート・スコットもまたテラノヴァ号探検隊を組んで再び南極大陸に上陸し、南極点を目指していた。
スコットと4人の探検隊が南極点に到達したのは1912年1月17日、アムンセンに遅れる事34日後だった。
帰路、飢餓と極寒の中で彼らは全滅した。",ロアール・アムンセンとロバート・スコットはどちらが先に南極点に到達しましたか?,ロアール・アムンセン,Logical reasoning
475,169,南極点,"人類初の南極点到達は、1911年12月14日にノルウェーのロアール・アムンセンの南極点遠征隊によって成し遂げられた。
アムンセンは南極点にポールハイム(en)というキャンプを張り、南極点周辺の台地を国王ホーコン7世にちなみ「ホーコン7世台地(en)」と命名した。
ロバート・スコットもまたテラノヴァ号探検隊を組んで再び南極大陸に上陸し、南極点を目指していた。
スコットと4人の探検隊が南極点に到達したのは1912年1月17日、アムンセンに遅れる事34日後だった。
帰路、飢餓と極寒の中で彼らは全滅した。",ロアール・アムンセンの出身国はどこですか?,ノルウェー,Lexical variation (world knowledge)
476,169,南極点,"人類初の南極点到達は、1911年12月14日にノルウェーのロアール・アムンセンの南極点遠征隊によって成し遂げられた。
アムンセンは南極点にポールハイム(en)というキャンプを張り、南極点周辺の台地を国王ホーコン7世にちなみ「ホーコン7世台地(en)」と命名した。
ロバート・スコットもまたテラノヴァ号探検隊を組んで再び南極大陸に上陸し、南極点を目指していた。
スコットと4人の探検隊が南極点に到達したのは1912年1月17日、アムンセンに遅れる事34日後だった。
帰路、飢餓と極寒の中で彼らは全滅した。",アムンセンが南極点に張ったキャンプの名前は?,ポールハイム,Syntactic variation
477,169,南極点,"人類初の南極点到達は、1911年12月14日にノルウェーのロアール・アムンセンの南極点遠征隊によって成し遂げられた。
アムンセンは南極点にポールハイム(en)というキャンプを張り、南極点周辺の台地を国王ホーコン7世にちなみ「ホーコン7世台地(en)」と命名した。
ロバート・スコットもまたテラノヴァ号探検隊を組んで再び南極大陸に上陸し、南極点を目指していた。
スコットと4人の探検隊が南極点に到達したのは1912年1月17日、アムンセンに遅れる事34日後だった。
帰路、飢餓と極寒の中で彼らは全滅した。",ロバート・スコットが属していた隊の名前,テラノヴァ号探検隊,Lexical variation (world knowledge)
478,170,南極点,"1914年にはアーネスト・シャクルトン率いる帝国南極横断探検隊が、南極点を経由する大陸横断の探検に出発した。
しかし乗艦したエンデュランス号(en)が海氷に閉じ込められ、試みは断念された。
その後、長らく陸路横断計画は立案されなかった。
1929年11月には、アメリカの海軍少将リチャード・バードが、操縦士バーント・バルヒェン(en)の操縦する航空機で、世界で初めて南極点上空を通過した。",人類が世界で初めて南極点上空を通過したのはいつ?,1929年11月,Lexical variation (synonymy)
479,170,南極点,"1914年にはアーネスト・シャクルトン率いる帝国南極横断探検隊が、南極点を経由する大陸横断の探検に出発した。
しかし乗艦したエンデュランス号(en)が海氷に閉じ込められ、試みは断念された。
その後、長らく陸路横断計画は立案されなかった。
1929年11月には、アメリカの海軍少将リチャード・バードが、操縦士バーント・バルヒェン(en)の操縦する航空機で、世界で初めて南極点上空を通過した。",帝国南極横断探検隊が乗っていた艦体の名前は?,エンデュランス号,Multiple sentence reasoning
480,170,南極点,"1914年にはアーネスト・シャクルトン率いる帝国南極横断探検隊が、南極点を経由する大陸横断の探検に出発した。
しかし乗艦したエンデュランス号(en)が海氷に閉じ込められ、試みは断念された。
その後、長らく陸路横断計画は立案されなかった。
1929年11月には、アメリカの海軍少将リチャード・バードが、操縦士バーント・バルヒェン(en)の操縦する航空機で、世界で初めて南極点上空を通過した。",世界で初めて南極点上空を通過した航空機のパイロットは誰でしたか?,バーント・バルヒェン,Lexical variation (synonymy)
481,171,南極点,"1956年10月31日にジョージ・J・デューフェク(en)を載せたアメリカ海軍の航空機R4D-5Lスカイトレインが着陸し、南極点は人類が訪れない長い空白期間を終えた。
この年から翌年の国際地球観測年にかけて、南極点にアムンゼン・スコット基地が建設され、研究者や支援要員の常駐が始まった。
アムンゼンとスコットに次ぐ陸路での南極点到達は、イギリス連邦の南極大陸横断探検(en)の一環に当たる1958年1月4日のエドモンド・ヒラリー一行、1月19日のヴィヴィアン・フックス一行が航空機からの支援をうけつつも達成した。
その後も、アンテロ・ハボラ、アルバート・P・クレイリー、ラノフ・ファインズ(en)ら多くの探検家が南極点への旅を成功させた。
1968年12月19日、日本の第9次越冬隊(隊長・村山雅美)が日本人として初めて南極点に到達した。
1987年にはエルスワース山脈内の南緯80度にあるパトリオットヒルズに民間のベースが建設され、南極点への非政府系の遠征が行われるようになった。
1989年12月30日には、アルブト・フックス(en)とラインホルト・メスナーが乗り物や動物の助けを受けず、スキーと風力だけで南極点に達した。
海岸から支援を受けず徒歩で南極点に到達した例は、2009年にヘラクレス湾(HerculesInlet)から33日をかけたカナダのレイ・ザハブ(en)、リチャード・ウェーバー、ケビン・バレリーが成し遂げた。
これは1か月前にトッド・カーマイケルが達成した39日と7時間の記録を更新した。",エドモンド・ヒラリー一行とヴィヴィアン・フックス一行のうち、南極点到達が遅かったのはどちらでしたか?,ヴィヴィアン・フックス一行,Logical reasoning
482,171,南極点,"1956年10月31日にジョージ・J・デューフェク(en)を載せたアメリカ海軍の航空機R4D-5Lスカイトレインが着陸し、南極点は人類が訪れない長い空白期間を終えた。
この年から翌年の国際地球観測年にかけて、南極点にアムンゼン・スコット基地が建設され、研究者や支援要員の常駐が始まった。
アムンゼンとスコットに次ぐ陸路での南極点到達は、イギリス連邦の南極大陸横断探検(en)の一環に当たる1958年1月4日のエドモンド・ヒラリー一行、1月19日のヴィヴィアン・フックス一行が航空機からの支援をうけつつも達成した。
その後も、アンテロ・ハボラ、アルバート・P・クレイリー、ラノフ・ファインズ(en)ら多くの探検家が南極点への旅を成功させた。
1968年12月19日、日本の第9次越冬隊(隊長・村山雅美)が日本人として初めて南極点に到達した。
1987年にはエルスワース山脈内の南緯80度にあるパトリオットヒルズに民間のベースが建設され、南極点への非政府系の遠征が行われるようになった。
1989年12月30日には、アルブト・フックス(en)とラインホルト・メスナーが乗り物や動物の助けを受けず、スキーと風力だけで南極点に達した。
海岸から支援を受けず徒歩で南極点に到達した例は、2009年にヘラクレス湾(HerculesInlet)から33日をかけたカナダのレイ・ザハブ(en)、リチャード・ウェーバー、ケビン・バレリーが成し遂げた。
これは1か月前にトッド・カーマイケルが達成した39日と7時間の記録を更新した。",南極点に初めて到達した日本人は誰?,村山雅美,Syntactic variation
483,171,南極点,"1956年10月31日にジョージ・J・デューフェク(en)を載せたアメリカ海軍の航空機R4D-5Lスカイトレインが着陸し、南極点は人類が訪れない長い空白期間を終えた。
この年から翌年の国際地球観測年にかけて、南極点にアムンゼン・スコット基地が建設され、研究者や支援要員の常駐が始まった。
アムンゼンとスコットに次ぐ陸路での南極点到達は、イギリス連邦の南極大陸横断探検(en)の一環に当たる1958年1月4日のエドモンド・ヒラリー一行、1月19日のヴィヴィアン・フックス一行が航空機からの支援をうけつつも達成した。
その後も、アンテロ・ハボラ、アルバート・P・クレイリー、ラノフ・ファインズ(en)ら多くの探検家が南極点への旅を成功させた。
1968年12月19日、日本の第9次越冬隊(隊長・村山雅美)が日本人として初めて南極点に到達した。
1987年にはエルスワース山脈内の南緯80度にあるパトリオットヒルズに民間のベースが建設され、南極点への非政府系の遠征が行われるようになった。
1989年12月30日には、アルブト・フックス(en)とラインホルト・メスナーが乗り物や動物の助けを受けず、スキーと風力だけで南極点に達した。
海岸から支援を受けず徒歩で南極点に到達した例は、2009年にヘラクレス湾(HerculesInlet)から33日をかけたカナダのレイ・ザハブ(en)、リチャード・ウェーバー、ケビン・バレリーが成し遂げた。
これは1か月前にトッド・カーマイケルが達成した39日と7時間の記録を更新した。",トッド・カーマイケルとレイ・ザハブはどちらが先に南極点に到達しましたか?,トッド・カーマイケル,Logical reasoning
484,171,南極点,"1956年10月31日にジョージ・J・デューフェク(en)を載せたアメリカ海軍の航空機R4D-5Lスカイトレインが着陸し、南極点は人類が訪れない長い空白期間を終えた。
この年から翌年の国際地球観測年にかけて、南極点にアムンゼン・スコット基地が建設され、研究者や支援要員の常駐が始まった。
アムンゼンとスコットに次ぐ陸路での南極点到達は、イギリス連邦の南極大陸横断探検(en)の一環に当たる1958年1月4日のエドモンド・ヒラリー一行、1月19日のヴィヴィアン・フックス一行が航空機からの支援をうけつつも達成した。
その後も、アンテロ・ハボラ、アルバート・P・クレイリー、ラノフ・ファインズ(en)ら多くの探検家が南極点への旅を成功させた。
1968年12月19日、日本の第9次越冬隊(隊長・村山雅美)が日本人として初めて南極点に到達した。
1987年にはエルスワース山脈内の南緯80度にあるパトリオットヒルズに民間のベースが建設され、南極点への非政府系の遠征が行われるようになった。
1989年12月30日には、アルブト・フックス(en)とラインホルト・メスナーが乗り物や動物の助けを受けず、スキーと風力だけで南極点に達した。
海岸から支援を受けず徒歩で南極点に到達した例は、2009年にヘラクレス湾(HerculesInlet)から33日をかけたカナダのレイ・ザハブ(en)、リチャード・ウェーバー、ケビン・バレリーが成し遂げた。
これは1か月前にトッド・カーマイケルが達成した39日と7時間の記録を更新した。",南極点到達までの時間が短いのはトッド・カーマイケルとレイ・ザハブのどちらですか?,レイ・ザハブ,Logical reasoning
485,172,南極点,"アムンセンが南極点の初到達者とするからには、必然的に、アムンセンが極点の位置を実測により特定した最初の人物と言える。
GPS等による位置測定ができない1911年当時において用いられた方法は、太陽による天測が主であった。
まず、アムンセンが持参した計測機器類は、羅針儀4個、ソリ距離計3個、六分儀2個、人工水平線器3個、沸点高度計1個、アネロイド晴雨計1個、温度計4個、双眼鏡2個、クロノメーター3個であった。
なお、アムンセンは船長を務めていたことから、航海術を習得する過程でこれらの機器の操作法には習熟していたものと考えられる。
帰国後、極点と断定した測定値を天文学者と数学者に委託。
その結果、実際には南緯89度58分05秒、東経60度だったことが判明した。
そこから3方向に往復した結果、計算による本当の南極点を200~300メートル以内の近さで通過したと見られている。",アムンセンが持参した計測機器類の中で最も個数が多かったのは温度計と何でしたか?,羅針儀,Logical reasoning
486,172,南極点,"アムンセンが南極点の初到達者とするからには、必然的に、アムンセンが極点の位置を実測により特定した最初の人物と言える。
GPS等による位置測定ができない1911年当時において用いられた方法は、太陽による天測が主であった。
まず、アムンセンが持参した計測機器類は、羅針儀4個、ソリ距離計3個、六分儀2個、人工水平線器3個、沸点高度計1個、アネロイド晴雨計1個、温度計4個、双眼鏡2個、クロノメーター3個であった。
なお、アムンセンは船長を務めていたことから、航海術を習得する過程でこれらの機器の操作法には習熟していたものと考えられる。
帰国後、極点と断定した測定値を天文学者と数学者に委託。
その結果、実際には南緯89度58分05秒、東経60度だったことが判明した。
そこから3方向に往復した結果、計算による本当の南極点を200~300メートル以内の近さで通過したと見られている。",アムンセンが持参した六分儀、人工水平線器、沸点高度計の中で、最も個数が少なかったのはどれですか?,沸点高度計,Logical reasoning
487,172,南極点,"アムンセンが南極点の初到達者とするからには、必然的に、アムンセンが極点の位置を実測により特定した最初の人物と言える。
GPS等による位置測定ができない1911年当時において用いられた方法は、太陽による天測が主であった。
まず、アムンセンが持参した計測機器類は、羅針儀4個、ソリ距離計3個、六分儀2個、人工水平線器3個、沸点高度計1個、アネロイド晴雨計1個、温度計4個、双眼鏡2個、クロノメーター3個であった。
なお、アムンセンは船長を務めていたことから、航海術を習得する過程でこれらの機器の操作法には習熟していたものと考えられる。
帰国後、極点と断定した測定値を天文学者と数学者に委託。
その結果、実際には南緯89度58分05秒、東経60度だったことが判明した。
そこから3方向に往復した結果、計算による本当の南極点を200~300メートル以内の近さで通過したと見られている。",1911年当時において用いられた位置測定の方法とは?,太陽による天測,Syntactic variation
488,172,南極点,"アムンセンが南極点の初到達者とするからには、必然的に、アムンセンが極点の位置を実測により特定した最初の人物と言える。
GPS等による位置測定ができない1911年当時において用いられた方法は、太陽による天測が主であった。
まず、アムンセンが持参した計測機器類は、羅針儀4個、ソリ距離計3個、六分儀2個、人工水平線器3個、沸点高度計1個、アネロイド晴雨計1個、温度計4個、双眼鏡2個、クロノメーター3個であった。
なお、アムンセンは船長を務めていたことから、航海術を習得する過程でこれらの機器の操作法には習熟していたものと考えられる。
帰国後、極点と断定した測定値を天文学者と数学者に委託。
その結果、実際には南緯89度58分05秒、東経60度だったことが判明した。
そこから3方向に往復した結果、計算による本当の南極点を200~300メートル以内の近さで通過したと見られている。",アムンセンが実測した極点の南緯はいくつでしたか?,南緯89度58分05秒,Multiple sentence reasoning
489,173,南極点,"南半球の冬季に当たる3月から9月にかけて、南極点には日光が全く射さない。
5月から7月には薄明かりも見られなくなり、月光を除けば南極点は暗闇に沈む。
逆に夏季となる9月から3月の期間、太陽は昇ったまま反時計まわりで地平線上にとどまる。
ただし高度は一貫して低く、日光の入射角は最大となる12月でも23.5度程度に過ぎない。
この日照の少なさに加え、積もる白い雪が光を反射する点や標高が2,800メートル(9,186フィート)であることも相まって、南極点は地球上で最も気温が低い場所のひとつに挙げられる。
なお、観測された最低気温は標高がより高いボストーク基地(標高3,488メートル)で1983年に記録された。
北極点は海洋上の氷原にあり標高も低い上、暖流の影響などもあり南極点ほどに気温は下がらない。",ボストーク基地の標高はどれくらいですか?,"3,488メートル",Syntactic variation
490,173,南極点,"南半球の冬季に当たる3月から9月にかけて、南極点には日光が全く射さない。
5月から7月には薄明かりも見られなくなり、月光を除けば南極点は暗闇に沈む。
逆に夏季となる9月から3月の期間、太陽は昇ったまま反時計まわりで地平線上にとどまる。
ただし高度は一貫して低く、日光の入射角は最大となる12月でも23.5度程度に過ぎない。
この日照の少なさに加え、積もる白い雪が光を反射する点や標高が2,800メートル(9,186フィート)であることも相まって、南極点は地球上で最も気温が低い場所のひとつに挙げられる。
なお、観測された最低気温は標高がより高いボストーク基地(標高3,488メートル)で1983年に記録された。
北極点は海洋上の氷原にあり標高も低い上、暖流の影響などもあり南極点ほどに気温は下がらない。",南極点に日光が全く射さない時期は何月から何月にかけてですか?,3月から9月にかけて,Lexical variation (world knowledge)
491,174,南極点,"1月の南極点は平均気温がマイナス25.9°Cまで上昇する。
しかし日が経つにつれて太陽の高度が徐々に落ち、3月には気温は平均でマイナス45°Cまで下がる。
3月下旬には陽が暮れ、再び日の出が来るのは9月下旬を待たなければならない。
冬季の平均気温はマイナス58°Cを前後する。
アムンゼン・スコット基地で観測された最高気温は1978年12月27日のマイナス13.6°C、最低気温は1982年6月23日のマイナス82.8°Cである。
南極点は砂漠気候に相等する程に降水量がほとんど無く、空気中の湿度もほぼゼロに等しい。
しかし激しい風を伴う降雪はあり、年間の積雪量は20cm程度となる。
以前のアムンゼン・スコット基地はドーム状だったため、この雪が部分的に覆い、入り口は定期的に雪かきをしなければならなかった。
現在の建物は積雪対策のため高床形状に設計され、雪の吹き溜まりができないようになった。",現在のアムンゼン・スコット基地はどのような形状をしていますか?,高床形状,Lexical variation (synonymy)
492,174,南極点,"1月の南極点は平均気温がマイナス25.9°Cまで上昇する。
しかし日が経つにつれて太陽の高度が徐々に落ち、3月には気温は平均でマイナス45°Cまで下がる。
3月下旬には陽が暮れ、再び日の出が来るのは9月下旬を待たなければならない。
冬季の平均気温はマイナス58°Cを前後する。
アムンゼン・スコット基地で観測された最高気温は1978年12月27日のマイナス13.6°C、最低気温は1982年6月23日のマイナス82.8°Cである。
南極点は砂漠気候に相等する程に降水量がほとんど無く、空気中の湿度もほぼゼロに等しい。
しかし激しい風を伴う降雪はあり、年間の積雪量は20cm程度となる。
以前のアムンゼン・スコット基地はドーム状だったため、この雪が部分的に覆い、入り口は定期的に雪かきをしなければならなかった。
現在の建物は積雪対策のため高床形状に設計され、雪の吹き溜まりができないようになった。",アムンゼン・スコット基地で観測された最高気温は何°Cですか?,マイナス13.6°C,Syntactic variation
493,174,南極点,"1月の南極点は平均気温がマイナス25.9°Cまで上昇する。
しかし日が経つにつれて太陽の高度が徐々に落ち、3月には気温は平均でマイナス45°Cまで下がる。
3月下旬には陽が暮れ、再び日の出が来るのは9月下旬を待たなければならない。
冬季の平均気温はマイナス58°Cを前後する。
アムンゼン・スコット基地で観測された最高気温は1978年12月27日のマイナス13.6°C、最低気温は1982年6月23日のマイナス82.8°Cである。
南極点は砂漠気候に相等する程に降水量がほとんど無く、空気中の湿度もほぼゼロに等しい。
しかし激しい風を伴う降雪はあり、年間の積雪量は20cm程度となる。
以前のアムンゼン・スコット基地はドーム状だったため、この雪が部分的に覆い、入り口は定期的に雪かきをしなければならなかった。
現在の建物は積雪対策のため高床形状に設計され、雪の吹き溜まりができないようになった。",南極点の3月の平均気温は何°Cですか?,マイナス45°C,Multiple sentence reasoning
494,175,南極点,"地球上では、各地点の時刻はほぼ経度に沿うように設定されている。
時刻は同時に太陽の位置に連動し、例えば正午には一日でおおよそ最も高い高度に太陽が来る。
しかし、全ての経度線が集中し、日の出と日の入りが年に一度しかない南極点では、このような原則が当てはまらない。
そこで、南極点にあるアムンゼン・スコット基地では便宜上の時刻を採用している。
それはアメリカが補給機を離陸させるディープ・フリーズ作戦(en)で使うニュージーランドのクライストチャーチの時刻(標準時NZST,UTC+12。夏時間ではUTC+13)である。",アムンゼン・スコット基地で採用されている便宜上の時刻はどこの都市の時刻ですか?,クライストチャーチ,Multiple sentence reasoning
495,176,南極点,"南極点の気候は非常に厳しく、まれに風に流されたトウゾクカモメが見られる程度で、定住する動植物は存在しない。
2000年に、肺炎球菌に似たバクテリアが南極点付近の氷の中から見つかったが、このバクテリアが南極で進化した可能性は低いと考えられている。
しかし科学者らは、極寒・乾燥かつ強烈な紫外線が降り注ぐ時期と一転暗闇に閉ざされる時期がある南極点の過酷な環境でも生存できる生命が存在する事実は、太陽系の他の惑星や衛星にも生命が存在する可能性を考えるに当たって重要な意味を持つと考えている。",南極点でまれに見られる動物とは何?,トウゾクカモメ,Lexical variation (world knowledge)
496,177,南極点,"南極点付近には1957年にアメリカのアムンゼン・スコット基地が建設されたほか、南極点望遠鏡などいくつかの施設が建設されて研究・観測を行っている。
アムンゼン・スコット基地には物資輸送用のJackF.PaulusSkiway(en)と呼ばれる滑走路が存在し、マクマード基地からの物資輸送に使用されている。
以前は輸送路はこの空路のみであったが、2003年から物資輸送を目的としてマクマード南極点道路の建設が開始され、2006年に完成した。
マクマード南極点道路は、船舶の接岸できる南限であるロス島のマクマード基地から南極点を結ぶ全長1450kmの道路であり、路面は圧雪した雪によってできていて、400mごとに目印が建てられて道を見失わないようになっている。",マクマード南極点道路の全長はどれくらいありますか?,1450km,Syntactic variation
497,178,名鉄3400系電車,"名鉄3400系電車(めいてつ3400けいでんしゃ)は、名古屋鉄道(名鉄)が主に優等列車運用に供する目的で1937年(昭和12年)に導入した電車である。名鉄の直流1,500V電化路線において運用された吊り掛け駆動車各形式のうち、間接自動進段制御器を搭載するAL車に属する。

先頭車の前頭部を流線形状として、前面から側面にかけての車体下部全周をスカートと称する下部覆い板にて覆った外観を特徴とし、名鉄社内においては3400系電車を「流線」と呼称した。また鉄道愛好家からは主に「いもむし」の愛称で呼称された。

以下、本項においては3400系電車を「本系列」と記述し、また編成単位の説明に際しては制御電動車モ3400形の車両番号をもって編成呼称とする(例:モ3401-ク2401の2両で組成された編成であれば「3401編成」)。",名鉄3400系電車が導入されたのは何年なのか和暦で答えなさい。,昭和12年,Syntactic variation
498,178,名鉄3400系電車,"名鉄3400系電車(めいてつ3400けいでんしゃ)は、名古屋鉄道(名鉄)が主に優等列車運用に供する目的で1937年(昭和12年)に導入した電車である。名鉄の直流1,500V電化路線において運用された吊り掛け駆動車各形式のうち、間接自動進段制御器を搭載するAL車に属する。

先頭車の前頭部を流線形状として、前面から側面にかけての車体下部全周をスカートと称する下部覆い板にて覆った外観を特徴とし、名鉄社内においては3400系電車を「流線」と呼称した。また鉄道愛好家からは主に「いもむし」の愛称で呼称された。

以下、本項においては3400系電車を「本系列」と記述し、また編成単位の説明に際しては制御電動車モ3400形の車両番号をもって編成呼称とする(例:モ3401-ク2401の2両で組成された編成であれば「3401編成」)。",名鉄3400系電車の先頭車の前頭部の形態は?,流線形状,Multiple sentence reasoning
499,178,名鉄3400系電車,"名鉄3400系電車(めいてつ3400けいでんしゃ)は、名古屋鉄道(名鉄)が主に優等列車運用に供する目的で1937年(昭和12年)に導入した電車である。名鉄の直流1,500V電化路線において運用された吊り掛け駆動車各形式のうち、間接自動進段制御器を搭載するAL車に属する。

先頭車の前頭部を流線形状として、前面から側面にかけての車体下部全周をスカートと称する下部覆い板にて覆った外観を特徴とし、名鉄社内においては3400系電車を「流線」と呼称した。また鉄道愛好家からは主に「いもむし」の愛称で呼称された。

以下、本項においては3400系電車を「本系列」と記述し、また編成単位の説明に際しては制御電動車モ3400形の車両番号をもって編成呼称とする(例:モ3401-ク2401の2両で組成された編成であれば「3401編成」)。",名鉄社内での3400系電車の呼称は?,「流線」,Syntactic variation
500,179,名鉄3400系電車,愛知電気鉄道(愛電)と名岐鉄道(名岐)の対等合併によって成立した現・名古屋鉄道(名鉄)における、合併後初の新型車両として、1937年(昭和12年)3月に制御電動車モ3400形と制御車ク2400形によって組成される2両編成3本・計6両が落成した。当時は国鉄EF55形電気機関車・国鉄52系電車・国鉄キハ43000形気動車などに代表される、前面形状を流線形とした車両設計が流行しており、本系列もそれを取り入れる形で設計され、旧愛電由来の各路線、通称「東部線」へ導入された。また同時期には旧名岐由来の各路線、通称「西部線」向けの新型流線形車両として850系が導入され、東部線・西部線にそれぞれ流線形車両が導入される形となった。,名古屋鉄道は名岐鉄道とどこの合併によって成立しましたか?,愛知電気鉄道,Syntactic variation
501,179,名鉄3400系電車,愛知電気鉄道(愛電)と名岐鉄道(名岐)の対等合併によって成立した現・名古屋鉄道(名鉄)における、合併後初の新型車両として、1937年(昭和12年)3月に制御電動車モ3400形と制御車ク2400形によって組成される2両編成3本・計6両が落成した。当時は国鉄EF55形電気機関車・国鉄52系電車・国鉄キハ43000形気動車などに代表される、前面形状を流線形とした車両設計が流行しており、本系列もそれを取り入れる形で設計され、旧愛電由来の各路線、通称「東部線」へ導入された。また同時期には旧名岐由来の各路線、通称「西部線」向けの新型流線形車両として850系が導入され、東部線・西部線にそれぞれ流線形車両が導入される形となった。,名岐鉄道由来の各路線に配置された車両は何ですか?,850系,Multiple sentence reasoning
502,180,名鉄3400系電車,"ただし、旧名岐出身の設計陣が担当した西部線用の850系が名岐鉄道当時に新製されたモ800形の設計を踏襲しつつ、前面形状を本系列と同じく流線形に改めたのみの保守的な設計を採用したのに対して、旧愛電出身の設計陣が担当した東部線用の本系列は車体・主要機器とも完全新規設計され、高速運転に対応した歯車比設定による高回転型主電動機の採用、回生制動を用いた定速制御機能の実装や、車内座席を全席転換クロスシート仕様とするなど、名鉄においては初採用となる数々の新機軸が取り入れられた。

落成当初は2両編成で就役したが、太平洋戦争終戦後の1948年(昭和23年)に東部線・西部線の架線電圧統一が完成し東西直通運転が開始され、それに伴って幹線系統の優等列車運用が4両編成を基本とする形態に改められたことを受け、1950年(昭和25年)と1953年(昭和28年)の二度にわたって中間電動車モ3450形および付随車サ2450形を1両ずつ編成内に組み込み、全編成とも4両編成となった。その途上、回生制動および定速制御機能の撤去などが施工され、他のAL車各形式と性能が統一された。",全編成とも3両編成となった年は何年ですか?,1950年,Logical reasoning
503,180,名鉄3400系電車,"ただし、旧名岐出身の設計陣が担当した西部線用の850系が名岐鉄道当時に新製されたモ800形の設計を踏襲しつつ、前面形状を本系列と同じく流線形に改めたのみの保守的な設計を採用したのに対して、旧愛電出身の設計陣が担当した東部線用の本系列は車体・主要機器とも完全新規設計され、高速運転に対応した歯車比設定による高回転型主電動機の採用、回生制動を用いた定速制御機能の実装や、車内座席を全席転換クロスシート仕様とするなど、名鉄においては初採用となる数々の新機軸が取り入れられた。

落成当初は2両編成で就役したが、太平洋戦争終戦後の1948年(昭和23年)に東部線・西部線の架線電圧統一が完成し東西直通運転が開始され、それに伴って幹線系統の優等列車運用が4両編成を基本とする形態に改められたことを受け、1950年(昭和25年)と1953年(昭和28年)の二度にわたって中間電動車モ3450形および付随車サ2450形を1両ずつ編成内に組み込み、全編成とも4両編成となった。その途上、回生制動および定速制御機能の撤去などが施工され、他のAL車各形式と性能が統一された。",中間電動車モ3450形および付随車サ2450形が組み込まれる前は何両編成だったか?,2両編成,Syntactic variation
504,181,名鉄3400系電車,1967年(昭和42年)より重整備工事と称する車体修繕工事が施工され、外観に大きな変化が生じたものの、特徴ある前頭部の流線形状や車体下部のスカートはそのままとされた。その後は長年にわたり幹線系統を中心に運用されたのち、1988年(昭和63年)に2編成が廃車となった。残る1編成については、名鉄の会社発展の象徴的存在との本系列の位置付けから、中間車2両を編成より外して落成当初と同じく2両編成化の上、動態保存車両として運用を継続した。同編成はのちに車体塗装を落成当初の塗り分けに復元し、さらに冷房装置を搭載するなど各種改造を経て、2002年(平成14年)まで運用された。,重整備工事がなされたのは何年?,1967年,Syntactic variation
505,181,名鉄3400系電車,1967年(昭和42年)より重整備工事と称する車体修繕工事が施工され、外観に大きな変化が生じたものの、特徴ある前頭部の流線形状や車体下部のスカートはそのままとされた。その後は長年にわたり幹線系統を中心に運用されたのち、1988年(昭和63年)に2編成が廃車となった。残る1編成については、名鉄の会社発展の象徴的存在との本系列の位置付けから、中間車2両を編成より外して落成当初と同じく2両編成化の上、動態保存車両として運用を継続した。同編成はのちに車体塗装を落成当初の塗り分けに復元し、さらに冷房装置を搭載するなど各種改造を経て、2002年(平成14年)まで運用された。,1967年の車体修繕工事で変化がなかった部分は車体下部のスカート以外どこがありますか?,前頭部の流線形状,Lexical variation (world knowledge)
506,182,名鉄3400系電車,"現・名古屋鉄道(名鉄)は、神宮前を拠点駅として名古屋以東に多くの路線を保有していた愛知電気鉄道(愛電)と、押切町を拠点駅として津島・岐阜・犬山方面へ路線を延ばしていた名岐鉄道(名岐)が1935年(昭和10年)8月に合併して成立した事業者である。ただし、押切町と神宮前の間は線路が繋がっておらず、また架線電圧も旧愛電由来の各路線(東部線)の大部分が直流1,500Vであったのに対して、旧名岐由来の各路線(西部線)は全線直流600Vと異なっていた。そのため現・名鉄発足後も、列車の運行および車両の管理については、東部線を管轄する旧愛電由来の部署と西部線を管轄する旧名岐由来の部署という別組織によって行われた。",愛知電気鉄道と名岐鉄道が合併して成立した事業者は?,名古屋鉄道,Syntactic variation
507,182,名鉄3400系電車,"現・名古屋鉄道(名鉄)は、神宮前を拠点駅として名古屋以東に多くの路線を保有していた愛知電気鉄道(愛電)と、押切町を拠点駅として津島・岐阜・犬山方面へ路線を延ばしていた名岐鉄道(名岐)が1935年(昭和10年)8月に合併して成立した事業者である。ただし、押切町と神宮前の間は線路が繋がっておらず、また架線電圧も旧愛電由来の各路線(東部線)の大部分が直流1,500Vであったのに対して、旧名岐由来の各路線(西部線)は全線直流600Vと異なっていた。そのため現・名鉄発足後も、列車の運行および車両の管理については、東部線を管轄する旧愛電由来の部署と西部線を管轄する旧名岐由来の部署という別組織によって行われた。",1935年当時、東部線と西部線の架線電圧を比較して、高いのはどっち?,東部線,Logical reasoning
508,183,名鉄3400系電車,"同時期には名古屋市において汎太平洋平和博覧会が1937年(昭和12年)3月に開催されることが決定し、多くの来場者によって大幅な利用者増が見込まれたことから、名鉄は東部線・西部線の両路線区について車両増備による輸送力増強を計画した。1936年(昭和11年)6月に作成された決裁書「車輌製作ノ件伺」によると、輸送力増強目的のほか、鉄道省路線との競争関係を踏まえ、会期前の翌1937年(昭和12年)2月までに新型車両を導入し、旅客誘致を図る計画であったことが明らかとなっている。

同決裁書にて取り上げられた新型車両は、前記事情から東部線向けの新製車両については旧愛電出身の設計陣が、西部線向けの新製車両については旧名岐出身の設計陣がそれぞれ開発を担当した。旧名岐の設計陣が担当した850系は従来車モ800形の設計を踏襲したのに対して、旧愛電の設計陣が担当した本系列は従来車の設計に囚われない完全新規設計が採用され、両系列の設計思想は大きく異なるものとなった。この設計思想の差異については、保守的体質を特徴とする地元名古屋資本による名岐鉄道を出自とする設計陣と、電力会社系資本で新機軸を取り入れることに非常に意欲的であった愛知電気鉄道を出自とする設計陣との体質の違いに起因することが示唆されている。",昭和12年3月に名古屋市開催されたイベントは何ですか?,汎太平洋平和博覧会,Syntactic variation
509,183,名鉄3400系電車,"同時期には名古屋市において汎太平洋平和博覧会が1937年(昭和12年)3月に開催されることが決定し、多くの来場者によって大幅な利用者増が見込まれたことから、名鉄は東部線・西部線の両路線区について車両増備による輸送力増強を計画した。1936年(昭和11年)6月に作成された決裁書「車輌製作ノ件伺」によると、輸送力増強目的のほか、鉄道省路線との競争関係を踏まえ、会期前の翌1937年(昭和12年)2月までに新型車両を導入し、旅客誘致を図る計画であったことが明らかとなっている。

同決裁書にて取り上げられた新型車両は、前記事情から東部線向けの新製車両については旧愛電出身の設計陣が、西部線向けの新製車両については旧名岐出身の設計陣がそれぞれ開発を担当した。旧名岐の設計陣が担当した850系は従来車モ800形の設計を踏襲したのに対して、旧愛電の設計陣が担当した本系列は従来車の設計に囚われない完全新規設計が採用され、両系列の設計思想は大きく異なるものとなった。この設計思想の差異については、保守的体質を特徴とする地元名古屋資本による名岐鉄道を出自とする設計陣と、電力会社系資本で新機軸を取り入れることに非常に意欲的であった愛知電気鉄道を出自とする設計陣との体質の違いに起因することが示唆されている。",車両増備による輸送力増強の計画が記されている決裁書は?,「車輌製作ノ件伺」,Multiple sentence reasoning
510,183,名鉄3400系電車,"同時期には名古屋市において汎太平洋平和博覧会が1937年(昭和12年)3月に開催されることが決定し、多くの来場者によって大幅な利用者増が見込まれたことから、名鉄は東部線・西部線の両路線区について車両増備による輸送力増強を計画した。1936年(昭和11年)6月に作成された決裁書「車輌製作ノ件伺」によると、輸送力増強目的のほか、鉄道省路線との競争関係を踏まえ、会期前の翌1937年(昭和12年)2月までに新型車両を導入し、旅客誘致を図る計画であったことが明らかとなっている。

同決裁書にて取り上げられた新型車両は、前記事情から東部線向けの新製車両については旧愛電出身の設計陣が、西部線向けの新製車両については旧名岐出身の設計陣がそれぞれ開発を担当した。旧名岐の設計陣が担当した850系は従来車モ800形の設計を踏襲したのに対して、旧愛電の設計陣が担当した本系列は従来車の設計に囚われない完全新規設計が採用され、両系列の設計思想は大きく異なるものとなった。この設計思想の差異については、保守的体質を特徴とする地元名古屋資本による名岐鉄道を出自とする設計陣と、電力会社系資本で新機軸を取り入れることに非常に意欲的であった愛知電気鉄道を出自とする設計陣との体質の違いに起因することが示唆されている。",車両増備による輸送力増強と新型車両を導入について書かれている決裁書は何年に作成されたか和暦で答えて。,昭和11年,Multiple sentence reasoning
511,184,名鉄3400系電車,"また、前記決裁書においては、東部線向け新型車両2両編成3本について、当時の流行を反映して前頭部を流線形状とし、さらに連接構造を採用した「流線形連接車」として予算を計上しており、本系列は2車体3台車構造の連接車として計画されていたことが明らかとなっている。連接構造の採用は製造発注先の日本車輌製造本店からの提案であったと伝わり、同社は本系列の受注に先立つ1934年(昭和9年)に、京阪電気鉄道向けに日本の鉄道車両史上初の連接車として設計・製造された60型電車「びわこ号」を納入していたことから、その実績をもって名鉄側に提案したものとされる。また、本系列をはじめとした日本国内のみならず世界的に大流行した鉄道車両における流線形デザインの祖であるドイツの電気式気動車「フリーゲンダー・ハンブルガー」が連接構造を採用していたことに影響を受けたともされる。

連接構造の採用による長所としては、一編成あたりの台車数の削減による製造コストおよび保守コスト削減などが挙げられ、設計担当者より連接構造の採用を強く推奨された。しかし、本格的な高速鉄道向けの鉄道車両における連接構造の採用は当時の日本国内においては前例がなく、本系列を連接車として設計することについて担当部署の上長より慎重な見解が示されたことも記録されている。",「びわこ号」と本系列の中で、後に作られた物はどれ?,本系列,Lexical variation (world knowledge)
512,184,名鉄3400系電車,"また、前記決裁書においては、東部線向け新型車両2両編成3本について、当時の流行を反映して前頭部を流線形状とし、さらに連接構造を採用した「流線形連接車」として予算を計上しており、本系列は2車体3台車構造の連接車として計画されていたことが明らかとなっている。連接構造の採用は製造発注先の日本車輌製造本店からの提案であったと伝わり、同社は本系列の受注に先立つ1934年(昭和9年)に、京阪電気鉄道向けに日本の鉄道車両史上初の連接車として設計・製造された60型電車「びわこ号」を納入していたことから、その実績をもって名鉄側に提案したものとされる。また、本系列をはじめとした日本国内のみならず世界的に大流行した鉄道車両における流線形デザインの祖であるドイツの電気式気動車「フリーゲンダー・ハンブルガー」が連接構造を採用していたことに影響を受けたともされる。

連接構造の採用による長所としては、一編成あたりの台車数の削減による製造コストおよび保守コスト削減などが挙げられ、設計担当者より連接構造の採用を強く推奨された。しかし、本格的な高速鉄道向けの鉄道車両における連接構造の採用は当時の日本国内においては前例がなく、本系列を連接車として設計することについて担当部署の上長より慎重な見解が示されたことも記録されている。",本系列と「びわこ号」を製作した会社は何ですか?,日本車輌製造本店,Syntactic variation
513,184,名鉄3400系電車,"また、前記決裁書においては、東部線向け新型車両2両編成3本について、当時の流行を反映して前頭部を流線形状とし、さらに連接構造を採用した「流線形連接車」として予算を計上しており、本系列は2車体3台車構造の連接車として計画されていたことが明らかとなっている。連接構造の採用は製造発注先の日本車輌製造本店からの提案であったと伝わり、同社は本系列の受注に先立つ1934年(昭和9年)に、京阪電気鉄道向けに日本の鉄道車両史上初の連接車として設計・製造された60型電車「びわこ号」を納入していたことから、その実績をもって名鉄側に提案したものとされる。また、本系列をはじめとした日本国内のみならず世界的に大流行した鉄道車両における流線形デザインの祖であるドイツの電気式気動車「フリーゲンダー・ハンブルガー」が連接構造を採用していたことに影響を受けたともされる。

連接構造の採用による長所としては、一編成あたりの台車数の削減による製造コストおよび保守コスト削減などが挙げられ、設計担当者より連接構造の採用を強く推奨された。しかし、本格的な高速鉄道向けの鉄道車両における連接構造の採用は当時の日本国内においては前例がなく、本系列を連接車として設計することについて担当部署の上長より慎重な見解が示されたことも記録されている。",本系列の製作に置いて、設計担当者から強く勧められたが、高速鉄道向けの鉄道車両における前例がない事を理由に担当部署の上長より慎重な見解が示されたというその構造とは?,連接構造,Multiple sentence reasoning
514,185,名鉄3400系電車,"結局、一編成あたりの台車数が減少することによって車輪1軸あたりの軸重が過大となることなどを理由として連接構造の採用は見送られた。本系列は一般的な2軸ボギー構造による車両として設計が進められ、1936年(昭和11年)7月26日付で設計図面「見-2-ハ-4066」が日本車輌製造本店において作成され、最終仕様が決定した。

発注時の1両あたりの単価はモ3400形が56,000円、ク2400形が32,000円で、財源として1936年(昭和11年)11月発行の新株払込金が充当された。なお、850系の発注時単価はモ850形が45,000円、ク2350形が24,900円であり、本系列の単価は850系と比較して約2割高額であった。

翌1937年(昭和12年)3月16日付で3401編成(モ3401-ク2401)・3402編成(モ3402-ク2402)・3403編成(モ3403-ク2403)の2両編成3本が竣功し、翌17日の公式試運転を経て、営業運転に就役した。

上記経緯により落成した本系列は、前述の通り現・名鉄発足後初の新規設計車両であり、元名鉄社員で鉄道研究家の清水武は、本系列の設計経緯について「(本系列を)新生名鉄のシンボルカーにしようとする関係者の意欲が込められていたに違いない」と評したほか、後年の名鉄社内において本系列は「名岐と愛電の良い部分を集大成した高性能車」と評された。",本系列の最終仕様が決定されたのは何年ですか?,1936年,Syntactic variation
515,185,名鉄3400系電車,"結局、一編成あたりの台車数が減少することによって車輪1軸あたりの軸重が過大となることなどを理由として連接構造の採用は見送られた。本系列は一般的な2軸ボギー構造による車両として設計が進められ、1936年(昭和11年)7月26日付で設計図面「見-2-ハ-4066」が日本車輌製造本店において作成され、最終仕様が決定した。

発注時の1両あたりの単価はモ3400形が56,000円、ク2400形が32,000円で、財源として1936年(昭和11年)11月発行の新株払込金が充当された。なお、850系の発注時単価はモ850形が45,000円、ク2350形が24,900円であり、本系列の単価は850系と比較して約2割高額であった。

翌1937年(昭和12年)3月16日付で3401編成(モ3401-ク2401)・3402編成(モ3402-ク2402)・3403編成(モ3403-ク2403)の2両編成3本が竣功し、翌17日の公式試運転を経て、営業運転に就役した。

上記経緯により落成した本系列は、前述の通り現・名鉄発足後初の新規設計車両であり、元名鉄社員で鉄道研究家の清水武は、本系列の設計経緯について「(本系列を)新生名鉄のシンボルカーにしようとする関係者の意欲が込められていたに違いない」と評したほか、後年の名鉄社内において本系列は「名岐と愛電の良い部分を集大成した高性能車」と評された。",発注時の1両あたりの単価を形態別に比較したところ、一番安い値段の車両は本系列と850系のうちどっちに含まれますか?,850系,Logical reasoning
516,186,名鉄3400系電車,"前頭部を流線形状とした、完全新規設計による車体長18,250mm・車体幅2,700mm(全長19,000mm・全幅2,740mm)の半鋼製車体を備える。外板は溶接構造の全面採用によってリベットを廃し、窓上の補強帯であるウィンドウヘッダーが露出しない構造としたほか、幕板部から屋根部にかけての外板を連続処理した張り上げ屋根構造を採用する。ただし、側面については幕板と屋根板の接合部付近に水切りが設置されている。車体下部は前面から側面にかけて、曲面形状(曲率1,300R)の下部スカートによって完全に覆われている。スカート下端部は軌条面から350mmとし、台車部分のみ上方へ切り欠かれている。

台車心皿中心間隔は12,000mmと東部線用のモ3300形や西部線用のモ800形などに準じているが、側窓幅は800mmとし、モ3300形(710mm)ともモ800形(740mm)とも異なる。ただし、乗務員扉と直後の客用扉の間に配置された2枚の側窓のみ、車体寸法上の制約から600mm幅に縮小されている。また前頭部を流線形状とした都合上、台車心皿中心から妻面までの寸法(オーバーハング)は連結面側が2,850mmであるのに対して、先頭側は3,400mmと550mm延長された前後非対称構造となっている。",溶接構造のせいで、外板からいなくなったのは何だ?,リベット,Lexical variation (synonymy)
517,186,名鉄3400系電車,"前頭部を流線形状とした、完全新規設計による車体長18,250mm・車体幅2,700mm(全長19,000mm・全幅2,740mm)の半鋼製車体を備える。外板は溶接構造の全面採用によってリベットを廃し、窓上の補強帯であるウィンドウヘッダーが露出しない構造としたほか、幕板部から屋根部にかけての外板を連続処理した張り上げ屋根構造を採用する。ただし、側面については幕板と屋根板の接合部付近に水切りが設置されている。車体下部は前面から側面にかけて、曲面形状(曲率1,300R)の下部スカートによって完全に覆われている。スカート下端部は軌条面から350mmとし、台車部分のみ上方へ切り欠かれている。

台車心皿中心間隔は12,000mmと東部線用のモ3300形や西部線用のモ800形などに準じているが、側窓幅は800mmとし、モ3300形(710mm)ともモ800形(740mm)とも異なる。ただし、乗務員扉と直後の客用扉の間に配置された2枚の側窓のみ、車体寸法上の制約から600mm幅に縮小されている。また前頭部を流線形状とした都合上、台車心皿中心から妻面までの寸法(オーバーハング)は連結面側が2,850mmであるのに対して、先頭側は3,400mmと550mm延長された前後非対称構造となっている。",車両のスカート下端部から軌条面までの距離は?,350mm,Lexical variation (world knowledge)
518,186,名鉄3400系電車,"前頭部を流線形状とした、完全新規設計による車体長18,250mm・車体幅2,700mm(全長19,000mm・全幅2,740mm)の半鋼製車体を備える。外板は溶接構造の全面採用によってリベットを廃し、窓上の補強帯であるウィンドウヘッダーが露出しない構造としたほか、幕板部から屋根部にかけての外板を連続処理した張り上げ屋根構造を採用する。ただし、側面については幕板と屋根板の接合部付近に水切りが設置されている。車体下部は前面から側面にかけて、曲面形状(曲率1,300R)の下部スカートによって完全に覆われている。スカート下端部は軌条面から350mmとし、台車部分のみ上方へ切り欠かれている。

台車心皿中心間隔は12,000mmと東部線用のモ3300形や西部線用のモ800形などに準じているが、側窓幅は800mmとし、モ3300形(710mm)ともモ800形(740mm)とも異なる。ただし、乗務員扉と直後の客用扉の間に配置された2枚の側窓のみ、車体寸法上の制約から600mm幅に縮小されている。また前頭部を流線形状とした都合上、台車心皿中心から妻面までの寸法(オーバーハング)は連結面側が2,850mmであるのに対して、先頭側は3,400mmと550mm延長された前後非対称構造となっている。",先頭側のオーバーハングが前後非対称構造となっちまった原因は何ですか?,流線形状,Syntactic variation
519,187,名鉄3400系電車,流線形の前頭部は、側面の乗務員扉付近から前端部にかけて前後方向に滑らかな半円を描き、後退角は前面窓付近で床面に対して約70度とし、腰板下部で縦方向の曲線を描きつつ緩やかに垂直となる形状である。前面に配された3枚の前面窓はいずれも車体曲面に合わせた曲面ガラスを採用して外観の一体性を高めているほか、妻面からの曲面上に位置している乗務員扉の窓についても曲面ガラスを採用する。また、3枚の前面窓のうち両端の2枚の窓上には横格子のルーバー状の通風器開口部を設けている。前照灯は白熱灯式のものを1灯、前面屋根部中央に埋込形のケースを介して設置し、また後部標識灯は前面向かって左下の腰板下部に砲弾型の灯具を1灯、車体より水平方向に突き出した支持腕へ取り付ける形で設置する。,前面に配された前面窓ガラスの形態は?,曲面ガラス,Syntactic variation
520,187,名鉄3400系電車,流線形の前頭部は、側面の乗務員扉付近から前端部にかけて前後方向に滑らかな半円を描き、後退角は前面窓付近で床面に対して約70度とし、腰板下部で縦方向の曲線を描きつつ緩やかに垂直となる形状である。前面に配された3枚の前面窓はいずれも車体曲面に合わせた曲面ガラスを採用して外観の一体性を高めているほか、妻面からの曲面上に位置している乗務員扉の窓についても曲面ガラスを採用する。また、3枚の前面窓のうち両端の2枚の窓上には横格子のルーバー状の通風器開口部を設けている。前照灯は白熱灯式のものを1灯、前面屋根部中央に埋込形のケースを介して設置し、また後部標識灯は前面向かって左下の腰板下部に砲弾型の灯具を1灯、車体より水平方向に突き出した支持腕へ取り付ける形で設置する。,前面に配された3枚の前面窓ガラス以外に曲面ガラスを採用しているのはどこですか?,乗務員扉の窓,Syntactic variation
521,187,名鉄3400系電車,流線形の前頭部は、側面の乗務員扉付近から前端部にかけて前後方向に滑らかな半円を描き、後退角は前面窓付近で床面に対して約70度とし、腰板下部で縦方向の曲線を描きつつ緩やかに垂直となる形状である。前面に配された3枚の前面窓はいずれも車体曲面に合わせた曲面ガラスを採用して外観の一体性を高めているほか、妻面からの曲面上に位置している乗務員扉の窓についても曲面ガラスを採用する。また、3枚の前面窓のうち両端の2枚の窓上には横格子のルーバー状の通風器開口部を設けている。前照灯は白熱灯式のものを1灯、前面屋根部中央に埋込形のケースを介して設置し、また後部標識灯は前面向かって左下の腰板下部に砲弾型の灯具を1灯、車体より水平方向に突き出した支持腕へ取り付ける形で設置する。,横格子のルーバー状の通風器開口部を設けている前面の曲面ガラスは何枚ですか?,2枚,Syntactic variation
522,188,名鉄3400系電車,"側面には乗務員扉および開口幅1,200mmの片開客用扉、800mm幅(一部600mm幅)の側窓をそれぞれ配置し、客用扉両脇の吹寄柱幅は300mm、窓間柱幅は100mmである。側窓は一段上昇式の1枚窓で窓枠上隅部を曲線形状に処理し、客用扉の上辺もアーチ状に曲線形状を描く特徴的な形態とされている。客用扉は戸閉装置(ドアエンジン)を備える自動扉仕様である。また、客用扉の下部には内蔵型の乗降用ステップが設置され、客用扉下端部が車体裾部まで引き下げられている。側面窓配置はd2D9D3(d:乗務員扉、D:客用扉、各数値は側窓の枚数)で、モ3400形・ク2400形とも同一である。

連結面は屋根部を含めて平坦な切妻形状とし、妻面には引扉式の貫通扉を併設した700mm幅の貫通路を備え、その左右に500mm幅の妻面窓を設置する。モ3400形・ク2400形の両車は車体断面と同一形状の大型貫通幌によって結合されており、編成としての一体感を演出している。また、この大型貫通幌は本系列が連接車として設計されていた当時の名残であるともされる。

屋根上にはガーランド形ベンチレーター(通風器)を1両あたり6基、中央部に一列配置する。",ク2400形で9枚の側窓が配置されているのはどこですか?,客用扉,Lexical variation (world knowledge)
523,188,名鉄3400系電車,"側面には乗務員扉および開口幅1,200mmの片開客用扉、800mm幅(一部600mm幅)の側窓をそれぞれ配置し、客用扉両脇の吹寄柱幅は300mm、窓間柱幅は100mmである。側窓は一段上昇式の1枚窓で窓枠上隅部を曲線形状に処理し、客用扉の上辺もアーチ状に曲線形状を描く特徴的な形態とされている。客用扉は戸閉装置(ドアエンジン)を備える自動扉仕様である。また、客用扉の下部には内蔵型の乗降用ステップが設置され、客用扉下端部が車体裾部まで引き下げられている。側面窓配置はd2D9D3(d:乗務員扉、D:客用扉、各数値は側窓の枚数)で、モ3400形・ク2400形とも同一である。

連結面は屋根部を含めて平坦な切妻形状とし、妻面には引扉式の貫通扉を併設した700mm幅の貫通路を備え、その左右に500mm幅の妻面窓を設置する。モ3400形・ク2400形の両車は車体断面と同一形状の大型貫通幌によって結合されており、編成としての一体感を演出している。また、この大型貫通幌は本系列が連接車として設計されていた当時の名残であるともされる。

屋根上にはガーランド形ベンチレーター(通風器)を1両あたり6基、中央部に一列配置する。",モ3400形で一番低い数の側窓が配置されているのはどのパートですか?,乗務員扉,Logical reasoning
524,188,名鉄3400系電車,"側面には乗務員扉および開口幅1,200mmの片開客用扉、800mm幅(一部600mm幅)の側窓をそれぞれ配置し、客用扉両脇の吹寄柱幅は300mm、窓間柱幅は100mmである。側窓は一段上昇式の1枚窓で窓枠上隅部を曲線形状に処理し、客用扉の上辺もアーチ状に曲線形状を描く特徴的な形態とされている。客用扉は戸閉装置(ドアエンジン)を備える自動扉仕様である。また、客用扉の下部には内蔵型の乗降用ステップが設置され、客用扉下端部が車体裾部まで引き下げられている。側面窓配置はd2D9D3(d:乗務員扉、D:客用扉、各数値は側窓の枚数)で、モ3400形・ク2400形とも同一である。

連結面は屋根部を含めて平坦な切妻形状とし、妻面には引扉式の貫通扉を併設した700mm幅の貫通路を備え、その左右に500mm幅の妻面窓を設置する。モ3400形・ク2400形の両車は車体断面と同一形状の大型貫通幌によって結合されており、編成としての一体感を演出している。また、この大型貫通幌は本系列が連接車として設計されていた当時の名残であるともされる。

屋根上にはガーランド形ベンチレーター(通風器)を1両あたり6基、中央部に一列配置する。",一つの車両につき通風器はどれくらい配置されていますか?,6基,Lexical variation (synonymy)
525,189,名鉄3400系電車,"車体塗装は下半分を濃緑色・上半分を灰色がかった淡緑色とした2色塗りとし、下部スカートが薄茶色、屋根が明灰色にそれぞれ塗り分けられた。当時の東部線に在籍する従来車各形式の車体塗装がマルーン1色塗装である中で、緑の濃淡塗装の本系列は非常に目立つ存在であったと評される。

その他、側面腰板部の切り出し文字による車両番号(車番)標記の書体は、名岐由来のローマン書体ではなく、愛電由来の字体の異なるボールド体のローマン書体とされた。これは本系列以降、愛電由来の東部線向けに導入された各形式における特徴の一つとして継承され、戦後に新製された3850系への採用を機に、名鉄の保有車両における車体標記の標準書体として名岐由来のローマン書体に代わって全車に普及した。",濃緑色で塗られた車体はどの部分ですか?,下半分,Lexical variation (synonymy)
526,189,名鉄3400系電車,"車体塗装は下半分を濃緑色・上半分を灰色がかった淡緑色とした2色塗りとし、下部スカートが薄茶色、屋根が明灰色にそれぞれ塗り分けられた。当時の東部線に在籍する従来車各形式の車体塗装がマルーン1色塗装である中で、緑の濃淡塗装の本系列は非常に目立つ存在であったと評される。

その他、側面腰板部の切り出し文字による車両番号(車番)標記の書体は、名岐由来のローマン書体ではなく、愛電由来の字体の異なるボールド体のローマン書体とされた。これは本系列以降、愛電由来の東部線向けに導入された各形式における特徴の一つとして継承され、戦後に新製された3850系への採用を機に、名鉄の保有車両における車体標記の標準書体として名岐由来のローマン書体に代わって全車に普及した。",本系列以前の車両の塗装はどのカラーが使われましたか?,マルーン,Lexical variation (synonymy)
527,189,名鉄3400系電車,"車体塗装は下半分を濃緑色・上半分を灰色がかった淡緑色とした2色塗りとし、下部スカートが薄茶色、屋根が明灰色にそれぞれ塗り分けられた。当時の東部線に在籍する従来車各形式の車体塗装がマルーン1色塗装である中で、緑の濃淡塗装の本系列は非常に目立つ存在であったと評される。

その他、側面腰板部の切り出し文字による車両番号(車番)標記の書体は、名岐由来のローマン書体ではなく、愛電由来の字体の異なるボールド体のローマン書体とされた。これは本系列以降、愛電由来の東部線向けに導入された各形式における特徴の一つとして継承され、戦後に新製された3850系への採用を機に、名鉄の保有車両における車体標記の標準書体として名岐由来のローマン書体に代わって全車に普及した。",本系列の車両番号標記の書体と名岐由来の書体との相違点は?,ボールド体,Lexical variation (world knowledge)
528,190,名鉄3400系電車,"座席は転換クロスシート仕様で、車端部や運転台後部も含めて全席ともクロスシートとされている。当時の電車は車内床部に主電動機用点検蓋を設置する都合上、名鉄においてもモ800形・モ3300形など本系列に先行して新製された電動車各形式については点検蓋周辺のみをロングシートとするセミクロスシート仕様とされていたが、本系列は主電動機点検蓋を車内通路幅に合わせた一列配置とすることにより、クロスシートと点検蓋との干渉を回避して全席をクロスシート仕様とすることを可能としている。座席表皮(シートモケット)は当時の鉄道省における二等車と同様に青色とした。

前面中央部に設置された運転台と、運転台より後部の客室スペースを区分する仕切り壁は、左右幅を前面中央窓の左右横幅と合わせ、高さは前面窓の下辺までとして、それより上をパイプによって仕切った開放的な構造を採用する。そのため、先頭寄り最前列の座席からは運転台越しながら前面展望が可能であった。

車内照明は白熱灯式で1両あたり7個設け、各灯には行灯をモチーフとした和風の照明カバーを設置する。また落成当初は、当時の鉄道省に在籍した優等列車用客車と同様に車内床部の通路に痰壺が設置されていたことが図面で明示されている。その他、座席上部の窓上に設置された荷棚や車内手すりなどは磨き出し仕上げを施した真鍮製とした。",本系列の全ての座席のタイプは?,クロスシート,Lexical variation (synonymy)
529,190,名鉄3400系電車,"座席は転換クロスシート仕様で、車端部や運転台後部も含めて全席ともクロスシートとされている。当時の電車は車内床部に主電動機用点検蓋を設置する都合上、名鉄においてもモ800形・モ3300形など本系列に先行して新製された電動車各形式については点検蓋周辺のみをロングシートとするセミクロスシート仕様とされていたが、本系列は主電動機点検蓋を車内通路幅に合わせた一列配置とすることにより、クロスシートと点検蓋との干渉を回避して全席をクロスシート仕様とすることを可能としている。座席表皮(シートモケット)は当時の鉄道省における二等車と同様に青色とした。

前面中央部に設置された運転台と、運転台より後部の客室スペースを区分する仕切り壁は、左右幅を前面中央窓の左右横幅と合わせ、高さは前面窓の下辺までとして、それより上をパイプによって仕切った開放的な構造を採用する。そのため、先頭寄り最前列の座席からは運転台越しながら前面展望が可能であった。

車内照明は白熱灯式で1両あたり7個設け、各灯には行灯をモチーフとした和風の照明カバーを設置する。また落成当初は、当時の鉄道省に在籍した優等列車用客車と同様に車内床部の通路に痰壺が設置されていたことが図面で明示されている。その他、座席上部の窓上に設置された荷棚や車内手すりなどは磨き出し仕上げを施した真鍮製とした。",本系列の荷棚と車内手すりはどの金属でできていますか?,真鍮,Lexical variation (world knowledge)
530,191,名鉄3400系電車,"従来の旧愛電由来の東部線系統に在籍する車両における標準仕様であったウェスティングハウス・エレクトリック社が開発した電空単位スイッチ式の間接手動進段制御器(HL制御器)ではなく、旧名岐由来の西部線系統に在籍する車両において標準仕様とされた電動カム軸式の間接自動進段制御器(AL制御器)を、東部線所属車両として初めて採用した。

モ3400形へ搭載された東洋電機製造ES-515-Aは、通常の直並列組合せによる抵抗制御、および弱め界磁制御のほか、電磁単位スイッチ式の他励界磁制御装置による回生制動および定速制御機能を有する。運転台に設置されたES-63-A主幹制御器(マスコン)の逆転器(レバーサ)を力行モードから回生制動モードに切り替え、マスコンのノッチを任意に選択することにより40km/hから100km/hの範囲で速度制御を行うもので、下り勾配区間において走行速度が指令速度を上回ると自動的に回生制動が動作し、上り勾配区間において走行速度が指令速度を下回ると自動的に力行に移行する。

なお、東洋電機製造が設計・開発した他励界磁制御による高速列車向けの回生制動機能は、本系列の新製に先立つ1935年(昭和10年)に阪和電気鉄道へ納入されたES-513-A制御装置によって実用化されており、当時日本国内で最速を記録した超特急列車など高速運転を行う車両における制輪子(ブレーキシュー)の摩耗減少に大きな効果をもたらしていた。本系列の回生制動機能は、東部線本宿付近をはじめとした連続勾配区間における抑速制動としての使用を想定して採用されたものである。また、当時の東洋電機製造の技術担当専務が名鉄の取締役の1人と懇意な間柄であったことが同機能の採用に関係しているとも指摘される。",旧愛電由来の東部線系統に在籍する車両における標準仕様は何ですか?,電空単位スイッチ式の間接手動進段制御器,Syntactic variation
531,191,名鉄3400系電車,"従来の旧愛電由来の東部線系統に在籍する車両における標準仕様であったウェスティングハウス・エレクトリック社が開発した電空単位スイッチ式の間接手動進段制御器(HL制御器)ではなく、旧名岐由来の西部線系統に在籍する車両において標準仕様とされた電動カム軸式の間接自動進段制御器(AL制御器)を、東部線所属車両として初めて採用した。

モ3400形へ搭載された東洋電機製造ES-515-Aは、通常の直並列組合せによる抵抗制御、および弱め界磁制御のほか、電磁単位スイッチ式の他励界磁制御装置による回生制動および定速制御機能を有する。運転台に設置されたES-63-A主幹制御器(マスコン)の逆転器(レバーサ)を力行モードから回生制動モードに切り替え、マスコンのノッチを任意に選択することにより40km/hから100km/hの範囲で速度制御を行うもので、下り勾配区間において走行速度が指令速度を上回ると自動的に回生制動が動作し、上り勾配区間において走行速度が指令速度を下回ると自動的に力行に移行する。

なお、東洋電機製造が設計・開発した他励界磁制御による高速列車向けの回生制動機能は、本系列の新製に先立つ1935年(昭和10年)に阪和電気鉄道へ納入されたES-513-A制御装置によって実用化されており、当時日本国内で最速を記録した超特急列車など高速運転を行う車両における制輪子(ブレーキシュー)の摩耗減少に大きな効果をもたらしていた。本系列の回生制動機能は、東部線本宿付近をはじめとした連続勾配区間における抑速制動としての使用を想定して採用されたものである。また、当時の東洋電機製造の技術担当専務が名鉄の取締役の1人と懇意な間柄であったことが同機能の採用に関係しているとも指摘される。",HL制御器を開発した会社の社名は?,ウェスティングハウス・エレクトリック社,Syntactic variation
532,191,名鉄3400系電車,"従来の旧愛電由来の東部線系統に在籍する車両における標準仕様であったウェスティングハウス・エレクトリック社が開発した電空単位スイッチ式の間接手動進段制御器(HL制御器)ではなく、旧名岐由来の西部線系統に在籍する車両において標準仕様とされた電動カム軸式の間接自動進段制御器(AL制御器)を、東部線所属車両として初めて採用した。

モ3400形へ搭載された東洋電機製造ES-515-Aは、通常の直並列組合せによる抵抗制御、および弱め界磁制御のほか、電磁単位スイッチ式の他励界磁制御装置による回生制動および定速制御機能を有する。運転台に設置されたES-63-A主幹制御器(マスコン)の逆転器(レバーサ)を力行モードから回生制動モードに切り替え、マスコンのノッチを任意に選択することにより40km/hから100km/hの範囲で速度制御を行うもので、下り勾配区間において走行速度が指令速度を上回ると自動的に回生制動が動作し、上り勾配区間において走行速度が指令速度を下回ると自動的に力行に移行する。

なお、東洋電機製造が設計・開発した他励界磁制御による高速列車向けの回生制動機能は、本系列の新製に先立つ1935年(昭和10年)に阪和電気鉄道へ納入されたES-513-A制御装置によって実用化されており、当時日本国内で最速を記録した超特急列車など高速運転を行う車両における制輪子(ブレーキシュー)の摩耗減少に大きな効果をもたらしていた。本系列の回生制動機能は、東部線本宿付近をはじめとした連続勾配区間における抑速制動としての使用を想定して採用されたものである。また、当時の東洋電機製造の技術担当専務が名鉄の取締役の1人と懇意な間柄であったことが同機能の採用に関係しているとも指摘される。",本系列の新製と高速列車向けの回生制動機能の実用化のうち、後の出来事だったのはどっちですか?,本系列の新製,Lexical variation (world knowledge)
533,192,名鉄3400系電車,"主電動機は東京芝浦電気(現・東芝)SE-139C直流直巻電動機を採用、モ3400形に1両あたり4基搭載する。SE-139Cは端子電圧750V時の1時間定格出力が112.5kWと標準的な特性を備えるが、定格回転数は1,188rpmと、モ800形に搭載された東洋電機製造TDK-528/5-Fと端子電圧750V環境下で同等の特性を持つ高速回転型の主電動機である。本系列への採用にあたっては歯車比を2.64(58:22)と、TDK-528/5-Fを搭載するモ800形の歯車比3.21(61:19)と比較して小さく設定、全界磁時定格速度は76km/h、60%弱め界磁時定格速度は96.2km/hに達し、設計最高速度120km/hの高速性能を有した。駆動方式は吊り掛け式である。",モ3400形に搭載されたSE-139C直流直巻電動機は、1両につき何機ですか?,4基,Syntactic variation
534,192,名鉄3400系電車,"主電動機は東京芝浦電気(現・東芝)SE-139C直流直巻電動機を採用、モ3400形に1両あたり4基搭載する。SE-139Cは端子電圧750V時の1時間定格出力が112.5kWと標準的な特性を備えるが、定格回転数は1,188rpmと、モ800形に搭載された東洋電機製造TDK-528/5-Fと端子電圧750V環境下で同等の特性を持つ高速回転型の主電動機である。本系列への採用にあたっては歯車比を2.64(58:22)と、TDK-528/5-Fを搭載するモ800形の歯車比3.21(61:19)と比較して小さく設定、全界磁時定格速度は76km/h、60%弱め界磁時定格速度は96.2km/hに達し、設計最高速度120km/hの高速性能を有した。駆動方式は吊り掛け式である。",本系列の設計最高速度はどれくらいですか?,120km/h,Syntactic variation
535,193,名鉄3400系電車,"台車は形鋼組立形の釣り合い梁式台車である日本車輌製造D16をモ3400形・ク2400形とも装着する。D16をはじめとする日本車輌製造製の形鋼組立形釣り合い梁式台車は、東部線および西部線に在籍する従来車各形式において既に採用実績があったものである。

本系列が装着するD16台車は、軸受に従来の平軸受(プレーンベアリング)に代えてスウェーデン・SKF社製のコロ軸受(ローラーベアリング)を採用した。また、従来車に装着された日本車輌製造製の形鋼組立形釣り合い梁式台車の固定軸間距離は2,134mm-2,200mmであったのに対して、本系列の装着するD16台車は固定軸間距離が2,300mmに延長された。さらに、軌条方向の軸箱寸法拡大、振動特性改善を目的とした枕ばね位置・ばね定数の変更、釣り合い梁の厚材化など、各部に改良が施されている。

制動装置は、アメリカのウェスティングハウス・エア・ブレーキ社(WABCO)の原設計に基づくM三動弁を用いた自動空気ブレーキを常用制動として採用、モ3400形の制動装置はAMM、ク2400形の制動装置はACMとそれぞれ呼称された。その他、両形式とも手用制動を併設する。",本系列が装着するD16台車の固定軸間距離は?,"2,300mm",Syntactic variation
536,193,名鉄3400系電車,"台車は形鋼組立形の釣り合い梁式台車である日本車輌製造D16をモ3400形・ク2400形とも装着する。D16をはじめとする日本車輌製造製の形鋼組立形釣り合い梁式台車は、東部線および西部線に在籍する従来車各形式において既に採用実績があったものである。

本系列が装着するD16台車は、軸受に従来の平軸受(プレーンベアリング)に代えてスウェーデン・SKF社製のコロ軸受(ローラーベアリング)を採用した。また、従来車に装着された日本車輌製造製の形鋼組立形釣り合い梁式台車の固定軸間距離は2,134mm-2,200mmであったのに対して、本系列の装着するD16台車は固定軸間距離が2,300mmに延長された。さらに、軌条方向の軸箱寸法拡大、振動特性改善を目的とした枕ばね位置・ばね定数の変更、釣り合い梁の厚材化など、各部に改良が施されている。

制動装置は、アメリカのウェスティングハウス・エア・ブレーキ社(WABCO)の原設計に基づくM三動弁を用いた自動空気ブレーキを常用制動として採用、モ3400形の制動装置はAMM、ク2400形の制動装置はACMとそれぞれ呼称された。その他、両形式とも手用制動を併設する。",本系列の制動装置のタイプは?,自動空気ブレーキ,Syntactic variation
537,193,名鉄3400系電車,"台車は形鋼組立形の釣り合い梁式台車である日本車輌製造D16をモ3400形・ク2400形とも装着する。D16をはじめとする日本車輌製造製の形鋼組立形釣り合い梁式台車は、東部線および西部線に在籍する従来車各形式において既に採用実績があったものである。

本系列が装着するD16台車は、軸受に従来の平軸受(プレーンベアリング)に代えてスウェーデン・SKF社製のコロ軸受(ローラーベアリング)を採用した。また、従来車に装着された日本車輌製造製の形鋼組立形釣り合い梁式台車の固定軸間距離は2,134mm-2,200mmであったのに対して、本系列の装着するD16台車は固定軸間距離が2,300mmに延長された。さらに、軌条方向の軸箱寸法拡大、振動特性改善を目的とした枕ばね位置・ばね定数の変更、釣り合い梁の厚材化など、各部に改良が施されている。

制動装置は、アメリカのウェスティングハウス・エア・ブレーキ社(WABCO)の原設計に基づくM三動弁を用いた自動空気ブレーキを常用制動として採用、モ3400形の制動装置はAMM、ク2400形の制動装置はACMとそれぞれ呼称された。その他、両形式とも手用制動を併設する。",本系列の制動装置が基づいたM三動弁の設計をした会社はどの国籍の会社ですか?,アメリカ,Lexical variation (world knowledge)
538,194,名鉄3400系電車,"電動カム軸式制御器搭載に伴う低圧電源供給を目的として、モ3400形に東洋電機製造TDK-311直流電動発電機(MG、定格出力3.2kW・直流100V)を1両あたり1基搭載する。東部線系統に在籍する従来車における標準仕様であったHL制御方式は、制御装置用電源を架線からの電力を抵抗器によって電圧降下させて用いるため電動発電機(MG)を必要とせず、本系列は東部線に在籍する車両として電動発電機を初めて採用した車両となった。また、モ3400形には制動装置の動作などに用いる空気圧供給元となる三菱電機DH-25電動空気圧縮機(CP、定格吐出量710L/min)を同じく1両あたり1基搭載する。

集電装置は回生制動の失効対策としてモ3400形のほかク2400形にも搭載、東洋電機製造PT-7菱形パンタグラフを屋根上先頭寄りに1両あたり1基搭載する。",東洋電機製造TDK-311直流電動発電機が搭載された目的は何ですか?,低圧電源供給,Syntactic variation
539,195,名鉄3400系電車,"連結器は、設計段階より本系列が他編成との併結運用を考慮していなかったことから、外観の一体性を高める目的で運転台側の連結器を構造の簡易な簡易連結器とし、不使用時は連結器を前面下部スカート内へ格納する構造を採用、設計認可申請を行った。しかし、簡易連結器の耐荷重は一般的な連結器と比較した場合大きく劣るため、非常時における他編成との連結運転用途にも不適であることを理由に管轄省庁から設計を見直すよう指摘され、これを受けて最終的には従来車と同様に並形自動連結器を採用した。落成当初は、前頭部には連結器のみを装着し、他編成との総括制御用のジャンパ栓およびブレーキ管などは一切省略されたが、後年非常時における他編成との連結運転を考慮して非常ブレーキ管のみ追加された。

一方、連結面側の連結器については、衝動軽減を目的として柴田式密着連結器を名鉄において初めて採用した。固定編成間の連結器を密着連結器として前後衝動を抑制する設計方針は、戦後に新製された優等列車用車両である3850系にも踏襲された。",本系列の連結器のタイプは?,並形自動連結器,Multiple sentence reasoning
540,195,名鉄3400系電車,"連結器は、設計段階より本系列が他編成との併結運用を考慮していなかったことから、外観の一体性を高める目的で運転台側の連結器を構造の簡易な簡易連結器とし、不使用時は連結器を前面下部スカート内へ格納する構造を採用、設計認可申請を行った。しかし、簡易連結器の耐荷重は一般的な連結器と比較した場合大きく劣るため、非常時における他編成との連結運転用途にも不適であることを理由に管轄省庁から設計を見直すよう指摘され、これを受けて最終的には従来車と同様に並形自動連結器を採用した。落成当初は、前頭部には連結器のみを装着し、他編成との総括制御用のジャンパ栓およびブレーキ管などは一切省略されたが、後年非常時における他編成との連結運転を考慮して非常ブレーキ管のみ追加された。

一方、連結面側の連結器については、衝動軽減を目的として柴田式密着連結器を名鉄において初めて採用した。固定編成間の連結器を密着連結器として前後衝動を抑制する設計方針は、戦後に新製された優等列車用車両である3850系にも踏襲された。",本系列が採用した連結面側の連結器は?,柴田式密着連結器,Syntactic variation
541,195,名鉄3400系電車,"連結器は、設計段階より本系列が他編成との併結運用を考慮していなかったことから、外観の一体性を高める目的で運転台側の連結器を構造の簡易な簡易連結器とし、不使用時は連結器を前面下部スカート内へ格納する構造を採用、設計認可申請を行った。しかし、簡易連結器の耐荷重は一般的な連結器と比較した場合大きく劣るため、非常時における他編成との連結運転用途にも不適であることを理由に管轄省庁から設計を見直すよう指摘され、これを受けて最終的には従来車と同様に並形自動連結器を採用した。落成当初は、前頭部には連結器のみを装着し、他編成との総括制御用のジャンパ栓およびブレーキ管などは一切省略されたが、後年非常時における他編成との連結運転を考慮して非常ブレーキ管のみ追加された。

一方、連結面側の連結器については、衝動軽減を目的として柴田式密着連結器を名鉄において初めて採用した。固定編成間の連結器を密着連結器として前後衝動を抑制する設計方針は、戦後に新製された優等列車用車両である3850系にも踏襲された。",本系列が柴田式密着連結器を採用した理由は?,衝動軽減,Lexical variation (synonymy)
542,196,名鉄3400系電車,"動態保存車両として犬山地区の各支線区における定期運用のほか、各種イベント列車運用に充当された3401編成であったが、経年による老朽化の進行と旧型の保守部品の調達が困難となりつつあったことに加えて、景気低迷の折から運行経費の確保が厳しくなったことなどを理由に、2001年(平成13年)10月1日のダイヤ改正をもって定期運用から離脱した。

定期運用離脱後の3401編成は、団体貸切列車など臨時列車運用にのみ充当されていたが、翌2002年(平成14年)7月に、同年8月31日をもって退役することが公式発表された。",3401編成が定期運用から離脱した年はいつですか?,2001年,Syntactic variation
543,196,名鉄3400系電車,"動態保存車両として犬山地区の各支線区における定期運用のほか、各種イベント列車運用に充当された3401編成であったが、経年による老朽化の進行と旧型の保守部品の調達が困難となりつつあったことに加えて、景気低迷の折から運行経費の確保が厳しくなったことなどを理由に、2001年(平成13年)10月1日のダイヤ改正をもって定期運用から離脱した。

定期運用離脱後の3401編成は、団体貸切列車など臨時列車運用にのみ充当されていたが、翌2002年(平成14年)7月に、同年8月31日をもって退役することが公式発表された。",3401編成が退役したのは何月ですか?,8月,Syntactic variation
544,197,名鉄3400系電車,"2002年(平成14年)8月には、退役を記念する特製ヘッドマーク「さよなら3400系」を掲出して、広見線および各務原線の定期運用に同月の土曜・日曜限定で充当された。さらに同年8月11日・14日・18日の計3日、3401編成を使用して犬山-伊奈-新鵜沼-新岐阜(各務原線)-犬山の行程で団体専用列車が運行され、各所で最高速度100km/hの高速走行が実施された。また、同年7月から9月にかけての夏休み期間中、「さよなら3400系スタンプラリー」と題して、本系列「3400系」にちなんで名鉄線内の計34駅に設置されたスタンプを収集するスタンプラリー企画が実施された。

運用最終日となった2002年(平成14年)8月31日は新可児駅にてさよならイベントが実施され、同日をもって全ての運用を終了した。その後3401編成は舞木検査場へ回送されたのち、同年9月30日付で除籍され、本系列は全廃となった。

廃車後はモ3401-ク2401の2両とも舞木検査場にて保管された。後年同2両が装着したFS36台車はえちぜん鉄道へ譲渡され、代わりに同社より本系列が当初装着したD16台車と類似した外観を有する形鋼組立形釣り合い梁式台車の汽車製造K-16を譲り受け、同2両へ装着した。その後、ク2401は解体処分のため2006年(平成18年)5月19日に名電築港駅へ回送され、翌日より解体作業が実施された。残るモ3401については、2013年(平成25年)4月現在、舞木検査場正門付近にて静態保存されており、舞木検査場の見学イベント「名鉄でんしゃまつり」などにおいて一般公開される。",「さよなら3400系スタンプラリー」は何年に開催しましたか?,2002年,Multiple sentence reasoning
545,197,名鉄3400系電車,"2002年(平成14年)8月には、退役を記念する特製ヘッドマーク「さよなら3400系」を掲出して、広見線および各務原線の定期運用に同月の土曜・日曜限定で充当された。さらに同年8月11日・14日・18日の計3日、3401編成を使用して犬山-伊奈-新鵜沼-新岐阜(各務原線)-犬山の行程で団体専用列車が運行され、各所で最高速度100km/hの高速走行が実施された。また、同年7月から9月にかけての夏休み期間中、「さよなら3400系スタンプラリー」と題して、本系列「3400系」にちなんで名鉄線内の計34駅に設置されたスタンプを収集するスタンプラリー企画が実施された。

運用最終日となった2002年(平成14年)8月31日は新可児駅にてさよならイベントが実施され、同日をもって全ての運用を終了した。その後3401編成は舞木検査場へ回送されたのち、同年9月30日付で除籍され、本系列は全廃となった。

廃車後はモ3401-ク2401の2両とも舞木検査場にて保管された。後年同2両が装着したFS36台車はえちぜん鉄道へ譲渡され、代わりに同社より本系列が当初装着したD16台車と類似した外観を有する形鋼組立形釣り合い梁式台車の汽車製造K-16を譲り受け、同2両へ装着した。その後、ク2401は解体処分のため2006年(平成18年)5月19日に名電築港駅へ回送され、翌日より解体作業が実施された。残るモ3401については、2013年(平成25年)4月現在、舞木検査場正門付近にて静態保存されており、舞木検査場の見学イベント「名鉄でんしゃまつり」などにおいて一般公開される。",2004年の時点でク2401はどこにありますか?,舞木検査場,Logical reasoning
546,198,帝国クライス,帝国クライス(ていこくクライス、ドイツ語:Reichskreis)とは、神聖ローマ帝国で16世紀に確立した統治システムである。帝国を複数の帝国等族を包含した10のクライスに分け、ラント平和(地域内の治安維持)にあたった。平和破壊活動(一揆、暴徒化した傭兵、諸侯の侵略行為など)の規模に応じ、隣接するクライスと共同でその平定にあたることもあった。,帝国クライスは、どの国の統治システムなの?,神聖ローマ帝国,Syntactic variation
547,198,帝国クライス,帝国クライス(ていこくクライス、ドイツ語:Reichskreis)とは、神聖ローマ帝国で16世紀に確立した統治システムである。帝国を複数の帝国等族を包含した10のクライスに分け、ラント平和(地域内の治安維持)にあたった。平和破壊活動(一揆、暴徒化した傭兵、諸侯の侵略行為など)の規模に応じ、隣接するクライスと共同でその平定にあたることもあった。,帝国クライスが確立されたのは、何世紀のことですか?,16世紀,Syntactic variation
548,198,帝国クライス,帝国クライス(ていこくクライス、ドイツ語:Reichskreis)とは、神聖ローマ帝国で16世紀に確立した統治システムである。帝国を複数の帝国等族を包含した10のクライスに分け、ラント平和(地域内の治安維持)にあたった。平和破壊活動(一揆、暴徒化した傭兵、諸侯の侵略行為など)の規模に応じ、隣接するクライスと共同でその平定にあたることもあった。,帝国クライスとの統治システムには、いくつのクライスが存在したか?,10,Lexical variation (world knowledge)
549,198,帝国クライス,帝国クライス(ていこくクライス、ドイツ語:Reichskreis)とは、神聖ローマ帝国で16世紀に確立した統治システムである。帝国を複数の帝国等族を包含した10のクライスに分け、ラント平和(地域内の治安維持)にあたった。平和破壊活動(一揆、暴徒化した傭兵、諸侯の侵略行為など)の規模に応じ、隣接するクライスと共同でその平定にあたることもあった。,神聖ローマ帝国で16世紀に確立した統治システムは、何と呼ぶか?,帝国クライス,Syntactic variation
550,199,帝国クライス,帝国クライスの治安維持活動により、弱小等族単独では対応が困難であった大規模な平和破壊活動に対処することが可能となり、いたずらな戦禍の拡大を防げるようになった。また、クライス会議を通じて地域行政の調整を行うことで、帝国の連邦的性格を決定づけた。帝国クライス制度は、いわゆる「アウクスブルクの宗教和議」で名高い1555年のアウクスブルク帝国議会で審議され、発令された帝国執行令で一応の完成を見た。,弱小等族単独が規模の大きい平和破壊活動に対応できるようになったのは、何のシステムの治安維持活動のおかげだったの?,帝国クライス,Lexical variation (world knowledge)
551,199,帝国クライス,帝国クライスの治安維持活動により、弱小等族単独では対応が困難であった大規模な平和破壊活動に対処することが可能となり、いたずらな戦禍の拡大を防げるようになった。また、クライス会議を通じて地域行政の調整を行うことで、帝国の連邦的性格を決定づけた。帝国クライス制度は、いわゆる「アウクスブルクの宗教和議」で名高い1555年のアウクスブルク帝国議会で審議され、発令された帝国執行令で一応の完成を見た。,アウクスブルクの宗教和議は、何年の帝国議会のことを呼ぶのか?,1555年,Lexical variation (world knowledge)
552,199,帝国クライス,帝国クライスの治安維持活動により、弱小等族単独では対応が困難であった大規模な平和破壊活動に対処することが可能となり、いたずらな戦禍の拡大を防げるようになった。また、クライス会議を通じて地域行政の調整を行うことで、帝国の連邦的性格を決定づけた。帝国クライス制度は、いわゆる「アウクスブルクの宗教和議」で名高い1555年のアウクスブルク帝国議会で審議され、発令された帝国執行令で一応の完成を見た。,帝国クライス制度が審議されたのは、何年の帝国議会でか?,1555年,Syntactic variation
553,200,帝国クライス,しかし帝国クライス制度は、帝国等族と皇帝の中間で機能するシステムであり、両者の力関係から、その位置づけは帝国執行令以前も以後も、時代と共に変遷している。たとえば防衛は、創設時にはその管轄外であったが、帝国末期には防衛も担うようになった。特にフランスに隣接する地域では、ハプスブルク家の私兵と化した帝国軍に代わってクライス軍が帝国防衛の主戦力となった。,帝国クライス制度は、帝国等族と誰の間で機能するシステムだったの?,皇帝,Syntactic variation
554,200,帝国クライス,しかし帝国クライス制度は、帝国等族と皇帝の中間で機能するシステムであり、両者の力関係から、その位置づけは帝国執行令以前も以後も、時代と共に変遷している。たとえば防衛は、創設時にはその管轄外であったが、帝国末期には防衛も担うようになった。特にフランスに隣接する地域では、ハプスブルク家の私兵と化した帝国軍に代わってクライス軍が帝国防衛の主戦力となった。,防衛が帝国クライス制度の管轄内には入ったのは、いつ頃のことですか?,帝国末期,Lexical variation (world knowledge)
555,200,帝国クライス,しかし帝国クライス制度は、帝国等族と皇帝の中間で機能するシステムであり、両者の力関係から、その位置づけは帝国執行令以前も以後も、時代と共に変遷している。たとえば防衛は、創設時にはその管轄外であったが、帝国末期には防衛も担うようになった。特にフランスに隣接する地域では、ハプスブルク家の私兵と化した帝国軍に代わってクライス軍が帝国防衛の主戦力となった。,帝国末期にフランスに隣接する地域の防衛を担当したのは、どの軍か?,クライス軍,Lexical variation (world knowledge)
556,200,帝国クライス,しかし帝国クライス制度は、帝国等族と皇帝の中間で機能するシステムであり、両者の力関係から、その位置づけは帝国執行令以前も以後も、時代と共に変遷している。たとえば防衛は、創設時にはその管轄外であったが、帝国末期には防衛も担うようになった。特にフランスに隣接する地域では、ハプスブルク家の私兵と化した帝国軍に代わってクライス軍が帝国防衛の主戦力となった。,クライス軍が創設されたのは、いつ頃のことだと予測できるか?,帝国末期,Logical reasoning
557,201,帝国クライス,いくつかの帝国等族を包含したブロックに帝国を分け、地域の治安維持に当たらせるという帝国クライス制度の発想は、皇帝ルドルフ1世の時代に遡る。1287年にルドルフは公共平和のために地域に基づき領邦をグループ化する試みを行っている。これは、大空位時代に政治的混乱から治安が悪化したことにより、自発的に生じた帝国等族間個別の盟約を帝国レベルで整備し直し、安定を図る試みであった。また、都市同盟を結び、帝国と独立した動きを示そうとした有力都市を牽制する意味もあった。,帝国クライス制度を初めて構想したのは、誰なの?,ルドルフ1世,Lexical variation (world knowledge)
558,201,帝国クライス,いくつかの帝国等族を包含したブロックに帝国を分け、地域の治安維持に当たらせるという帝国クライス制度の発想は、皇帝ルドルフ1世の時代に遡る。1287年にルドルフは公共平和のために地域に基づき領邦をグループ化する試みを行っている。これは、大空位時代に政治的混乱から治安が悪化したことにより、自発的に生じた帝国等族間個別の盟約を帝国レベルで整備し直し、安定を図る試みであった。また、都市同盟を結び、帝国と独立した動きを示そうとした有力都市を牽制する意味もあった。,ルドルフ1世が帝国クライス制度の前身となるものを初めて執行したのは、何年のことですか?,1287年,Logical reasoning
559,201,帝国クライス,いくつかの帝国等族を包含したブロックに帝国を分け、地域の治安維持に当たらせるという帝国クライス制度の発想は、皇帝ルドルフ1世の時代に遡る。1287年にルドルフは公共平和のために地域に基づき領邦をグループ化する試みを行っている。これは、大空位時代に政治的混乱から治安が悪化したことにより、自発的に生じた帝国等族間個別の盟約を帝国レベルで整備し直し、安定を図る試みであった。また、都市同盟を結び、帝国と独立した動きを示そうとした有力都市を牽制する意味もあった。,1287年にルドルフ1世が行った制度は、何をグループ化することであったか?,領邦,Lexical variation (world knowledge)
560,202,帝国クライス,ヴェンツェル帝は、1383年に帝国平和盟約令を発令した。これは帝国を4つのパルタイ(党派)に分け、他からの攻撃に対して相互保護を行うという内容のものであった。しかしこの政策は、その背後に都市同盟解体の意図を察知した有力都市が参加しなかったため、実効性を持たないまま終息した。,ヴェンツェル帝が、帝国平和盟約令を発令したのは、何年のことなの?,1383年,Syntactic variation
561,202,帝国クライス,ヴェンツェル帝は、1383年に帝国平和盟約令を発令した。これは帝国を4つのパルタイ(党派)に分け、他からの攻撃に対して相互保護を行うという内容のものであった。しかしこの政策は、その背後に都市同盟解体の意図を察知した有力都市が参加しなかったため、実効性を持たないまま終息した。,帝国平和盟約令を発令したのは、誰でしたか?,ヴェンツェル,Syntactic variation
562,202,帝国クライス,ヴェンツェル帝は、1383年に帝国平和盟約令を発令した。これは帝国を4つのパルタイ(党派)に分け、他からの攻撃に対して相互保護を行うという内容のものであった。しかしこの政策は、その背後に都市同盟解体の意図を察知した有力都市が参加しなかったため、実効性を持たないまま終息した。,ヴェンツェルが発令した帝国平和盟約令とは、帝国をいくつに分けるとのものであったか?,4つ,Multiple sentence reasoning
563,202,帝国クライス,ヴェンツェル帝は、1383年に帝国平和盟約令を発令した。これは帝国を4つのパルタイ(党派)に分け、他からの攻撃に対して相互保護を行うという内容のものであった。しかしこの政策は、その背後に都市同盟解体の意図を察知した有力都市が参加しなかったため、実効性を持たないまま終息した。,1383年に、帝国を4つに分けて外部からの攻撃に相互保護しながら対応するとの目的でヴェンツェルにより発令されたが、その実効性自体は認められなかったのは、何か?,帝国平和盟約令,Multiple sentence reasoning
564,203,帝国クライス,その後、1388年に諸侯と都市同盟の対立が顕在化し、その直接対決の結果、都市同盟が力を弱めたため、ヴェンツェルは翌1389年に再度帝国ラントフリーデ令を発令した。,ヴェンツェルが1389年に発令したのは、何?,帝国ラントフリーデ令,Syntactic variation
565,203,帝国クライス,その後、1388年に諸侯と都市同盟の対立が顕在化し、その直接対決の結果、都市同盟が力を弱めたため、ヴェンツェルは翌1389年に再度帝国ラントフリーデ令を発令した。,帝国ラントフリーデ令を発令したのは、誰ですか?,ヴェンツェル,Syntactic variation
566,203,帝国クライス,その後、1388年に諸侯と都市同盟の対立が顕在化し、その直接対決の結果、都市同盟が力を弱めたため、ヴェンツェルは翌1389年に再度帝国ラントフリーデ令を発令した。,ヴェンツェルは、何年からの帝国内の対立状況の深刻化を踏まえて、1389年に帝国ラントフリーデ令を発令したか?,1388年,Lexical variation (world knowledge)
567,203,帝国クライス,その後、1388年に諸侯と都市同盟の対立が顕在化し、その直接対決の結果、都市同盟が力を弱めたため、ヴェンツェルは翌1389年に再度帝国ラントフリーデ令を発令した。,1388年から帝国内で深刻な問題とされたのは、諸侯と誰の対立であったのか?,都市同盟,Lexical variation (world knowledge)
568,204,帝国クライス,今度は、フランケン、バイエルン、シュヴァーベン、中ラインの4つのアイヌンク(盟約)に分け、各アイヌンクは、諸侯4人、都市代表4人、国王が任命する長官1人からなる9人委員会を設け、裁判、刑の執行、治安維持のための援助要請を行うとした。しかし、多くの帝国等族にとってこのラントフリーデ令は都市同盟解体のための方便に過ぎず、その目的を達成した後は形骸化していった。,帝国をフランケン、バイエルン、シュヴァーベン、中ラインの4つのアイヌンクに分けたのは、どの法令だったの?,ラントフリーデ令,Multiple sentence reasoning
569,204,帝国クライス,今度は、フランケン、バイエルン、シュヴァーベン、中ラインの4つのアイヌンク(盟約)に分け、各アイヌンクは、諸侯4人、都市代表4人、国王が任命する長官1人からなる9人委員会を設け、裁判、刑の執行、治安維持のための援助要請を行うとした。しかし、多くの帝国等族にとってこのラントフリーデ令は都市同盟解体のための方便に過ぎず、その目的を達成した後は形骸化していった。,ラントフリーデ令では、帝国を4つに分けるとしていたが、分けられた各地域かつ勢力を何と呼んでいましたか?,アイヌンク,Lexical variation (world knowledge)
570,204,帝国クライス,今度は、フランケン、バイエルン、シュヴァーベン、中ラインの4つのアイヌンク(盟約)に分け、各アイヌンクは、諸侯4人、都市代表4人、国王が任命する長官1人からなる9人委員会を設け、裁判、刑の執行、治安維持のための援助要請を行うとした。しかし、多くの帝国等族にとってこのラントフリーデ令は都市同盟解体のための方便に過ぎず、その目的を達成した後は形骸化していった。,ラントフリーデ令により各アイヌンクには9人委員会が設けられたが、その委員会には都市代表と諸侯がそれぞれ何人配置されたか?,4人,Lexical variation (world knowledge)
571,204,帝国クライス,今度は、フランケン、バイエルン、シュヴァーベン、中ラインの4つのアイヌンク(盟約)に分け、各アイヌンクは、諸侯4人、都市代表4人、国王が任命する長官1人からなる9人委員会を設け、裁判、刑の執行、治安維持のための援助要請を行うとした。しかし、多くの帝国等族にとってこのラントフリーデ令は都市同盟解体のための方便に過ぎず、その目的を達成した後は形骸化していった。,ラントフリーデ令により各アイヌンクに設けられた9人委員会で、その人数が最も少なったのは、どのような職責だったか?,国王が任命する長官,Logical reasoning
572,205,帝国クライス,1415年、帝国改造を掲げた皇帝ジギスムントは、コンスタンツの帝国議会で、国王裁判権の強化を訴えた。それに伴い、帝国を4つのタイル(部分)、すなわち、ライン、アルザス、ヴェッテラウの一組と、テューリンゲン、マイセン、ヘッセンの一組、フランケン、シュヴァーベンの4つの区域に分け、国王が派遣する指揮官がその平和維持、判決執行を行う政策を提案したが、諸侯の反発が強く実現はできなかった。,皇帝ジギスムントが国王裁判権の強化を訴えたコンスタンツの帝国議会は、何年に行われたの?,1415年,Lexical variation (world knowledge)
573,205,帝国クライス,1415年、帝国改造を掲げた皇帝ジギスムントは、コンスタンツの帝国議会で、国王裁判権の強化を訴えた。それに伴い、帝国を4つのタイル(部分)、すなわち、ライン、アルザス、ヴェッテラウの一組と、テューリンゲン、マイセン、ヘッセンの一組、フランケン、シュヴァーベンの4つの区域に分け、国王が派遣する指揮官がその平和維持、判決執行を行う政策を提案したが、諸侯の反発が強く実現はできなかった。,1415年の時点で帝位には、誰がついていましたか?,ジギスムント,Lexical variation (world knowledge)
574,205,帝国クライス,1415年、帝国改造を掲げた皇帝ジギスムントは、コンスタンツの帝国議会で、国王裁判権の強化を訴えた。それに伴い、帝国を4つのタイル(部分)、すなわち、ライン、アルザス、ヴェッテラウの一組と、テューリンゲン、マイセン、ヘッセンの一組、フランケン、シュヴァーベンの4つの区域に分け、国王が派遣する指揮官がその平和維持、判決執行を行う政策を提案したが、諸侯の反発が強く実現はできなかった。,1415年のコンスタンツの帝国議会では、帝国をいくつのタイルに分けるとのことが決まったか?,4つ,Lexical variation (world knowledge)
575,205,帝国クライス,1415年、帝国改造を掲げた皇帝ジギスムントは、コンスタンツの帝国議会で、国王裁判権の強化を訴えた。それに伴い、帝国を4つのタイル(部分)、すなわち、ライン、アルザス、ヴェッテラウの一組と、テューリンゲン、マイセン、ヘッセンの一組、フランケン、シュヴァーベンの4つの区域に分け、国王が派遣する指揮官がその平和維持、判決執行を行う政策を提案したが、諸侯の反発が強く実現はできなかった。,ライン、アルザス、ヴェッテラウ、テューリンゲンのうち、同じ区域として分けられた地域ではないのは、どちらか?,テューリンゲン,Lexical variation (world knowledge)
576,206,帝国クライス,一方、1438年には逆に諸侯の側からクライスの提案があった。この案では、帝国を4つのクライス(フランケンとバイエルン、シュヴァーベンと中ライン、下ライン、ザクセン)に分け、有力諸侯の指揮下にある指揮官が平和維持および刑の執行を行うというものであった。,諸侯からクライスの提案があったのは、何年のことなの?,1438年,Syntactic variation
577,206,帝国クライス,一方、1438年には逆に諸侯の側からクライスの提案があった。この案では、帝国を4つのクライス(フランケンとバイエルン、シュヴァーベンと中ライン、下ライン、ザクセン)に分け、有力諸侯の指揮下にある指揮官が平和維持および刑の執行を行うというものであった。,1438年に取り上げられた提案は、帝国をいくつのクライスに分けるとの内容だったか?,4つ,Lexical variation (world knowledge)
578,206,帝国クライス,一方、1438年には逆に諸侯の側からクライスの提案があった。この案では、帝国を4つのクライス(フランケンとバイエルン、シュヴァーベンと中ライン、下ライン、ザクセン)に分け、有力諸侯の指揮下にある指揮官が平和維持および刑の執行を行うというものであった。,1438年にあった諸侯からの提案では、分けられた帝国の各地域かつ勢力を何と呼んでいたか?,クライス,Lexical variation (world knowledge)
579,207,帝国クライス,1438年の帝国を4つのクライスに分けるとの案に対して国王は、クライスは6つ(フランケンとバイエルン、シュヴァーベンと中ラインをそれぞれ分離)にすること、指揮官の選出について諸侯の意見が不一致の場合は国王がこれを任命すること、指揮官は領主・騎士・都市からなる10人の参議官と共同で活動すること、という修正案を提出した。これらはクライスを管理する指揮官、ひいてはその上位に位置することになる有力諸侯の影響力を減じようという策で、帝国都市は総論賛成・各論反対の立場をとり、諸侯は強く反発したために、クライス案自体が不成立となった。,国王は、帝国をいくつのクライスに分けるとの修正案を出したの?,6つ,Lexical variation (synonymy)
580,207,帝国クライス,1438年の帝国を4つのクライスに分けるとの案に対して国王は、クライスは6つ(フランケンとバイエルン、シュヴァーベンと中ラインをそれぞれ分離)にすること、指揮官の選出について諸侯の意見が不一致の場合は国王がこれを任命すること、指揮官は領主・騎士・都市からなる10人の参議官と共同で活動すること、という修正案を提出した。これらはクライスを管理する指揮官、ひいてはその上位に位置することになる有力諸侯の影響力を減じようという策で、帝国都市は総論賛成・各論反対の立場をとり、諸侯は強く反発したために、クライス案自体が不成立となった。,国王の修正案では、各クライスの指揮官の選出について諸侯の意見が不一致の場合は、誰がこれを任命すると書かれていましたか?,国王,Syntactic variation
581,207,帝国クライス,1438年の帝国を4つのクライスに分けるとの案に対して国王は、クライスは6つ(フランケンとバイエルン、シュヴァーベンと中ラインをそれぞれ分離)にすること、指揮官の選出について諸侯の意見が不一致の場合は国王がこれを任命すること、指揮官は領主・騎士・都市からなる10人の参議官と共同で活動すること、という修正案を提出した。これらはクライスを管理する指揮官、ひいてはその上位に位置することになる有力諸侯の影響力を減じようという策で、帝国都市は総論賛成・各論反対の立場をとり、諸侯は強く反発したために、クライス案自体が不成立となった。,国王の修正案では、各クライスの指揮官は領主・騎士・都市からなる何人の参議官と共同で活動すると書かれていましたか?,10人,Syntactic variation
582,207,帝国クライス,1438年の帝国を4つのクライスに分けるとの案に対して国王は、クライスは6つ(フランケンとバイエルン、シュヴァーベンと中ラインをそれぞれ分離)にすること、指揮官の選出について諸侯の意見が不一致の場合は国王がこれを任命すること、指揮官は領主・騎士・都市からなる10人の参議官と共同で活動すること、という修正案を提出した。これらはクライスを管理する指揮官、ひいてはその上位に位置することになる有力諸侯の影響力を減じようという策で、帝国都市は総論賛成・各論反対の立場をとり、諸侯は強く反発したために、クライス案自体が不成立となった。,国王の修正案で各クライスの指揮官とともに活動すべき人物として指定されたのは、誰と騎士、都市からなる10人の参議官であったか?,領主,Lexical variation (world knowledge)
583,208,帝国クライス,帝国運営に無関心であった皇帝フリードリヒ3世が亡くなり、マクシミリアン1世が新たに帝位に就き、帝国改造の機運が高まった。,フリードリヒ3世の後を継いだのは、誰なの?,マクシミリアン1世,Lexical variation (world knowledge)
584,208,帝国クライス,帝国運営に無関心であった皇帝フリードリヒ3世が亡くなり、マクシミリアン1世が新たに帝位に就き、帝国改造の機運が高まった。,フリードリヒ3世とマクシミリアン1世のうち、帝国運営により力を入れたのは、どちらですか?,マクシミリアン1世,Logical reasoning
585,208,帝国クライス,帝国運営に無関心であった皇帝フリードリヒ3世が亡くなり、マクシミリアン1世が新たに帝位に就き、帝国改造の機運が高まった。,誰が皇帝になってから、帝国改造の機運が高まったか?,マクシミリアン1世,Lexical variation (world knowledge)
586,209,帝国クライス,マクシミリアンが皇帝主導での帝国の秩序回復を目指したのに対し、マインツ大司教(選帝侯)ベルトルト・フォン・ヘンネベルクは、公共の秩序を維持するためには主要な諸侯が帝国の意思決定に継続的に参加する必要があると主張していた。,マクシミリアンと帝国の意思決定における諸侯の参加権を巡り意見対立したのは、誰なの?,ベルトルト・フォン・ヘンネベルク,Lexical variation (world knowledge)
587,209,帝国クライス,マクシミリアンが皇帝主導での帝国の秩序回復を目指したのに対し、マインツ大司教(選帝侯)ベルトルト・フォン・ヘンネベルクは、公共の秩序を維持するためには主要な諸侯が帝国の意思決定に継続的に参加する必要があると主張していた。,マクシミリアンとベルトルト・フォン・ヘンネベルクのうち、帝国の意思決定に諸侯の意見が反映されるべきだと主張したのは、誰ですか?,ベルトルト・フォン・ヘンネベルク,Lexical variation (world knowledge)
588,209,帝国クライス,マクシミリアンが皇帝主導での帝国の秩序回復を目指したのに対し、マインツ大司教(選帝侯)ベルトルト・フォン・ヘンネベルクは、公共の秩序を維持するためには主要な諸侯が帝国の意思決定に継続的に参加する必要があると主張していた。,マクシミリアンの時代に、マインツ大司教の座についていたのは、誰か?,ベルトルト・フォン・ヘンネベルク,Lexical variation (world knowledge)
589,210,帝国クライス,こうした皇帝と諸侯との間でラント平和の主導権争いが行われる中、1495年に「永久ラント平和令」がヴォルムスの帝国議会で決議された。その実務機関として、諸侯の影響下に置かれた司法組織である帝国最高法院が設けられた。また、1500年のアウクスブルク帝国議会で、帝国等族の代表者が帝国の運営に参与する常設委員会として帝国統治院が設けられ、その参議官任命のための地理的区分として6つのクライス(フランケン、バイエルン、シュヴァーベン、オーバーライン、ヴェストファーレン、ニーダーザクセン)が設定された。,永久ラント平和令が決議されたのは、いつのことなの?,1495年,Syntactic variation
590,210,帝国クライス,こうした皇帝と諸侯との間でラント平和の主導権争いが行われる中、1495年に「永久ラント平和令」がヴォルムスの帝国議会で決議された。その実務機関として、諸侯の影響下に置かれた司法組織である帝国最高法院が設けられた。また、1500年のアウクスブルク帝国議会で、帝国等族の代表者が帝国の運営に参与する常設委員会として帝国統治院が設けられ、その参議官任命のための地理的区分として6つのクライス(フランケン、バイエルン、シュヴァーベン、オーバーライン、ヴェストファーレン、ニーダーザクセン)が設定された。,どこで開かれた帝国議会で、永久ラント平和令が決議されましたか?,ヴォルムス,Syntactic variation
591,210,帝国クライス,こうした皇帝と諸侯との間でラント平和の主導権争いが行われる中、1495年に「永久ラント平和令」がヴォルムスの帝国議会で決議された。その実務機関として、諸侯の影響下に置かれた司法組織である帝国最高法院が設けられた。また、1500年のアウクスブルク帝国議会で、帝国等族の代表者が帝国の運営に参与する常設委員会として帝国統治院が設けられ、その参議官任命のための地理的区分として6つのクライス(フランケン、バイエルン、シュヴァーベン、オーバーライン、ヴェストファーレン、ニーダーザクセン)が設定された。,帝国最高法院は、何の実務機関として設置されたか?,永久ラント平和令,Multiple sentence reasoning
592,210,帝国クライス,こうした皇帝と諸侯との間でラント平和の主導権争いが行われる中、1495年に「永久ラント平和令」がヴォルムスの帝国議会で決議された。その実務機関として、諸侯の影響下に置かれた司法組織である帝国最高法院が設けられた。また、1500年のアウクスブルク帝国議会で、帝国等族の代表者が帝国の運営に参与する常設委員会として帝国統治院が設けられ、その参議官任命のための地理的区分として6つのクライス(フランケン、バイエルン、シュヴァーベン、オーバーライン、ヴェストファーレン、ニーダーザクセン)が設定された。,帝国最高法院は、誰の影響下の置かれていたか?,諸侯,Syntactic variation
593,211,イブン・スィーナー,イブン・スィーナーは、ペルシャの哲学者・医者・科学者である。イスラム世界が生み出した最高の知識人と評価され、同時に当時の世界の大学者である。「第二のアリストテレス」とも呼ばれ、アリストテレス哲学と新プラトン主義を結合させたことでヨーロッパの医学、哲学に多大な影響を及ぼした。アラビア医学界においては、アル・ラーズィーと並ぶ巨頭とされている。その生涯は、幸福と苦難が交差する波乱万丈のものだった。,イスラム世界が生み出した最高の知識人と評価されるのは、誰なの?,イブン・スィーナー,Multiple sentence reasoning
594,211,イブン・スィーナー,イブン・スィーナーは、ペルシャの哲学者・医者・科学者である。イスラム世界が生み出した最高の知識人と評価され、同時に当時の世界の大学者である。「第二のアリストテレス」とも呼ばれ、アリストテレス哲学と新プラトン主義を結合させたことでヨーロッパの医学、哲学に多大な影響を及ぼした。アラビア医学界においては、アル・ラーズィーと並ぶ巨頭とされている。その生涯は、幸福と苦難が交差する波乱万丈のものだった。,「第二のアリストテレス」との別称を持つ人物は、誰ですか?,イブン・スィーナー,Multiple sentence reasoning
595,211,イブン・スィーナー,イブン・スィーナーは、ペルシャの哲学者・医者・科学者である。イスラム世界が生み出した最高の知識人と評価され、同時に当時の世界の大学者である。「第二のアリストテレス」とも呼ばれ、アリストテレス哲学と新プラトン主義を結合させたことでヨーロッパの医学、哲学に多大な影響を及ぼした。アラビア医学界においては、アル・ラーズィーと並ぶ巨頭とされている。その生涯は、幸福と苦難が交差する波乱万丈のものだった。,アラビア医学界においては、アル・ラーズィーと誰が最も有名であるか?,イブン・スィーナー,Multiple sentence reasoning
596,211,イブン・スィーナー,イブン・スィーナーは、ペルシャの哲学者・医者・科学者である。イスラム世界が生み出した最高の知識人と評価され、同時に当時の世界の大学者である。「第二のアリストテレス」とも呼ばれ、アリストテレス哲学と新プラトン主義を結合させたことでヨーロッパの医学、哲学に多大な影響を及ぼした。アラビア医学界においては、アル・ラーズィーと並ぶ巨頭とされている。その生涯は、幸福と苦難が交差する波乱万丈のものだった。,イブン・スィーナーの生涯については、何と表現しているか?,波乱万丈,Lexical variation (world knowledge)
597,212,イブン・スィーナー,イブン・スィーナーは、980年8月末にサーマーン朝の徴税官アブドゥッラーフ・イブン・アル=ハサンとその妻シタラの息子として、首都ブハラ近郊のアフシャナに生まれる。5歳のときに一家はブハラに移住し、イブン・スィーナーはブハラの私塾に入れられた。,イブン・スィーナーは、何年生まれなの?,980年,Lexical variation (world knowledge)
598,212,イブン・スィーナー,イブン・スィーナーは、980年8月末にサーマーン朝の徴税官アブドゥッラーフ・イブン・アル=ハサンとその妻シタラの息子として、首都ブハラ近郊のアフシャナに生まれる。5歳のときに一家はブハラに移住し、イブン・スィーナーはブハラの私塾に入れられた。,イブン・スィーナーは、どの王朝の時代に生まれた人物ですか?,サーマーン朝,Lexical variation (world knowledge)
599,212,イブン・スィーナー,イブン・スィーナーは、980年8月末にサーマーン朝の徴税官アブドゥッラーフ・イブン・アル=ハサンとその妻シタラの息子として、首都ブハラ近郊のアフシャナに生まれる。5歳のときに一家はブハラに移住し、イブン・スィーナーはブハラの私塾に入れられた。,イブン・スィーナーの父親は、どの職に就いていたか?,徴税官,Lexical variation (world knowledge)
600,212,イブン・スィーナー,イブン・スィーナーは、980年8月末にサーマーン朝の徴税官アブドゥッラーフ・イブン・アル=ハサンとその妻シタラの息子として、首都ブハラ近郊のアフシャナに生まれる。5歳のときに一家はブハラに移住し、イブン・スィーナーはブハラの私塾に入れられた。,イブン・スィーナーはどこで生まれたか?,アフシャナ,Syntactic variation
601,213,イブン・スィーナー,イブン・スィーナーは幼いころからクルアーンを学び、10歳ですでに文学作品とクルアーンを暗誦することができたという。イブン・スィーナーは父アブドゥッラーフによって教師を付けられ、野菜商人の下で算術を学び、ホラズム地方出身の哲学者ナティリの元で哲学、天文学、論理学などを学んだ。ナティリからユークリッド幾何学とプトレマイオスの天文学を学び、間も無くイブン・スィーナーの学識はナティリのそれを上回った。しかし、イブン・スィーナーが読んでいた書籍は受験参考書のような入門用の啓蒙書であり、原典の逐語訳とは大きく内容が異なっていた。,イブン・スィーナーの才能が台頭し始めたのは、彼が何歳のことだったの?,10歳,Lexical variation (world knowledge)
602,213,イブン・スィーナー,イブン・スィーナーは幼いころからクルアーンを学び、10歳ですでに文学作品とクルアーンを暗誦することができたという。イブン・スィーナーは父アブドゥッラーフによって教師を付けられ、野菜商人の下で算術を学び、ホラズム地方出身の哲学者ナティリの元で哲学、天文学、論理学などを学んだ。ナティリからユークリッド幾何学とプトレマイオスの天文学を学び、間も無くイブン・スィーナーの学識はナティリのそれを上回った。しかし、イブン・スィーナーが読んでいた書籍は受験参考書のような入門用の啓蒙書であり、原典の逐語訳とは大きく内容が異なっていた。,イブン・スィーナーに哲学と天文学、論理学を教えたのは、誰ですか?,ナティリ,Lexical variation (synonymy)
603,213,イブン・スィーナー,イブン・スィーナーは幼いころからクルアーンを学び、10歳ですでに文学作品とクルアーンを暗誦することができたという。イブン・スィーナーは父アブドゥッラーフによって教師を付けられ、野菜商人の下で算術を学び、ホラズム地方出身の哲学者ナティリの元で哲学、天文学、論理学などを学んだ。ナティリからユークリッド幾何学とプトレマイオスの天文学を学び、間も無くイブン・スィーナーの学識はナティリのそれを上回った。しかし、イブン・スィーナーが読んでいた書籍は受験参考書のような入門用の啓蒙書であり、原典の逐語訳とは大きく内容が異なっていた。,イブン・スィーナーはナティリから教わった天文学とは、誰が書いたものであったか?,プトレマイオス,Lexical variation (synonymy)
604,213,イブン・スィーナー,イブン・スィーナーは幼いころからクルアーンを学び、10歳ですでに文学作品とクルアーンを暗誦することができたという。イブン・スィーナーは父アブドゥッラーフによって教師を付けられ、野菜商人の下で算術を学び、ホラズム地方出身の哲学者ナティリの元で哲学、天文学、論理学などを学んだ。ナティリからユークリッド幾何学とプトレマイオスの天文学を学び、間も無くイブン・スィーナーの学識はナティリのそれを上回った。しかし、イブン・スィーナーが読んでいた書籍は受験参考書のような入門用の啓蒙書であり、原典の逐語訳とは大きく内容が異なっていた。,イブン・スィーナーに算術を教えたのは、どのような人だったか?,野菜商人,Lexical variation (synonymy)
605,214,イブン・スィーナー,その後ジュルジャーン出身のキリスト教徒の医学者サフル・アル・マスィーヒーに師事し、自然学、形而上学、医学を学び、16歳の時にはすでに患者を診療していた。後年、イブン・スィーナーは医学について「さして難しい学問ではなく、ごく短い時間で習得することができた」と自伝で述懐した。とはいえ、この時イブン・スィーナーが使用していたテキストもヒポクラテスやガレノスの著書の逐語訳ではなく、ダイジェストともいえる家庭医学の指南書であり、後年にイブン・スィーナーは医学の奥深さを知ることになる。,何歳から患者を診療したということが、イブン・スィーナーの才能を見せてくれる証拠であるの?,16歳,Lexical variation (world knowledge)
606,214,イブン・スィーナー,その後ジュルジャーン出身のキリスト教徒の医学者サフル・アル・マスィーヒーに師事し、自然学、形而上学、医学を学び、16歳の時にはすでに患者を診療していた。後年、イブン・スィーナーは医学について「さして難しい学問ではなく、ごく短い時間で習得することができた」と自伝で述懐した。とはいえ、この時イブン・スィーナーが使用していたテキストもヒポクラテスやガレノスの著書の逐語訳ではなく、ダイジェストともいえる家庭医学の指南書であり、後年にイブン・スィーナーは医学の奥深さを知ることになる。,イブン・スィーナーに自然学、形而上学、医学を教えたのは、誰ですか?,サフル・アル・マスィーヒー,Lexical variation (synonymy)
607,214,イブン・スィーナー,その後ジュルジャーン出身のキリスト教徒の医学者サフル・アル・マスィーヒーに師事し、自然学、形而上学、医学を学び、16歳の時にはすでに患者を診療していた。後年、イブン・スィーナーは医学について「さして難しい学問ではなく、ごく短い時間で習得することができた」と自伝で述懐した。とはいえ、この時イブン・スィーナーが使用していたテキストもヒポクラテスやガレノスの著書の逐語訳ではなく、ダイジェストともいえる家庭医学の指南書であり、後年にイブン・スィーナーは医学の奥深さを知ることになる。,イブン・スィーナーは、サフル・アル・マスィーヒーのもとで、自然学、形而上学とどの学問を教わったか?,医学,Lexical variation (world knowledge)
608,214,イブン・スィーナー,その後ジュルジャーン出身のキリスト教徒の医学者サフル・アル・マスィーヒーに師事し、自然学、形而上学、医学を学び、16歳の時にはすでに患者を診療していた。後年、イブン・スィーナーは医学について「さして難しい学問ではなく、ごく短い時間で習得することができた」と自伝で述懐した。とはいえ、この時イブン・スィーナーが使用していたテキストもヒポクラテスやガレノスの著書の逐語訳ではなく、ダイジェストともいえる家庭医学の指南書であり、後年にイブン・スィーナーは医学の奥深さを知ることになる。,イブン・スィーナーに医学を教えた人物は、どこ出身であったか?,ジュルジャーン,Lexical variation (synonymy)
609,215,イブン・スィーナー,しかし、イブン・スィーナーにとってもアリストテレスの思想は難解なものであり、『形而上学』を40回読んでもなお理解には至らなかったと述べている。ある日、ブハラのバザールを歩き回っていたイブン・スィーナーは店員に本を勧められ、一度はいらないと断ったものの、強く勧められて本を購入した。彼が購入した本はファーラービーが記した『形而上学』の注釈書であり、ファーラービーの注釈に触れたことがきっかけとなってはじめてアリストテレス哲学を修得することができた。,イブン・スィーナーは、『形而上学』を何回読んでも理解できなかったと言うの?,40回,Syntactic variation
610,215,イブン・スィーナー,しかし、イブン・スィーナーにとってもアリストテレスの思想は難解なものであり、『形而上学』を40回読んでもなお理解には至らなかったと述べている。ある日、ブハラのバザールを歩き回っていたイブン・スィーナーは店員に本を勧められ、一度はいらないと断ったものの、強く勧められて本を購入した。彼が購入した本はファーラービーが記した『形而上学』の注釈書であり、ファーラービーの注釈に触れたことがきっかけとなってはじめてアリストテレス哲学を修得することができた。,才能を認められたイブン・スィーナーでも、理解しにくかったのは誰の思想でしたか?,アリストテレス,Lexical variation (world knowledge)
611,215,イブン・スィーナー,しかし、イブン・スィーナーにとってもアリストテレスの思想は難解なものであり、『形而上学』を40回読んでもなお理解には至らなかったと述べている。ある日、ブハラのバザールを歩き回っていたイブン・スィーナーは店員に本を勧められ、一度はいらないと断ったものの、強く勧められて本を購入した。彼が購入した本はファーラービーが記した『形而上学』の注釈書であり、ファーラービーの注釈に触れたことがきっかけとなってはじめてアリストテレス哲学を修得することができた。,『形而上学』を著したのは、誰か?,アリストテレス,Lexical variation (world knowledge)
612,215,イブン・スィーナー,しかし、イブン・スィーナーにとってもアリストテレスの思想は難解なものであり、『形而上学』を40回読んでもなお理解には至らなかったと述べている。ある日、ブハラのバザールを歩き回っていたイブン・スィーナーは店員に本を勧められ、一度はいらないと断ったものの、強く勧められて本を購入した。彼が購入した本はファーラービーが記した『形而上学』の注釈書であり、ファーラービーの注釈に触れたことがきっかけとなってはじめてアリストテレス哲学を修得することができた。,イブン・スィーナーは、誰が記した『形而上学』に接したことをきっかけに、ようやくアリストテレスの思想を理解できたか?,ファーラービー,Lexical variation (world knowledge)
613,216,イブン・スィーナー,イブン・スィーナーは無料で診療を行って経験を積み、医師としての名声を高めていった。サーマーン朝のアミール(君主)・ヌーフ2世の病を治療したイブン・スィーナーは彼の信任を得、王室附属図書館を自由に利用することが許された。,イブン・スィーナーは、何として名声を上げたのが、初めてだったの?,医師,Logical reasoning
614,216,イブン・スィーナー,イブン・スィーナーは無料で診療を行って経験を積み、医師としての名声を高めていった。サーマーン朝のアミール(君主)・ヌーフ2世の病を治療したイブン・スィーナーは彼の信任を得、王室附属図書館を自由に利用することが許された。,当時、サーマーン朝の君主は誰でしたか?,ヌーフ2世,Lexical variation (world knowledge)
615,216,イブン・スィーナー,イブン・スィーナーは無料で診療を行って経験を積み、医師としての名声を高めていった。サーマーン朝のアミール(君主)・ヌーフ2世の病を治療したイブン・スィーナーは彼の信任を得、王室附属図書館を自由に利用することが許された。,イブン・スィーナーは、ヌーフ2世を治療した功が認められ、どこを自由に利用できる権利を得たか?,王室附属図書館,Lexical variation (world knowledge)
616,216,イブン・スィーナー,イブン・スィーナーは無料で診療を行って経験を積み、医師としての名声を高めていった。サーマーン朝のアミール(君主)・ヌーフ2世の病を治療したイブン・スィーナーは彼の信任を得、王室附属図書館を自由に利用することが許された。,ヌーフ2世の病を治療したのは、誰か?,イブン・スィーナー,Multiple sentence reasoning
617,217,イブン・スィーナー,イブン・スィーナーは18歳までに蔵書の全てを読破し、「18歳にして全ての学問を修めた」と自ら述懐するほどの境地に至る。王室附属図書館の蔵書はイブン・スィーナーの知識を深める上で大きな役割を果たした。間も無く図書館は火災で焼失するが、イブン・スィーナーの才能を妬む人間たちは、彼が知識を独占するために放火したと噂し合った。18歳の時、隣人のアル・アルーディにむけて、イブン・スィーナーは最初の著作『種々の学問の集成』を書き上げた。,イブン・スィーナーが王室附属図書館に置かれた全書籍を読破したのは、彼が何歳のころだったの?,18歳,Lexical variation (world knowledge)
618,217,イブン・スィーナー,イブン・スィーナーは18歳までに蔵書の全てを読破し、「18歳にして全ての学問を修めた」と自ら述懐するほどの境地に至る。王室附属図書館の蔵書はイブン・スィーナーの知識を深める上で大きな役割を果たした。間も無く図書館は火災で焼失するが、イブン・スィーナーの才能を妬む人間たちは、彼が知識を独占するために放火したと噂し合った。18歳の時、隣人のアル・アルーディにむけて、イブン・スィーナーは最初の著作『種々の学問の集成』を書き上げた。,イブン・スィーナーが知識を深めるのに、大きな役割を果たしたのは、どこに置かれていた書籍でしたか?,王室附属図書館,Syntactic variation
619,217,イブン・スィーナー,イブン・スィーナーは18歳までに蔵書の全てを読破し、「18歳にして全ての学問を修めた」と自ら述懐するほどの境地に至る。王室附属図書館の蔵書はイブン・スィーナーの知識を深める上で大きな役割を果たした。間も無く図書館は火災で焼失するが、イブン・スィーナーの才能を妬む人間たちは、彼が知識を独占するために放火したと噂し合った。18歳の時、隣人のアル・アルーディにむけて、イブン・スィーナーは最初の著作『種々の学問の集成』を書き上げた。,イブン・スィーナーが最初の作品を著したのは、何歳の頃か?,18歳,Lexical variation (world knowledge)
620,217,イブン・スィーナー,イブン・スィーナーは18歳までに蔵書の全てを読破し、「18歳にして全ての学問を修めた」と自ら述懐するほどの境地に至る。王室附属図書館の蔵書はイブン・スィーナーの知識を深める上で大きな役割を果たした。間も無く図書館は火災で焼失するが、イブン・スィーナーの才能を妬む人間たちは、彼が知識を独占するために放火したと噂し合った。18歳の時、隣人のアル・アルーディにむけて、イブン・スィーナーは最初の著作『種々の学問の集成』を書き上げた。,イブン・スィーナーの最初の著作は、何か?,『種々の学問の集成』,Lexical variation (world knowledge)
621,218,イブン・スィーナー,999年、イブン・スィーナーが仕えていたサーマーン朝がガズナ朝とカラハン朝の攻撃を受けて滅亡する。21歳の時、法学者アル・バルキーのために全20巻の百科事典『公正な判断の書』を書き上げる。同年に父アブドゥッラーフが没し、父の死後にイブン・スィーナーは跡を継いで宮廷に出仕するが、その死のために生計を立てていくことが困難になる。ブハラの人間たちが無名の家系出身のイブン・スィーナーを邪険に扱ったためか、イブン・スィーナーは22歳ごろにブハラを去って放浪の旅に出、生涯ブハラに戻ることは無かった。,サーマーン朝が滅びたのは、何年のことなの?,999年,Lexical variation (synonymy)
622,218,イブン・スィーナー,999年、イブン・スィーナーが仕えていたサーマーン朝がガズナ朝とカラハン朝の攻撃を受けて滅亡する。21歳の時、法学者アル・バルキーのために全20巻の百科事典『公正な判断の書』を書き上げる。同年に父アブドゥッラーフが没し、父の死後にイブン・スィーナーは跡を継いで宮廷に出仕するが、その死のために生計を立てていくことが困難になる。ブハラの人間たちが無名の家系出身のイブン・スィーナーを邪険に扱ったためか、イブン・スィーナーは22歳ごろにブハラを去って放浪の旅に出、生涯ブハラに戻ることは無かった。,サーマーン朝の滅亡は、ガズナ朝とどの王朝の攻撃によることでしたか?,カラハン朝,Lexical variation (world knowledge)
623,218,イブン・スィーナー,999年、イブン・スィーナーが仕えていたサーマーン朝がガズナ朝とカラハン朝の攻撃を受けて滅亡する。21歳の時、法学者アル・バルキーのために全20巻の百科事典『公正な判断の書』を書き上げる。同年に父アブドゥッラーフが没し、父の死後にイブン・スィーナーは跡を継いで宮廷に出仕するが、その死のために生計を立てていくことが困難になる。ブハラの人間たちが無名の家系出身のイブン・スィーナーを邪険に扱ったためか、イブン・スィーナーは22歳ごろにブハラを去って放浪の旅に出、生涯ブハラに戻ることは無かった。,全20巻の百科事典『公正な判断の書』を書き上げた時、イブン・スィーナーは何歳だったか?,21歳,Lexical variation (world knowledge)
624,218,イブン・スィーナー,999年、イブン・スィーナーが仕えていたサーマーン朝がガズナ朝とカラハン朝の攻撃を受けて滅亡する。21歳の時、法学者アル・バルキーのために全20巻の百科事典『公正な判断の書』を書き上げる。同年に父アブドゥッラーフが没し、父の死後にイブン・スィーナーは跡を継いで宮廷に出仕するが、その死のために生計を立てていくことが困難になる。ブハラの人間たちが無名の家系出身のイブン・スィーナーを邪険に扱ったためか、イブン・スィーナーは22歳ごろにブハラを去って放浪の旅に出、生涯ブハラに戻ることは無かった。,イブン・スィーナーが何歳のころが、彼にとってブハラにいた最後となったか?,22歳,Lexical variation (world knowledge)
625,219,イブン・スィーナー,イブン・スィーナーはホラズム地方のウルゲンチの統治者マームーン2世に仕官し、法律顧問として活躍する傍らで『医学典範』の執筆を開始する。ウルゲンチ滞在中、ホラズム出身の学者ビールーニーと交流を持ち、書簡を通して宇宙論と物理学についての討論を行った。ビールーニーとのやり取りは『問答集』という書物に記録されており、その中では若年期のイブン・スィーナーの知見を垣間見ることができる。,イブン・スィーナーは、誰の下で法律顧問として活躍したの?,マームーン2世,Lexical variation (world knowledge)
626,219,イブン・スィーナー,イブン・スィーナーはホラズム地方のウルゲンチの統治者マームーン2世に仕官し、法律顧問として活躍する傍らで『医学典範』の執筆を開始する。ウルゲンチ滞在中、ホラズム出身の学者ビールーニーと交流を持ち、書簡を通して宇宙論と物理学についての討論を行った。ビールーニーとのやり取りは『問答集』という書物に記録されており、その中では若年期のイブン・スィーナーの知見を垣間見ることができる。,イブン・スィーナーは、誰の下で『医学典範』を執筆しましたか?,マームーン2世,Lexical variation (world knowledge)
627,219,イブン・スィーナー,イブン・スィーナーはホラズム地方のウルゲンチの統治者マームーン2世に仕官し、法律顧問として活躍する傍らで『医学典範』の執筆を開始する。ウルゲンチ滞在中、ホラズム出身の学者ビールーニーと交流を持ち、書簡を通して宇宙論と物理学についての討論を行った。ビールーニーとのやり取りは『問答集』という書物に記録されており、その中では若年期のイブン・スィーナーの知見を垣間見ることができる。,マームーン2世はイブン・スィーナーに、何の役を任せたか?,法律顧問,Lexical variation (world knowledge)
628,219,イブン・スィーナー,イブン・スィーナーはホラズム地方のウルゲンチの統治者マームーン2世に仕官し、法律顧問として活躍する傍らで『医学典範』の執筆を開始する。ウルゲンチ滞在中、ホラズム出身の学者ビールーニーと交流を持ち、書簡を通して宇宙論と物理学についての討論を行った。ビールーニーとのやり取りは『問答集』という書物に記録されており、その中では若年期のイブン・スィーナーの知見を垣間見ることができる。,この時、イブン・スィーナーと良い関係を持ったのは、誰か?,ビールーニー,Lexical variation (world knowledge)
629,220,イブン・スィーナー,1012年にサーマーン朝を滅ぼしたガズナ朝のマフムードがイブン・スィーナーらホラズムの学者たちに出仕を要請したが、イブン・スィーナーは要求を拒む。マームーン2世はガズナ朝の使者が訪れる前にイブン・スィーナーに路銀と案内人を与えて密かに逃がし、かくしてイブン・スィーナーはホラズムから立ち去ることになった。ガズナのマフムードはイブン・スィーナーの逃亡に怒り、各地の王侯に彼の捜索を要求する触れ書きを出した。,1012年の時点でガズナ朝は、誰が率いていたの?,マフムード,Lexical variation (world knowledge)
630,220,イブン・スィーナー,1012年にサーマーン朝を滅ぼしたガズナ朝のマフムードがイブン・スィーナーらホラズムの学者たちに出仕を要請したが、イブン・スィーナーは要求を拒む。マームーン2世はガズナ朝の使者が訪れる前にイブン・スィーナーに路銀と案内人を与えて密かに逃がし、かくしてイブン・スィーナーはホラズムから立ち去ることになった。ガズナのマフムードはイブン・スィーナーの逃亡に怒り、各地の王侯に彼の捜索を要求する触れ書きを出した。,イブン・スィーナーがマームーン2世のもとから去ったのは、何年のことですか?,1012年,Multiple sentence reasoning
631,220,イブン・スィーナー,1012年にサーマーン朝を滅ぼしたガズナ朝のマフムードがイブン・スィーナーらホラズムの学者たちに出仕を要請したが、イブン・スィーナーは要求を拒む。マームーン2世はガズナ朝の使者が訪れる前にイブン・スィーナーに路銀と案内人を与えて密かに逃がし、かくしてイブン・スィーナーはホラズムから立ち去ることになった。ガズナのマフムードはイブン・スィーナーの逃亡に怒り、各地の王侯に彼の捜索を要求する触れ書きを出した。,マームーン2世は、どこの統治者だったか?,ホラズム,Multiple sentence reasoning
632,220,イブン・スィーナー,1012年にサーマーン朝を滅ぼしたガズナ朝のマフムードがイブン・スィーナーらホラズムの学者たちに出仕を要請したが、イブン・スィーナーは要求を拒む。マームーン2世はガズナ朝の使者が訪れる前にイブン・スィーナーに路銀と案内人を与えて密かに逃がし、かくしてイブン・スィーナーはホラズムから立ち去ることになった。ガズナのマフムードはイブン・スィーナーの逃亡に怒り、各地の王侯に彼の捜索を要求する触れ書きを出した。,マフムードが怒ったのは、何のためだったか?,イブン・スィーナーの逃亡,Syntactic variation
633,221,イブン・スィーナー,イスファハーンに移住したイブン・スィーナーは政務から退いて著述に専念したいと考えていたが、イスファハーンの君主アラー・ウッダウラは彼を宰相に登用したため、願いはかなわなかった。イブン・スィーナーはアラー・ウッダウラに科学や文学についての助言を行い、また遠征に随行した。アラー・ウッダウラの遠征に従軍した時には、馬上で書記に口述筆記をさせて著作を書き進めた。この時期の軍事遠征への参加は、『治癒の書』の植物学と動物学の章の完成に寄与する。,イブン・スィーナーがイスファハーンでの生活を始めた時のイスファハーンの統治者は、誰だったの?,アラー・ウッダウラ,Lexical variation (world knowledge)
634,221,イブン・スィーナー,イスファハーンに移住したイブン・スィーナーは政務から退いて著述に専念したいと考えていたが、イスファハーンの君主アラー・ウッダウラは彼を宰相に登用したため、願いはかなわなかった。イブン・スィーナーはアラー・ウッダウラに科学や文学についての助言を行い、また遠征に随行した。アラー・ウッダウラの遠征に従軍した時には、馬上で書記に口述筆記をさせて著作を書き進めた。この時期の軍事遠征への参加は、『治癒の書』の植物学と動物学の章の完成に寄与する。,アラー・ウッダウラはイブン・スィーナーをどの職に就かせましたか?,宰相,Lexical variation (synonymy)
635,222,イブン・スィーナー,1030年、イスファハーンはガズナ朝の君主マスウード1世の攻撃を受け、イブン・スィーナーは蔵書を含む所有物を奪われる。この時、かつて書き上げた『公正な判断の書』が散逸する。病に倒れた時、奴隷に多量のアヘンを飲まされて財産のほとんどを奪われ、最後まで窮乏から立ち直ることができなかった。,イスファハーンがガズナ朝により侵攻されたのは、何年のことか?,1030年,Lexical variation (synonymy)
636,222,イブン・スィーナー,1030年、イスファハーンはガズナ朝の君主マスウード1世の攻撃を受け、イブン・スィーナーは蔵書を含む所有物を奪われる。この時、かつて書き上げた『公正な判断の書』が散逸する。病に倒れた時、奴隷に多量のアヘンを飲まされて財産のほとんどを奪われ、最後まで窮乏から立ち直ることができなかった。,1030年にイスファハーンを侵攻したのは、どの王朝でしたか?,ガズナ朝,Lexical variation (synonymy)
637,222,イブン・スィーナー,1030年、イスファハーンはガズナ朝の君主マスウード1世の攻撃を受け、イブン・スィーナーは蔵書を含む所有物を奪われる。この時、かつて書き上げた『公正な判断の書』が散逸する。病に倒れた時、奴隷に多量のアヘンを飲まされて財産のほとんどを奪われ、最後まで窮乏から立ち直ることができなかった。,『公正な判断の書』が散逸したのは、何年のガズナ朝の侵攻の結果だったか?,1030年,Multiple sentence reasoning
638,222,イブン・スィーナー,1030年、イスファハーンはガズナ朝の君主マスウード1世の攻撃を受け、イブン・スィーナーは蔵書を含む所有物を奪われる。この時、かつて書き上げた『公正な判断の書』が散逸する。病に倒れた時、奴隷に多量のアヘンを飲まされて財産のほとんどを奪われ、最後まで窮乏から立ち直ることができなかった。,1030年にイスファハーンがガズナ朝により侵攻されたことにより、散逸したイブン・スィーナーの著書は、何か?,『公正な判断の書』,Lexical variation (world knowledge)
639,223,イブン・スィーナー,日々の激務に体を蝕まれたイブン・スィーナーは腹痛に苦しむようになり、自身に施した浣腸などの治療によって、容体はますます悪化していく。1037年にイブン・スィーナーはアラー・ウッダウラのハマダーン遠征に同行し、行軍中に病に倒れる。死の2週間前、イブン・スィーナーは一切の治療を拒み、貧者に施しを与えて所有していた奴隷を解放し、毎日クルアーンを朗読していたと伝えられている。同年6月18日にイブン・スィーナーはハマダーンで生涯を終える。死因は胃癌(あるいは赤痢)だと考えられており、没時のイブン・スィーナーに家族は無かった。,イブン・スィーナーはどこへの遠征に出かけ、病に倒れたの?,ハマダーン,Syntactic variation
640,223,イブン・スィーナー,日々の激務に体を蝕まれたイブン・スィーナーは腹痛に苦しむようになり、自身に施した浣腸などの治療によって、容体はますます悪化していく。1037年にイブン・スィーナーはアラー・ウッダウラのハマダーン遠征に同行し、行軍中に病に倒れる。死の2週間前、イブン・スィーナーは一切の治療を拒み、貧者に施しを与えて所有していた奴隷を解放し、毎日クルアーンを朗読していたと伝えられている。同年6月18日にイブン・スィーナーはハマダーンで生涯を終える。死因は胃癌(あるいは赤痢)だと考えられており、没時のイブン・スィーナーに家族は無かった。,アラー・ウッダウラがハマダーン遠征に出かけたのは、何年のことですか?,1037年,Lexical variation (world knowledge)
641,223,イブン・スィーナー,日々の激務に体を蝕まれたイブン・スィーナーは腹痛に苦しむようになり、自身に施した浣腸などの治療によって、容体はますます悪化していく。1037年にイブン・スィーナーはアラー・ウッダウラのハマダーン遠征に同行し、行軍中に病に倒れる。死の2週間前、イブン・スィーナーは一切の治療を拒み、貧者に施しを与えて所有していた奴隷を解放し、毎日クルアーンを朗読していたと伝えられている。同年6月18日にイブン・スィーナーはハマダーンで生涯を終える。死因は胃癌(あるいは赤痢)だと考えられており、没時のイブン・スィーナーに家族は無かった。,イブン・スィーナーは、何年に死去したか?,1037年,Multiple sentence reasoning
642,223,イブン・スィーナー,日々の激務に体を蝕まれたイブン・スィーナーは腹痛に苦しむようになり、自身に施した浣腸などの治療によって、容体はますます悪化していく。1037年にイブン・スィーナーはアラー・ウッダウラのハマダーン遠征に同行し、行軍中に病に倒れる。死の2週間前、イブン・スィーナーは一切の治療を拒み、貧者に施しを与えて所有していた奴隷を解放し、毎日クルアーンを朗読していたと伝えられている。同年6月18日にイブン・スィーナーはハマダーンで生涯を終える。死因は胃癌(あるいは赤痢)だと考えられており、没時のイブン・スィーナーに家族は無かった。,イブン・スィーナーが所有していた奴隷が解放されたのは、1037年の何月のことだったか?,6月,Multiple sentence reasoning
643,224,静岡市立御幸町図書館,"静岡市立御幸町図書館(しずおかしりつみゆきちょうとしょかん)は、静岡県静岡市葵区御幸町にある公共図書館。
市街地中心部の複合ビル「ペガサートビル」内にある。
2004年9月17日に開館した。
静岡市庁舎内にあった静岡市立追手町図書館の後継館であり、12館ある静岡市立図書館のひとつである。
蔵書数では12館中6位、貸出数では12館中4位だが、入館者数では12館中1位である(2014年度)。
図書館の構想段階からビジネス支援サービスを取り入れた先進的な図書館である。",静岡市立御幸町図書館は何のビルの中に入っているの?,「ペガサートビル」,Multiple sentence reasoning
644,224,静岡市立御幸町図書館,"静岡市立御幸町図書館(しずおかしりつみゆきちょうとしょかん)は、静岡県静岡市葵区御幸町にある公共図書館。
市街地中心部の複合ビル「ペガサートビル」内にある。
2004年9月17日に開館した。
静岡市庁舎内にあった静岡市立追手町図書館の後継館であり、12館ある静岡市立図書館のひとつである。
蔵書数では12館中6位、貸出数では12館中4位だが、入館者数では12館中1位である(2014年度)。
図書館の構想段階からビジネス支援サービスを取り入れた先進的な図書館である。",静岡市立御幸町図書館はいつ開館しましたか?,2004年9月17日,Multiple sentence reasoning
645,224,静岡市立御幸町図書館,"静岡市立御幸町図書館(しずおかしりつみゆきちょうとしょかん)は、静岡県静岡市葵区御幸町にある公共図書館。
市街地中心部の複合ビル「ペガサートビル」内にある。
2004年9月17日に開館した。
静岡市庁舎内にあった静岡市立追手町図書館の後継館であり、12館ある静岡市立図書館のひとつである。
蔵書数では12館中6位、貸出数では12館中4位だが、入館者数では12館中1位である(2014年度)。
図書館の構想段階からビジネス支援サービスを取り入れた先進的な図書館である。",2014年度の入館者数と貸出数はどちらの順位が良いですか?,入館者数,Logical reasoning
646,224,静岡市立御幸町図書館,"静岡市立御幸町図書館(しずおかしりつみゆきちょうとしょかん)は、静岡県静岡市葵区御幸町にある公共図書館。
市街地中心部の複合ビル「ペガサートビル」内にある。
2004年9月17日に開館した。
静岡市庁舎内にあった静岡市立追手町図書館の後継館であり、12館ある静岡市立図書館のひとつである。
蔵書数では12館中6位、貸出数では12館中4位だが、入館者数では12館中1位である(2014年度)。
図書館の構想段階からビジネス支援サービスを取り入れた先進的な図書館である。",2014年度の蔵書数と貸出数はどちらの順位が良いですか?,貸出数,Logical reasoning
647,225,静岡市立御幸町図書館,"1969年(昭和34年)には静岡市初の公立図書館として、追手町に静岡市立図書館が開館した。
静岡市立図書館の老朽化にともなって、1984年(昭和59年)には城北地区の大岩本町に静岡市立中央図書館が開館。
これによって中心市街地から図書館がなくなったため、1986年(昭和61年)には静岡市役所新庁舎3階のワンフロアに静岡市立追手町図書館が開館した。
その立地から行政資料コーナーの存在が特色であり、静岡市役所総務課市史編纂室が所管していた自治体市史類を引き継いでいる。",静岡市立図書館と静岡市立中央図書館はどちらが先に開館したの?,静岡市立図書館,Logical reasoning
648,225,静岡市立御幸町図書館,"1969年(昭和34年)には静岡市初の公立図書館として、追手町に静岡市立図書館が開館した。
静岡市立図書館の老朽化にともなって、1984年(昭和59年)には城北地区の大岩本町に静岡市立中央図書館が開館。
これによって中心市街地から図書館がなくなったため、1986年(昭和61年)には静岡市役所新庁舎3階のワンフロアに静岡市立追手町図書館が開館した。
その立地から行政資料コーナーの存在が特色であり、静岡市役所総務課市史編纂室が所管していた自治体市史類を引き継いでいる。",静岡市立図書館、静岡市立中央図書館、静岡市立追手町図書館の中で最も遅く開館したものは何?,静岡市立追手町図書館,Logical reasoning
649,226,静岡市立御幸町図書館,"追手町図書館は中心市街地にあることから、中央図書館と間違えて来訪する利用者も少なくなかった。
平日は市役所の駐車場を無料で利用することができ、この駐車場は休日のみ有料となった。
1998年度の追手町図書館の蔵書数109,312冊は、中央図書館の蔵書数515,326冊の約1/5であるが、追手町図書館の貸出数337,969冊は、中央図書館の貸出数684,489冊の約1/2に達している。",1998年度の蔵書数が多かったのは追手町図書館と中央図書館のどちらですか?,中央図書館,Logical reasoning
650,226,静岡市立御幸町図書館,"追手町図書館は中心市街地にあることから、中央図書館と間違えて来訪する利用者も少なくなかった。
平日は市役所の駐車場を無料で利用することができ、この駐車場は休日のみ有料となった。
1998年度の追手町図書館の蔵書数109,312冊は、中央図書館の蔵書数515,326冊の約1/5であるが、追手町図書館の貸出数337,969冊は、中央図書館の貸出数684,489冊の約1/2に達している。",1998年度の貸出数が多かったのは追手町図書館と中央図書館のどちらですか?,中央図書館,Logical reasoning
651,226,静岡市立御幸町図書館,"追手町図書館は中心市街地にあることから、中央図書館と間違えて来訪する利用者も少なくなかった。
平日は市役所の駐車場を無料で利用することができ、この駐車場は休日のみ有料となった。
1998年度の追手町図書館の蔵書数109,312冊は、中央図書館の蔵書数515,326冊の約1/5であるが、追手町図書館の貸出数337,969冊は、中央図書館の貸出数684,489冊の約1/2に達している。",駐車場が有料となるのは平日と休日のどちらですか?,休日,Lexical variation (world knowledge)
652,227,静岡市立御幸町図書館,"1998年(平成10年)頃には静岡市立図書館の職員のプロジェクトチームが中央図書館を中心市街地に移転させる構想を打ち出した。
2000年には中心市街地の御幸町と伝馬町に再開発ビルを建設することが決定したため、静岡市はこの再開発ビルの4フロアを購入して、2フロア分を図書館に、残りの2フロアを都市型産業支援施設に宛てることとした。
図書館2フロア分の延床面積は約2,000mであり、延床面積の狭さなどの問題から中央図書館を移転させるのは困難だったため、近隣の追手町図書館を複合ビルに移転させることとした。
このビルは静岡鉄道新静岡駅とバスターミナルがある新静岡センターと向かい合っており、静岡市でもっとも賑わいのあるエリアに位置する。
複合ビルの設計は静岡市内で葵タワーなども手掛けることになるアール・アイ・エー。",4フロアのうち何フロアを図書館として利用することにしたの?,2フロア,Lexical variation (synonymy)
653,227,静岡市立御幸町図書館,"1998年(平成10年)頃には静岡市立図書館の職員のプロジェクトチームが中央図書館を中心市街地に移転させる構想を打ち出した。
2000年には中心市街地の御幸町と伝馬町に再開発ビルを建設することが決定したため、静岡市はこの再開発ビルの4フロアを購入して、2フロア分を図書館に、残りの2フロアを都市型産業支援施設に宛てることとした。
図書館2フロア分の延床面積は約2,000mであり、延床面積の狭さなどの問題から中央図書館を移転させるのは困難だったため、近隣の追手町図書館を複合ビルに移転させることとした。
このビルは静岡鉄道新静岡駅とバスターミナルがある新静岡センターと向かい合っており、静岡市でもっとも賑わいのあるエリアに位置する。
複合ビルの設計は静岡市内で葵タワーなども手掛けることになるアール・アイ・エー。",複合ビルの設計会社はどこ?,アール・アイ・エー,Lexical variation (world knowledge)
654,227,静岡市立御幸町図書館,"1998年(平成10年)頃には静岡市立図書館の職員のプロジェクトチームが中央図書館を中心市街地に移転させる構想を打ち出した。
2000年には中心市街地の御幸町と伝馬町に再開発ビルを建設することが決定したため、静岡市はこの再開発ビルの4フロアを購入して、2フロア分を図書館に、残りの2フロアを都市型産業支援施設に宛てることとした。
図書館2フロア分の延床面積は約2,000mであり、延床面積の狭さなどの問題から中央図書館を移転させるのは困難だったため、近隣の追手町図書館を複合ビルに移転させることとした。
このビルは静岡鉄道新静岡駅とバスターミナルがある新静岡センターと向かい合っており、静岡市でもっとも賑わいのあるエリアに位置する。
複合ビルの設計は静岡市内で葵タワーなども手掛けることになるアール・アイ・エー。",葵タワーの設計会社はどこ?,アール・アイ・エー,Lexical variation (world knowledge)
655,228,静岡市立御幸町図書館,"2001年(平成13年)4月1日には基本構想等策定委員会が設置され、栗田仁(建築家)、草谷桂子(児童文学者)、杉田至朗(静岡新聞論説委員)、竹内比呂也(図書館情報学者)、平野雅彦(情報プランナー)の5人が委員に就任。
静岡市が基本構想策定委員会を設けるのは、(中央館ではない)地域館としては異例のことである。
2002年5月10日には「仮称静岡市立御幸町伝馬町地区図書館基本構想」が策定され、「ビジネス支援サービス」というコンセプトが明確にされた。",基本構想等策定委員会は何人によって構成されていますか?,5人,Lexical variation (world knowledge)
656,228,静岡市立御幸町図書館,"2001年(平成13年)4月1日には基本構想等策定委員会が設置され、栗田仁(建築家)、草谷桂子(児童文学者)、杉田至朗(静岡新聞論説委員)、竹内比呂也(図書館情報学者)、平野雅彦(情報プランナー)の5人が委員に就任。
静岡市が基本構想策定委員会を設けるのは、(中央館ではない)地域館としては異例のことである。
2002年5月10日には「仮称静岡市立御幸町伝馬町地区図書館基本構想」が策定され、「ビジネス支援サービス」というコンセプトが明確にされた。",栗田仁の職業は何ですか?,建築家,Lexical variation (world knowledge)
657,228,静岡市立御幸町図書館,"2001年(平成13年)4月1日には基本構想等策定委員会が設置され、栗田仁(建築家)、草谷桂子(児童文学者)、杉田至朗(静岡新聞論説委員)、竹内比呂也(図書館情報学者)、平野雅彦(情報プランナー)の5人が委員に就任。
静岡市が基本構想策定委員会を設けるのは、(中央館ではない)地域館としては異例のことである。
2002年5月10日には「仮称静岡市立御幸町伝馬町地区図書館基本構想」が策定され、「ビジネス支援サービス」というコンセプトが明確にされた。",草谷桂子の職業は何ですか?,児童文学者,Lexical variation (world knowledge)
658,228,静岡市立御幸町図書館,"2001年(平成13年)4月1日には基本構想等策定委員会が設置され、栗田仁(建築家)、草谷桂子(児童文学者)、杉田至朗(静岡新聞論説委員)、竹内比呂也(図書館情報学者)、平野雅彦(情報プランナー)の5人が委員に就任。
静岡市が基本構想策定委員会を設けるのは、(中央館ではない)地域館としては異例のことである。
2002年5月10日には「仮称静岡市立御幸町伝馬町地区図書館基本構想」が策定され、「ビジネス支援サービス」というコンセプトが明確にされた。",平野雅彦の職業は何?,情報プランナー,Lexical variation (world knowledge)
659,229,静岡市立御幸町図書館,"2003年(平成15年)4月1日には旧静岡市と清水市が合併して新静岡市となった。
同月には静岡市職員の渡邉正人が追手町図書館の館長に就任。
渡邉は自治体職員として庶務、相談員、施設管理、経理など様々な職種を経て、静岡市立南部図書館で2年間実務を経験した上で追手町図書館長に就任している。
2004年4月1日には静岡中央図書館と清水中央図書館が統合され、静岡中央図書館が新静岡市の中央図書館となった。",渡邉正人が追手町図書館の館長に就任したのは何年ですか?,2003年,Multiple sentence reasoning
660,230,静岡市立御幸町図書館,"2004年(平成16年)9月17日、追手町図書館の御幸町への移転という形をとって静岡市立御幸町図書館が開館した。
館長は公募を行うことも検討されたが、追手町図書館長の渡邉がそのまま御幸町図書館長に就任している。
追手町図書館の閉館時の蔵書数は約11万冊、開館した御幸町図書館の所蔵可能冊数は18万冊であるため、ゆったりとした書架での出発となった。",追手町図書館の閉館時の蔵書数は?,約11万冊,Syntactic variation
661,231,静岡市立御幸町図書館,"旧静岡市と旧清水市では図書館の開館時間が異なっていたが、2005年(平成17年)5月には静岡市の全館を旧清水市の開館時間に合わせ、午前9時30分開館となった。
2003年度の追手町図書館と2004年度の御幸町図書館の統計を比較すると、入館者数は1.6倍(1,918人/日)に、貸出点数は1.4倍(1,398点/日)に増加している。
2006年4月には第2代館長に豊田高広が就任。
豊田は静岡市職員として社会教育分野に携わり、静岡市中央図書館を経て2004年9月の開館時に御幸町図書館に転任していた。",豊田高広が御幸町図書館の館長に就任したのはいつでしたか?,2006年4月,Multiple sentence reasoning
662,231,静岡市立御幸町図書館,"旧静岡市と旧清水市では図書館の開館時間が異なっていたが、2005年(平成17年)5月には静岡市の全館を旧清水市の開館時間に合わせ、午前9時30分開館となった。
2003年度の追手町図書館と2004年度の御幸町図書館の統計を比較すると、入館者数は1.6倍(1,918人/日)に、貸出点数は1.4倍(1,398点/日)に増加している。
2006年4月には第2代館長に豊田高広が就任。
豊田は静岡市職員として社会教育分野に携わり、静岡市中央図書館を経て2004年9月の開館時に御幸町図書館に転任していた。",御幸町図書館の2代目館長を務めた人は誰?,豊田高広,Lexical variation (synonymy)
663,232,静岡市立御幸町図書館,"ビジネス支援サービスなどが評価され、2006年(平成18年)には文部科学省の「これからの図書館像」で9つの先進事例の一つとして紹介された。
その立地を生かしたビジネス支援サービスを計画的に展開している点が評価され、2007年(平成19年)にはLibraryoftheYearの優秀賞と会場賞を受賞した。
同年の大賞には滋賀県愛荘町の愛荘町立愛知川図書館が選ばれている。",2007年にLibraryoftheYearで受賞したのは会場賞と何でしたか?,優秀賞,Syntactic variation
664,232,静岡市立御幸町図書館,"ビジネス支援サービスなどが評価され、2006年(平成18年)には文部科学省の「これからの図書館像」で9つの先進事例の一つとして紹介された。
その立地を生かしたビジネス支援サービスを計画的に展開している点が評価され、2007年(平成19年)にはLibraryoftheYearの優秀賞と会場賞を受賞した。
同年の大賞には滋賀県愛荘町の愛荘町立愛知川図書館が選ばれている。",愛荘町立愛知川図書館がLibraryoftheYearの大賞を受賞したのは何年でしたか?,2007年,Multiple sentence reasoning
665,233,静岡市立御幸町図書館,"御幸町図書館の特徴はビジネス支援サービスと多言語サービスであり、書架の約半分はビジネス支援または多言語サービスが占めている。
早い時期からビジネス支援サービスを本格的に実施していた図書館として、新聞や専門誌などに紹介されている。
一般的な図書館における貸出の中心は児童書や文芸書であるが、御幸町図書館では書架の配置にしても所蔵冊数にしても脇役の地位にある。
約400タイトルある新聞・雑誌の半分以上はビジネス関連である。",ビジネス関連の新聞や雑誌のタイトルはいくつありますか?,約400タイトル,Lexical variation (synonymy)
666,233,静岡市立御幸町図書館,"御幸町図書館の特徴はビジネス支援サービスと多言語サービスであり、書架の約半分はビジネス支援または多言語サービスが占めている。
早い時期からビジネス支援サービスを本格的に実施していた図書館として、新聞や専門誌などに紹介されている。
一般的な図書館における貸出の中心は児童書や文芸書であるが、御幸町図書館では書架の配置にしても所蔵冊数にしても脇役の地位にある。
約400タイトルある新聞・雑誌の半分以上はビジネス関連である。",早い時期からビジネス支援サービスを本格的に実施していた図書館とは何ですか?,御幸町図書館,Multiple sentence reasoning
667,234,静岡市立御幸町図書館,"図書館内には約30台のPCが設置されており、2007年時点で約20タイトルの商用データベースにアクセスすることができる。
開館時には図書へのICチップの導入や自動貸出機の導入も検討されたが、静岡市立図書館全体の電算システムとの整合性の問題から実現していない。",図書館内には何台のパソコンが置いてありますか?,約30台,Lexical variation (synonymy)
668,235,静岡市立御幸町図書館,"2003年(平成15年)に旧静岡市と清水市が合併して新静岡市となり、静岡市は2005年(平成17年)に政令指定都市に移行して行政区を導入した。
静岡市に3つある行政区のうち、葵区には静岡市立中央図書館や御幸町図書館を含めて5つの図書館が存在する。
中央図書館は静岡市の中心市街地からやや離れた城北地区にあり、御幸町図書館とはサービスの住み分けがなされている。
2005年にワード研究所がインターネット上で行った自治体公共サービス満足度調査によると、「図書館の満足度」で葵区は千葉県浦安市(浦安市立図書館)についで全国2位タイだった。",新静岡市が誕生したのは何年ですか?,2003年,Lexical variation (synonymy)
669,235,静岡市立御幸町図書館,"2003年(平成15年)に旧静岡市と清水市が合併して新静岡市となり、静岡市は2005年(平成17年)に政令指定都市に移行して行政区を導入した。
静岡市に3つある行政区のうち、葵区には静岡市立中央図書館や御幸町図書館を含めて5つの図書館が存在する。
中央図書館は静岡市の中心市街地からやや離れた城北地区にあり、御幸町図書館とはサービスの住み分けがなされている。
2005年にワード研究所がインターネット上で行った自治体公共サービス満足度調査によると、「図書館の満足度」で葵区は千葉県浦安市(浦安市立図書館)についで全国2位タイだった。",2005年の「図書館の満足度」が1位だった図書館はどこですか?,浦安市立図書館,Lexical variation (world knowledge)
670,235,静岡市立御幸町図書館,"2003年(平成15年)に旧静岡市と清水市が合併して新静岡市となり、静岡市は2005年(平成17年)に政令指定都市に移行して行政区を導入した。
静岡市に3つある行政区のうち、葵区には静岡市立中央図書館や御幸町図書館を含めて5つの図書館が存在する。
中央図書館は静岡市の中心市街地からやや離れた城北地区にあり、御幸町図書館とはサービスの住み分けがなされている。
2005年にワード研究所がインターネット上で行った自治体公共サービス満足度調査によると、「図書館の満足度」で葵区は千葉県浦安市(浦安市立図書館)についで全国2位タイだった。",新静岡市は旧静岡市と何市が合わされた市ですか?,清水市,Lexical variation (synonymy)
671,235,静岡市立御幸町図書館,"2003年(平成15年)に旧静岡市と清水市が合併して新静岡市となり、静岡市は2005年(平成17年)に政令指定都市に移行して行政区を導入した。
静岡市に3つある行政区のうち、葵区には静岡市立中央図書館や御幸町図書館を含めて5つの図書館が存在する。
中央図書館は静岡市の中心市街地からやや離れた城北地区にあり、御幸町図書館とはサービスの住み分けがなされている。
2005年にワード研究所がインターネット上で行った自治体公共サービス満足度調査によると、「図書館の満足度」で葵区は千葉県浦安市(浦安市立図書館)についで全国2位タイだった。",2005年の「図書館の満足度」が2位だった図書館はどこですか?,御幸町図書館,Multiple sentence reasoning
672,236,静岡市立御幸町図書館,"御幸町図書館は静岡市街地中心部にある複合ビル「ペガサートビル」の4階と5階の2フロアを使用しており、それぞれのフロアにカウンターが設置されている。
地域図書館としての機能(児童・ヤングアダルト・生活・健康・文芸)は4階、ビジネス支援、法律・経済・産業・静岡関連資料、外国語資料は5階に振り分けている。
同一ビルの6階と7階には静岡市が運営する静岡市産学交流センターが入居しており、図書館と産学交流センターは連携してビジネス支援サービスを行っている。
御幸町図書館と産学交流センターの二つの施設には「B-nest」(ビネスト)という愛称が付けられている。
産学交流センターには指定管理者が導入されているが、御幸町図書館は静岡市の直営である。",外国語資料は何階に配置されているの?,5階,Lexical variation (synonymy)
673,236,静岡市立御幸町図書館,"御幸町図書館は静岡市街地中心部にある複合ビル「ペガサートビル」の4階と5階の2フロアを使用しており、それぞれのフロアにカウンターが設置されている。
地域図書館としての機能(児童・ヤングアダルト・生活・健康・文芸)は4階、ビジネス支援、法律・経済・産業・静岡関連資料、外国語資料は5階に振り分けている。
同一ビルの6階と7階には静岡市が運営する静岡市産学交流センターが入居しており、図書館と産学交流センターは連携してビジネス支援サービスを行っている。
御幸町図書館と産学交流センターの二つの施設には「B-nest」(ビネスト)という愛称が付けられている。
産学交流センターには指定管理者が導入されているが、御幸町図書館は静岡市の直営である。",児童図書は何階に配置されているの?,4階,Lexical variation (synonymy)
674,236,静岡市立御幸町図書館,"御幸町図書館は静岡市街地中心部にある複合ビル「ペガサートビル」の4階と5階の2フロアを使用しており、それぞれのフロアにカウンターが設置されている。
地域図書館としての機能(児童・ヤングアダルト・生活・健康・文芸)は4階、ビジネス支援、法律・経済・産業・静岡関連資料、外国語資料は5階に振り分けている。
同一ビルの6階と7階には静岡市が運営する静岡市産学交流センターが入居しており、図書館と産学交流センターは連携してビジネス支援サービスを行っている。
御幸町図書館と産学交流センターの二つの施設には「B-nest」(ビネスト)という愛称が付けられている。
産学交流センターには指定管理者が導入されているが、御幸町図書館は静岡市の直営である。",健康関連の図書は何階にあるの?,4階,Lexical variation (synonymy)
675,236,静岡市立御幸町図書館,"御幸町図書館は静岡市街地中心部にある複合ビル「ペガサートビル」の4階と5階の2フロアを使用しており、それぞれのフロアにカウンターが設置されている。
地域図書館としての機能(児童・ヤングアダルト・生活・健康・文芸)は4階、ビジネス支援、法律・経済・産業・静岡関連資料、外国語資料は5階に振り分けている。
同一ビルの6階と7階には静岡市が運営する静岡市産学交流センターが入居しており、図書館と産学交流センターは連携してビジネス支援サービスを行っている。
御幸町図書館と産学交流センターの二つの施設には「B-nest」(ビネスト)という愛称が付けられている。
産学交流センターには指定管理者が導入されているが、御幸町図書館は静岡市の直営である。",法律関係の資料は何階にあるの?,5階,Lexical variation (synonymy)
676,237,静岡市立御幸町図書館,"公共図書館には珍しく専用駐車場がなく、自動車で来訪した利用者はペガサートビルの有料駐車場を使用する必要がある。
御幸町図書館は開館時から徒歩または公共交通機関による来訪を想定している。
バスや電車を利用する通勤通学者の利用者比率が高かったために、無料駐車場がないことへの苦情はほとんどないという。
自動車での来訪者が少ないことで、一度の利用における貸出冊数は少なく、開館1年後時点では他館の平均が3.3-3.5冊だったのに対して、御幸町図書館は2.4冊だった。",開館1年後時点の貸出冊数の平均が少なかったのは他館と御幸町図書館のどちらですか?,御幸町図書館,Logical reasoning
677,237,静岡市立御幸町図書館,"公共図書館には珍しく専用駐車場がなく、自動車で来訪した利用者はペガサートビルの有料駐車場を使用する必要がある。
御幸町図書館は開館時から徒歩または公共交通機関による来訪を想定している。
バスや電車を利用する通勤通学者の利用者比率が高かったために、無料駐車場がないことへの苦情はほとんどないという。
自動車での来訪者が少ないことで、一度の利用における貸出冊数は少なく、開館1年後時点では他館の平均が3.3-3.5冊だったのに対して、御幸町図書館は2.4冊だった。",車で図書館に来訪した場合、利用しないといけないものは何ですか?,有料駐車場,Lexical variation (synonymy)
678,238,静岡市立御幸町図書館,"御幸町図書館では経済・経営関係の図書・雑誌・新聞・データベースを幅広く提供しており、図書に関しては入門書・実用書・パンフレット・統計書・年鑑の収集に力を入れている。
中でも特に静岡県の企業や経済に関する資料の収集を重視しており、いわゆる灰色文献も収集している。
議員・NPO法人・公務員などが活動に利用できるよう、法律情報に関する文献も重点的に収集している。
同一ビル内の産学交流センターと連携し、産学交流センターが注力している資料の収集や産学交流センターの利用促進に努めている。
科学技術情報や特許情報については基礎的なサービスを提供し、静岡県立中央図書館や大学図書館などの図書館間連携や、発明協会など関連機関との連携を重視している。
これらのビジネス支援は御幸町図書館単独の事業ではなく、静岡市役所産業政策課などとの産学官連携の枠組みの中に位置づけられている。",御幸町図書館が図書館間連携を行っているのは大学図書館とどこですか?,静岡県立中央図書館,Syntactic variation
679,238,静岡市立御幸町図書館,"御幸町図書館では経済・経営関係の図書・雑誌・新聞・データベースを幅広く提供しており、図書に関しては入門書・実用書・パンフレット・統計書・年鑑の収集に力を入れている。
中でも特に静岡県の企業や経済に関する資料の収集を重視しており、いわゆる灰色文献も収集している。
議員・NPO法人・公務員などが活動に利用できるよう、法律情報に関する文献も重点的に収集している。
同一ビル内の産学交流センターと連携し、産学交流センターが注力している資料の収集や産学交流センターの利用促進に努めている。
科学技術情報や特許情報については基礎的なサービスを提供し、静岡県立中央図書館や大学図書館などの図書館間連携や、発明協会など関連機関との連携を重視している。
これらのビジネス支援は御幸町図書館単独の事業ではなく、静岡市役所産業政策課などとの産学官連携の枠組みの中に位置づけられている。",御幸町図書館が他地域の図書館以外で連携を重視している機関はどこですか?,発明協会,Lexical variation (synonymy)
680,239,静岡市立御幸町図書館,"1999年(平成11年)の旧静岡市と清水市の外国人登録人口は計6,163人だったが、近年に両地域の外国人人口は急成長しており、2003年(平成15年)には計7,933人となった。
御幸町図書館の基本構想における柱はビジネス支援サービスのみだったが、その後多言語サービスも柱の一つに位置づけられた。",外国人登録人口が多いのは1999年と2003年のどちらですか?,2003年,Logical reasoning
681,239,静岡市立御幸町図書館,"1999年(平成11年)の旧静岡市と清水市の外国人登録人口は計6,163人だったが、近年に両地域の外国人人口は急成長しており、2003年(平成15年)には計7,933人となった。
御幸町図書館の基本構想における柱はビジネス支援サービスのみだったが、その後多言語サービスも柱の一つに位置づけられた。",1999年の外国人登録人口は何人でしたか?,"6,163人",Syntactic variation
682,239,静岡市立御幸町図書館,"1999年(平成11年)の旧静岡市と清水市の外国人登録人口は計6,163人だったが、近年に両地域の外国人人口は急成長しており、2003年(平成15年)には計7,933人となった。
御幸町図書館の基本構想における柱はビジネス支援サービスのみだったが、その後多言語サービスも柱の一つに位置づけられた。",2003年の外国人登録人口は何人でしたか?,"7,933人",Syntactic variation
683,240,静岡市立御幸町図書館,"今日では静岡市の人口の約1%を外国人が占めている。
御幸町図書館が行っている多言語サービスの利用者層は、特に中国や韓国などアジア出身の留学生、英語圏出身の社会人と想定している。
静岡市に在住する外国人の国籍を反映し、英語、中国語、ブラジルポルトガル語、韓国語で書かれた資料を収集している。
2007年(平成19年)時点では各言語のベストセラー、生活実用書、文芸書、児童書、日本語学習書など書籍約4,000冊、雑誌・新聞40タイトルを収集しており、日常生活や観光などのパンフレットやチラシも収集している。
御幸町図書館は静岡市国際課や静岡市国際交流協会などと協力関係にある。",静岡市の人口に占めている外国人の割合はどれくらいですか?,約1%,Lexical variation (world knowledge)
684,240,静岡市立御幸町図書館,"今日では静岡市の人口の約1%を外国人が占めている。
御幸町図書館が行っている多言語サービスの利用者層は、特に中国や韓国などアジア出身の留学生、英語圏出身の社会人と想定している。
静岡市に在住する外国人の国籍を反映し、英語、中国語、ブラジルポルトガル語、韓国語で書かれた資料を収集している。
2007年(平成19年)時点では各言語のベストセラー、生活実用書、文芸書、児童書、日本語学習書など書籍約4,000冊、雑誌・新聞40タイトルを収集しており、日常生活や観光などのパンフレットやチラシも収集している。
御幸町図書館は静岡市国際課や静岡市国際交流協会などと協力関係にある。",2007年に収集されていた多言語の書籍は何冊でしたか?,"約4,000冊",Lexical variation (synonymy)
685,240,静岡市立御幸町図書館,"今日では静岡市の人口の約1%を外国人が占めている。
御幸町図書館が行っている多言語サービスの利用者層は、特に中国や韓国などアジア出身の留学生、英語圏出身の社会人と想定している。
静岡市に在住する外国人の国籍を反映し、英語、中国語、ブラジルポルトガル語、韓国語で書かれた資料を収集している。
2007年(平成19年)時点では各言語のベストセラー、生活実用書、文芸書、児童書、日本語学習書など書籍約4,000冊、雑誌・新聞40タイトルを収集しており、日常生活や観光などのパンフレットやチラシも収集している。
御幸町図書館は静岡市国際課や静岡市国際交流協会などと協力関係にある。",御幸町図書館が協力関係にあるのは静岡市国際課とどこですか?,静岡市国際交流協会,Syntactic variation
686,241,静岡市立御幸町図書館,"2014年度のレファレンス件数は7,917件であり、清水中央図書館の6,043件、中央図書館の3,836件などを抑えて市内最多だった。
静岡市の全館のレファレンス件数合計は42,560件だった。
2014年度の入館者数は467,780人であり、南部図書館の437,138人、中央図書館の331,897人などを抑えて市内最多だった。
静岡市の全館の入館者数合計は2,432,014人だった。",2014年度のレファレンス件数が多かったのは清水中央図書館と中央図書館のどちらですか?,清水中央図書館,Logical reasoning
687,241,静岡市立御幸町図書館,"2014年度のレファレンス件数は7,917件であり、清水中央図書館の6,043件、中央図書館の3,836件などを抑えて市内最多だった。
静岡市の全館のレファレンス件数合計は42,560件だった。
2014年度の入館者数は467,780人であり、南部図書館の437,138人、中央図書館の331,897人などを抑えて市内最多だった。
静岡市の全館の入館者数合計は2,432,014人だった。",2014年度の入館者数が多かったのは南部図書館と中央図書館のどちらですか?,南部図書館,Logical reasoning
688,241,静岡市立御幸町図書館,"2014年度のレファレンス件数は7,917件であり、清水中央図書館の6,043件、中央図書館の3,836件などを抑えて市内最多だった。
静岡市の全館のレファレンス件数合計は42,560件だった。
2014年度の入館者数は467,780人であり、南部図書館の437,138人、中央図書館の331,897人などを抑えて市内最多だった。
静岡市の全館の入館者数合計は2,432,014人だった。",2014年度の静岡市の全館のレファレンス件数は合計何件でしたか?,"42,560件",Multiple sentence reasoning
689,241,静岡市立御幸町図書館,"2014年度のレファレンス件数は7,917件であり、清水中央図書館の6,043件、中央図書館の3,836件などを抑えて市内最多だった。
静岡市の全館のレファレンス件数合計は42,560件だった。
2014年度の入館者数は467,780人であり、南部図書館の437,138人、中央図書館の331,897人などを抑えて市内最多だった。
静岡市の全館の入館者数合計は2,432,014人だった。",2014年度の静岡市の全館の入館者数の合計は何人でしたか?,"2,432,014人",Multiple sentence reasoning
690,242,陸前高田市立図書館,"陸前高田市立図書館(りくぜんたかたしりつとしょかん、RikuzentakataPublicLibrary)は、岩手県陸前高田市の公共図書館。
1964年に設置された。
2011年3月11日の東日本大震災で壊滅的な被害を受け、2012年からはログハウスの仮設館で業務を行っていたが、2017年7月20日に新図書館が開館した。
震災後には市立図書館のほかに3館の私設図書館が陸前高田市内で活動を行っている。",陸前高田市立図書館が壊滅的被害を受けた自然災害とは何?,東日本大震災,Lexical variation (world knowledge)
691,242,陸前高田市立図書館,"陸前高田市立図書館(りくぜんたかたしりつとしょかん、RikuzentakataPublicLibrary)は、岩手県陸前高田市の公共図書館。
1964年に設置された。
2011年3月11日の東日本大震災で壊滅的な被害を受け、2012年からはログハウスの仮設館で業務を行っていたが、2017年7月20日に新図書館が開館した。
震災後には市立図書館のほかに3館の私設図書館が陸前高田市内で活動を行っている。",陸前高田市立図書館ができた年はいつ?,1964年,Multiple sentence reasoning
692,242,陸前高田市立図書館,"陸前高田市立図書館(りくぜんたかたしりつとしょかん、RikuzentakataPublicLibrary)は、岩手県陸前高田市の公共図書館。
1964年に設置された。
2011年3月11日の東日本大震災で壊滅的な被害を受け、2012年からはログハウスの仮設館で業務を行っていたが、2017年7月20日に新図書館が開館した。
震災後には市立図書館のほかに3館の私設図書館が陸前高田市内で活動を行っている。",震災後に陸前高田市立図書館の新図書館がオープンしたのはいつ?,2017年7月20日,Lexical variation (synonymy)
693,243,陸前高田市立図書館,"陸前高田市の前身となる自治体では、1924年1月26日に竹駒村の竹駒村立小学校に竹駒村立図書館が、同年3月8日に米崎村の米崎村立小学校に米崎村立図書館が、同年3月15日に広田村の広田村立小学校に広田村立図書館が、いずれも摂政宮(後の昭和天皇)殿下御成婚記念事業として設置された。
竹駒村立図書館と米崎村立図書館では小学校長が図書館長を兼任している。
1930年12月1日には高田町の高田町立小学校に高田町立図書館が設置され、翌1931年5月に高田町青年会館に移転した。
この図書館は425冊の図書を備え、年間2,000人が利用したが、施設は不十分だったという。
1931年7月23日から8月31日には、風光明媚な高田松原に臨時の海浜図書館が開設された。",広田村立図書館、竹駒村立図書館、米崎村立図書館の中で最初に設置されたのはどれですか?,竹駒村立図書館,Logical reasoning
694,243,陸前高田市立図書館,"陸前高田市の前身となる自治体では、1924年1月26日に竹駒村の竹駒村立小学校に竹駒村立図書館が、同年3月8日に米崎村の米崎村立小学校に米崎村立図書館が、同年3月15日に広田村の広田村立小学校に広田村立図書館が、いずれも摂政宮(後の昭和天皇)殿下御成婚記念事業として設置された。
竹駒村立図書館と米崎村立図書館では小学校長が図書館長を兼任している。
1930年12月1日には高田町の高田町立小学校に高田町立図書館が設置され、翌1931年5月に高田町青年会館に移転した。
この図書館は425冊の図書を備え、年間2,000人が利用したが、施設は不十分だったという。
1931年7月23日から8月31日には、風光明媚な高田松原に臨時の海浜図書館が開設された。",竹駒村立図書館、米崎村立図書館、広田村立図書館の中で小学校長と図書館長が兼任していないのはどれですか?,広田村立図書館,Lexical variation (world knowledge)
695,243,陸前高田市立図書館,"陸前高田市の前身となる自治体では、1924年1月26日に竹駒村の竹駒村立小学校に竹駒村立図書館が、同年3月8日に米崎村の米崎村立小学校に米崎村立図書館が、同年3月15日に広田村の広田村立小学校に広田村立図書館が、いずれも摂政宮(後の昭和天皇)殿下御成婚記念事業として設置された。
竹駒村立図書館と米崎村立図書館では小学校長が図書館長を兼任している。
1930年12月1日には高田町の高田町立小学校に高田町立図書館が設置され、翌1931年5月に高田町青年会館に移転した。
この図書館は425冊の図書を備え、年間2,000人が利用したが、施設は不十分だったという。
1931年7月23日から8月31日には、風光明媚な高田松原に臨時の海浜図書館が開設された。",高田町立図書館と海浜図書館はどちらが後につくられたの?,海浜図書館,Logical reasoning
696,244,陸前高田市立図書館,"1955年には高田町を中心とする3町5村が新設合併して陸前高田市が成立した。
1959年4月、陸前高田市字本丸29にある陸前高田市役所の一室に陸前高田市中央公民館図書部が設置された。
1964年には陸前高田市立図書館条例を制定し、4月1日には中央公民館図書部が陸前高田市立図書館に改称された。
陸前高田市立高田中学校が移転すると、1967年7月15日には高田中学校の校舎に移転し、2階西側の3教室を用いて図書館業務を再開した。
同年11月1日には巡回文庫(移動図書館)を開始したが、トラックにテントを張った簡素な車両だった。
中央公民館時代の図書館の蔵書数は約11,000冊だった。",1955年に新設合併した町と村は、どちらの数が多かったですか?,村,Logical reasoning
697,244,陸前高田市立図書館,"1955年には高田町を中心とする3町5村が新設合併して陸前高田市が成立した。
1959年4月、陸前高田市字本丸29にある陸前高田市役所の一室に陸前高田市中央公民館図書部が設置された。
1964年には陸前高田市立図書館条例を制定し、4月1日には中央公民館図書部が陸前高田市立図書館に改称された。
陸前高田市立高田中学校が移転すると、1967年7月15日には高田中学校の校舎に移転し、2階西側の3教室を用いて図書館業務を再開した。
同年11月1日には巡回文庫(移動図書館)を開始したが、トラックにテントを張った簡素な車両だった。
中央公民館時代の図書館の蔵書数は約11,000冊だった。",陸前高田市立図書館が移動図書館をスタートさせたのは何年ですか?,1967年,Multiple sentence reasoning
698,244,陸前高田市立図書館,"1955年には高田町を中心とする3町5村が新設合併して陸前高田市が成立した。
1959年4月、陸前高田市字本丸29にある陸前高田市役所の一室に陸前高田市中央公民館図書部が設置された。
1964年には陸前高田市立図書館条例を制定し、4月1日には中央公民館図書部が陸前高田市立図書館に改称された。
陸前高田市立高田中学校が移転すると、1967年7月15日には高田中学校の校舎に移転し、2階西側の3教室を用いて図書館業務を再開した。
同年11月1日には巡回文庫(移動図書館)を開始したが、トラックにテントを張った簡素な車両だった。
中央公民館時代の図書館の蔵書数は約11,000冊だった。",陸前高田市立図書館の移転先となった建物は何?,高田中学校の校舎,Multiple sentence reasoning
699,245,陸前高田市立図書館,"陸前高田市は1972年から1974年に22,562m2の公共施設建設用地を取得。
1976年から1979年にかけて陸前高田市民体育館、陸前高田市中央公民館、陸前高田市立博物館を建設しており、1977年9月5日から1978年2月28日には891m2の図書館を建設した。
総工費は1億2858万9000円。
1978年3月12日に新館の開館記念式典を行い、10,870冊を備えて4月に開館した。
新設された建物は鉄筋コンクリート造2階建であり、床面積は1階が477m2、2階が414m2で計891m2である。
公共施設の集合体である陸前高田市体育文化センターは岩手県有数の施設として賞賛され、岩手県のみならず東北地方の各県や近畿地方などからも視察者が訪れた。",新設された建物の1階と2階はどちらが広いですか?,1階,Logical reasoning
700,245,陸前高田市立図書館,"陸前高田市は1972年から1974年に22,562m2の公共施設建設用地を取得。
1976年から1979年にかけて陸前高田市民体育館、陸前高田市中央公民館、陸前高田市立博物館を建設しており、1977年9月5日から1978年2月28日には891m2の図書館を建設した。
総工費は1億2858万9000円。
1978年3月12日に新館の開館記念式典を行い、10,870冊を備えて4月に開館した。
新設された建物は鉄筋コンクリート造2階建であり、床面積は1階が477m2、2階が414m2で計891m2である。
公共施設の集合体である陸前高田市体育文化センターは岩手県有数の施設として賞賛され、岩手県のみならず東北地方の各県や近畿地方などからも視察者が訪れた。",陸前高田市民体育館、陸前高田市中央公民館、陸前高田市立博物館、図書館の中で建設期間が最も短いのはどれですか?,図書館,Logical reasoning
701,245,陸前高田市立図書館,"陸前高田市は1972年から1974年に22,562m2の公共施設建設用地を取得。
1976年から1979年にかけて陸前高田市民体育館、陸前高田市中央公民館、陸前高田市立博物館を建設しており、1977年9月5日から1978年2月28日には891m2の図書館を建設した。
総工費は1億2858万9000円。
1978年3月12日に新館の開館記念式典を行い、10,870冊を備えて4月に開館した。
新設された建物は鉄筋コンクリート造2階建であり、床面積は1階が477m2、2階が414m2で計891m2である。
公共施設の集合体である陸前高田市体育文化センターは岩手県有数の施設として賞賛され、岩手県のみならず東北地方の各県や近畿地方などからも視察者が訪れた。",新館の図書館に備えていた図書の数はいくつでしたか?,"10,870冊",Lexical variation (synonymy)
702,246,陸前高田市立図書館,"1階に学生閲覧室、児童閲覧室、研修室、閉架書庫・車庫などがあり、2階に一般閲覧室、研修室、貴重本書庫、ブラウジングコーナーなどがあった。
1階には学生用の席が24席、児童用の席が24席設けられており、2階には一般用の席が36席設けられていた。
1979年度の蔵書数は15,393冊、貸出冊数は13,955冊だったが、1984年度には蔵書数が28,533冊、貸出冊数が28,183冊、1988年度には蔵書数が36,426冊、貸出冊数が30,338冊と、9年間でそれぞれ2倍以上に増加している。",1979年度、1984年度、1988年度の中で、最も蔵書数が多いのは何年度ですか?,1988年度,Logical reasoning
703,246,陸前高田市立図書館,"1階に学生閲覧室、児童閲覧室、研修室、閉架書庫・車庫などがあり、2階に一般閲覧室、研修室、貴重本書庫、ブラウジングコーナーなどがあった。
1階には学生用の席が24席、児童用の席が24席設けられており、2階には一般用の席が36席設けられていた。
1979年度の蔵書数は15,393冊、貸出冊数は13,955冊だったが、1984年度には蔵書数が28,533冊、貸出冊数が28,183冊、1988年度には蔵書数が36,426冊、貸出冊数が30,338冊と、9年間でそれぞれ2倍以上に増加している。",1979年度、1984年度、1988年度の中で、最も貸出冊数が多いのはいつですか?,1988年度,Logical reasoning
704,246,陸前高田市立図書館,"1階に学生閲覧室、児童閲覧室、研修室、閉架書庫・車庫などがあり、2階に一般閲覧室、研修室、貴重本書庫、ブラウジングコーナーなどがあった。
1階には学生用の席が24席、児童用の席が24席設けられており、2階には一般用の席が36席設けられていた。
1979年度の蔵書数は15,393冊、貸出冊数は13,955冊だったが、1984年度には蔵書数が28,533冊、貸出冊数が28,183冊、1988年度には蔵書数が36,426冊、貸出冊数が30,338冊と、9年間でそれぞれ2倍以上に増加している。",児童用の席と一般用の席はどちらが多いですか?,一般用の席,Logical reasoning
705,246,陸前高田市立図書館,"1階に学生閲覧室、児童閲覧室、研修室、閉架書庫・車庫などがあり、2階に一般閲覧室、研修室、貴重本書庫、ブラウジングコーナーなどがあった。
1階には学生用の席が24席、児童用の席が24席設けられており、2階には一般用の席が36席設けられていた。
1979年度の蔵書数は15,393冊、貸出冊数は13,955冊だったが、1984年度には蔵書数が28,533冊、貸出冊数が28,183冊、1988年度には蔵書数が36,426冊、貸出冊数が30,338冊と、9年間でそれぞれ2倍以上に増加している。",児童用の席と数が同じなのは学生用の席と一般用の席のどちらですか?,学生用の席,Logical reasoning
706,247,陸前高田市立図書館,"1985年頃には図書館と地元の郷土史家が協力して、吉田家文書の解読作業を開始した。
1988年には1階の児童閲覧室に書架を設置し、1989年4月には1階に学生閲覧室と研修室を新設。
1991年5月にはコピー機を導入し、1993年にはAV書架を設置したほかに国立国会図書館の図書館間貸出制度に加入した。
1995年7月には中高生を対象としたヤングコーナーを設置した。
1997年の入館者数は30,368人、貸出冊数は67,540点であり、1人あたりの利用率は岩手県内で中位に位置していた。",ヤングコーナーの対象者は誰ですか?,中高生,Lexical variation (world knowledge)
707,247,陸前高田市立図書館,"1985年頃には図書館と地元の郷土史家が協力して、吉田家文書の解読作業を開始した。
1988年には1階の児童閲覧室に書架を設置し、1989年4月には1階に学生閲覧室と研修室を新設。
1991年5月にはコピー機を導入し、1993年にはAV書架を設置したほかに国立国会図書館の図書館間貸出制度に加入した。
1995年7月には中高生を対象としたヤングコーナーを設置した。
1997年の入館者数は30,368人、貸出冊数は67,540点であり、1人あたりの利用率は岩手県内で中位に位置していた。",1997年の図書館入館者数は何人でしたか?,"30,368人",Multiple sentence reasoning
708,248,陸前高田市立図書館,"2002年12月3日にはオンライン蔵書検索システム(OPAC)を導入した。
岩手県の63館中(分館を含む)32館目のコンピュータ導入事例である。
コンピュータの導入によって貸出冊数が大幅に増加し、2002年度の貸出点数80,692点が2003年度には108,666点(1.35倍)となった。
震災前の2010年4月時点の蔵書数は80,364点だった。",2002年度と2003年度の貸出点数が少ないのどちらの年ですか?,2002年度,Logical reasoning
709,248,陸前高田市立図書館,"2002年12月3日にはオンライン蔵書検索システム(OPAC)を導入した。
岩手県の63館中(分館を含む)32館目のコンピュータ導入事例である。
コンピュータの導入によって貸出冊数が大幅に増加し、2002年度の貸出点数80,692点が2003年度には108,666点(1.35倍)となった。
震災前の2010年4月時点の蔵書数は80,364点だった。",陸前高田市立図書館にコンピュータが導入されたのはいつですか?,2002年12月3日,Multiple sentence reasoning
710,248,陸前高田市立図書館,"2002年12月3日にはオンライン蔵書検索システム(OPAC)を導入した。
岩手県の63館中(分館を含む)32館目のコンピュータ導入事例である。
コンピュータの導入によって貸出冊数が大幅に増加し、2002年度の貸出点数80,692点が2003年度には108,666点(1.35倍)となった。
震災前の2010年4月時点の蔵書数は80,364点だった。",2003年度の貸出点数は、前年度と比較して何倍となりましたか?,1.35倍,Lexical variation (world knowledge)
711,249,陸前高田市立図書館,"図書館とボランティアグループが協力し、読書ボランティアの育成、図書館でのおはなし会、学校や保育園での出前おはなし会、ワークショップ、講演会、ブックスタート事業など、特に幼児や小学生を対象とした支援活動を行っていたが、中高生への支援が手薄だとされていた。
2007年に文部科学省が「子ども読書応援プロジェクト」の公募を行うと、「作家の出前授業」をメインとした0歳から18歳までのあらゆる子どもを対象とした活動を行っている。
この活動の中ではアメリカ出身の詩人であるアーサー・ビナード、絵本作家の飯野和好、児童文学作家の斉藤洋などが講師を務めた。",「子ども読書応援プロジェクト」で講師を務めた海外出身者は誰ですか?,アーサー・ビナード,Lexical variation (world knowledge)
712,249,陸前高田市立図書館,"図書館とボランティアグループが協力し、読書ボランティアの育成、図書館でのおはなし会、学校や保育園での出前おはなし会、ワークショップ、講演会、ブックスタート事業など、特に幼児や小学生を対象とした支援活動を行っていたが、中高生への支援が手薄だとされていた。
2007年に文部科学省が「子ども読書応援プロジェクト」の公募を行うと、「作家の出前授業」をメインとした0歳から18歳までのあらゆる子どもを対象とした活動を行っている。
この活動の中ではアメリカ出身の詩人であるアーサー・ビナード、絵本作家の飯野和好、児童文学作家の斉藤洋などが講師を務めた。",「子ども読書応援プロジェクト」で講師を務めた絵本作家は誰ですか?,飯野和好,Multiple sentence reasoning
713,250,陸前高田市立図書館,"2010年4月時点の蔵書数は80,364点。
岩手県指定文化財の吉田家文書を所蔵し、古文書や絵図などの貴重な郷土資料なども所蔵していた。
2011年3月11日の東日本大震災では、津波によって図書館の建物が壊滅的な状態となり、図書館がどこにあったのかもわからないような状況であった。
地震発生当時の館内には職員6人、利用者4-5人、古文書研究会員2人がいたが、利用者を避難誘導してから館内で図書の整理作業を行っていた職員6人と非番の職員1人の7人が亡くなった。
陸前高田市立米崎小学校に駐車中だった移動図書館車は地震発生後に図書館に戻っていたが、津波に押しつぶされて横倒しの状態で発見されている。
陸前高田市立体育館で行われた現地調査では、陸前高田市には推定15.8mの津波が押し寄せたとする指摘もある。
陸前高田市では市教育委員会生涯学習課(図書館・博物館・体育館などを管轄)に所属する職員12人中11人が亡くなっている。
図書・資料の大半が流失するか浸水する被害を受け、郷土資料6,000冊を含む蔵書約80,000冊を失った。
陸前高田市は総面積の5.6%、建物用地の42.9%が浸水被害を受け、市役所本庁舎も全壊した。",地震発生時に館内にいた職員、利用者、古文書研究会員の中で一番人数が少なかったのは誰でしたか?,古文書研究会員,Logical reasoning
714,250,陸前高田市立図書館,"2010年4月時点の蔵書数は80,364点。
岩手県指定文化財の吉田家文書を所蔵し、古文書や絵図などの貴重な郷土資料なども所蔵していた。
2011年3月11日の東日本大震災では、津波によって図書館の建物が壊滅的な状態となり、図書館がどこにあったのかもわからないような状況であった。
地震発生当時の館内には職員6人、利用者4-5人、古文書研究会員2人がいたが、利用者を避難誘導してから館内で図書の整理作業を行っていた職員6人と非番の職員1人の7人が亡くなった。
陸前高田市立米崎小学校に駐車中だった移動図書館車は地震発生後に図書館に戻っていたが、津波に押しつぶされて横倒しの状態で発見されている。
陸前高田市立体育館で行われた現地調査では、陸前高田市には推定15.8mの津波が押し寄せたとする指摘もある。
陸前高田市では市教育委員会生涯学習課(図書館・博物館・体育館などを管轄)に所属する職員12人中11人が亡くなっている。
図書・資料の大半が流失するか浸水する被害を受け、郷土資料6,000冊を含む蔵書約80,000冊を失った。
陸前高田市は総面積の5.6%、建物用地の42.9%が浸水被害を受け、市役所本庁舎も全壊した。",職員と非番の職員のうち、地震による死亡者数が少なかったのはどちらですか?,非番の職員,Logical reasoning
715,250,陸前高田市立図書館,"2010年4月時点の蔵書数は80,364点。
岩手県指定文化財の吉田家文書を所蔵し、古文書や絵図などの貴重な郷土資料なども所蔵していた。
2011年3月11日の東日本大震災では、津波によって図書館の建物が壊滅的な状態となり、図書館がどこにあったのかもわからないような状況であった。
地震発生当時の館内には職員6人、利用者4-5人、古文書研究会員2人がいたが、利用者を避難誘導してから館内で図書の整理作業を行っていた職員6人と非番の職員1人の7人が亡くなった。
陸前高田市立米崎小学校に駐車中だった移動図書館車は地震発生後に図書館に戻っていたが、津波に押しつぶされて横倒しの状態で発見されている。
陸前高田市立体育館で行われた現地調査では、陸前高田市には推定15.8mの津波が押し寄せたとする指摘もある。
陸前高田市では市教育委員会生涯学習課(図書館・博物館・体育館などを管轄)に所属する職員12人中11人が亡くなっている。
図書・資料の大半が流失するか浸水する被害を受け、郷土資料6,000冊を含む蔵書約80,000冊を失った。
陸前高田市は総面積の5.6%、建物用地の42.9%が浸水被害を受け、市役所本庁舎も全壊した。",東日本大震災で陸前高田市を襲った津波はどれくらいの高さだったと推定されているの?,15.8m,Lexical variation (synonymy)
716,251,陸前高田市立図書館,"4月30日に岩手県立図書館が作成した資料では、陸前高田市立図書館の建物は「壊滅状態」、設備は「把握不能」とされている。
東日本大震災では岩手県の公立図書館57館中30館が建物被害を受け、陸前高田市に加えて野田村の野田村立図書館と大槌町の大槌町立図書館の3館は壊滅的な状態となった。
陸前高田市に隣接する大船渡市立図書館は6月5日に活動を再開しており、この際には陸前高田市民にも貸出サービスを拡大した。
岩手県の陸前高田市・大船渡市・住田町に加えて宮城県の気仙沼市などは気仙地方と呼ばれて一体性を持つ地域であり、陸前高田市立図書館は大船渡市や住田町の在住者にも貸出を行っている。",東日本大震災で、岩手県の公立図書館の半分以上が受けた被害とは何?,建物被害,Lexical variation (synonymy)
717,252,陸前高田市立図書館,"市立博物館なども含めると、陸前高田市では約56万点の文化財などが被災したが、その8割を回収することに成功している。
図書館の2階は壁際の書架を除いて破壊されたが、貴重本庫に保管されていた古文書・市議会資料・市史編纂資料などは、水に浸かったものの流出を免れた。
2011年4月に岩手県立博物館に搬送されると、岩手県立博物館は吉田家文書などの洗浄やクリーニングなどを行い、岩手県に派遣された国立国会図書館は応急処置や撮影などを行った。
その後は国立国会図書館に搬送され、本格的な修復作業が行われている。
海水に浸かった資料の修復は世界初の試みである。
吉田家文書は地元の郷土史家らが20年以上かけて解読作業を行っており、95冊中93冊の解読が終了していたが、そのデータは図書館とともに流出したため、2011年12月には解読作業をゼロから再開している。
2階書庫の整理作業の様子は2011年5月2日にNHKの『NHKニュースおはよう日本』で取り上げられた。",被災して水浸しになった資料は、最終的にどこで本格的な修復作業を行ったの?,国立国会図書館,Multiple sentence reasoning
718,252,陸前高田市立図書館,"市立博物館なども含めると、陸前高田市では約56万点の文化財などが被災したが、その8割を回収することに成功している。
図書館の2階は壁際の書架を除いて破壊されたが、貴重本庫に保管されていた古文書・市議会資料・市史編纂資料などは、水に浸かったものの流出を免れた。
2011年4月に岩手県立博物館に搬送されると、岩手県立博物館は吉田家文書などの洗浄やクリーニングなどを行い、岩手県に派遣された国立国会図書館は応急処置や撮影などを行った。
その後は国立国会図書館に搬送され、本格的な修復作業が行われている。
海水に浸かった資料の修復は世界初の試みである。
吉田家文書は地元の郷土史家らが20年以上かけて解読作業を行っており、95冊中93冊の解読が終了していたが、そのデータは図書館とともに流出したため、2011年12月には解読作業をゼロから再開している。
2階書庫の整理作業の様子は2011年5月2日にNHKの『NHKニュースおはよう日本』で取り上げられた。",吉田家文書の解読作業は何冊まで解読が済んでいたの?,93冊,Lexical variation (synonymy)
719,253,陸前高田市立図書館,"7人の職員全員が亡くなった陸前高田市立図書館は、応援職員を中心に2011年度には移動図書館活動のみを行い、津波の被害を受けなかった21か所を巡回した。
図書館勤務経験があった自治体職員は1人だけだったが、2012年3月に書誌データの登録業務を開始した。
2012年度にはこの正規職員1人、嘱託職員3人、緊急雇用創出事業による臨時職員6人によって、仮設館内で寄贈図書の選書と登録作業を開始した。
2011年度中には全国各地から図書の寄贈があったため、職員は選書や蔵書登録などの作業を行う。
図書館システムを構築した業者の社長も震災で亡くなっており、蔵書登録作業は難航した。
ブックカバー貼りのボランティア募集には市内や岩手県内のみならず、東京都・埼玉県・愛知県などからも支援者が駆けつけている。
2013年度には専任館長、正規職員1人、嘱託職員4人、緊急雇用創出事業による臨時職員6人の体制となった。",2012年度の仮設館職員である正規職員、嘱託職員、臨時職員の中で人数が2番目に多かった職員は何ですか?,嘱託職員,Logical reasoning
720,253,陸前高田市立図書館,"7人の職員全員が亡くなった陸前高田市立図書館は、応援職員を中心に2011年度には移動図書館活動のみを行い、津波の被害を受けなかった21か所を巡回した。
図書館勤務経験があった自治体職員は1人だけだったが、2012年3月に書誌データの登録業務を開始した。
2012年度にはこの正規職員1人、嘱託職員3人、緊急雇用創出事業による臨時職員6人によって、仮設館内で寄贈図書の選書と登録作業を開始した。
2011年度中には全国各地から図書の寄贈があったため、職員は選書や蔵書登録などの作業を行う。
図書館システムを構築した業者の社長も震災で亡くなっており、蔵書登録作業は難航した。
ブックカバー貼りのボランティア募集には市内や岩手県内のみならず、東京都・埼玉県・愛知県などからも支援者が駆けつけている。
2013年度には専任館長、正規職員1人、嘱託職員4人、緊急雇用創出事業による臨時職員6人の体制となった。",2012年度と2013年度の委託職員の人数が少ないのはどちらですか?,2012年度,Logical reasoning
721,253,陸前高田市立図書館,"7人の職員全員が亡くなった陸前高田市立図書館は、応援職員を中心に2011年度には移動図書館活動のみを行い、津波の被害を受けなかった21か所を巡回した。
図書館勤務経験があった自治体職員は1人だけだったが、2012年3月に書誌データの登録業務を開始した。
2012年度にはこの正規職員1人、嘱託職員3人、緊急雇用創出事業による臨時職員6人によって、仮設館内で寄贈図書の選書と登録作業を開始した。
2011年度中には全国各地から図書の寄贈があったため、職員は選書や蔵書登録などの作業を行う。
図書館システムを構築した業者の社長も震災で亡くなっており、蔵書登録作業は難航した。
ブックカバー貼りのボランティア募集には市内や岩手県内のみならず、東京都・埼玉県・愛知県などからも支援者が駆けつけている。
2013年度には専任館長、正規職員1人、嘱託職員4人、緊急雇用創出事業による臨時職員6人の体制となった。",岩手県外からも支援者が駆けつけたボランティアの内容とは何ですか?,ブックカバー貼り,Lexical variation (world knowledge)
722,254,陸前高田市立図書館,"2012年6月中には全壊した図書館の解体作業が開始され、2013年3月までに解体作業が終了した。
図書館振興財団からの支援を得た札幌市のボランティア団体「北海道ブックシェアリング」は、仮設市立図書館の建設資金550万円を寄付した。
札幌大学の学生らがボランティアとして仮設館の建設にあたり、2012年8月末にはログハウス2階建の仮設館の建設を開始した。
この仮設館は竹駒町の高台にあり、子ども図書館「ちいさいおうち」に隣接している。
約2週間後の9月にはログハウスが完成し、12月1日にはログハウス内で仮設図書館一般閲覧室(50m2)が開館した。
仮設館は旧図書館から5km離れており、公共交通機関によるアクセス手段がないため、どの程度の利用者がいるのか未知数の状態での開館だった。",仮設市立図書館の建設資金を寄付してくれた団体は何ですか?,「北海道ブックシェアリング」,Lexical variation (synonymy)
723,254,陸前高田市立図書館,"2012年6月中には全壊した図書館の解体作業が開始され、2013年3月までに解体作業が終了した。
図書館振興財団からの支援を得た札幌市のボランティア団体「北海道ブックシェアリング」は、仮設市立図書館の建設資金550万円を寄付した。
札幌大学の学生らがボランティアとして仮設館の建設にあたり、2012年8月末にはログハウス2階建の仮設館の建設を開始した。
この仮設館は竹駒町の高台にあり、子ども図書館「ちいさいおうち」に隣接している。
約2週間後の9月にはログハウスが完成し、12月1日にはログハウス内で仮設図書館一般閲覧室(50m2)が開館した。
仮設館は旧図書館から5km離れており、公共交通機関によるアクセス手段がないため、どの程度の利用者がいるのか未知数の状態での開館だった。",仮設市立図書館はどんな家屋でしたか?,ログハウス,Lexical variation (world knowledge)
724,255,陸前高田市立図書館,"開館時の蔵書は約13,000冊。
一般書のほかに郷土資料や震災関連資料などがあり、開館当初から検索システムや取り寄せサービスを行っている。
日本全国から寄贈された約13,000冊のうち約4,000冊が配架され、貸出やコピーなどのサービスも再開した。
建物内部の入口付近には木製テーブルや書棚を置いている。
室内の一角には東日本大震災関連図書コーナーを設けており、関連する新聞記事のスクラップなどを並べている。
開館月の2012年12月には1日平均15人ほどが利用した。
2013年6月以降には立教大学から書架の寄贈を受け、2013年9月には聖心女子大学ほかからパラソルなど「憩いの広場」の寄贈を受けた。",仮設市立図書館が開館した月の1日の平均利用人数は何人でしたか?,15人ほど,Lexical variation (synonymy)
725,256,陸前高田市立図書館,"寄贈された書籍の保管場所の確保などに問題を抱えていたことから、2012年6月には「陸前高田市立図書館ゆめプロジェクト」が開始された。
このプロジェクトはバリューブックスによる社会事業「ブックスフォージャパン」の一環であり、寄贈された図書の買取金額相当を図書館再建の資金に充てている。
2014年9月末時点では130万冊以上がこのプロジェクトに寄贈され、その買取金額は約2300万円にのぼる。
毎週水曜日には図書館内でコーヒーを飲みながら利用者同士で談笑ができる「井戸端図書館」を開催している。
震災前には1日平均120人の利用者がいたが、2013年8月時点では1日平均17人程度である。
震災時にはすべての音楽CDが流出しており、同8月には日本レコード協会から音楽CD500枚が寄贈された。
開館10か月後の2013年10月22日には、仮設図書館への来館者数が5,000人を突破した。
2015年4月時点の蔵書数は震災前の46%にあたる37,027冊である。
陸前高田市立図書館の2015年時点の貸出冊数は震災前の30%、入館者数は震災前の28%だった。
民間支援によって開館した3館の入館者数を合わせても、2009年度の入館者数の半分にも満たない。",「陸前高田市立図書館ゆめプロジェクト」を開始させた事業主は何ですか?,バリューブックス,Multiple sentence reasoning
726,256,陸前高田市立図書館,"寄贈された書籍の保管場所の確保などに問題を抱えていたことから、2012年6月には「陸前高田市立図書館ゆめプロジェクト」が開始された。
このプロジェクトはバリューブックスによる社会事業「ブックスフォージャパン」の一環であり、寄贈された図書の買取金額相当を図書館再建の資金に充てている。
2014年9月末時点では130万冊以上がこのプロジェクトに寄贈され、その買取金額は約2300万円にのぼる。
毎週水曜日には図書館内でコーヒーを飲みながら利用者同士で談笑ができる「井戸端図書館」を開催している。
震災前には1日平均120人の利用者がいたが、2013年8月時点では1日平均17人程度である。
震災時にはすべての音楽CDが流出しており、同8月には日本レコード協会から音楽CD500枚が寄贈された。
開館10か月後の2013年10月22日には、仮設図書館への来館者数が5,000人を突破した。
2015年4月時点の蔵書数は震災前の46%にあたる37,027冊である。
陸前高田市立図書館の2015年時点の貸出冊数は震災前の30%、入館者数は震災前の28%だった。
民間支援によって開館した3館の入館者数を合わせても、2009年度の入館者数の半分にも満たない。",2015年4月の仮設図書館の蔵書数はいくつですか?,"37,027冊",Lexical variation (synonymy)
727,257,陸前高田市立図書館,"東日本大震災で大きな被害を受けた陸前高田市は、旧市街地に高さ10メートルの嵩上げ地を造成、そこにまったく新しい新市街地を建設する。
市民の代表者、ボランティア団体、NPO団体、有識者によって構成される図書館検討委員会が基本構想の素案をまとめ、その素案に市民アンケートやパブリックコメントを反映させた上で、2015年9月には新陸前高田市図書館整備基本構想が発表された。
嵩上げ地に建設される新図書館は中心市街地の本丸公園通りに面し、まちなか公園と隣接する。
商業施設が併設され、商業施設を建設する事業者が整備した図書館スペースを陸前高田市が買収する形式をとる。
図書館は商業施設とコミュニティスペースを共有し、各種イベントを開催する予定である。
震災前の図書館と同じ延床面積891m2を予定。
約35,000冊の一般書コーナー、約15,000冊の児童書コーナー、約5,000冊の郷土資料コーナーなどが設けられる予定であり、約18,000冊の公開書庫や約30,000冊の閉架書庫が設置される予定である。
雑誌架は約100誌分用意され、雑誌の閲覧スペースとして約20席が用意される。
一般閲覧席は50席が予定され、デスク席にはパソコン用の電源が設置される。
2016年2月に建設事業者を決定し、2016年度中に着工した。
総事業費は約6億円であった。
新館開館にともない、仮設館は6月30日をもって閉館した。",新図書館に設置予定である児童書コーナーと郷土資料コーナーではどちらの冊数が多いですか?,児童書コーナー,Logical reasoning
728,257,陸前高田市立図書館,"東日本大震災で大きな被害を受けた陸前高田市は、旧市街地に高さ10メートルの嵩上げ地を造成、そこにまったく新しい新市街地を建設する。
市民の代表者、ボランティア団体、NPO団体、有識者によって構成される図書館検討委員会が基本構想の素案をまとめ、その素案に市民アンケートやパブリックコメントを反映させた上で、2015年9月には新陸前高田市図書館整備基本構想が発表された。
嵩上げ地に建設される新図書館は中心市街地の本丸公園通りに面し、まちなか公園と隣接する。
商業施設が併設され、商業施設を建設する事業者が整備した図書館スペースを陸前高田市が買収する形式をとる。
図書館は商業施設とコミュニティスペースを共有し、各種イベントを開催する予定である。
震災前の図書館と同じ延床面積891m2を予定。
約35,000冊の一般書コーナー、約15,000冊の児童書コーナー、約5,000冊の郷土資料コーナーなどが設けられる予定であり、約18,000冊の公開書庫や約30,000冊の閉架書庫が設置される予定である。
雑誌架は約100誌分用意され、雑誌の閲覧スペースとして約20席が用意される。
一般閲覧席は50席が予定され、デスク席にはパソコン用の電源が設置される。
2016年2月に建設事業者を決定し、2016年度中に着工した。
総事業費は約6億円であった。
新館開館にともない、仮設館は6月30日をもって閉館した。",公開書庫と閉架書庫の書籍数が多いのはどちらですか?,閉架書庫,Logical reasoning
729,257,陸前高田市立図書館,"東日本大震災で大きな被害を受けた陸前高田市は、旧市街地に高さ10メートルの嵩上げ地を造成、そこにまったく新しい新市街地を建設する。
市民の代表者、ボランティア団体、NPO団体、有識者によって構成される図書館検討委員会が基本構想の素案をまとめ、その素案に市民アンケートやパブリックコメントを反映させた上で、2015年9月には新陸前高田市図書館整備基本構想が発表された。
嵩上げ地に建設される新図書館は中心市街地の本丸公園通りに面し、まちなか公園と隣接する。
商業施設が併設され、商業施設を建設する事業者が整備した図書館スペースを陸前高田市が買収する形式をとる。
図書館は商業施設とコミュニティスペースを共有し、各種イベントを開催する予定である。
震災前の図書館と同じ延床面積891m2を予定。
約35,000冊の一般書コーナー、約15,000冊の児童書コーナー、約5,000冊の郷土資料コーナーなどが設けられる予定であり、約18,000冊の公開書庫や約30,000冊の閉架書庫が設置される予定である。
雑誌架は約100誌分用意され、雑誌の閲覧スペースとして約20席が用意される。
一般閲覧席は50席が予定され、デスク席にはパソコン用の電源が設置される。
2016年2月に建設事業者を決定し、2016年度中に着工した。
総事業費は約6億円であった。
新館開館にともない、仮設館は6月30日をもって閉館した。",一般書コーナー、児童書コーナー、郷土資料コーナーの中で2番目に書籍数が少ないのはどのコーナーですか?,児童書コーナー,Logical reasoning
730,257,陸前高田市立図書館,"東日本大震災で大きな被害を受けた陸前高田市は、旧市街地に高さ10メートルの嵩上げ地を造成、そこにまったく新しい新市街地を建設する。
市民の代表者、ボランティア団体、NPO団体、有識者によって構成される図書館検討委員会が基本構想の素案をまとめ、その素案に市民アンケートやパブリックコメントを反映させた上で、2015年9月には新陸前高田市図書館整備基本構想が発表された。
嵩上げ地に建設される新図書館は中心市街地の本丸公園通りに面し、まちなか公園と隣接する。
商業施設が併設され、商業施設を建設する事業者が整備した図書館スペースを陸前高田市が買収する形式をとる。
図書館は商業施設とコミュニティスペースを共有し、各種イベントを開催する予定である。
震災前の図書館と同じ延床面積891m2を予定。
約35,000冊の一般書コーナー、約15,000冊の児童書コーナー、約5,000冊の郷土資料コーナーなどが設けられる予定であり、約18,000冊の公開書庫や約30,000冊の閉架書庫が設置される予定である。
雑誌架は約100誌分用意され、雑誌の閲覧スペースとして約20席が用意される。
一般閲覧席は50席が予定され、デスク席にはパソコン用の電源が設置される。
2016年2月に建設事業者を決定し、2016年度中に着工した。
総事業費は約6億円であった。
新館開館にともない、仮設館は6月30日をもって閉館した。",新図書館の総事業費はいくらですか?,約6億円,Multiple sentence reasoning
731,258,陸前高田市立図書館,"2017年7月20日、新図書館が開館した。
図書館の建物は大型商業施設「アバッセたかた」に併設された木造平屋建であり、延床面積は891m2。
仮設館からは約35,000冊が持ち込まれ、新規購入した約30,000冊と合わせた開館時の蔵書数は約65,000冊であった。",新図書館では、仮設館からの持ち込みと新規購入のどちらの書籍の数が少なかったですか?,新規購入,Logical reasoning
732,258,陸前高田市立図書館,"2017年7月20日、新図書館が開館した。
図書館の建物は大型商業施設「アバッセたかた」に併設された木造平屋建であり、延床面積は891m2。
仮設館からは約35,000冊が持ち込まれ、新規購入した約30,000冊と合わせた開館時の蔵書数は約65,000冊であった。",新図書館のオープン時の蔵書数はいくつでしたか?,"約65,000冊",Multiple sentence reasoning
733,259,陸前高田市立図書館,"2011年から2012年にかけて、陸前高田市内には私設図書館が3館開館した。
陸前高田市立図書館と私設の3館は連携して図書館業務を行っており、市立図書館の公式ウェブサイトでは私設館についても紹介している。
「ちいさいおうち」の職員1人は市立図書館が雇用した職員であり、市立図書館と「ちいさいおうち」は電話を共有している。
4館は定期的に情報交換を行う会議を開催しており、2014年2月には4館を回るスタンプラリーを実施した。
運営方法や位置づけに差異はあるものの、将来的には全館が市立図書館に統合される可能性がある。",市立図書館と「ちいさいおうち」の共有物は何ですか?,電話,Lexical variation (world knowledge)
734,260,陸前高田市立図書館,"2011年3月11日の東日本大震災から約半年後の11月12日には、三井物産の支援によって子ども図書館「にじのライブラリー」が開館した。
「子どもたちへ<あしたの本>プロジェクト」と「<大震災>出版対策本部」が運営を行っている。
この建物は気仙川右岸の気仙町にあり、避難所にもなった北野神社今泉天満宮社務所跡地にある。
建物は木造平屋建で、延床面積は106m2。
土日・祝日・水曜日に開館している。
開館時の蔵書は約2,000冊だったが、2014年時点では約3,200冊となった。
神社境内に設置された「にじのライブラリー」は、図書館機能以外に地域住民の交流場所にもなっている。
「ふっくら布ぞうりの会」が布ぞうりやハンカチづくりをおこなっているうえに、宮司らによる「今泉天満宮の再建を支援する会」の拠点にもなっている。",「にじのライブラリー」の平日の開館日はいつ?,水曜日,Lexical variation (world knowledge)
735,260,陸前高田市立図書館,"2011年3月11日の東日本大震災から約半年後の11月12日には、三井物産の支援によって子ども図書館「にじのライブラリー」が開館した。
「子どもたちへ<あしたの本>プロジェクト」と「<大震災>出版対策本部」が運営を行っている。
この建物は気仙川右岸の気仙町にあり、避難所にもなった北野神社今泉天満宮社務所跡地にある。
建物は木造平屋建で、延床面積は106m2。
土日・祝日・水曜日に開館している。
開館時の蔵書は約2,000冊だったが、2014年時点では約3,200冊となった。
神社境内に設置された「にじのライブラリー」は、図書館機能以外に地域住民の交流場所にもなっている。
「ふっくら布ぞうりの会」が布ぞうりやハンカチづくりをおこなっているうえに、宮司らによる「今泉天満宮の再建を支援する会」の拠点にもなっている。",2011年と2014年を比較すると、蔵書数が多いのは何年ですか?,2014年,Logical reasoning
736,261,陸前高田市立図書館,"「にじのライブラリー」開館からの2週間後の2011年11月26日には、盛岡市に拠点を置くNPO法人うれし野こども図書室が、竹駒町のコミュニティセンター敷地内に子ども図書館「ちいさいおうち」を設置した。
この子ども図書館はトレーラーハウスを利用しており、68m2(約20畳)の広さを持つ。
NPO法人うれし野こども図書室は、陸前高田市教育委員会と連携して運営・管理を行っている。
トレーラーハウスや書架などは特注品であり、蔵書の多くは児童書に詳しい東京こども図書館自身が選書したものである。
蔵書は0歳から18歳を対象としており、陸前高田市または近隣市町村在住者であればだれでも利用可能である。
開館当初の蔵書数は約2,500冊だったが、2014年7月には4,200冊を超えた。
火・水・金・土・日の週5日開館。
東京こども図書館から1人、陸前高田市から1人の計2人の職員がいる。
開館から15か月後の2013年2月末時点で468人が利用者登録を行っている。
「ちいさいおうち」開館時の蔵書は約2,000冊だったが、2015年3月には約4,500冊となった。
トレーラーハウスを改造した形態の建物であるため、陸前高田市の復興状況に応じて移転する可能性がある。
2012年12月1日に隣接場所に(仮設)陸前高田市立図書館が開館したため、児童へのサービスは「ちいさいおうち」、大人へのサービスは(仮設)陸前市立図書館と、役割を分担している。
「ちいさいおうち」は設立当初から陸前高田市立図書館の一部となることを視野に入れて活動している。",「ちいさいおうち」にある蔵書の対象年齢は何歳から何歳ですか?,0歳から18歳,Lexical variation (synonymy)
737,261,陸前高田市立図書館,"「にじのライブラリー」開館からの2週間後の2011年11月26日には、盛岡市に拠点を置くNPO法人うれし野こども図書室が、竹駒町のコミュニティセンター敷地内に子ども図書館「ちいさいおうち」を設置した。
この子ども図書館はトレーラーハウスを利用しており、68m2(約20畳)の広さを持つ。
NPO法人うれし野こども図書室は、陸前高田市教育委員会と連携して運営・管理を行っている。
トレーラーハウスや書架などは特注品であり、蔵書の多くは児童書に詳しい東京こども図書館自身が選書したものである。
蔵書は0歳から18歳を対象としており、陸前高田市または近隣市町村在住者であればだれでも利用可能である。
開館当初の蔵書数は約2,500冊だったが、2014年7月には4,200冊を超えた。
火・水・金・土・日の週5日開館。
東京こども図書館から1人、陸前高田市から1人の計2人の職員がいる。
開館から15か月後の2013年2月末時点で468人が利用者登録を行っている。
「ちいさいおうち」開館時の蔵書は約2,000冊だったが、2015年3月には約4,500冊となった。
トレーラーハウスを改造した形態の建物であるため、陸前高田市の復興状況に応じて移転する可能性がある。
2012年12月1日に隣接場所に(仮設)陸前高田市立図書館が開館したため、児童へのサービスは「ちいさいおうち」、大人へのサービスは(仮設)陸前市立図書館と、役割を分担している。
「ちいさいおうち」は設立当初から陸前高田市立図書館の一部となることを視野に入れて活動している。",「ちいさいおうち」の設置者とは誰に当たりますか?,NPO法人うれし野こども図書室,Lexical variation (world knowledge)
738,261,陸前高田市立図書館,"「にじのライブラリー」開館からの2週間後の2011年11月26日には、盛岡市に拠点を置くNPO法人うれし野こども図書室が、竹駒町のコミュニティセンター敷地内に子ども図書館「ちいさいおうち」を設置した。
この子ども図書館はトレーラーハウスを利用しており、68m2(約20畳)の広さを持つ。
NPO法人うれし野こども図書室は、陸前高田市教育委員会と連携して運営・管理を行っている。
トレーラーハウスや書架などは特注品であり、蔵書の多くは児童書に詳しい東京こども図書館自身が選書したものである。
蔵書は0歳から18歳を対象としており、陸前高田市または近隣市町村在住者であればだれでも利用可能である。
開館当初の蔵書数は約2,500冊だったが、2014年7月には4,200冊を超えた。
火・水・金・土・日の週5日開館。
東京こども図書館から1人、陸前高田市から1人の計2人の職員がいる。
開館から15か月後の2013年2月末時点で468人が利用者登録を行っている。
「ちいさいおうち」開館時の蔵書は約2,000冊だったが、2015年3月には約4,500冊となった。
トレーラーハウスを改造した形態の建物であるため、陸前高田市の復興状況に応じて移転する可能性がある。
2012年12月1日に隣接場所に(仮設)陸前高田市立図書館が開館したため、児童へのサービスは「ちいさいおうち」、大人へのサービスは(仮設)陸前市立図書館と、役割を分担している。
「ちいさいおうち」は設立当初から陸前高田市立図書館の一部となることを視野に入れて活動している。",2014年7月と2015年3月の「ちいさいおうち」の蔵書数を見てみると、どちらの時期の数が多いですか?,2015年3月,Logical reasoning
739,262,藻岩山,"藻岩山(もいわやま)は、北海道札幌市の中心部から南西約5キロメートル(札幌駅の南西6km)に位置する標高531メートル(530.9m〈531.03m〉)の山である。
藻岩山にはロープウェイや自動車道が通り、展望台や冬季はスキー場により、札幌市民や観光客の行楽地となっている。
山頂に登るには、北側から「もいわ山ロープウェイ」と「もーりすカー」(ケーブルカー)を乗り継ぐか、あるいは南側から「藻岩山観光自動車道」(冬季休業)で中腹まで至り、「もーりすカー」に乗り換えて行くことができる。
ともに有料。
また、5つの登山道も整備されている。",藻岩山は札幌駅から何km離れていますか?,6km,Lexical variation (synonymy)
740,262,藻岩山,"藻岩山(もいわやま)は、北海道札幌市の中心部から南西約5キロメートル(札幌駅の南西6km)に位置する標高531メートル(530.9m〈531.03m〉)の山である。
藻岩山にはロープウェイや自動車道が通り、展望台や冬季はスキー場により、札幌市民や観光客の行楽地となっている。
山頂に登るには、北側から「もいわ山ロープウェイ」と「もーりすカー」(ケーブルカー)を乗り継ぐか、あるいは南側から「藻岩山観光自動車道」(冬季休業)で中腹まで至り、「もーりすカー」に乗り換えて行くことができる。
ともに有料。
また、5つの登山道も整備されている。",藻岩山の登山道はいくつありますか?,5つ,Multiple sentence reasoning
741,262,藻岩山,"藻岩山(もいわやま)は、北海道札幌市の中心部から南西約5キロメートル(札幌駅の南西6km)に位置する標高531メートル(530.9m〈531.03m〉)の山である。
藻岩山にはロープウェイや自動車道が通り、展望台や冬季はスキー場により、札幌市民や観光客の行楽地となっている。
山頂に登るには、北側から「もいわ山ロープウェイ」と「もーりすカー」(ケーブルカー)を乗り継ぐか、あるいは南側から「藻岩山観光自動車道」(冬季休業)で中腹まで至り、「もーりすカー」に乗り換えて行くことができる。
ともに有料。
また、5つの登山道も整備されている。",藻岩山にあるケーブルカーの名前は何?,「もーりすカー」,Lexical variation (world knowledge)
742,262,藻岩山,"藻岩山(もいわやま)は、北海道札幌市の中心部から南西約5キロメートル(札幌駅の南西6km)に位置する標高531メートル(530.9m〈531.03m〉)の山である。
藻岩山にはロープウェイや自動車道が通り、展望台や冬季はスキー場により、札幌市民や観光客の行楽地となっている。
山頂に登るには、北側から「もいわ山ロープウェイ」と「もーりすカー」(ケーブルカー)を乗り継ぐか、あるいは南側から「藻岩山観光自動車道」(冬季休業)で中腹まで至り、「もーりすカー」に乗り換えて行くことができる。
ともに有料。
また、5つの登山道も整備されている。",札幌市民や観光客の行楽地となっている山とは?,藻岩山,Syntactic variation
743,263,藻岩山,"山頂展望台からは石狩平野、そして石狩湾までを一望することができ、夜には札幌市街の夜景を楽しめる。
夜景は、函館市の函館山、小樽市の天狗山とともに「北海道三大夜景」の1つとされ、日本の「夜景100選」にも認定されている。
また、札幌市は2015年(平成27年)より「日本新三大夜景都市」に認定されている。
札幌市南区北部に位置し、中心部から近いという立地もあって、多くの市民や外国人を含む観光客でにぎわう。
2017年(平成29年)度の来訪者は約90万6000人。
山頂の南東方向に札幌藻岩山スキー場がある。",「北海道三大夜景」は藻岩山、函館山ともう1つはどこですか?,天狗山,Lexical variation (world knowledge)
744,263,藻岩山,"山頂展望台からは石狩平野、そして石狩湾までを一望することができ、夜には札幌市街の夜景を楽しめる。
夜景は、函館市の函館山、小樽市の天狗山とともに「北海道三大夜景」の1つとされ、日本の「夜景100選」にも認定されている。
また、札幌市は2015年(平成27年)より「日本新三大夜景都市」に認定されている。
札幌市南区北部に位置し、中心部から近いという立地もあって、多くの市民や外国人を含む観光客でにぎわう。
2017年(平成29年)度の来訪者は約90万6000人。
山頂の南東方向に札幌藻岩山スキー場がある。",「日本新三大夜景都市」に認定されたのは何年でしたか?,2015年,Syntactic variation
745,263,藻岩山,"山頂展望台からは石狩平野、そして石狩湾までを一望することができ、夜には札幌市街の夜景を楽しめる。
夜景は、函館市の函館山、小樽市の天狗山とともに「北海道三大夜景」の1つとされ、日本の「夜景100選」にも認定されている。
また、札幌市は2015年(平成27年)より「日本新三大夜景都市」に認定されている。
札幌市南区北部に位置し、中心部から近いという立地もあって、多くの市民や外国人を含む観光客でにぎわう。
2017年(平成29年)度の来訪者は約90万6000人。
山頂の南東方向に札幌藻岩山スキー場がある。",2017年度の来訪者は何人でしたか?,約90万6000人,Syntactic variation
746,263,藻岩山,"山頂展望台からは石狩平野、そして石狩湾までを一望することができ、夜には札幌市街の夜景を楽しめる。
夜景は、函館市の函館山、小樽市の天狗山とともに「北海道三大夜景」の1つとされ、日本の「夜景100選」にも認定されている。
また、札幌市は2015年(平成27年)より「日本新三大夜景都市」に認定されている。
札幌市南区北部に位置し、中心部から近いという立地もあって、多くの市民や外国人を含む観光客でにぎわう。
2017年(平成29年)度の来訪者は約90万6000人。
山頂の南東方向に札幌藻岩山スキー場がある。",山頂から一望出来る湾は何ですか?,石狩湾,Syntactic variation
747,264,藻岩山,"藻岩山の基盤を構成する地質は、650-300万年前、第三紀の中新世末から鮮新世に浅い海底に溶岩が噴出した際に形成された西野層と称される堆積岩であり、角閃石デイサイト質溶岩・貫入岩、ハイアロクラスタイト(水冷破砕岩)、安山岩質軽石凝灰岩、泥岩からなる。
その後、280-230万年前にかけて、鮮新世末から第四紀の更新世初頭に起きた三度の噴火により安山岩質溶岩が噴出し、山体を作った。
最も古い下部の藻岩溶岩3(軍艦岬溶岩)は「軍艦岬」と呼ばれる北尾根突端部に見られるが、山体の大部分は2度目の噴火による山頂付近から北側尾根にかけての藻岩溶岩2(藻岩山溶岩II)に覆われる。
山頂から南側の尾根沿いには最も新しい藻岩溶岩1(藻岩山溶岩I)が認められる。",西野層は何年前に形成されたの?,650-300万年前,Syntactic variation
748,264,藻岩山,"藻岩山の基盤を構成する地質は、650-300万年前、第三紀の中新世末から鮮新世に浅い海底に溶岩が噴出した際に形成された西野層と称される堆積岩であり、角閃石デイサイト質溶岩・貫入岩、ハイアロクラスタイト(水冷破砕岩)、安山岩質軽石凝灰岩、泥岩からなる。
その後、280-230万年前にかけて、鮮新世末から第四紀の更新世初頭に起きた三度の噴火により安山岩質溶岩が噴出し、山体を作った。
最も古い下部の藻岩溶岩3(軍艦岬溶岩)は「軍艦岬」と呼ばれる北尾根突端部に見られるが、山体の大部分は2度目の噴火による山頂付近から北側尾根にかけての藻岩溶岩2(藻岩山溶岩II)に覆われる。
山頂から南側の尾根沿いには最も新しい藻岩溶岩1(藻岩山溶岩I)が認められる。",更新世初頭に噴火は何度起こりましたか?,三度,Syntactic variation
749,264,藻岩山,"藻岩山の基盤を構成する地質は、650-300万年前、第三紀の中新世末から鮮新世に浅い海底に溶岩が噴出した際に形成された西野層と称される堆積岩であり、角閃石デイサイト質溶岩・貫入岩、ハイアロクラスタイト(水冷破砕岩)、安山岩質軽石凝灰岩、泥岩からなる。
その後、280-230万年前にかけて、鮮新世末から第四紀の更新世初頭に起きた三度の噴火により安山岩質溶岩が噴出し、山体を作った。
最も古い下部の藻岩溶岩3(軍艦岬溶岩)は「軍艦岬」と呼ばれる北尾根突端部に見られるが、山体の大部分は2度目の噴火による山頂付近から北側尾根にかけての藻岩溶岩2(藻岩山溶岩II)に覆われる。
山頂から南側の尾根沿いには最も新しい藻岩溶岩1(藻岩山溶岩I)が認められる。",北尾根突端部の名称は何ですか?,「軍艦岬」,Lexical variation (synonymy)
750,265,藻岩山,"藻岩山は後志山地の東端に位置する。
藻岩山の山頂からは、崖錐状堆積物(山麓緩斜面堆積物)の見られる幅広い谷を挟んで、南東に向けて尾根が北側と南側に並んで延びる。
藻岩山の北東面は直線状の斜面を形成し、豊平川扇状地面(札幌面)に接している。
山麓に近いところが山鼻という地区で、その北方に札幌市中心部が発展している。
市街にビルが立ち並ぶ以前に札幌の人々が馴染んだ藻岩山の姿は、この方面から見たものである。",藻岩山はどこの東端に位置しているの?,後志山地,Syntactic variation
751,266,藻岩山,"北側の尾根は、札幌市街方面から見ると裾野が長く緩やかに延び、先端が岬のように急に落ちて見える。
この姿が軍艦の舳先の形に似ていたことから、北尾根の先端は明治時代より「軍艦岬」と呼ばれた。
岬と呼ばれるが、崖下は海や湖ではなく山鼻川が流れている。
南側の尾根の先端は「割栗岬(わりぐりみさき)」と呼ばれ、崖下を豊平川が流れる。
2つの尾根に挟まれた浅い谷は藻岩下という地区で、山鼻川が流れ出る。
軍艦岬から割栗岬に至るこの地は地形上古くから交通の要衝であり、1870年(明治3年)に東本願寺が「本願寺道路」(山鼻-八垂別〈はったりべつ、現在の川沿〉間「ハッタルベツ新道」)を開削した後、石山からの札幌軟石の輸送などにも使われた。
現在は国道230号が通じている。",「軍艦岬」という呼び名が生まれたのは何時代からですか?,明治時代,Lexical variation (synonymy)
752,266,藻岩山,"北側の尾根は、札幌市街方面から見ると裾野が長く緩やかに延び、先端が岬のように急に落ちて見える。
この姿が軍艦の舳先の形に似ていたことから、北尾根の先端は明治時代より「軍艦岬」と呼ばれた。
岬と呼ばれるが、崖下は海や湖ではなく山鼻川が流れている。
南側の尾根の先端は「割栗岬(わりぐりみさき)」と呼ばれ、崖下を豊平川が流れる。
2つの尾根に挟まれた浅い谷は藻岩下という地区で、山鼻川が流れ出る。
軍艦岬から割栗岬に至るこの地は地形上古くから交通の要衝であり、1870年(明治3年)に東本願寺が「本願寺道路」(山鼻-八垂別〈はったりべつ、現在の川沿〉間「ハッタルベツ新道」)を開削した後、石山からの札幌軟石の輸送などにも使われた。
現在は国道230号が通じている。",「軍艦岬」の崖下には何がありますか?,山鼻川,Lexical variation (synonymy)
753,266,藻岩山,"北側の尾根は、札幌市街方面から見ると裾野が長く緩やかに延び、先端が岬のように急に落ちて見える。
この姿が軍艦の舳先の形に似ていたことから、北尾根の先端は明治時代より「軍艦岬」と呼ばれた。
岬と呼ばれるが、崖下は海や湖ではなく山鼻川が流れている。
南側の尾根の先端は「割栗岬(わりぐりみさき)」と呼ばれ、崖下を豊平川が流れる。
2つの尾根に挟まれた浅い谷は藻岩下という地区で、山鼻川が流れ出る。
軍艦岬から割栗岬に至るこの地は地形上古くから交通の要衝であり、1870年(明治3年)に東本願寺が「本願寺道路」(山鼻-八垂別〈はったりべつ、現在の川沿〉間「ハッタルベツ新道」)を開削した後、石山からの札幌軟石の輸送などにも使われた。
現在は国道230号が通じている。",「割栗岬」の崖下には何がありますか?,豊平川,Syntactic variation
754,267,藻岩山,"現在の藻岩山は、アイヌ民族からアイヌ語で「インカルシペ(インカルシュペ)」(いつも登って見張りをするところ)と呼ばれていた。
この山はアイヌにとっての聖地であり、尊い神の山であった。
山腹にはカムイシュネ(神の灯火)が灯るさまが眺められたという。
山鳴りがするような時は、大吹雪や天然痘(疱瘡)の流行などの兆しとして警戒し、本当に天然痘の流行が始まればこの山に逃げ込み、神の加護を願った。
江戸時代末期、松浦武四郎は、1859年(安政6年)の『後方羊蹄日誌』において、「エンガルシベ」は往古より深く信仰される山であり、ここに「蝦夷総鎮守の宮」を建てるよう意見を記している。",アイヌにとっての聖地であった山とは?,藻岩山,Multiple sentence reasoning
755,267,藻岩山,"現在の藻岩山は、アイヌ民族からアイヌ語で「インカルシペ(インカルシュペ)」(いつも登って見張りをするところ)と呼ばれていた。
この山はアイヌにとっての聖地であり、尊い神の山であった。
山腹にはカムイシュネ(神の灯火)が灯るさまが眺められたという。
山鳴りがするような時は、大吹雪や天然痘(疱瘡)の流行などの兆しとして警戒し、本当に天然痘の流行が始まればこの山に逃げ込み、神の加護を願った。
江戸時代末期、松浦武四郎は、1859年(安政6年)の『後方羊蹄日誌』において、「エンガルシベ」は往古より深く信仰される山であり、ここに「蝦夷総鎮守の宮」を建てるよう意見を記している。",『後方羊蹄日誌』を書いた人は誰?,松浦武四郎,Lexical variation (world knowledge)
756,267,藻岩山,"現在の藻岩山は、アイヌ民族からアイヌ語で「インカルシペ(インカルシュペ)」(いつも登って見張りをするところ)と呼ばれていた。
この山はアイヌにとっての聖地であり、尊い神の山であった。
山腹にはカムイシュネ(神の灯火)が灯るさまが眺められたという。
山鳴りがするような時は、大吹雪や天然痘(疱瘡)の流行などの兆しとして警戒し、本当に天然痘の流行が始まればこの山に逃げ込み、神の加護を願った。
江戸時代末期、松浦武四郎は、1859年(安政6年)の『後方羊蹄日誌』において、「エンガルシベ」は往古より深く信仰される山であり、ここに「蝦夷総鎮守の宮」を建てるよう意見を記している。",「インカルシペ」の意味は?,いつも登って見張りをするところ,Syntactic variation
757,268,藻岩山,"明治時代に入植した初期の和人たちは、インカルシペ山(インカルシペヌプリ)の意味および発音から、当初は「眺臨山」や「笑柯山(えんがるやま)」と称した。
しかし、「モイワ」(小さな山)と呼ばれていた隣の小山に「円山」の字があてられると、「円山」はモイワやインカルシペのある山岳の総称ともなった。
やがてモイワとインカルシペを取り違え、「インカルシペ」を藻岩山、「モイワ」を円山と呼び習わすようになり、そのまま地名として定着してしまった。",アイヌ以外の日本人は何時代に北海道に入植したの?,明治時代,Lexical variation (synonymy)
758,268,藻岩山,"明治時代に入植した初期の和人たちは、インカルシペ山(インカルシペヌプリ)の意味および発音から、当初は「眺臨山」や「笑柯山(えんがるやま)」と称した。
しかし、「モイワ」(小さな山)と呼ばれていた隣の小山に「円山」の字があてられると、「円山」はモイワやインカルシペのある山岳の総称ともなった。
やがてモイワとインカルシペを取り違え、「インカルシペ」を藻岩山、「モイワ」を円山と呼び習わすようになり、そのまま地名として定着してしまった。",「モイワ」の意味とは?,小さな山,Syntactic variation
759,268,藻岩山,"明治時代に入植した初期の和人たちは、インカルシペ山(インカルシペヌプリ)の意味および発音から、当初は「眺臨山」や「笑柯山(えんがるやま)」と称した。
しかし、「モイワ」(小さな山)と呼ばれていた隣の小山に「円山」の字があてられると、「円山」はモイワやインカルシペのある山岳の総称ともなった。
やがてモイワとインカルシペを取り違え、「インカルシペ」を藻岩山、「モイワ」を円山と呼び習わすようになり、そのまま地名として定着してしまった。",「モイワ」はどのような呼び名として地名となったの?,円山,Lexical variation (synonymy)
760,269,藻岩山,"開拓使は1871年(明治4年)より7種(イチイ・ハリギリ・イヌエンジュ・ヤマグワ・トドマツ・カツラ・エゾヤマザクラ)の立木の伐採を禁じ、1873年(明治6年)に官林を定めると、藻岩山や円山は禁伐林として保護された。
しかし、1882年(明治15年)の開拓使の廃止による三県一局時代を経て北海道庁(1886年〈明治19年〉-1887年〈明治20年〉)となると、樹木の伐採禁止は緩和され、針葉樹など一部が伐採されるようになる。
明治時代中頃には南側で木材が伐採され、この藻岩山は札幌に近いこと、近くの豊平川を用いた水運が利用できることから、北の沢川から豊平川、創成川を経由して札幌まで流された。",開拓使が立木の伐採を禁じた7種とはイチイ・ハリギリ・イヌエンジュ・トドマツ・カツラ・エゾヤマザクラともう1つは何?,ヤマグワ,Lexical variation (world knowledge)
761,269,藻岩山,"開拓使は1871年(明治4年)より7種(イチイ・ハリギリ・イヌエンジュ・ヤマグワ・トドマツ・カツラ・エゾヤマザクラ)の立木の伐採を禁じ、1873年(明治6年)に官林を定めると、藻岩山や円山は禁伐林として保護された。
しかし、1882年(明治15年)の開拓使の廃止による三県一局時代を経て北海道庁(1886年〈明治19年〉-1887年〈明治20年〉)となると、樹木の伐採禁止は緩和され、針葉樹など一部が伐採されるようになる。
明治時代中頃には南側で木材が伐採され、この藻岩山は札幌に近いこと、近くの豊平川を用いた水運が利用できることから、北の沢川から豊平川、創成川を経由して札幌まで流された。",開拓使はその後何という名前の機関になったの?,北海道庁,Lexical variation (world knowledge)
762,270,藻岩山,"1892年(明治25年)に来日したアメリカの植物学者サージェントは、札幌農学校出身で藻岩・円山を研究フィールドとした植物学者の宮部金吾の案内で藻岩山を訪れ、その狭い地域における植生の多様性を『日本森林植物誌』(英:“ForestfloraofJapan”、1894年)で世界的にも珍しいと紹介した。
その後、明治時代末から大正時代初頭になると北海道の主な原始林の保存が検討され、北東斜面にあるシナノキ、ミズナラ、ダケカンバなどの広葉樹が生い茂る「藻岩原始林」が、1915年(大正4年)に北海道庁より原生天然保護林に指定された。
その後、1921年(大正10年)3月3日、「円山原始林」とともに北海道で最初の天然記念物(史蹟名勝天然紀念物)に指定された。
指定区域は284.7ヘクタール(284.68ha)の国有林であり、天然記念物になる以前、開拓使時代から伐採などの利用が禁止されてから今日まで、一度も人の手が入ったことのないという厳密な意味での原始林ではなく、原生林に近い天然林にあたる。
1969年(昭和44年)11月、文部省と北海道教育委員会により「天然記念物藻岩山原始林」碑が、藻岩山山頂、ロープウェイ終点広場、慈恵会病院登山口に建立されている。
南(南西)斜面の原生林は明治時代の数度の山火事により焼失し、天然記念物区域に指定されておらず、太平洋戦争後はスキー場などに利用された。",天然記念物に指定された指定区域はどれくらいでしたか?,284.7ヘクタール,Multiple sentence reasoning
763,270,藻岩山,"1892年(明治25年)に来日したアメリカの植物学者サージェントは、札幌農学校出身で藻岩・円山を研究フィールドとした植物学者の宮部金吾の案内で藻岩山を訪れ、その狭い地域における植生の多様性を『日本森林植物誌』(英:“ForestfloraofJapan”、1894年)で世界的にも珍しいと紹介した。
その後、明治時代末から大正時代初頭になると北海道の主な原始林の保存が検討され、北東斜面にあるシナノキ、ミズナラ、ダケカンバなどの広葉樹が生い茂る「藻岩原始林」が、1915年(大正4年)に北海道庁より原生天然保護林に指定された。
その後、1921年(大正10年)3月3日、「円山原始林」とともに北海道で最初の天然記念物(史蹟名勝天然紀念物)に指定された。
指定区域は284.7ヘクタール(284.68ha)の国有林であり、天然記念物になる以前、開拓使時代から伐採などの利用が禁止されてから今日まで、一度も人の手が入ったことのないという厳密な意味での原始林ではなく、原生林に近い天然林にあたる。
1969年(昭和44年)11月、文部省と北海道教育委員会により「天然記念物藻岩山原始林」碑が、藻岩山山頂、ロープウェイ終点広場、慈恵会病院登山口に建立されている。
南(南西)斜面の原生林は明治時代の数度の山火事により焼失し、天然記念物区域に指定されておらず、太平洋戦争後はスキー場などに利用された。",『日本森林植物誌』の著者は誰?,サージェント,Lexical variation (world knowledge)
764,270,藻岩山,"1892年(明治25年)に来日したアメリカの植物学者サージェントは、札幌農学校出身で藻岩・円山を研究フィールドとした植物学者の宮部金吾の案内で藻岩山を訪れ、その狭い地域における植生の多様性を『日本森林植物誌』(英:“ForestfloraofJapan”、1894年)で世界的にも珍しいと紹介した。
その後、明治時代末から大正時代初頭になると北海道の主な原始林の保存が検討され、北東斜面にあるシナノキ、ミズナラ、ダケカンバなどの広葉樹が生い茂る「藻岩原始林」が、1915年(大正4年)に北海道庁より原生天然保護林に指定された。
その後、1921年(大正10年)3月3日、「円山原始林」とともに北海道で最初の天然記念物(史蹟名勝天然紀念物)に指定された。
指定区域は284.7ヘクタール(284.68ha)の国有林であり、天然記念物になる以前、開拓使時代から伐採などの利用が禁止されてから今日まで、一度も人の手が入ったことのないという厳密な意味での原始林ではなく、原生林に近い天然林にあたる。
1969年(昭和44年)11月、文部省と北海道教育委員会により「天然記念物藻岩山原始林」碑が、藻岩山山頂、ロープウェイ終点広場、慈恵会病院登山口に建立されている。
南(南西)斜面の原生林は明治時代の数度の山火事により焼失し、天然記念物区域に指定されておらず、太平洋戦争後はスキー場などに利用された。",藻岩山と共に天然記念物に指定されたものとは何?,「円山原始林」,Lexical variation (synonymy)
765,271,藻岩山,"山麓にある新善光寺の初代住職が、1885年(明治18年)に北海道新西国三十三番観音安置の許可を受けたことより、山道が開かれ、1886年(明治19年)、参道が整備されると、同年6月1日に山開き大祭がとり行なわれた。
1901年(明治34年)には2代住職により、各所に西国三十三所観音霊場を模した33体の観音像が置かれ、山頂に石堂が造られた。
以来、6月1日には「藻岩山山開き」として、信者が山頂に参拝する行事が毎年行われ、明治時代末頃には、山開きは札幌の年中行事として親しまれた。
参道の幅は1932年(昭和7年)に拡張された。
その後、石堂は観光施設建設のために山頂の別の場所に移設され、1973年(昭和48年)に六角堂として再建された後、山開き大祭108回となった1992年(平成4年)に本格的建築として落成し、今日の藻岩観音奥の院(正式名称「浄土宗観音寺藻岩観音奥之院」)になった。
堂内には竜頭観音が安置されており、堂の傍らにある水かけ観音は、かつての石堂に安置された石像である。
山頂に至る藻岩観音の参道は、今日の主要な藻岩山登山道(慈啓会病院前コース)となっている。",「藻岩山山開き」は毎年いつ行われていますか?,6月1日,Syntactic variation
766,271,藻岩山,"山麓にある新善光寺の初代住職が、1885年(明治18年)に北海道新西国三十三番観音安置の許可を受けたことより、山道が開かれ、1886年(明治19年)、参道が整備されると、同年6月1日に山開き大祭がとり行なわれた。
1901年(明治34年)には2代住職により、各所に西国三十三所観音霊場を模した33体の観音像が置かれ、山頂に石堂が造られた。
以来、6月1日には「藻岩山山開き」として、信者が山頂に参拝する行事が毎年行われ、明治時代末頃には、山開きは札幌の年中行事として親しまれた。
参道の幅は1932年(昭和7年)に拡張された。
その後、石堂は観光施設建設のために山頂の別の場所に移設され、1973年(昭和48年)に六角堂として再建された後、山開き大祭108回となった1992年(平成4年)に本格的建築として落成し、今日の藻岩観音奥の院(正式名称「浄土宗観音寺藻岩観音奥之院」)になった。
堂内には竜頭観音が安置されており、堂の傍らにある水かけ観音は、かつての石堂に安置された石像である。
山頂に至る藻岩観音の参道は、今日の主要な藻岩山登山道(慈啓会病院前コース)となっている。",北海道新西国三十三番観音安置の許可を受けたのは何年?,1885年,Syntactic variation
767,271,藻岩山,"山麓にある新善光寺の初代住職が、1885年(明治18年)に北海道新西国三十三番観音安置の許可を受けたことより、山道が開かれ、1886年(明治19年)、参道が整備されると、同年6月1日に山開き大祭がとり行なわれた。
1901年(明治34年)には2代住職により、各所に西国三十三所観音霊場を模した33体の観音像が置かれ、山頂に石堂が造られた。
以来、6月1日には「藻岩山山開き」として、信者が山頂に参拝する行事が毎年行われ、明治時代末頃には、山開きは札幌の年中行事として親しまれた。
参道の幅は1932年(昭和7年)に拡張された。
その後、石堂は観光施設建設のために山頂の別の場所に移設され、1973年(昭和48年)に六角堂として再建された後、山開き大祭108回となった1992年(平成4年)に本格的建築として落成し、今日の藻岩観音奥の院(正式名称「浄土宗観音寺藻岩観音奥之院」)になった。
堂内には竜頭観音が安置されており、堂の傍らにある水かけ観音は、かつての石堂に安置された石像である。
山頂に至る藻岩観音の参道は、今日の主要な藻岩山登山道(慈啓会病院前コース)となっている。",1992年に山開き大祭は何回目を迎えましたか?,108回,Lexical variation (synonymy)
768,272,藻岩山,"戦後占領期の1946年(昭和21年)に北東の山腹(ロープウェイ沿線の北側)を切り拓いた進駐軍専用の札幌スキー場が建設されるとともに、1947年(昭和22年)1月、長野県の志賀高原丸池スキー場と並んで日本初のスキーリフトが導入された。
当時、宮部金吾およびその後の舘脇操が同地の保全を提唱した。
そして、1958年(昭和33年)の第13回国民体育大会における使用を最後に、自然保護のため立ち入りが禁止されたことで、現在は植生がある程度回復しており、スキーリフトの台座などの遺構が残るのみである。",北海道で初めてスキーリフトが導入されたのは何年でしたか?,1947年,Lexical variation (synonymy)
769,272,藻岩山,"戦後占領期の1946年(昭和21年)に北東の山腹(ロープウェイ沿線の北側)を切り拓いた進駐軍専用の札幌スキー場が建設されるとともに、1947年(昭和22年)1月、長野県の志賀高原丸池スキー場と並んで日本初のスキーリフトが導入された。
当時、宮部金吾およびその後の舘脇操が同地の保全を提唱した。
そして、1958年(昭和33年)の第13回国民体育大会における使用を最後に、自然保護のため立ち入りが禁止されたことで、現在は植生がある程度回復しており、スキーリフトの台座などの遺構が残るのみである。",北海道以外で初めてスキーリフトが導入されたスキー場とはどこ?,志賀高原丸池スキー場,Lexical variation (world knowledge)
770,273,藻岩山,"北東側の山麓に近い標高178メートルの位置に、白い仏舎利塔(通称「平和の塔」、正式名称「札幌平和塔」)が建っている。
太平洋戦争の犠牲者の冥福と世界・日本の平和を祈る目的で、日本山妙法寺の藤井日達の発願により、1959年(昭和34年)に建立され、その後、改装されている。
高さ33メートル、基底幅28メートルである。
インドのネール首相から贈られた仏舎利が安置されている。",仏舎利塔の発願者は誰?,藤井日達,Lexical variation (synonymy)
771,273,藻岩山,"北東側の山麓に近い標高178メートルの位置に、白い仏舎利塔(通称「平和の塔」、正式名称「札幌平和塔」)が建っている。
太平洋戦争の犠牲者の冥福と世界・日本の平和を祈る目的で、日本山妙法寺の藤井日達の発願により、1959年(昭和34年)に建立され、その後、改装されている。
高さ33メートル、基底幅28メートルである。
インドのネール首相から贈られた仏舎利が安置されている。",仏舎利塔が建立されたのは何年?,1959年,Multiple sentence reasoning
772,273,藻岩山,"北東側の山麓に近い標高178メートルの位置に、白い仏舎利塔(通称「平和の塔」、正式名称「札幌平和塔」)が建っている。
太平洋戦争の犠牲者の冥福と世界・日本の平和を祈る目的で、日本山妙法寺の藤井日達の発願により、1959年(昭和34年)に建立され、その後、改装されている。
高さ33メートル、基底幅28メートルである。
インドのネール首相から贈られた仏舎利が安置されている。",仏舎利塔の高さはどれくらいですか?,33メートル,Multiple sentence reasoning
773,273,藻岩山,"北東側の山麓に近い標高178メートルの位置に、白い仏舎利塔(通称「平和の塔」、正式名称「札幌平和塔」)が建っている。
太平洋戦争の犠牲者の冥福と世界・日本の平和を祈る目的で、日本山妙法寺の藤井日達の発願により、1959年(昭和34年)に建立され、その後、改装されている。
高さ33メートル、基底幅28メートルである。
インドのネール首相から贈られた仏舎利が安置されている。",仏舎利塔には誰から贈られた仏舎利が安置されているの?,ネール,Multiple sentence reasoning
774,274,藻岩山,"この平和塔の南側の中腹(ロープウェイの沿線下付近)には、かつてエゾシカ園が設けられていたが、その後、「森永牧場」(1966年〈昭和41年〉森永乳業開設)と呼ばれる乳牛牧場となり、北海道の形状をした浅い池も存在していた。
現在は撤去され、跡地は「はらっぱ」と呼ばれる広場になっている。
また、山麓の観光スポットとして「ちざきバラ園」があったが、2009年(平成21年)10月に閉園した。
現在、同地にはローズガーデンクライスト教会(2010年〈平成22年〉6月完成)が建つ。",森永牧場は元々何でしたか?,エゾシカ園,Lexical variation (world knowledge)
775,274,藻岩山,"この平和塔の南側の中腹(ロープウェイの沿線下付近)には、かつてエゾシカ園が設けられていたが、その後、「森永牧場」(1966年〈昭和41年〉森永乳業開設)と呼ばれる乳牛牧場となり、北海道の形状をした浅い池も存在していた。
現在は撤去され、跡地は「はらっぱ」と呼ばれる広場になっている。
また、山麓の観光スポットとして「ちざきバラ園」があったが、2009年(平成21年)10月に閉園した。
現在、同地にはローズガーデンクライスト教会(2010年〈平成22年〉6月完成)が建つ。",「ちざきバラ園」の跡地には現在何が建っていますか?,ローズガーデンクライスト教会,Lexical variation (synonymy)
776,274,藻岩山,"この平和塔の南側の中腹(ロープウェイの沿線下付近)には、かつてエゾシカ園が設けられていたが、その後、「森永牧場」(1966年〈昭和41年〉森永乳業開設)と呼ばれる乳牛牧場となり、北海道の形状をした浅い池も存在していた。
現在は撤去され、跡地は「はらっぱ」と呼ばれる広場になっている。
また、山麓の観光スポットとして「ちざきバラ園」があったが、2009年(平成21年)10月に閉園した。
現在、同地にはローズガーデンクライスト教会(2010年〈平成22年〉6月完成)が建つ。",ローズガーデンクライスト教会の場所には元々何がありましたか?,「ちざきバラ園」,Lexical variation (world knowledge)
777,275,藻岩山,"ロープウェイ中腹駅の近隣にある藻岩山神社は、1987年(昭和62年)に建立されたもので、現在の中央区伏見の山麓に位置する札幌伏見稲荷神社の境外末社となる。
オーストリア=ハンガリー帝国の軍人レルヒからスキーを学んだ学生数人が1912年(明治45年)3月に藻岩山スキー登山を決行したことが北海道の山スキーの発祥とされることから、伏見稲荷大神とともに、ウルの神(北欧神話のスキーの神)、レルヒの神(スキー術を伝授したレルヒ)、ブランデージの神(札幌オリンピック時の国際オリンピック委員会〈IOC〉会長)を祀り、藻岩山スキー客の無病息災と安全を祈願して建立された。
2015年(平成27年)国勢調査によれば、行政町名としての「藻岩山」地域は、調査時点で人口0人である。",藻岩山神社は何年に建立されたの?,1987年,Syntactic variation
778,275,藻岩山,"ロープウェイ中腹駅の近隣にある藻岩山神社は、1987年(昭和62年)に建立されたもので、現在の中央区伏見の山麓に位置する札幌伏見稲荷神社の境外末社となる。
オーストリア=ハンガリー帝国の軍人レルヒからスキーを学んだ学生数人が1912年(明治45年)3月に藻岩山スキー登山を決行したことが北海道の山スキーの発祥とされることから、伏見稲荷大神とともに、ウルの神(北欧神話のスキーの神)、レルヒの神(スキー術を伝授したレルヒ)、ブランデージの神(札幌オリンピック時の国際オリンピック委員会〈IOC〉会長)を祀り、藻岩山スキー客の無病息災と安全を祈願して建立された。
2015年(平成27年)国勢調査によれば、行政町名としての「藻岩山」地域は、調査時点で人口0人である。",北欧神話のスキーの神とは誰ですか?,ウル,Syntactic variation
779,275,藻岩山,"ロープウェイ中腹駅の近隣にある藻岩山神社は、1987年(昭和62年)に建立されたもので、現在の中央区伏見の山麓に位置する札幌伏見稲荷神社の境外末社となる。
オーストリア=ハンガリー帝国の軍人レルヒからスキーを学んだ学生数人が1912年(明治45年)3月に藻岩山スキー登山を決行したことが北海道の山スキーの発祥とされることから、伏見稲荷大神とともに、ウルの神(北欧神話のスキーの神)、レルヒの神(スキー術を伝授したレルヒ)、ブランデージの神(札幌オリンピック時の国際オリンピック委員会〈IOC〉会長)を祀り、藻岩山スキー客の無病息災と安全を祈願して建立された。
2015年(平成27年)国勢調査によれば、行政町名としての「藻岩山」地域は、調査時点で人口0人である。",日本人にスキー術を伝授した人とは誰?,レルヒ,Lexical variation (synonymy)
780,276,藻岩山,"積雪は、札幌藻岩山スキー場の最上部では市街地に比べておよそ30センチメートル多い。
また、木々が芽吹く季節である4-5月は平均風速が大きく、それにより山頂や尾根沿いでは偏形樹(風衝樹形)が見られる。",積雪が少ないのは藻岩山スキー場と市街地のどちらですか?,市街地,Lexical variation (world knowledge)
781,277,藻岩山,"樹木は100種余り(高木41種、低木54種、つる植物12種、計107種)の数多くの樹種が認められる。
冷温帯性の落葉広葉樹林が最も多く、伐採の影響が見られない北・東斜面などにはイタヤカエデ(エゾイタヤ)・シナノキ林が広がり、ミズナラやホオノキなどが多様に混生しており、山頂付近にはダケカンバ林が見られる。
尾根沿いや伐採の影響より再生した二次林は若いミズナラ林となる。
軍艦岬の沢沿いなどにはカツラ林がある。",高木、低木、つる植物の中で最も種類が多いのは何ですか?,低木,Logical reasoning
782,277,藻岩山,"樹木は100種余り(高木41種、低木54種、つる植物12種、計107種)の数多くの樹種が認められる。
冷温帯性の落葉広葉樹林が最も多く、伐採の影響が見られない北・東斜面などにはイタヤカエデ(エゾイタヤ)・シナノキ林が広がり、ミズナラやホオノキなどが多様に混生しており、山頂付近にはダケカンバ林が見られる。
尾根沿いや伐採の影響より再生した二次林は若いミズナラ林となる。
軍艦岬の沢沿いなどにはカツラ林がある。",高木、低木、つる植物の中で最も種類が少ないのは何ですか?,つる植物,Logical reasoning
783,278,藻岩山,"藻岩山周辺の大型哺乳類としては、エゾシカのほかヒグマも挙げられる。
リス類は、エゾリス、エゾシマリスのほかエゾモモンガが生息する。
また、エゾユキウサギも認められるが、キタキツネの増加により減少したといわれる。
このほか特定外来生物であるアライグマも定着・拡大している。
ネズミ類は、アカネズミ類であるヒメネズミ、ハントウアカネズミ(カラフトアカネズミ)、アカネズミ(エゾアカネズミ)、ヤチネズミ類のエゾヤチネズミが生息するほか、ヒメヤチネズミ(ミカドネズミ)も認められている。
また、ネズミとは別系統であるトガリネズミ類としてバイカルトガリネズミ(エゾトガリネズミ)、オオアシトガリネズミが生息する。",エゾユキウサギが減少した原因となる動物は何?,キタキツネ,Lexical variation (world knowledge)
784,278,藻岩山,"藻岩山周辺の大型哺乳類としては、エゾシカのほかヒグマも挙げられる。
リス類は、エゾリス、エゾシマリスのほかエゾモモンガが生息する。
また、エゾユキウサギも認められるが、キタキツネの増加により減少したといわれる。
このほか特定外来生物であるアライグマも定着・拡大している。
ネズミ類は、アカネズミ類であるヒメネズミ、ハントウアカネズミ(カラフトアカネズミ)、アカネズミ(エゾアカネズミ)、ヤチネズミ類のエゾヤチネズミが生息するほか、ヒメヤチネズミ(ミカドネズミ)も認められている。
また、ネズミとは別系統であるトガリネズミ類としてバイカルトガリネズミ(エゾトガリネズミ)、オオアシトガリネズミが生息する。",藻岩山周辺に生息している大型哺乳類はエゾシカと何がいますか?,ヒグマ,Lexical variation (synonymy)
785,278,藻岩山,"藻岩山周辺の大型哺乳類としては、エゾシカのほかヒグマも挙げられる。
リス類は、エゾリス、エゾシマリスのほかエゾモモンガが生息する。
また、エゾユキウサギも認められるが、キタキツネの増加により減少したといわれる。
このほか特定外来生物であるアライグマも定着・拡大している。
ネズミ類は、アカネズミ類であるヒメネズミ、ハントウアカネズミ(カラフトアカネズミ)、アカネズミ(エゾアカネズミ)、ヤチネズミ類のエゾヤチネズミが生息するほか、ヒメヤチネズミ(ミカドネズミ)も認められている。
また、ネズミとは別系統であるトガリネズミ類としてバイカルトガリネズミ(エゾトガリネズミ)、オオアシトガリネズミが生息する。",藻岩山周辺に生息し始めた特定外来生物とは何?,アライグマ,Lexical variation (synonymy)
786,279,藻岩山,"鳥類は藻岩山・円山でほぼ同様に120種余りが認められ、夏鳥を含む繁殖期に種数および個体数が最大になる。
特に天然記念物のクマゲラの繁殖例が有名であるが稀であり、減少が懸念されるヨタカやエゾライチョウも1980年(昭和55年)以降の記録としてあるが21世紀以降は不明である。
留鳥としては、カラ類、キツツキ類、ヒヨドリ、シメ、カケス(ミヤマカケス)、猛禽類のフクロウ(エゾフクロウ)やタカ類などが生息する。
また、多くの夏鳥が繁殖するほか、渡り鳥の要地として多くの旅鳥も見られ、冬鳥としては、ツグミ、レンジャク類、アトリ類などが知られる。",藻岩山・円山で確認されている鳥類の種類は?,120種余り,Lexical variation (synonymy)
787,280,アヴィス王朝,アヴィス王朝は、ポルトガル王国の王朝であり、ポルトガル最初の王朝であるブルゴーニュ王朝に次いで、1385年から1580年までポルトガルを支配した。,アヴィス王朝は、どの王国の王朝であるの?,ポルトガル王国,Syntactic variation
788,280,アヴィス王朝,アヴィス王朝は、ポルトガル王国の王朝であり、ポルトガル最初の王朝であるブルゴーニュ王朝に次いで、1385年から1580年までポルトガルを支配した。,ポルトガルにおける2番目の王朝は、どの王朝ですか?,アヴィス王朝,Logical reasoning
789,280,アヴィス王朝,アヴィス王朝は、ポルトガル王国の王朝であり、ポルトガル最初の王朝であるブルゴーニュ王朝に次いで、1385年から1580年までポルトガルを支配した。,アヴィス王朝は、何年から何年までポルトガルに存在した王朝であるか?,1385年から1580年,Lexical variation (world knowledge)
790,280,アヴィス王朝,アヴィス王朝は、ポルトガル王国の王朝であり、ポルトガル最初の王朝であるブルゴーニュ王朝に次いで、1385年から1580年までポルトガルを支配した。,ブルゴーニュ王朝がポルトガルを支配していたのは、何年までだったか?,1385年,Logical reasoning
791,281,アヴィス王朝,アヴィス王朝の創始者であるジョアン1世から最後の国王であるエンリケ1世に至る200年近くの期間のほとんどはポルトガルの「大航海時代」と重複する。エンリケ航海王子が実施したアフリカ大陸への進出、ヴァスコ・ダ・ガマのインド航路開拓によって、大西洋とインド洋にまたがる「ポルトガル海上帝国」が出現した。香料交易の衰退とともにポルトガルの国力は低下し、1580年にスペイン王フェリペ2世が空位となったポルトガル王位に就き、王朝は滅亡を迎える。,アヴィス王朝の最初の国王は、誰なの?,ジョアン1世,Lexical variation (synonymy)
792,281,アヴィス王朝,アヴィス王朝の創始者であるジョアン1世から最後の国王であるエンリケ1世に至る200年近くの期間のほとんどはポルトガルの「大航海時代」と重複する。エンリケ航海王子が実施したアフリカ大陸への進出、ヴァスコ・ダ・ガマのインド航路開拓によって、大西洋とインド洋にまたがる「ポルトガル海上帝国」が出現した。香料交易の衰退とともにポルトガルの国力は低下し、1580年にスペイン王フェリペ2世が空位となったポルトガル王位に就き、王朝は滅亡を迎える。,アヴィス王朝は、誰の時代からエンリケ1世の時代までのことをいいますか?,ジョアン1世,Lexical variation (world knowledge)
793,281,アヴィス王朝,アヴィス王朝の創始者であるジョアン1世から最後の国王であるエンリケ1世に至る200年近くの期間のほとんどはポルトガルの「大航海時代」と重複する。エンリケ航海王子が実施したアフリカ大陸への進出、ヴァスコ・ダ・ガマのインド航路開拓によって、大西洋とインド洋にまたがる「ポルトガル海上帝国」が出現した。香料交易の衰退とともにポルトガルの国力は低下し、1580年にスペイン王フェリペ2世が空位となったポルトガル王位に就き、王朝は滅亡を迎える。,ポルトガルの国力に悪影響を及ぼしたのは、何の衰退だったか?,香料交易,Lexical variation (world knowledge)
794,281,アヴィス王朝,アヴィス王朝の創始者であるジョアン1世から最後の国王であるエンリケ1世に至る200年近くの期間のほとんどはポルトガルの「大航海時代」と重複する。エンリケ航海王子が実施したアフリカ大陸への進出、ヴァスコ・ダ・ガマのインド航路開拓によって、大西洋とインド洋にまたがる「ポルトガル海上帝国」が出現した。香料交易の衰退とともにポルトガルの国力は低下し、1580年にスペイン王フェリペ2世が空位となったポルトガル王位に就き、王朝は滅亡を迎える。,アヴィス王朝の滅亡時期は、何年だとされるか?,1580年,Lexical variation (world knowledge)
795,282,アヴィス王朝,13世紀のレコンキスタの達成後、ポルトガル社会は封建領主が支配する北部地域、富を蓄えた自治都市のブルジョアジーが影響力を行使する中部地域、騎士修道会が支配する南部地域に三分される。1348年秋に流行した黒死病によってポルトガルの総人口は約3分の2に減少し、リスボン、コインブラなどの都市部は深刻な被害を受ける。黒死病は零細農民の都市部への流入と農村部の人口の減少、黒死病を恐れる貴族や地主による教会・修道院への土地の寄進などの現象を引き起こし、固定地代に依存していた貴族層の経済力は低下する。他方、一部の都市ブルジョアジーはワイン、オリーブオイルなどの輸出によって利益を得るようになり、ポルトガル王はリスボン商人を初めとする新興資産家を政治基盤に取り込むために頻繁にコルテス(身分制議会)を開催し、相対的に王権が強化されていった。,レコンキスタが行われたのは、何世紀のことなの?,13世紀,Lexical variation (world knowledge)
796,282,アヴィス王朝,13世紀のレコンキスタの達成後、ポルトガル社会は封建領主が支配する北部地域、富を蓄えた自治都市のブルジョアジーが影響力を行使する中部地域、騎士修道会が支配する南部地域に三分される。1348年秋に流行した黒死病によってポルトガルの総人口は約3分の2に減少し、リスボン、コインブラなどの都市部は深刻な被害を受ける。黒死病は零細農民の都市部への流入と農村部の人口の減少、黒死病を恐れる貴族や地主による教会・修道院への土地の寄進などの現象を引き起こし、固定地代に依存していた貴族層の経済力は低下する。他方、一部の都市ブルジョアジーはワイン、オリーブオイルなどの輸出によって利益を得るようになり、ポルトガル王はリスボン商人を初めとする新興資産家を政治基盤に取り込むために頻繁にコルテス(身分制議会)を開催し、相対的に王権が強化されていった。,レコンキスタの達成後、ポルトガルは封建領主、ブルジョアジー、そしてどの勢力により三分されましたか?,騎士修道会,Syntactic variation
797,282,アヴィス王朝,13世紀のレコンキスタの達成後、ポルトガル社会は封建領主が支配する北部地域、富を蓄えた自治都市のブルジョアジーが影響力を行使する中部地域、騎士修道会が支配する南部地域に三分される。1348年秋に流行した黒死病によってポルトガルの総人口は約3分の2に減少し、リスボン、コインブラなどの都市部は深刻な被害を受ける。黒死病は零細農民の都市部への流入と農村部の人口の減少、黒死病を恐れる貴族や地主による教会・修道院への土地の寄進などの現象を引き起こし、固定地代に依存していた貴族層の経済力は低下する。他方、一部の都市ブルジョアジーはワイン、オリーブオイルなどの輸出によって利益を得るようになり、ポルトガル王はリスボン商人を初めとする新興資産家を政治基盤に取り込むために頻繁にコルテス(身分制議会)を開催し、相対的に王権が強化されていった。,ポルトガルの総人口が約3分の2まで減少するほどの大きな影響を及ぼしたのは、何か?,黒死病,Lexical variation (world knowledge)
798,282,アヴィス王朝,13世紀のレコンキスタの達成後、ポルトガル社会は封建領主が支配する北部地域、富を蓄えた自治都市のブルジョアジーが影響力を行使する中部地域、騎士修道会が支配する南部地域に三分される。1348年秋に流行した黒死病によってポルトガルの総人口は約3分の2に減少し、リスボン、コインブラなどの都市部は深刻な被害を受ける。黒死病は零細農民の都市部への流入と農村部の人口の減少、黒死病を恐れる貴族や地主による教会・修道院への土地の寄進などの現象を引き起こし、固定地代に依存していた貴族層の経済力は低下する。他方、一部の都市ブルジョアジーはワイン、オリーブオイルなどの輸出によって利益を得るようになり、ポルトガル王はリスボン商人を初めとする新興資産家を政治基盤に取り込むために頻繁にコルテス(身分制議会)を開催し、相対的に王権が強化されていった。,ポルトガル王が資産家たちを味方にし、究極的には王権強化を図るために、頻繁に開催したのは、何か?,コルテス,Lexical variation (world knowledge)
799,283,アヴィス王朝,黒死病の流行前からポルトガルと隣国のカスティーリャ王国の関係は悪化しており、ポルトガル王フェルナンド1世はカスティーリャ王国の王位継承権を主張して3度の戦争を実施するが、戦争はポルトガルの敗北に終わる。戦争の結果ポルトガルの国土は荒廃し、戦後の和約でカスティーリャ王フアン1世とフェルナンドのただ一人の子であるベアトリスの結婚が取り決められたため、ポルトガルがカスティーリャに併合される可能性が生じた。,ポルトガルとカスティーリャ王国の間で3度に渡る王位継承戦争が勃発したのは、誰がカスティーリャ王国の王位継承を主張したからだったの?,フェルナンド1世,Lexical variation (world knowledge)
800,283,アヴィス王朝,黒死病の流行前からポルトガルと隣国のカスティーリャ王国の関係は悪化しており、ポルトガル王フェルナンド1世はカスティーリャ王国の王位継承権を主張して3度の戦争を実施するが、戦争はポルトガルの敗北に終わる。戦争の結果ポルトガルの国土は荒廃し、戦後の和約でカスティーリャ王フアン1世とフェルナンドのただ一人の子であるベアトリスの結婚が取り決められたため、ポルトガルがカスティーリャに併合される可能性が生じた。,カスティーリャ王国の王位継承問題を巡った、ポルトガルとの3度に渡る戦争は、どの国の勝利で終わりましたか?,カスティーリャ王国,Lexical variation (world knowledge)
801,283,アヴィス王朝,黒死病の流行前からポルトガルと隣国のカスティーリャ王国の関係は悪化しており、ポルトガル王フェルナンド1世はカスティーリャ王国の王位継承権を主張して3度の戦争を実施するが、戦争はポルトガルの敗北に終わる。戦争の結果ポルトガルの国土は荒廃し、戦後の和約でカスティーリャ王フアン1世とフェルナンドのただ一人の子であるベアトリスの結婚が取り決められたため、ポルトガルがカスティーリャに併合される可能性が生じた。,戦後の和約でフアン1世と結婚するようになったのは、誰か?,ベアトリス,Syntactic variation
802,283,アヴィス王朝,黒死病の流行前からポルトガルと隣国のカスティーリャ王国の関係は悪化しており、ポルトガル王フェルナンド1世はカスティーリャ王国の王位継承権を主張して3度の戦争を実施するが、戦争はポルトガルの敗北に終わる。戦争の結果ポルトガルの国土は荒廃し、戦後の和約でカスティーリャ王フアン1世とフェルナンドのただ一人の子であるベアトリスの結婚が取り決められたため、ポルトガルがカスティーリャに併合される可能性が生じた。,フアン1世とベアトリスの結婚により、カスティーリャがポルトガルがをどうする可能性が生じたか?,併合,Syntactic variation
803,284,アヴィス王朝,1383年10月にフェルナンド1世が没した後、ベアトリスがポルトガル女王に即位し、大貴族メネゼス家出身の王妃でベアトリスの母であるレオノール・テレスが摂政となり、貴族らと共に専制政治が始まった。戦争に疲弊し、経済的に困窮する都市の下層民や職人層の反乱がベアトリスの即位前から各地で勃発し、都市下層民と一部の貴族はカスティーリャとの戦争で利益を得たレオノールとその寵臣であるオーレム伯アンデイロを悪政の元凶として敵視していた。,フェルナンド1世が死去したのは、いつのことなの?,1383年10月,Lexical variation (synonymy)
804,284,アヴィス王朝,1383年10月にフェルナンド1世が没した後、ベアトリスがポルトガル女王に即位し、大貴族メネゼス家出身の王妃でベアトリスの母であるレオノール・テレスが摂政となり、貴族らと共に専制政治が始まった。戦争に疲弊し、経済的に困窮する都市の下層民や職人層の反乱がベアトリスの即位前から各地で勃発し、都市下層民と一部の貴族はカスティーリャとの戦争で利益を得たレオノールとその寵臣であるオーレム伯アンデイロを悪政の元凶として敵視していた。,フェルナンド1世の後を継いだのは、誰ですか?,ベアトリス,Lexical variation (world knowledge)
805,284,アヴィス王朝,1383年10月にフェルナンド1世が没した後、ベアトリスがポルトガル女王に即位し、大貴族メネゼス家出身の王妃でベアトリスの母であるレオノール・テレスが摂政となり、貴族らと共に専制政治が始まった。戦争に疲弊し、経済的に困窮する都市の下層民や職人層の反乱がベアトリスの即位前から各地で勃発し、都市下層民と一部の貴族はカスティーリャとの戦争で利益を得たレオノールとその寵臣であるオーレム伯アンデイロを悪政の元凶として敵視していた。,ベアトリスはフェルナンド1世の娘であるが、それではフェルナンド1世の妻は誰か?,レオノール・テレス,Logical reasoning
806,284,アヴィス王朝,1383年10月にフェルナンド1世が没した後、ベアトリスがポルトガル女王に即位し、大貴族メネゼス家出身の王妃でベアトリスの母であるレオノール・テレスが摂政となり、貴族らと共に専制政治が始まった。戦争に疲弊し、経済的に困窮する都市の下層民や職人層の反乱がベアトリスの即位前から各地で勃発し、都市下層民と一部の貴族はカスティーリャとの戦争で利益を得たレオノールとその寵臣であるオーレム伯アンデイロを悪政の元凶として敵視していた。,1383年10月からポルトガル王国の実権を握ったのは、ベアトリスと誰か?,レオノール・テレス,Lexical variation (world knowledge)
807,285,アヴィス王朝,1383年12月にフアン1世はレオノール派を援護するためにポルトガルに侵攻し、グアルダを占領した。ポルトガル王ペドロ1世、フェルナンド1世に仕えた大法官アルヴァロ・パイスはペドロ1世の庶子でアヴィス騎士団団長のジョアンを説得し、一部のリスボン市民と協力してアンデイロを殺害する。反乱軍はジョアンを「王国の統治者、防衛者」に奉じ、蜂起の知らせが全国に広がると各地で民衆の暴動が発生した。1384年1月にレオノールはサンタレンまで進軍したフアン1世にポルトガルの統治権を委譲し、ポルトガル国内は親カスティーリャ派の大貴族とアヴィス派の下層民・ブルジョアジー・中層貴族に分裂する。,フアン1世がポルトガルを攻撃したのは、いつのことなの?,1383年12月,Lexical variation (synonymy)
808,285,アヴィス王朝,1383年12月にフアン1世はレオノール派を援護するためにポルトガルに侵攻し、グアルダを占領した。ポルトガル王ペドロ1世、フェルナンド1世に仕えた大法官アルヴァロ・パイスはペドロ1世の庶子でアヴィス騎士団団長のジョアンを説得し、一部のリスボン市民と協力してアンデイロを殺害する。反乱軍はジョアンを「王国の統治者、防衛者」に奉じ、蜂起の知らせが全国に広がると各地で民衆の暴動が発生した。1384年1月にレオノールはサンタレンまで進軍したフアン1世にポルトガルの統治権を委譲し、ポルトガル国内は親カスティーリャ派の大貴族とアヴィス派の下層民・ブルジョアジー・中層貴族に分裂する。,1383年12月にフアン1世がポルトガルを攻撃したのは、どの派を手助けするためでしたか?,レオノール派,Lexical variation (world knowledge)
809,285,アヴィス王朝,1383年12月にフアン1世はレオノール派を援護するためにポルトガルに侵攻し、グアルダを占領した。ポルトガル王ペドロ1世、フェルナンド1世に仕えた大法官アルヴァロ・パイスはペドロ1世の庶子でアヴィス騎士団団長のジョアンを説得し、一部のリスボン市民と協力してアンデイロを殺害する。反乱軍はジョアンを「王国の統治者、防衛者」に奉じ、蜂起の知らせが全国に広がると各地で民衆の暴動が発生した。1384年1月にレオノールはサンタレンまで進軍したフアン1世にポルトガルの統治権を委譲し、ポルトガル国内は親カスティーリャ派の大貴族とアヴィス派の下層民・ブルジョアジー・中層貴族に分裂する。,フアン1世による1383年12月のポルトガル侵攻で、最初に占領されたのは、どこか?,グアルダ,Logical reasoning
810,285,アヴィス王朝,1383年12月にフアン1世はレオノール派を援護するためにポルトガルに侵攻し、グアルダを占領した。ポルトガル王ペドロ1世、フェルナンド1世に仕えた大法官アルヴァロ・パイスはペドロ1世の庶子でアヴィス騎士団団長のジョアンを説得し、一部のリスボン市民と協力してアンデイロを殺害する。反乱軍はジョアンを「王国の統治者、防衛者」に奉じ、蜂起の知らせが全国に広がると各地で民衆の暴動が発生した。1384年1月にレオノールはサンタレンまで進軍したフアン1世にポルトガルの統治権を委譲し、ポルトガル国内は親カスティーリャ派の大貴族とアヴィス派の下層民・ブルジョアジー・中層貴族に分裂する。,大法官アルヴァロ・パイスは、ペドロ1世と誰に仕えたか?,フェルナンド1世,Syntactic variation
811,286,アヴィス王朝,当初アヴィス派は不利な状態に置かれていたが、カスティーリャのリスボン包囲に耐え抜いた後にアヴィス派の巻き返しが始まり、1385年5月にコインブラで開催されたコルテスでジョアンがポルトガル国王に選出される。同年8月にジョアン1世はリスボン北方のアルジュバロータの戦いでフアン1世が率いるカスティーリャ軍を破り、ポルトガルは独立を守り抜いた。,ジョアンがポルトガル国王に選出されたのは、いつのことなの?,1385年5月,Syntactic variation
812,286,アヴィス王朝,当初アヴィス派は不利な状態に置かれていたが、カスティーリャのリスボン包囲に耐え抜いた後にアヴィス派の巻き返しが始まり、1385年5月にコインブラで開催されたコルテスでジョアンがポルトガル国王に選出される。同年8月にジョアン1世はリスボン北方のアルジュバロータの戦いでフアン1世が率いるカスティーリャ軍を破り、ポルトガルは独立を守り抜いた。,ジョアンは、どこで開催されたコルテスでポルトガル国王と認められましたか?,コインブラ,Lexical variation (world knowledge)
813,286,アヴィス王朝,当初アヴィス派は不利な状態に置かれていたが、カスティーリャのリスボン包囲に耐え抜いた後にアヴィス派の巻き返しが始まり、1385年5月にコインブラで開催されたコルテスでジョアンがポルトガル国王に選出される。同年8月にジョアン1世はリスボン北方のアルジュバロータの戦いでフアン1世が率いるカスティーリャ軍を破り、ポルトガルは独立を守り抜いた。,ジョアン1世がアルジュバロータの戦いでフアン1世に勝利したのは、何年のことか?,1385年,Multiple sentence reasoning
814,286,アヴィス王朝,当初アヴィス派は不利な状態に置かれていたが、カスティーリャのリスボン包囲に耐え抜いた後にアヴィス派の巻き返しが始まり、1385年5月にコインブラで開催されたコルテスでジョアンがポルトガル国王に選出される。同年8月にジョアン1世はリスボン北方のアルジュバロータの戦いでフアン1世が率いるカスティーリャ軍を破り、ポルトガルは独立を守り抜いた。,ジョアン1世がポルトガルの独立を果たしたのは、何年のことか?,1385年,Multiple sentence reasoning
815,287,アヴィス王朝,カスティーリャ王国と対抗する政策上、ポルトガル王国はブルゴーニュ王朝以来のイングランド王国との同盟を強化し、イングランドとの同盟が外交の軸となる。1386年、ポルトガルとイングランドの間にウィンザー条約が締結され、ジョアン1世はイングランド王エドワード3世の孫娘フィリパと結婚した。,カスティーリャ王国とイングランド王国のうち、ポルトガル王国はどの国と良い関係を保っていたの?,イングランド王国,Lexical variation (world knowledge)
816,287,アヴィス王朝,カスティーリャ王国と対抗する政策上、ポルトガル王国はブルゴーニュ王朝以来のイングランド王国との同盟を強化し、イングランドとの同盟が外交の軸となる。1386年、ポルトガルとイングランドの間にウィンザー条約が締結され、ジョアン1世はイングランド王エドワード3世の孫娘フィリパと結婚した。,ポルトガル王国において、イングランド王国との同盟が強化されたのは、どの王朝以来初めてでしたか?,ブルゴーニュ王朝,Lexical variation (world knowledge)
817,287,アヴィス王朝,カスティーリャ王国と対抗する政策上、ポルトガル王国はブルゴーニュ王朝以来のイングランド王国との同盟を強化し、イングランドとの同盟が外交の軸となる。1386年、ポルトガルとイングランドの間にウィンザー条約が締結され、ジョアン1世はイングランド王エドワード3世の孫娘フィリパと結婚した。,ウィンザー条約が締結されたのは、何年のことか?,1386年,Syntactic variation
818,287,アヴィス王朝,カスティーリャ王国と対抗する政策上、ポルトガル王国はブルゴーニュ王朝以来のイングランド王国との同盟を強化し、イングランドとの同盟が外交の軸となる。1386年、ポルトガルとイングランドの間にウィンザー条約が締結され、ジョアン1世はイングランド王エドワード3世の孫娘フィリパと結婚した。,ジョアン1世とフィリパの結婚を決定した条約は、何年に結ばれた条約であるか?,1386年,Lexical variation (world knowledge)
819,288,アヴィス王朝,1411年にジョアン1世は王位継承者である長男のドゥアルテを共同統治者とする。1387年にカスティーリャ王国と最初の休戦協定が結んだ後、1396年から1397年にかけて起きた小競り合いを経て数度休戦協定が結ばれ、1411年にカスティーリャ王国との間に和約が成立したことで隣国からの脅威が取り払われた。,ジョアン1世とドゥアルテの共同統治体制が確立されたのは、何年のことなの?,1411年,Lexical variation (world knowledge)
820,288,アヴィス王朝,1411年にジョアン1世は王位継承者である長男のドゥアルテを共同統治者とする。1387年にカスティーリャ王国と最初の休戦協定が結んだ後、1396年から1397年にかけて起きた小競り合いを経て数度休戦協定が結ばれ、1411年にカスティーリャ王国との間に和約が成立したことで隣国からの脅威が取り払われた。,1411年をもってポルトガル王国は、ジョアン1世と誰が共同で統治しましたか?,ドゥアルテ,Syntactic variation
821,288,アヴィス王朝,1411年にジョアン1世は王位継承者である長男のドゥアルテを共同統治者とする。1387年にカスティーリャ王国と最初の休戦協定が結んだ後、1396年から1397年にかけて起きた小競り合いを経て数度休戦協定が結ばれ、1411年にカスティーリャ王国との間に和約が成立したことで隣国からの脅威が取り払われた。,カスティーリャ王国との最初の休戦協定は、何年に締結されたか?,1387年,Lexical variation (synonymy)
822,288,アヴィス王朝,1411年にジョアン1世は王位継承者である長男のドゥアルテを共同統治者とする。1387年にカスティーリャ王国と最初の休戦協定が結んだ後、1396年から1397年にかけて起きた小競り合いを経て数度休戦協定が結ばれ、1411年にカスティーリャ王国との間に和約が成立したことで隣国からの脅威が取り払われた。,ジョアン1世とドゥアルテの共同統治体制が確立されたのと同じ年度に成立された和約は、どの国との和約だったか?,カスティーリャ王国,Multiple sentence reasoning
823,289,アヴィス王朝,ブルゴーニュ王朝末期から続く経済危機、新興貴族の台頭という潜在的な危険に対して、ジョアン1世はヨーロッパへの金の供給元であるアフリカ大陸への進出という手段で解決を図った。当初はナスル朝が支配するグラナダが攻撃先に挙げられていたが、カスティーリャの感情を考慮して攻撃先はモロッコの港湾都市セウタに変更された。1415年にポルトガル軍はマリーン朝が支配するセウタを攻略し、ポルトガルは世界の一体化に行き着くヨーロッパ諸国の対外拡張政策の先陣を切る。カスティーリャなどの同時期の西欧諸国は内乱の火種を抱えていたが、アヴィス家の下で再編されたポルトガルは団結力を強め、他国に先んじて海外に進出することができたと考えられている。,当時、グラナダはどの王朝が支配していましたか?,ナスル朝,Syntactic variation
824,289,アヴィス王朝,ブルゴーニュ王朝末期から続く経済危機、新興貴族の台頭という潜在的な危険に対して、ジョアン1世はヨーロッパへの金の供給元であるアフリカ大陸への進出という手段で解決を図った。当初はナスル朝が支配するグラナダが攻撃先に挙げられていたが、カスティーリャの感情を考慮して攻撃先はモロッコの港湾都市セウタに変更された。1415年にポルトガル軍はマリーン朝が支配するセウタを攻略し、ポルトガルは世界の一体化に行き着くヨーロッパ諸国の対外拡張政策の先陣を切る。カスティーリャなどの同時期の西欧諸国は内乱の火種を抱えていたが、アヴィス家の下で再編されたポルトガルは団結力を強め、他国に先んじて海外に進出することができたと考えられている。,ジョアン1世のアメリカ大陸のための進出先は、グラナダからどこへと変更されたか?,セウタ,Lexical variation (world knowledge)
825,289,アヴィス王朝,ブルゴーニュ王朝末期から続く経済危機、新興貴族の台頭という潜在的な危険に対して、ジョアン1世はヨーロッパへの金の供給元であるアフリカ大陸への進出という手段で解決を図った。当初はナスル朝が支配するグラナダが攻撃先に挙げられていたが、カスティーリャの感情を考慮して攻撃先はモロッコの港湾都市セウタに変更された。1415年にポルトガル軍はマリーン朝が支配するセウタを攻略し、ポルトガルは世界の一体化に行き着くヨーロッパ諸国の対外拡張政策の先陣を切る。カスティーリャなどの同時期の西欧諸国は内乱の火種を抱えていたが、アヴィス家の下で再編されたポルトガルは団結力を強め、他国に先んじて海外に進出することができたと考えられている。,ジョアン1世のアメリカ大陸のための進出先が、グラナダからセウタへと変更されたのは、誰のことを心配したからであるか?,カスティーリャ,Lexical variation (world knowledge)
826,290,アヴィス王朝,ジョアン1世の跡を継いだドゥアルテ1世は、1437年にタンジールに十字軍を派遣するが遠征は失敗し、従軍していたアヴィス騎士団長ドン・フェルナンドが捕虜とされ、フェルナンドはモロッコのフェズで生涯を終える。西アフリカ方面では、1434年にポルトガル船がボジャドール岬の回航に成功し、アフリカ探索の展望が開かれる。エンリケと彼の支持者はドゥアルテ1世にモロッコでの新たな軍事行動を行うよう主張したが、彼らの意見は採用されず、1438年にドゥアルテ1世は没する。,ジョアン1世の死後、ポルトガル王国の国王になったのは、誰なの?,ドゥアルテ1世,Lexical variation (world knowledge)
827,290,アヴィス王朝,ジョアン1世の跡を継いだドゥアルテ1世は、1437年にタンジールに十字軍を派遣するが遠征は失敗し、従軍していたアヴィス騎士団長ドン・フェルナンドが捕虜とされ、フェルナンドはモロッコのフェズで生涯を終える。西アフリカ方面では、1434年にポルトガル船がボジャドール岬の回航に成功し、アフリカ探索の展望が開かれる。エンリケと彼の支持者はドゥアルテ1世にモロッコでの新たな軍事行動を行うよう主張したが、彼らの意見は採用されず、1438年にドゥアルテ1世は没する。,タンジールへの十字軍派遣は、何年のことですか?,1437年,Syntactic variation
828,290,アヴィス王朝,ジョアン1世の跡を継いだドゥアルテ1世は、1437年にタンジールに十字軍を派遣するが遠征は失敗し、従軍していたアヴィス騎士団長ドン・フェルナンドが捕虜とされ、フェルナンドはモロッコのフェズで生涯を終える。西アフリカ方面では、1434年にポルトガル船がボジャドール岬の回航に成功し、アフリカ探索の展望が開かれる。エンリケと彼の支持者はドゥアルテ1世にモロッコでの新たな軍事行動を行うよう主張したが、彼らの意見は採用されず、1438年にドゥアルテ1世は没する。,ポルトガル船がボジャドール岬の回航に成功したのは、何年のことか?,1434年,Syntactic variation
829,290,アヴィス王朝,ジョアン1世の跡を継いだドゥアルテ1世は、1437年にタンジールに十字軍を派遣するが遠征は失敗し、従軍していたアヴィス騎士団長ドン・フェルナンドが捕虜とされ、フェルナンドはモロッコのフェズで生涯を終える。西アフリカ方面では、1434年にポルトガル船がボジャドール岬の回航に成功し、アフリカ探索の展望が開かれる。エンリケと彼の支持者はドゥアルテ1世にモロッコでの新たな軍事行動を行うよう主張したが、彼らの意見は採用されず、1438年にドゥアルテ1世は没する。,エンリケとドゥアルテ1世のうち、より早く死去したのは、誰か?,ドゥアルテ1世,Logical reasoning
830,291,アヴィス王朝,ドゥアルテ1世の死後、わずか6歳のアフォンソ5世が即位し、アフォンソ5世の母レオノールが摂政を務めた。ドン・エンリケ、ドン・アフォンソら主戦派から支持を得ていたレオノールに対して、ドン・ペドロ、ドン・ジョアンがブルジョアジー、下層民の支持を背景にして反乱を起こした。ペドロがアフォンソにブラガンサ公爵の称号といくつかの特権を与える事で両派の間に妥協が成立し、ペドロは摂政として王国を統治するが、カスティーリャの干渉によって国情はより混迷する。ペドロが摂政の職を解かれた後、アフォンソ5世は叔父のアフォンソの助言を受け入れ始め、先の内戦で敗れたエンリケ、アフォンソらの主戦派が力を取り戻す。追い込まれたペドロは反乱を起こすが、1449年にリスボン近郊のアルファロベイラで戦死する。,ドゥアルテ1世の死後、王国の実権を握ったのは、アフォンソ5世と誰だったの?,レオノール,Lexical variation (world knowledge)
831,291,アヴィス王朝,ドゥアルテ1世の死後、わずか6歳のアフォンソ5世が即位し、アフォンソ5世の母レオノールが摂政を務めた。ドン・エンリケ、ドン・アフォンソら主戦派から支持を得ていたレオノールに対して、ドン・ペドロ、ドン・ジョアンがブルジョアジー、下層民の支持を背景にして反乱を起こした。ペドロがアフォンソにブラガンサ公爵の称号といくつかの特権を与える事で両派の間に妥協が成立し、ペドロは摂政として王国を統治するが、カスティーリャの干渉によって国情はより混迷する。ペドロが摂政の職を解かれた後、アフォンソ5世は叔父のアフォンソの助言を受け入れ始め、先の内戦で敗れたエンリケ、アフォンソらの主戦派が力を取り戻す。追い込まれたペドロは反乱を起こすが、1449年にリスボン近郊のアルファロベイラで戦死する。,レオノールは、どの派から支持を得ていましたか?,ドン・エンリケ、ドン・アフォンソら主戦派,Syntactic variation
832,291,アヴィス王朝,ドゥアルテ1世の死後、わずか6歳のアフォンソ5世が即位し、アフォンソ5世の母レオノールが摂政を務めた。ドン・エンリケ、ドン・アフォンソら主戦派から支持を得ていたレオノールに対して、ドン・ペドロ、ドン・ジョアンがブルジョアジー、下層民の支持を背景にして反乱を起こした。ペドロがアフォンソにブラガンサ公爵の称号といくつかの特権を与える事で両派の間に妥協が成立し、ペドロは摂政として王国を統治するが、カスティーリャの干渉によって国情はより混迷する。ペドロが摂政の職を解かれた後、アフォンソ5世は叔父のアフォンソの助言を受け入れ始め、先の内戦で敗れたエンリケ、アフォンソらの主戦派が力を取り戻す。追い込まれたペドロは反乱を起こすが、1449年にリスボン近郊のアルファロベイラで戦死する。,アフォンソ5世の母レオノールと対立していたのは、誰だったか?,ドン・ペドロ、ドン・ジョアン,Multiple sentence reasoning
833,291,アヴィス王朝,ドゥアルテ1世の死後、わずか6歳のアフォンソ5世が即位し、アフォンソ5世の母レオノールが摂政を務めた。ドン・エンリケ、ドン・アフォンソら主戦派から支持を得ていたレオノールに対して、ドン・ペドロ、ドン・ジョアンがブルジョアジー、下層民の支持を背景にして反乱を起こした。ペドロがアフォンソにブラガンサ公爵の称号といくつかの特権を与える事で両派の間に妥協が成立し、ペドロは摂政として王国を統治するが、カスティーリャの干渉によって国情はより混迷する。ペドロが摂政の職を解かれた後、アフォンソ5世は叔父のアフォンソの助言を受け入れ始め、先の内戦で敗れたエンリケ、アフォンソらの主戦派が力を取り戻す。追い込まれたペドロは反乱を起こすが、1449年にリスボン近郊のアルファロベイラで戦死する。,ペドロが死去したのは、何年のことか?,1449年,Lexical variation (world knowledge)
834,292,アヴィス王朝,1474年にカスティーリャ王エンリケ4世が没した後、カスティーリャの一部の貴族はアフォンソ5世に姪であるカスティーリャ王女フアナとの結婚を条件にカスティーリャ王位の継承を提案し、カスティーリャはアフォンソ5世を支持する派閥とフェルナンド・イサベル1世のカトリック両王を支持する派閥に分かれて争った。カスティーリャ内部の王位継承戦争と共に、西アフリカ沿岸部におけるポルトガルとカスティーリャの競争は激化するが、1479年に締結されたアルカソヴァス条約によって西アフリカ沿岸部の領有地域が取り決められた。カスティーリャはカナリア諸島と対岸の地域を領有し、ポルトガルはその他の大西洋の島々とヴェルデ岬以南の沿岸部を獲得する。アフォンソ5世の王子ジョアンはインドを西アフリカでの商業的展開の目的地に定め、1481年にポルトガル王位に就いた後には西アフリカでの探検事業を推進した。,エンリケ4世が死去したのは、何年のことなの?,1474年,Lexical variation (synonymy)
835,292,アヴィス王朝,1474年にカスティーリャ王エンリケ4世が没した後、カスティーリャの一部の貴族はアフォンソ5世に姪であるカスティーリャ王女フアナとの結婚を条件にカスティーリャ王位の継承を提案し、カスティーリャはアフォンソ5世を支持する派閥とフェルナンド・イサベル1世のカトリック両王を支持する派閥に分かれて争った。カスティーリャ内部の王位継承戦争と共に、西アフリカ沿岸部におけるポルトガルとカスティーリャの競争は激化するが、1479年に締結されたアルカソヴァス条約によって西アフリカ沿岸部の領有地域が取り決められた。カスティーリャはカナリア諸島と対岸の地域を領有し、ポルトガルはその他の大西洋の島々とヴェルデ岬以南の沿岸部を獲得する。アフォンソ5世の王子ジョアンはインドを西アフリカでの商業的展開の目的地に定め、1481年にポルトガル王位に就いた後には西アフリカでの探検事業を推進した。,アルカソヴァス条約が結ばれたのは、何年のことですか?,1479年,Lexical variation (synonymy)
836,293,クロアジモドキ,"クロアジモドキ(学名:Parastromateusniger)はアジ科に属する海水魚であり、クロアジモドキ属(Parastromateus)を構成する唯一の種である。
西日本の一部ではクロマナと呼ばれることもある。
現在ではアジ科に属しているが、その分類を巡っては独特な形態のために長らく混乱があった。
インド洋、太平洋西部の大陸棚でみられ、その分布域は西はアフリカ東海岸、東は日本やオーストラリア北部まで広がる。
中型の種で、全長30cmくらいの個体がよくみられる。
肉食魚であり、大きな群れをつくって行動する。
漁業の対象として重要な種であり、東南アジアや中東などで刺し網、底引き網などによって漁獲される。
食用魚としても美味である。",クロナマの正式名称は何?,クロアジモドキ,Multiple sentence reasoning
837,293,クロアジモドキ,"クロアジモドキ(学名:Parastromateusniger)はアジ科に属する海水魚であり、クロアジモドキ属(Parastromateus)を構成する唯一の種である。
西日本の一部ではクロマナと呼ばれることもある。
現在ではアジ科に属しているが、その分類を巡っては独特な形態のために長らく混乱があった。
インド洋、太平洋西部の大陸棚でみられ、その分布域は西はアフリカ東海岸、東は日本やオーストラリア北部まで広がる。
中型の種で、全長30cmくらいの個体がよくみられる。
肉食魚であり、大きな群れをつくって行動する。
漁業の対象として重要な種であり、東南アジアや中東などで刺し網、底引き網などによって漁獲される。
食用魚としても美味である。",クロアジモドキは全長何cmくらいですか?,30cmくらい,Multiple sentence reasoning
838,294,クロアジモドキ,"スズキ目アジ科に属する約30ある属のうちのひとつである、クロアジモドキ属(Parastromateus)に属する唯一の種である。
初記載は1795年、マルクス・エリエゼル・ブロッホによる。
本種の外部形態は一見してマナガツオ科魚類に類似しているため、彼は本種をマナガツオ科のStromateus属に分類しStromateusnigerという学名を与えた。",Stromateusnigerという学名を付けた人は誰?,マルクス・エリエゼル・ブロッホ,Multiple sentence reasoning
839,294,クロアジモドキ,"スズキ目アジ科に属する約30ある属のうちのひとつである、クロアジモドキ属(Parastromateus)に属する唯一の種である。
初記載は1795年、マルクス・エリエゼル・ブロッホによる。
本種の外部形態は一見してマナガツオ科魚類に類似しているため、彼は本種をマナガツオ科のStromateus属に分類しStromateusnigerという学名を与えた。",本種によく似た外見である魚類は何?,マナガツオ科魚類,Lexical variation (synonymy)
840,294,クロアジモドキ,"スズキ目アジ科に属する約30ある属のうちのひとつである、クロアジモドキ属(Parastromateus)に属する唯一の種である。
初記載は1795年、マルクス・エリエゼル・ブロッホによる。
本種の外部形態は一見してマナガツオ科魚類に類似しているため、彼は本種をマナガツオ科のStromateus属に分類しStromateusnigerという学名を与えた。",本種が初記載されたのは何年でしたか?,1795年,Lexical variation (synonymy)
841,295,クロアジモドキ,"初記載の後、本種の分類については長く混乱が続いた。
1832年には、ジョルジュ・キュヴィエとアシル・ヴァランシエンヌが本種に独特ないくつかの特徴をみとめ、マナガツオ科にApolectus属という新たな属を創設して本種を模式種とした。
その後1923年にこの属はデイビッド・スター・ジョーダンにより創設された新たな科Apolectidaeに移動されている。
しかしながら、このキュヴィエとヴァラシエンヌによるApolectusという属名は、すでに1831年に現在のサワラ属(Scomberomorus)のシノニムとして先取されていたものであったことが判明した。
1929年にこのことを指摘したMcCllochは、無効となった属名の代わりに、本種に対しFormio属という属名を与え、新科Formiidaeを創設した。",Apolectidaeの創設者は誰?,デイビッド・スター・ジョーダン,Lexical variation (world knowledge)
842,295,クロアジモドキ,"初記載の後、本種の分類については長く混乱が続いた。
1832年には、ジョルジュ・キュヴィエとアシル・ヴァランシエンヌが本種に独特ないくつかの特徴をみとめ、マナガツオ科にApolectus属という新たな属を創設して本種を模式種とした。
その後1923年にこの属はデイビッド・スター・ジョーダンにより創設された新たな科Apolectidaeに移動されている。
しかしながら、このキュヴィエとヴァラシエンヌによるApolectusという属名は、すでに1831年に現在のサワラ属(Scomberomorus)のシノニムとして先取されていたものであったことが判明した。
1929年にこのことを指摘したMcCllochは、無効となった属名の代わりに、本種に対しFormio属という属名を与え、新科Formiidaeを創設した。",新科Formiidaeの創設者は誰ですか?,McClloch,Lexical variation (world knowledge)
843,295,クロアジモドキ,"初記載の後、本種の分類については長く混乱が続いた。
1832年には、ジョルジュ・キュヴィエとアシル・ヴァランシエンヌが本種に独特ないくつかの特徴をみとめ、マナガツオ科にApolectus属という新たな属を創設して本種を模式種とした。
その後1923年にこの属はデイビッド・スター・ジョーダンにより創設された新たな科Apolectidaeに移動されている。
しかしながら、このキュヴィエとヴァラシエンヌによるApolectusという属名は、すでに1831年に現在のサワラ属(Scomberomorus)のシノニムとして先取されていたものであったことが判明した。
1929年にこのことを指摘したMcCllochは、無効となった属名の代わりに、本種に対しFormio属という属名を与え、新科Formiidaeを創設した。",本種がApolectidaeに移されたのは何年?,1923年,Multiple sentence reasoning
844,296,クロアジモドキ,"一方、ピーター・ブリーカーは1864年にすでに本種を模式種として新属Parastromateus属(クロアジモドキ属)を創設していた(このことをジョーダンおよびMcCllochは認識していなかった)。
ここで、キュヴィエとヴァラシエンヌによる属名は前述のように無効となったため、本種に与えられた(無効でない)属名としてはブリーカーのParastromateusが最古で、国際動物命名規約に規定された先取権に基づく唯一の有効な属名ということになる。
2015年現在では精密な解剖学的研究などの結果以下でも述べるようなアジ科に共通な特徴が本種に多数見つかったため、本種が属する単型のクロアジモドキ属(Parastromateus)をアジ科(Carangidae)に包含させる分類がFishBaseや多くの文献で認められている。
本種の幼魚は、成魚との形態の差異が大きいためか独立に二度別種として記載されているが、そのいずれも現在では無効なシノニムとされている。",Parastromateus属を新しく創設した人は誰?,ピーター・ブリーカー,Lexical variation (synonymy)
845,297,クロアジモドキ,"以上で述べたような理由から、本種の現在有効な学名はParastromateusnigerである。
属名についてはギリシャ語で「近〜」「側〜」「副〜」という意味をもつ""para""を接頭辞としてつけることで、Stromateus属と類似する別属であることを表している。
一方種小名はラテン語で「黒い」という意味である。
和名の「クロアジモドキ」は田中茂穂が本種の内外の形質に基づいて命名したものとされ、明治末から昭和初期にかけて刊行された倉場富三郎の『日本西部及び南部魚類図譜』(グラバー図譜)にも、「くろあじもどき」の名で記載がみられる。
日本での地方名として、長崎や福岡、下関で主に底引き網漁業の関係者が使用する「クロマナ」がある。
この呼称は本種の体型がマナガツオに似ており、また体色が黒いことに由来する。","Parastromateusnigerの""para′′とは何語か?",ギリシャ語,Multiple sentence reasoning
846,297,クロアジモドキ,"以上で述べたような理由から、本種の現在有効な学名はParastromateusnigerである。
属名についてはギリシャ語で「近〜」「側〜」「副〜」という意味をもつ""para""を接頭辞としてつけることで、Stromateus属と類似する別属であることを表している。
一方種小名はラテン語で「黒い」という意味である。
和名の「クロアジモドキ」は田中茂穂が本種の内外の形質に基づいて命名したものとされ、明治末から昭和初期にかけて刊行された倉場富三郎の『日本西部及び南部魚類図譜』(グラバー図譜)にも、「くろあじもどき」の名で記載がみられる。
日本での地方名として、長崎や福岡、下関で主に底引き網漁業の関係者が使用する「クロマナ」がある。
この呼称は本種の体型がマナガツオに似ており、また体色が黒いことに由来する。",クロアジモドキと命名した日本人は誰?,田中茂穂,Lexical variation (world knowledge)
847,297,クロアジモドキ,"以上で述べたような理由から、本種の現在有効な学名はParastromateusnigerである。
属名についてはギリシャ語で「近〜」「側〜」「副〜」という意味をもつ""para""を接頭辞としてつけることで、Stromateus属と類似する別属であることを表している。
一方種小名はラテン語で「黒い」という意味である。
和名の「クロアジモドキ」は田中茂穂が本種の内外の形質に基づいて命名したものとされ、明治末から昭和初期にかけて刊行された倉場富三郎の『日本西部及び南部魚類図譜』(グラバー図譜)にも、「くろあじもどき」の名で記載がみられる。
日本での地方名として、長崎や福岡、下関で主に底引き網漁業の関係者が使用する「クロマナ」がある。
この呼称は本種の体型がマナガツオに似ており、また体色が黒いことに由来する。",「クロナマ」の由来となった魚は何?,マナガツオ,Multiple sentence reasoning
848,297,クロアジモドキ,"以上で述べたような理由から、本種の現在有効な学名はParastromateusnigerである。
属名についてはギリシャ語で「近〜」「側〜」「副〜」という意味をもつ""para""を接頭辞としてつけることで、Stromateus属と類似する別属であることを表している。
一方種小名はラテン語で「黒い」という意味である。
和名の「クロアジモドキ」は田中茂穂が本種の内外の形質に基づいて命名したものとされ、明治末から昭和初期にかけて刊行された倉場富三郎の『日本西部及び南部魚類図譜』(グラバー図譜)にも、「くろあじもどき」の名で記載がみられる。
日本での地方名として、長崎や福岡、下関で主に底引き網漁業の関係者が使用する「クロマナ」がある。
この呼称は本種の体型がマナガツオに似ており、また体色が黒いことに由来する。",『日本西部及び南部魚類図鑑』を刊行した人は誰?,倉場富三郎,Lexical variation (synonymy)
849,298,クロアジモドキ,"中型の種であり、最大で全長75cmに達した記録があるが、ふつうみられるのは全長30cmくらいの個体である。
卵形で強く側偏した体型を持ち、体高は体長の半分以上と高い。
一方、吻は短い。
両顎の歯は小さく、口蓋骨、前鋤骨に歯は無い。
背鰭には前方に4本から5本の棘からなる第一背鰭があるが、成魚では体内に埋め込まれ見えなくなる。",本種の平均全長は何cm?,30cmくらい,Lexical variation (world knowledge)
850,298,クロアジモドキ,"中型の種であり、最大で全長75cmに達した記録があるが、ふつうみられるのは全長30cmくらいの個体である。
卵形で強く側偏した体型を持ち、体高は体長の半分以上と高い。
一方、吻は短い。
両顎の歯は小さく、口蓋骨、前鋤骨に歯は無い。
背鰭には前方に4本から5本の棘からなる第一背鰭があるが、成魚では体内に埋め込まれ見えなくなる。",記録上の最大全長は何cm?,75cm,Lexical variation (synonymy)
851,298,クロアジモドキ,"中型の種であり、最大で全長75cmに達した記録があるが、ふつうみられるのは全長30cmくらいの個体である。
卵形で強く側偏した体型を持ち、体高は体長の半分以上と高い。
一方、吻は短い。
両顎の歯は小さく、口蓋骨、前鋤骨に歯は無い。
背鰭には前方に4本から5本の棘からなる第一背鰭があるが、成魚では体内に埋め込まれ見えなくなる。",棘が4本から5本ある部位はどこ?,第一背鰭,Lexical variation (world knowledge)
852,299,クロアジモドキ,"第二背鰭は1棘、41-44軟条である。
臀鰭も前方に2本の遊離棘があるが、成魚では体内に埋め込まれわずかな痕跡しか観察できない。
遊離棘をのぞくと臀鰭は1棘、35-39軟条である。
第二背鰭と臀鰭はほぼ相同形であり、前方部が伸長する。
腹鰭は尾叉長10cm以上の個体では見られない。
成魚の尾柄の左右側にはそれぞれ一本の隆起があるが、若い個体ではみられない。
側線は前方部でごくわずかに湾曲し、側線直線部には8から16の稜鱗(アジ亜科に特有の鱗)が存在する。",第二背鰭にはいくつの棘があるの?,1棘,Syntactic variation
853,299,クロアジモドキ,"第二背鰭は1棘、41-44軟条である。
臀鰭も前方に2本の遊離棘があるが、成魚では体内に埋め込まれわずかな痕跡しか観察できない。
遊離棘をのぞくと臀鰭は1棘、35-39軟条である。
第二背鰭と臀鰭はほぼ相同形であり、前方部が伸長する。
腹鰭は尾叉長10cm以上の個体では見られない。
成魚の尾柄の左右側にはそれぞれ一本の隆起があるが、若い個体ではみられない。
側線は前方部でごくわずかに湾曲し、側線直線部には8から16の稜鱗(アジ亜科に特有の鱗)が存在する。",臀鰭にある遊離棘は何本?,2本,Syntactic variation
854,299,クロアジモドキ,"第二背鰭は1棘、41-44軟条である。
臀鰭も前方に2本の遊離棘があるが、成魚では体内に埋め込まれわずかな痕跡しか観察できない。
遊離棘をのぞくと臀鰭は1棘、35-39軟条である。
第二背鰭と臀鰭はほぼ相同形であり、前方部が伸長する。
腹鰭は尾叉長10cm以上の個体では見られない。
成魚の尾柄の左右側にはそれぞれ一本の隆起があるが、若い個体ではみられない。
側線は前方部でごくわずかに湾曲し、側線直線部には8から16の稜鱗(アジ亜科に特有の鱗)が存在する。",凌鱗の数はいくつあるの?,8から16,Lexical variation (world knowledge)
855,300,クロアジモドキ,"椎骨数は24である。
成魚の体色は背部では茶色、腹部では銀白色になる。
臀鰭と背鰭の前方部は灰青色になる。
他の鰭は黄色味を帯びる。
しかしシンガポール沿岸で生きている個体を観察した報告によれば、生きている時の体色は死後と異なり全体が銀白色、腹部は白色で、鰓蓋後方の体側に4本の等間隔の白色の縞が存在するという。",成魚のお腹部分は何色?,銀白色,Lexical variation (synonymy)
856,300,クロアジモドキ,"椎骨数は24である。
成魚の体色は背部では茶色、腹部では銀白色になる。
臀鰭と背鰭の前方部は灰青色になる。
他の鰭は黄色味を帯びる。
しかしシンガポール沿岸で生きている個体を観察した報告によれば、生きている時の体色は死後と異なり全体が銀白色、腹部は白色で、鰓蓋後方の体側に4本の等間隔の白色の縞が存在するという。",成魚の背中部分は何色をしているの?,茶色,Lexical variation (synonymy)
857,301,クロアジモドキ,"先に述べたように本種は外部形態上類似するマナガツオ科Stromateus属に分類されていたことがあった。
その類似とは、体型の類似の他には、成魚の背鰭が1基である、つまりアジ科にみられる第一背鰭がないこと、腹鰭がないこと、臀鰭遊離棘がないことなどであった。
しかし、幼魚においてはこれらの鰭、棘がすべて存在すること、また成魚にも痕跡的にみられることが確認されている。
現在ではこれらの鰭、棘の存在や稜鱗の存在、椎骨数といったアジ科に特有の解剖学的特徴が多数確認されており、本種がアジ科に分類される根拠となっている。",成魚の背鰭はいくつあるの?,1基,Syntactic variation
858,302,クロアジモドキ,"体長5.5mmほどの仔魚は菱形の体型であり、頭部長が体長のほぼ半分を占め腹鰭基部で最も体高が大きい。
幼魚には暗色の横帯があり、長い腹鰭には黒色色素胞が発達する。
体型に類似のみられる他のアジ科魚類(アイブリSeriolinanigrofasciataや、コバンアジ属Trachinotusの種など)の仔稚魚とは、腹鰭がきわめて前位であること、背鰭と臀鰭の軟条数が多いことなどで区別できる。",仔魚の体型は?,菱形,Syntactic variation
859,302,クロアジモドキ,"体長5.5mmほどの仔魚は菱形の体型であり、頭部長が体長のほぼ半分を占め腹鰭基部で最も体高が大きい。
幼魚には暗色の横帯があり、長い腹鰭には黒色色素胞が発達する。
体型に類似のみられる他のアジ科魚類(アイブリSeriolinanigrofasciataや、コバンアジ属Trachinotusの種など)の仔稚魚とは、腹鰭がきわめて前位であること、背鰭と臀鰭の軟条数が多いことなどで区別できる。",仔魚の体長は?,5.5mmほど,Syntactic variation
860,303,クロアジモドキ,"本種はインド洋、西太平洋に広く分布する。
インド洋では、南アフリカ、ケニア、モザンビークといったアフリカ東海岸からアラビア海、ベンガル湾にかけて生息する。
太平洋西部では中国や日本の南岸、インドネシア、フィリピン、オーストラリア北部などでみられる。
特にインド西部やインドネシアで個体数が多い。
日本においては稀種であるが、東シナ海をはじめとした南日本でみられる。
青森県牛滝、そして新潟県や富山県、福井県、兵庫県、山口県などの日本海側でも捕獲された報告がある。",本種の個体数が多い地域はインド西部とどこ?,インドネシア,Lexical variation (world knowledge)
861,304,クロアジモドキ,"大陸棚でよく見られる。
通常日中は泥海底近くに位置し、夜間には表層近くまで上がってくる。
エスチュアリーに入ることもある。
水深15mから105mから記録があるが、通常は水深15mから40mほどでみられる。
東シナ海では水深55mから80mほどから漁獲され、特に60mから70mの範囲で多く漁獲される。
漁獲時の水温は20°Cから23°Cほどで、中でも21°Cから23°Cの温度範囲で最も多い。
成魚は漂泳性が強い一方、幼魚は主に底棲生活を送る。",東シナ海で最も多く漁獲出来る水深の範囲とは?,60mから70m,Lexical variation (synonymy)
862,304,クロアジモドキ,"大陸棚でよく見られる。
通常日中は泥海底近くに位置し、夜間には表層近くまで上がってくる。
エスチュアリーに入ることもある。
水深15mから105mから記録があるが、通常は水深15mから40mほどでみられる。
東シナ海では水深55mから80mほどから漁獲され、特に60mから70mの範囲で多く漁獲される。
漁獲時の水温は20°Cから23°Cほどで、中でも21°Cから23°Cの温度範囲で最も多い。
成魚は漂泳性が強い一方、幼魚は主に底棲生活を送る。",底棲生活をするのは成魚と幼魚のどちら?,幼魚,Lexical variation (world knowledge)
863,304,クロアジモドキ,"大陸棚でよく見られる。
通常日中は泥海底近くに位置し、夜間には表層近くまで上がってくる。
エスチュアリーに入ることもある。
水深15mから105mから記録があるが、通常は水深15mから40mほどでみられる。
東シナ海では水深55mから80mほどから漁獲され、特に60mから70mの範囲で多く漁獲される。
漁獲時の水温は20°Cから23°Cほどで、中でも21°Cから23°Cの温度範囲で最も多い。
成魚は漂泳性が強い一方、幼魚は主に底棲生活を送る。",最も漁獲量が多い時の水温範囲は?,21°Cから23°C,Lexical variation (synonymy)
864,304,クロアジモドキ,"大陸棚でよく見られる。
通常日中は泥海底近くに位置し、夜間には表層近くまで上がってくる。
エスチュアリーに入ることもある。
水深15mから105mから記録があるが、通常は水深15mから40mほどでみられる。
東シナ海では水深55mから80mほどから漁獲され、特に60mから70mの範囲で多く漁獲される。
漁獲時の水温は20°Cから23°Cほどで、中でも21°Cから23°Cの温度範囲で最も多い。
成魚は漂泳性が強い一方、幼魚は主に底棲生活を送る。",本種がよく見られる海底部分とはどこ?,大陸棚,Lexical variation (world knowledge)
865,305,クロアジモドキ,"肉食魚であり、歯が小さいために小型の甲殻類やクラゲ、底生生物などを捕食する。
インド西岸で行われた研究では、大型の動物プランクトンを主に捕食していた。
特にサルパが最も重要な捕食対象で、次いでエビ類が捕食対象としては多く、その他の甲殻類やクラゲ、コウイカ、多毛類もごくわずかに捕食していた。
中でも大型個体はサルパを好み、小型の個体はそれよりもエビやシャコを好むという。
一方クウェートで行われた研究では、カニのゾエアやカイアシ類を主に捕食し、魚の卵や鱗、植物プランクトンも捕食することが分かった。",本種に最も多く捕食されている生物とは何?,サルパ,Lexical variation (synonymy)
866,305,クロアジモドキ,"肉食魚であり、歯が小さいために小型の甲殻類やクラゲ、底生生物などを捕食する。
インド西岸で行われた研究では、大型の動物プランクトンを主に捕食していた。
特にサルパが最も重要な捕食対象で、次いでエビ類が捕食対象としては多く、その他の甲殻類やクラゲ、コウイカ、多毛類もごくわずかに捕食していた。
中でも大型個体はサルパを好み、小型の個体はそれよりもエビやシャコを好むという。
一方クウェートで行われた研究では、カニのゾエアやカイアシ類を主に捕食し、魚の卵や鱗、植物プランクトンも捕食することが分かった。",2番目に多く捕食されている生物とは何?,エビ類,Lexical variation (world knowledge)
867,305,クロアジモドキ,"肉食魚であり、歯が小さいために小型の甲殻類やクラゲ、底生生物などを捕食する。
インド西岸で行われた研究では、大型の動物プランクトンを主に捕食していた。
特にサルパが最も重要な捕食対象で、次いでエビ類が捕食対象としては多く、その他の甲殻類やクラゲ、コウイカ、多毛類もごくわずかに捕食していた。
中でも大型個体はサルパを好み、小型の個体はそれよりもエビやシャコを好むという。
一方クウェートで行われた研究では、カニのゾエアやカイアシ類を主に捕食し、魚の卵や鱗、植物プランクトンも捕食することが分かった。",インド西岸での研究では、本種の主食は何だと判明しましたか?,大型の動物プランクトン,Lexical variation (synonymy)
868,305,クロアジモドキ,"肉食魚であり、歯が小さいために小型の甲殻類やクラゲ、底生生物などを捕食する。
インド西岸で行われた研究では、大型の動物プランクトンを主に捕食していた。
特にサルパが最も重要な捕食対象で、次いでエビ類が捕食対象としては多く、その他の甲殻類やクラゲ、コウイカ、多毛類もごくわずかに捕食していた。
中でも大型個体はサルパを好み、小型の個体はそれよりもエビやシャコを好むという。
一方クウェートで行われた研究では、カニのゾエアやカイアシ類を主に捕食し、魚の卵や鱗、植物プランクトンも捕食することが分かった。",サルパを好んで捕食するのは大型個体と小型個体のどちら?,大型個体,Lexical variation (world knowledge)
869,306,クロアジモドキ,"本種は何種かの寄生虫に寄生されることがある。
1979年には、パキスタン、カラチ沖で捕獲された本種の腸から、線形動物門の新種の寄生虫が報告され、本種の属名に因んでRhabdochonaparastromateiと命名された。
インド、パランギペーッタイ沖で行われた研究では、ワラジムシ目ウオノエ科の寄生虫、ウオノエ(Cymothoaeremita)が好んで本種の口腔に寄生すること、そして宿主であるクロアジモドキが大型であるほど寄生しているウオノエも大型であることが分かった。
幼魚はクラゲのそばにいるのがみられることがある。",Rhabdochonaparastromateiが発見されたのは何年だったの?,1979年,Lexical variation (synonymy)
870,306,クロアジモドキ,"本種は何種かの寄生虫に寄生されることがある。
1979年には、パキスタン、カラチ沖で捕獲された本種の腸から、線形動物門の新種の寄生虫が報告され、本種の属名に因んでRhabdochonaparastromateiと命名された。
インド、パランギペーッタイ沖で行われた研究では、ワラジムシ目ウオノエ科の寄生虫、ウオノエ(Cymothoaeremita)が好んで本種の口腔に寄生すること、そして宿主であるクロアジモドキが大型であるほど寄生しているウオノエも大型であることが分かった。
幼魚はクラゲのそばにいるのがみられることがある。",ウオノエはどの部位に寄生するの?,口腔,Lexical variation (world knowledge)
871,306,クロアジモドキ,"本種は何種かの寄生虫に寄生されることがある。
1979年には、パキスタン、カラチ沖で捕獲された本種の腸から、線形動物門の新種の寄生虫が報告され、本種の属名に因んでRhabdochonaparastromateiと命名された。
インド、パランギペーッタイ沖で行われた研究では、ワラジムシ目ウオノエ科の寄生虫、ウオノエ(Cymothoaeremita)が好んで本種の口腔に寄生すること、そして宿主であるクロアジモドキが大型であるほど寄生しているウオノエも大型であることが分かった。
幼魚はクラゲのそばにいるのがみられることがある。",Rhabdochonaparastromateiは本種のどこから見つかったの?,腸,Lexical variation (synonymy)
872,307,クロアジモドキ,"本種の繁殖については産卵や性成熟の時期に関していくつかの研究がなされている。
1965年にインド西部で行われた研究では、産卵期は7月から10月頃であるとされた。
また、産卵期より前にまずオスが産卵の行われる場所へ移動し、その後でメスがやって来て産卵期が開始すると考えられた。
2003年から2005年にかけてクウェートで行われた卵巣の成熟に関する詳細な研究では、産卵期は2月から9月とより長く、また雌は同一産卵期に複数回産卵を行うことが分かった。
メスは一腹に最小で2,132個、最大で2,001,648個の卵をもっていた。
この卵数はメスの全長と、卵巣を除いた体重に正比例していた。",研究結果で産卵期の期間が長かったのは、インド西部とクウェートで行われた研究のどちらですか?,クウェート,Logical reasoning
873,307,クロアジモドキ,"本種の繁殖については産卵や性成熟の時期に関していくつかの研究がなされている。
1965年にインド西部で行われた研究では、産卵期は7月から10月頃であるとされた。
また、産卵期より前にまずオスが産卵の行われる場所へ移動し、その後でメスがやって来て産卵期が開始すると考えられた。
2003年から2005年にかけてクウェートで行われた卵巣の成熟に関する詳細な研究では、産卵期は2月から9月とより長く、また雌は同一産卵期に複数回産卵を行うことが分かった。
メスは一腹に最小で2,132個、最大で2,001,648個の卵をもっていた。
この卵数はメスの全長と、卵巣を除いた体重に正比例していた。",メスの最大産卵数は何個?,"2,001,648個",Lexical variation (world knowledge)
874,307,クロアジモドキ,"本種の繁殖については産卵や性成熟の時期に関していくつかの研究がなされている。
1965年にインド西部で行われた研究では、産卵期は7月から10月頃であるとされた。
また、産卵期より前にまずオスが産卵の行われる場所へ移動し、その後でメスがやって来て産卵期が開始すると考えられた。
2003年から2005年にかけてクウェートで行われた卵巣の成熟に関する詳細な研究では、産卵期は2月から9月とより長く、また雌は同一産卵期に複数回産卵を行うことが分かった。
メスは一腹に最小で2,132個、最大で2,001,648個の卵をもっていた。
この卵数はメスの全長と、卵巣を除いた体重に正比例していた。",クウェートでの研究結果では、産卵期は何月から始まると判明しましたか?,2月,Lexical variation (world knowledge)
875,308,クロアジモドキ,"性成熟時の体長については研究によって見解にばらつきがある。
例えば2008年のクウェートにおける研究では、オスは尾叉長17.5cm以上で、メスは尾叉長29cm以上で50%の個体が性成熟に達していたという。
一方で2015年には、インド西部で漁獲された個体の体の化学組成に注目した研究から、性成熟に達する際の体長が雄で28cmから32cm、雌で25cmから30cmと推定された。
本種の成長は早く、クウェート沖で調査がなされている魚類の中では、年成長率が最も高いという。",オスの性成熟に達する体長が大きかったのは、クウェートとインド西部のどちらで行われた研究ですか?,インド西部,Logical reasoning
876,308,クロアジモドキ,"性成熟時の体長については研究によって見解にばらつきがある。
例えば2008年のクウェートにおける研究では、オスは尾叉長17.5cm以上で、メスは尾叉長29cm以上で50%の個体が性成熟に達していたという。
一方で2015年には、インド西部で漁獲された個体の体の化学組成に注目した研究から、性成熟に達する際の体長が雄で28cmから32cm、雌で25cmから30cmと推定された。
本種の成長は早く、クウェート沖で調査がなされている魚類の中では、年成長率が最も高いという。",インド西部での研究では、雌が性成熟に達する際の体長は何cmと推定されましたか?,25cmから30cm,Syntactic variation
877,308,クロアジモドキ,"性成熟時の体長については研究によって見解にばらつきがある。
例えば2008年のクウェートにおける研究では、オスは尾叉長17.5cm以上で、メスは尾叉長29cm以上で50%の個体が性成熟に達していたという。
一方で2015年には、インド西部で漁獲された個体の体の化学組成に注目した研究から、性成熟に達する際の体長が雄で28cmから32cm、雌で25cmから30cmと推定された。
本種の成長は早く、クウェート沖で調査がなされている魚類の中では、年成長率が最も高いという。",インド西部での研究では、雄が性成熟に達する際の体長は何cmと推定されましたか?,28cmから32cm,Syntactic variation
878,308,クロアジモドキ,"性成熟時の体長については研究によって見解にばらつきがある。
例えば2008年のクウェートにおける研究では、オスは尾叉長17.5cm以上で、メスは尾叉長29cm以上で50%の個体が性成熟に達していたという。
一方で2015年には、インド西部で漁獲された個体の体の化学組成に注目した研究から、性成熟に達する際の体長が雄で28cmから32cm、雌で25cmから30cmと推定された。
本種の成長は早く、クウェート沖で調査がなされている魚類の中では、年成長率が最も高いという。",性成熟時の体長に関する研究を早くから行っていたのはインド西部とクウェートのどちらですか?,クウェート,Logical reasoning
879,309,クロアジモドキ,"漁業の対象として重要な種である。
FAOの統計によれば2013年には全世界で一年の間に75,257トン漁獲されている。
その中でもインドネシアにおいて最も漁獲量が多く、57,288トンが漁獲されたという。
その他イラン、マレーシア、タイ、パキスタンでも年間1,000トンを超える漁獲があった。
東シナ海でも底引き網により年間数10トンから100トン前後漁獲がある。
ペルシア湾北部では刺し網による多魚種を対象にした漁業で漁獲され、本種の漁獲量は持続可能な水準で推移している。",2013年に世界で漁獲された量はどれくらいでしたか?,"75,257トン",Lexical variation (synonymy)
880,309,クロアジモドキ,"漁業の対象として重要な種である。
FAOの統計によれば2013年には全世界で一年の間に75,257トン漁獲されている。
その中でもインドネシアにおいて最も漁獲量が多く、57,288トンが漁獲されたという。
その他イラン、マレーシア、タイ、パキスタンでも年間1,000トンを超える漁獲があった。
東シナ海でも底引き網により年間数10トンから100トン前後漁獲がある。
ペルシア湾北部では刺し網による多魚種を対象にした漁業で漁獲され、本種の漁獲量は持続可能な水準で推移している。",本種の最も漁獲量が多い国はどこ?,インドネシア,Lexical variation (world knowledge)
881,309,クロアジモドキ,"漁業の対象として重要な種である。
FAOの統計によれば2013年には全世界で一年の間に75,257トン漁獲されている。
その中でもインドネシアにおいて最も漁獲量が多く、57,288トンが漁獲されたという。
その他イラン、マレーシア、タイ、パキスタンでも年間1,000トンを超える漁獲があった。
東シナ海でも底引き網により年間数10トンから100トン前後漁獲がある。
ペルシア湾北部では刺し網による多魚種を対象にした漁業で漁獲され、本種の漁獲量は持続可能な水準で推移している。",本種の年間漁獲量が多いのは、インドネシアとタイのどちらですか?,インドネシア,Logical reasoning
882,309,クロアジモドキ,"漁業の対象として重要な種である。
FAOの統計によれば2013年には全世界で一年の間に75,257トン漁獲されている。
その中でもインドネシアにおいて最も漁獲量が多く、57,288トンが漁獲されたという。
その他イラン、マレーシア、タイ、パキスタンでも年間1,000トンを超える漁獲があった。
東シナ海でも底引き網により年間数10トンから100トン前後漁獲がある。
ペルシア湾北部では刺し網による多魚種を対象にした漁業で漁獲され、本種の漁獲量は持続可能な水準で推移している。",東シナ海で本種を漁獲する方法は何ですか?,底引き網,Lexical variation (world knowledge)
883,310,クロアジモドキ,"クウェートでは年平均150トンの漁獲があるが、これはクウェートでの魚類の年間全漁獲量の3.1%を占める。
本種の漁獲量は季節によって大きく変わり、4月から10月の漁獲量が全体の漁獲量のほとんどを占めるという。
当地ではダウ船を用いた刺し網漁で漁獲されるほか、小型個体はエビを狙ったトロール漁で混獲されることがある。
日本では稀だが釣りによっても捕獲されることがある。
漁獲された個体は主に鮮魚で、少数は冷凍されて流通する。
例としてシンガポールでは中程度の価格で取引され、生鮮市場での1kgあたりの売価はサイズによるものの8シンガポールドルから20シンガポールドルほどであるという(2009年時点)。
肉は美味であり、各種惣菜にされる。",クウェートでの本種の漁獲方法は何?,刺し網漁,Lexical variation (world knowledge)
884,310,クロアジモドキ,"クウェートでは年平均150トンの漁獲があるが、これはクウェートでの魚類の年間全漁獲量の3.1%を占める。
本種の漁獲量は季節によって大きく変わり、4月から10月の漁獲量が全体の漁獲量のほとんどを占めるという。
当地ではダウ船を用いた刺し網漁で漁獲されるほか、小型個体はエビを狙ったトロール漁で混獲されることがある。
日本では稀だが釣りによっても捕獲されることがある。
漁獲された個体は主に鮮魚で、少数は冷凍されて流通する。
例としてシンガポールでは中程度の価格で取引され、生鮮市場での1kgあたりの売価はサイズによるものの8シンガポールドルから20シンガポールドルほどであるという(2009年時点)。
肉は美味であり、各種惣菜にされる。",クウェートでの本種の小型個体はどのような漁獲方法を使って獲っていますか?,トロール漁,Lexical variation (world knowledge)
885,311,伊能忠敬,"伊能忠敬(いのうただたか、延享2年1月11日(1745年2月11日)-文化15年4月13日(1818年5月17日))は、江戸時代の商人・天文学者・測量家である。
通称は三郎右衛門、勘解由(かげゆ)。
字は子斉、号は東河。
寛政12年(1800年)から文化13年(1816年)まで、17年をかけて日本全国を測量して『大日本沿海輿地全図』を完成させ、国土の正確な姿を明らかにした。
1883年(明治16年)、贈正四位。",伊能忠敬は何年かけて日本全国を測量しましたか?,17年,Multiple sentence reasoning
886,311,伊能忠敬,"伊能忠敬(いのうただたか、延享2年1月11日(1745年2月11日)-文化15年4月13日(1818年5月17日))は、江戸時代の商人・天文学者・測量家である。
通称は三郎右衛門、勘解由(かげゆ)。
字は子斉、号は東河。
寛政12年(1800年)から文化13年(1816年)まで、17年をかけて日本全国を測量して『大日本沿海輿地全図』を完成させ、国土の正確な姿を明らかにした。
1883年(明治16年)、贈正四位。",『大日本沿海輿地全図』を完成させた人物は誰?,伊能忠敬,Multiple sentence reasoning
887,311,伊能忠敬,"伊能忠敬(いのうただたか、延享2年1月11日(1745年2月11日)-文化15年4月13日(1818年5月17日))は、江戸時代の商人・天文学者・測量家である。
通称は三郎右衛門、勘解由(かげゆ)。
字は子斉、号は東河。
寛政12年(1800年)から文化13年(1816年)まで、17年をかけて日本全国を測量して『大日本沿海輿地全図』を完成させ、国土の正確な姿を明らかにした。
1883年(明治16年)、贈正四位。",伊能忠敬が日本の測量を開始した年はいつ?,1800年,Multiple sentence reasoning
888,312,伊能忠敬,"延享2年(1745年)1月11日、上総国山辺郡小関村(現・千葉県山武郡九十九里町小関)の名主・小関五郎左衛門家で生まれた。
幼名は三治郎。
父親の神保貞恒は武射郡小堤村(現・横芝光町)にあった酒造家の次男で、小関家には婿入りした。
三治郎のほかに男1人女1人の子がおり、三治郎は末子だった。
6歳のとき母が亡くなり、家は叔父(母の弟)が継ぐことになった。
そのため、婿養子だった父・貞恒は兄と姉を連れて実家の小堤村の神保家に戻るが、三治郎は祖父母のもとに残った。
小関家での三治郎の生活状況については詳しく分かっていない。
当時の小関村は鰯漁が盛んで、三治郎は漁具がしまってある納屋の番人をしていたと伝えられている。
一方で、名主の家に残されていたということもあって、読み書きそろばんや、将来必要となるであろう教養も教え込まれていたのではないかとも考えられている。",三治郎が生まれた地名は?,上総国山辺郡小関村,Multiple sentence reasoning
889,312,伊能忠敬,"延享2年(1745年)1月11日、上総国山辺郡小関村(現・千葉県山武郡九十九里町小関)の名主・小関五郎左衛門家で生まれた。
幼名は三治郎。
父親の神保貞恒は武射郡小堤村(現・横芝光町)にあった酒造家の次男で、小関家には婿入りした。
三治郎のほかに男1人女1人の子がおり、三治郎は末子だった。
6歳のとき母が亡くなり、家は叔父(母の弟)が継ぐことになった。
そのため、婿養子だった父・貞恒は兄と姉を連れて実家の小堤村の神保家に戻るが、三治郎は祖父母のもとに残った。
小関家での三治郎の生活状況については詳しく分かっていない。
当時の小関村は鰯漁が盛んで、三治郎は漁具がしまってある納屋の番人をしていたと伝えられている。
一方で、名主の家に残されていたということもあって、読み書きそろばんや、将来必要となるであろう教養も教え込まれていたのではないかとも考えられている。",三治郎の父親名は?,神保貞恒,Multiple sentence reasoning
890,313,伊能忠敬,"10歳のとき、三治郎は父のもとに引き取られた。
神保家は父の兄である宗載(むねのり)が継いでいたため、父は当初そこで居候のような生活をしていたが、やがて分家として独立した。
神保家での三治郎の様子についても文献が少なく、詳細は知られていない。
三治郎は神保家には定住せず、親戚や知り合いのもとを転々としたと言われている。
常陸の寺では半年間そろばんを習い、優れた才能を見せた。
また17歳くらいのとき、「佐忠太」と名乗り、土浦の医者に医学を教わった記録がある。
ただしここで習った医学の内容はあまり専門的なものではなく、余興の類だったといわれている。
三治郎が流浪した理由について、研究家の大谷亮吉は、父親が新たに迎え入れた継母とそりが合わなかったこともあって、家にいづらくなったからだとしている。
このように、三治郎が周囲の環境に恵まれず不幸な少年時代を過ごしたとする説は昔から広く伝えられている。
しかしこの見解に対しては、父や周辺の人物が三治郎のことを思って各地で教育を受けさせたのではないかという反論もある。",三治郎が「佐忠太」と名乗ったのは、本人がいくつの時でしたか?,17歳くらい,Multiple sentence reasoning
891,313,伊能忠敬,"10歳のとき、三治郎は父のもとに引き取られた。
神保家は父の兄である宗載(むねのり)が継いでいたため、父は当初そこで居候のような生活をしていたが、やがて分家として独立した。
神保家での三治郎の様子についても文献が少なく、詳細は知られていない。
三治郎は神保家には定住せず、親戚や知り合いのもとを転々としたと言われている。
常陸の寺では半年間そろばんを習い、優れた才能を見せた。
また17歳くらいのとき、「佐忠太」と名乗り、土浦の医者に医学を教わった記録がある。
ただしここで習った医学の内容はあまり専門的なものではなく、余興の類だったといわれている。
三治郎が流浪した理由について、研究家の大谷亮吉は、父親が新たに迎え入れた継母とそりが合わなかったこともあって、家にいづらくなったからだとしている。
このように、三治郎が周囲の環境に恵まれず不幸な少年時代を過ごしたとする説は昔から広く伝えられている。
しかしこの見解に対しては、父や周辺の人物が三治郎のことを思って各地で教育を受けさせたのではないかという反論もある。",三治郎の父方の伯父の名前は何ですか?,宗載,Lexical variation (world knowledge)
892,314,伊能忠敬,"三治郎が生まれる前の寛保2年(1742年)、下総国香取郡佐原村(現・香取市佐原)にある酒造家の伊能三郎右衛門家(以下、伊能家と)では、当主の長由(ながよし)が、妻・タミと1歳の娘・ミチを残して亡くなった。
長由の死後、伊能家は長由の兄が面倒を見ていたが、その兄も翌年亡くなった。
そのため伊能家は親戚の手で家業を営むことになった。
ミチが14歳になったとき、伊能家の跡取りとなるような婿をもらったが、その婿も数年後に亡くなった。
そのためミチは、ふたたび跡取りを見つけなければならなくなった。
伊能家・神保家の両方の親戚である平山藤右衛門(タミの兄)は、土地改良工事の現場監督として三治郎を使ったところ、三治郎は若いながらもいい仕事ぶりを発揮した。
そこで三治郎を伊能家の跡取りにと薦め、親族もこれを了解した。
三治郎は形式的にいったん平山家の養子になり、平山家から伊能家へ婿入りさせる形でミチと結婚することになった。
その際、大学頭の林鳳谷から、忠敬という名をもらった。
宝暦12年(1762年)12月8日に忠敬とミチは婚礼を行い、忠敬は正式に伊能家を継いだ。
このとき忠敬は満17歳、ミチは21歳で、前の夫との間に残した3歳の男子が1人いた。
忠敬ははじめ通称を源六と名乗ったが、のちに三郎右衛門と改め、伊能三郎右衛門忠敬とした。",忠敬の結婚相手の名前は?,ミチ,Lexical variation (synonymy)
893,314,伊能忠敬,"三治郎が生まれる前の寛保2年(1742年)、下総国香取郡佐原村(現・香取市佐原)にある酒造家の伊能三郎右衛門家(以下、伊能家と)では、当主の長由(ながよし)が、妻・タミと1歳の娘・ミチを残して亡くなった。
長由の死後、伊能家は長由の兄が面倒を見ていたが、その兄も翌年亡くなった。
そのため伊能家は親戚の手で家業を営むことになった。
ミチが14歳になったとき、伊能家の跡取りとなるような婿をもらったが、その婿も数年後に亡くなった。
そのためミチは、ふたたび跡取りを見つけなければならなくなった。
伊能家・神保家の両方の親戚である平山藤右衛門(タミの兄)は、土地改良工事の現場監督として三治郎を使ったところ、三治郎は若いながらもいい仕事ぶりを発揮した。
そこで三治郎を伊能家の跡取りにと薦め、親族もこれを了解した。
三治郎は形式的にいったん平山家の養子になり、平山家から伊能家へ婿入りさせる形でミチと結婚することになった。
その際、大学頭の林鳳谷から、忠敬という名をもらった。
宝暦12年(1762年)12月8日に忠敬とミチは婚礼を行い、忠敬は正式に伊能家を継いだ。
このとき忠敬は満17歳、ミチは21歳で、前の夫との間に残した3歳の男子が1人いた。
忠敬ははじめ通称を源六と名乗ったが、のちに三郎右衛門と改め、伊能三郎右衛門忠敬とした。",忠敬は何歳で結婚したの?,満17歳,Multiple sentence reasoning
894,314,伊能忠敬,"三治郎が生まれる前の寛保2年(1742年)、下総国香取郡佐原村(現・香取市佐原)にある酒造家の伊能三郎右衛門家(以下、伊能家と)では、当主の長由(ながよし)が、妻・タミと1歳の娘・ミチを残して亡くなった。
長由の死後、伊能家は長由の兄が面倒を見ていたが、その兄も翌年亡くなった。
そのため伊能家は親戚の手で家業を営むことになった。
ミチが14歳になったとき、伊能家の跡取りとなるような婿をもらったが、その婿も数年後に亡くなった。
そのためミチは、ふたたび跡取りを見つけなければならなくなった。
伊能家・神保家の両方の親戚である平山藤右衛門(タミの兄)は、土地改良工事の現場監督として三治郎を使ったところ、三治郎は若いながらもいい仕事ぶりを発揮した。
そこで三治郎を伊能家の跡取りにと薦め、親族もこれを了解した。
三治郎は形式的にいったん平山家の養子になり、平山家から伊能家へ婿入りさせる形でミチと結婚することになった。
その際、大学頭の林鳳谷から、忠敬という名をもらった。
宝暦12年(1762年)12月8日に忠敬とミチは婚礼を行い、忠敬は正式に伊能家を継いだ。
このとき忠敬は満17歳、ミチは21歳で、前の夫との間に残した3歳の男子が1人いた。
忠敬ははじめ通称を源六と名乗ったが、のちに三郎右衛門と改め、伊能三郎右衛門忠敬とした。",忠敬とミチはどちらが早く生まれたの?,ミチ,Logical reasoning
895,315,伊能忠敬,"忠敬が入婿した時代の佐原村は、利根川を利用した舟運の中継地として栄え、人口はおよそ5,000人という、関東でも有数の村であった。
舟運を通じた江戸との交流も盛んで、物のほか人や情報も多く行き交じった。
このような佐原の土壌はのちの忠敬の活躍にも影響を与えたと考えられている。
当時の佐原村は天領で、武士は1人も住んでおらず、村政は村民の自治によって決められることが多かった。
その村民の中でも特に経済力が大きく、村全体に大きな発言権を持っていたのが永沢家と、忠敬が婿入りした伊能家であった。
伊能家は酒、醤油の醸造、貸金業を営んでいたほか、利根水運などにも関わっていたが、当主不在の時代が長く続いたために事業規模を縮小していた。
他方、永沢家は事業を広げて名字帯刀を許される身分となり、伊能家と差をつけていた。
そのため伊能家としては、家の再興のため、新当主の忠敬に期待するところが多かった。",忠敬が結婚した当時の佐原村の人口は何人でしたか?,"およそ5,000人",Lexical variation (synonymy)
896,315,伊能忠敬,"忠敬が入婿した時代の佐原村は、利根川を利用した舟運の中継地として栄え、人口はおよそ5,000人という、関東でも有数の村であった。
舟運を通じた江戸との交流も盛んで、物のほか人や情報も多く行き交じった。
このような佐原の土壌はのちの忠敬の活躍にも影響を与えたと考えられている。
当時の佐原村は天領で、武士は1人も住んでおらず、村政は村民の自治によって決められることが多かった。
その村民の中でも特に経済力が大きく、村全体に大きな発言権を持っていたのが永沢家と、忠敬が婿入りした伊能家であった。
伊能家は酒、醤油の醸造、貸金業を営んでいたほか、利根水運などにも関わっていたが、当主不在の時代が長く続いたために事業規模を縮小していた。
他方、永沢家は事業を広げて名字帯刀を許される身分となり、伊能家と差をつけていた。
そのため伊能家としては、家の再興のため、新当主の忠敬に期待するところが多かった。",佐原村で大きな発言権を持っていたのは伊能家と何家でしたか?,永沢家,Lexical variation (synonymy)
897,316,伊能忠敬,"忠敬が伊能家に来た翌年の1763年、長女のイネ(稲)が生まれた。
同じ年、妻・ミチと前の夫との間に生まれた男子は亡くなった。
3年後の明和3年(1766年)には長男の景敬が生まれた。
忠敬は伊能家の主人という立場から、村民からの推薦で名主後見という立場に就いた。
しかしそうはいっても忠敬はまだ若かったため、初めのうちは親戚である伊能豊明の力を借りることが多かった。
この時期の忠敬は病気になって長い間寝込んでいたこともあった。
新主人として親戚づきあいなど気苦労も絶えなかったと推測されている。",ミチの連れ子が亡くなった年はいつ?,1763年,Multiple sentence reasoning
898,316,伊能忠敬,"忠敬が伊能家に来た翌年の1763年、長女のイネ(稲)が生まれた。
同じ年、妻・ミチと前の夫との間に生まれた男子は亡くなった。
3年後の明和3年(1766年)には長男の景敬が生まれた。
忠敬は伊能家の主人という立場から、村民からの推薦で名主後見という立場に就いた。
しかしそうはいっても忠敬はまだ若かったため、初めのうちは親戚である伊能豊明の力を借りることが多かった。
この時期の忠敬は病気になって長い間寝込んでいたこともあった。
新主人として親戚づきあいなど気苦労も絶えなかったと推測されている。",イネの次に生まれた息子の名前は?,景敬,Lexical variation (world knowledge)
899,317,伊能忠敬,"明和6年(1769年)、佐原の村で祭りにかかわる騒動が起き、これは当時24歳の忠敬にとっても力量が試される事件となった。
佐原の中心部は小野川を境に大きく本宿と新宿に分かれ、祭りはそれぞれ年に1回ずつ行われる。
伊能家と永沢家のある本宿の祭礼は牛頭天王(ごずてんのう)の祭礼(祇園祭)で、当時は毎年6月に行われていた。
祭りのときは各町が所有する趣向を凝らした山車が引き回される。
ところが明和3年(1766年)以来、佐原村は不作続きで、農民も商人も困窮していた。
そこで佐原村本宿の村役人3人は話し合い、今年は倹約を心がけ、豪華な山車の飾りものは慎むことに決め、町内にもそのように通達した。
しかしその通達にもかかわらず、各町内はいつものように飾りものの準備を始めた。
そのうえ、山車を引き回す順番についても、双方の町が一番に出すと言い出し、収拾のつかない状態で祭りの当日を迎えることになった。
このまま祭りが始まると大騒動に発展すると判断した村役人たちは、「今年は山車を出さない」と決定した。
このときに各町を説得しに回ったのが、名主後見という立場にいた永沢家の永沢治郎右衛門と、伊能家の忠敬であった。",佐原村の中心部に流れる川の名前は何?,小野川,Lexical variation (synonymy)
900,318,伊能忠敬,"佐原村本宿は大きく、本宿組と浜宿組に分かれていた。
忠敬と永沢は分担して、忠敬は本宿組の各町を、永沢は浜宿組の各町を説得し、ようやく各町の同意を取りつけた。
ところが祭礼2日目、永沢家が説得したはずの浜宿組において禁が破られ、山車が引き回されるという事態が発生した。
本宿組の町民はさっそく忠敬を問い詰め、忠敬も永沢家におもむき責任を追及した。
しかし本宿組の担当者はそれだけでは納得がいかず、浜宿組が出したのだからこちらも山車を出すと強硬に主張した。
忠敬は、このままでは大きな争いになるのは必至で、町内に申し訳が立たないと感じたため、伊能家は永沢家と「義絶」すると宣言した。
義絶とはどのような状態なのかは詳しく分かっていないが、伊能家は永沢家と今後一切の付き合いをなくすという意味であると推定される。
これにより、各町は山車を出すことをようやく取りやめた。
とはいえ佐原で「両家」と言われ、富と名声を持っていた2つの家の義絶は村にとってもよくないと考えられたため、仲介によって、同年に両家は和解することとなった。",本宿組の各町を説得に回ったのは誰?,忠敬,Lexical variation (synonymy)
901,319,伊能忠敬,"祭礼騒動が起こった年の7月、忠敬とミチとの間に次女・シノ(篠)が生まれた。
さらに同じ年、忠敬は江戸に薪問屋を出したが、翌年に火事にあい、薪7万駄を焼くという損害を出してしまった。
このころ、幕府では田沼意次が強い力を持つようになっていった。
田沼は幕府の収入を増やすため、利根川流域などに公認の河岸問屋を設け、そこから運上金を徴収する政策を実行した。
そして明和8年(1771年)11月、佐原村も、河岸運上を吟味するため、名主・組頭・百姓代は出頭するよう通告された。
河岸問屋が公認されると運上金を支払わなければならなくなる。
そのため佐原の商人や船主は公認に乗り気でなかった。
そこで名主4人が江戸の勘定奉公所へ行き、「佐原は利根川から十四、五町も離れていて、河岸問屋もないから、運上は免除願いたい」と申し出た。
しかしこの願いは奉公所にまったく聞き入れられず、それならば佐原には河岸運送をすることは認めないと言われることとなった。
これを受けて佐原村ではふたたび話し合いを行い、その結果、今まで河岸運送に大きく関わってきた永沢治郎右衛門、伊能茂左衛門、伊能権之丞、そして忠敬の4人が河岸問屋を引き受けることになった。
ところがその数日後、永沢治郎右衛門と伊能権之丞は突然辞退したため、結局、引き受けるのは伊能茂左衛門と忠敬の2人だけになった。",河岸問屋を辞退した永沢家の人物とは誰?,永沢治郎右衛門,Lexical variation (world knowledge)
902,320,伊能忠敬,"河岸の一件が片づくと、忠敬は比較的安定した生活を送った。
安永3年(1774年)、忠敬29歳のときの伊能家の収益は以下のようになっている。
酒造の収益は163両3分、田徳の収益は95両、倉敷・店賃の収益は30両、舟利の収益は23両2分、薪木の収益は37両3分、炭の収益は1両1分、合計351両1分である。",安永3年当時の伊能家の収益中、最も利益を上げていたのは何でしたか?,酒造,Logical reasoning
903,320,伊能忠敬,"河岸の一件が片づくと、忠敬は比較的安定した生活を送った。
安永3年(1774年)、忠敬29歳のときの伊能家の収益は以下のようになっている。
酒造の収益は163両3分、田徳の収益は95両、倉敷・店賃の収益は30両、舟利の収益は23両2分、薪木の収益は37両3分、炭の収益は1両1分、合計351両1分である。",安永3年当時の伊能家の収益中、最も利益が少なかったものは何?,炭,Logical reasoning
904,321,伊能忠敬,"安永7年(1778年)には、妻・ミチと奥州旅行へ出かけた。
これは忠敬にとって、妻と一緒に行った唯一の旅行となった。
同じ年、これまで天領だった佐原村は、旗本の津田氏の知行地となった。
忠敬は名主や村の有力者と、江戸にある津田氏の屋敷にあいさつに出向いた。
そのとき、名主5人と永沢治郎右衛門は麻の裃を着用していたのに対し、忠敬は裃の着用を許されず、屋敷内で座る場所も差をつけられた。
これは永沢が名字帯刀を許された身分だったためであるが、商いが順調なのに相変わらず永沢家と身分に差をつけられていることに悔しさを感じた忠敬は、永沢に対抗心を燃やすようになった。
しかし、そのうちに忠敬の待遇も上がり、天明元年(1781年)、名主の藤左衛門が死去すると、代わりに忠敬が36歳で名主となった。",忠敬夫妻の旅行先はどこでしたか?,奥州,Lexical variation (synonymy)
905,321,伊能忠敬,"安永7年(1778年)には、妻・ミチと奥州旅行へ出かけた。
これは忠敬にとって、妻と一緒に行った唯一の旅行となった。
同じ年、これまで天領だった佐原村は、旗本の津田氏の知行地となった。
忠敬は名主や村の有力者と、江戸にある津田氏の屋敷にあいさつに出向いた。
そのとき、名主5人と永沢治郎右衛門は麻の裃を着用していたのに対し、忠敬は裃の着用を許されず、屋敷内で座る場所も差をつけられた。
これは永沢が名字帯刀を許された身分だったためであるが、商いが順調なのに相変わらず永沢家と身分に差をつけられていることに悔しさを感じた忠敬は、永沢に対抗心を燃やすようになった。
しかし、そのうちに忠敬の待遇も上がり、天明元年(1781年)、名主の藤左衛門が死去すると、代わりに忠敬が36歳で名主となった。",忠敬の前の名主は誰でしたか?,藤左衛門,Lexical variation (world knowledge)
906,322,伊能忠敬,"天明3年(1783年)、浅間山の噴火などにともなって天明の大飢饉が発生し、佐原村もこの年、米が不作となった。
忠敬はほかの名主らとともに地頭所に出頭し、年貢についての配慮を願い出た。
その結果、この年の年貢は全額免除となり、さらに、「御救金」として100両が下された。
また、同じ年の冬になってから行われた利根川の堤防に関する国役普請では、普請掛りを命じられた。
忠敬は堤防工事を指揮するとともに、工材を安く買い入れることで、工事費の節約の面でも手腕を発揮した。
一方その頃、妻・ミチは重い病にかかり、同じ年の暮れに42歳で亡くなった。
地頭の津田氏は前述のように佐原村の年貢を免除していたが、一方で伊能家や永沢家にたびたび金の無心をしていた。
そのため、両家は地頭に対して多くの貸金を持つようになり、地頭所や村民に対し、よりいっそうの発言力を持つようになった。
そして忠敬は、天明3年(1783年)9月には津田氏から名字帯刀を許されるようになり、さらには天明4年(1784年)、名主の役を免ぜられ、新たに村方後見の役を命じられた。
村方後見は名主を監視する権限を持っており、これは永沢治郎右衛門も就いている役である。
こうして忠敬は、永沢とほぼ同格の扱いを受けることができた。",忠敬が永沢治郎右衛門とほぼ同格の扱いを受けるようになれたのはいつから?,1784年,Multiple sentence reasoning
907,322,伊能忠敬,"天明3年(1783年)、浅間山の噴火などにともなって天明の大飢饉が発生し、佐原村もこの年、米が不作となった。
忠敬はほかの名主らとともに地頭所に出頭し、年貢についての配慮を願い出た。
その結果、この年の年貢は全額免除となり、さらに、「御救金」として100両が下された。
また、同じ年の冬になってから行われた利根川の堤防に関する国役普請では、普請掛りを命じられた。
忠敬は堤防工事を指揮するとともに、工材を安く買い入れることで、工事費の節約の面でも手腕を発揮した。
一方その頃、妻・ミチは重い病にかかり、同じ年の暮れに42歳で亡くなった。
地頭の津田氏は前述のように佐原村の年貢を免除していたが、一方で伊能家や永沢家にたびたび金の無心をしていた。
そのため、両家は地頭に対して多くの貸金を持つようになり、地頭所や村民に対し、よりいっそうの発言力を持つようになった。
そして忠敬は、天明3年(1783年)9月には津田氏から名字帯刀を許されるようになり、さらには天明4年(1784年)、名主の役を免ぜられ、新たに村方後見の役を命じられた。
村方後見は名主を監視する権限を持っており、これは永沢治郎右衛門も就いている役である。
こうして忠敬は、永沢とほぼ同格の扱いを受けることができた。",ミチが亡くなったのは何年?,1783年,Multiple sentence reasoning
908,322,伊能忠敬,"天明3年(1783年)、浅間山の噴火などにともなって天明の大飢饉が発生し、佐原村もこの年、米が不作となった。
忠敬はほかの名主らとともに地頭所に出頭し、年貢についての配慮を願い出た。
その結果、この年の年貢は全額免除となり、さらに、「御救金」として100両が下された。
また、同じ年の冬になってから行われた利根川の堤防に関する国役普請では、普請掛りを命じられた。
忠敬は堤防工事を指揮するとともに、工材を安く買い入れることで、工事費の節約の面でも手腕を発揮した。
一方その頃、妻・ミチは重い病にかかり、同じ年の暮れに42歳で亡くなった。
地頭の津田氏は前述のように佐原村の年貢を免除していたが、一方で伊能家や永沢家にたびたび金の無心をしていた。
そのため、両家は地頭に対して多くの貸金を持つようになり、地頭所や村民に対し、よりいっそうの発言力を持つようになった。
そして忠敬は、天明3年(1783年)9月には津田氏から名字帯刀を許されるようになり、さらには天明4年(1784年)、名主の役を免ぜられ、新たに村方後見の役を命じられた。
村方後見は名主を監視する権限を持っており、これは永沢治郎右衛門も就いている役である。
こうして忠敬は、永沢とほぼ同格の扱いを受けることができた。",天明3年に噴火した山は何?,浅間山,Syntactic variation
909,323,伊能忠敬,"浅間山の噴火以降、佐原村では毎年不作が続いていた。
天明5年(1785年)、忠敬は米の値上がりを見越して関西方面から大量の米を買い入れた。
しかし米相場は翌年の春から夏にかけて下がり続け、伊能家は多額の損失を抱えた。
周囲からは、今のうちに米を売り払って、これ以上の損を防いだ方がよいと忠告されたが、忠敬は、あえて米をまったく売らないことにした。
忠敬は、もしこのまま米価が下がり続けて大損したら、そのときは本宅は貸地にして、裏の畑に家を建てて10年間質素に暮らしながら借金を返していこうと思っていたが、その年の7月、利根川の大洪水によって佐原村の農業は大損害を受け、農民は日々の暮らしにも困るようになった。
忠敬は村の有力者と相談しながら、身銭を切って米や金銭を分け与えるなど、貧民救済に取り組んだ。
各地区で、特に貧困で暮らすにもままならない者を調べ上げてもらい、そのような人には特に重点的に施しを与えた。
また、ほかの村から流れ込んできた浮浪人には、一人につき一日一文を与えた。
質屋にも金を融通し、村人が質入れしやすくするようにした。
翌年もこうした取り組みを続け、村やその周辺の住民に米を安い金額で売り続けた。
このような活動によって、佐原村からは一人の餓死者も出なかったという。",天明の大飢饉の中、忠敬が取り組んだこととは何?,貧民救済,Multiple sentence reasoning
910,324,伊能忠敬,"妻・ミチが死去してから間もなく、忠敬は内縁で2人目の妻を迎えた。
この妻については詳しいことは分かっておらず、名前も定かではない。
天明6年(1786年)に次男・秀蔵、天明8年(1788年)に三男・順次、寛政元年(1789年)に三女・コト(琴)が生まれ、妻は寛政2年(1790年)に26歳で死去した。
一方、最初の妻・ミチとの間に生まれた次女・シノも、天明8年に19歳で死去した。
寛政2年、忠敬は仙台藩医である桑原隆朝の娘・ノブを新たな妻として迎え入れた。
このころ、長女のイネはすでに結婚して江戸に移っており、長男・景敬は成年を迎えていた。
忠敬は、景敬に家督を譲り、自分は隠居して新たな人生を歩みたいと思うようになっていった。
そして寛政2年、地頭所に隠居を願い出た。
しかし地頭の津田氏はこの願いを受け入れなかった。
これは、当時の津田氏は代替わりしたばかりのころだったため、まだ村方後見として忠敬の力を必要としていたからである。
地頭所には断られたが、忠敬の隠居への思いはなお強かった。
このとき忠敬が興味を持っていたのは、暦学であった。
忠敬は江戸や京都から暦学の本を取り寄せて勉強したり、天体観測を行ったりして日々を過ごし、店の仕事は実質的に景敬に任せるようにした。",忠敬の2人目の妻は何歳で亡くなりましたか?,26歳,Multiple sentence reasoning
911,324,伊能忠敬,"妻・ミチが死去してから間もなく、忠敬は内縁で2人目の妻を迎えた。
この妻については詳しいことは分かっておらず、名前も定かではない。
天明6年(1786年)に次男・秀蔵、天明8年(1788年)に三男・順次、寛政元年(1789年)に三女・コト(琴)が生まれ、妻は寛政2年(1790年)に26歳で死去した。
一方、最初の妻・ミチとの間に生まれた次女・シノも、天明8年に19歳で死去した。
寛政2年、忠敬は仙台藩医である桑原隆朝の娘・ノブを新たな妻として迎え入れた。
このころ、長女のイネはすでに結婚して江戸に移っており、長男・景敬は成年を迎えていた。
忠敬は、景敬に家督を譲り、自分は隠居して新たな人生を歩みたいと思うようになっていった。
そして寛政2年、地頭所に隠居を願い出た。
しかし地頭の津田氏はこの願いを受け入れなかった。
これは、当時の津田氏は代替わりしたばかりのころだったため、まだ村方後見として忠敬の力を必要としていたからである。
地頭所には断られたが、忠敬の隠居への思いはなお強かった。
このとき忠敬が興味を持っていたのは、暦学であった。
忠敬は江戸や京都から暦学の本を取り寄せて勉強したり、天体観測を行ったりして日々を過ごし、店の仕事は実質的に景敬に任せるようにした。",忠敬が隠居を願っていた時に関心を持っていた学問分野は何でしたか?,暦学,Multiple sentence reasoning
912,324,伊能忠敬,"妻・ミチが死去してから間もなく、忠敬は内縁で2人目の妻を迎えた。
この妻については詳しいことは分かっておらず、名前も定かではない。
天明6年(1786年)に次男・秀蔵、天明8年(1788年)に三男・順次、寛政元年(1789年)に三女・コト(琴)が生まれ、妻は寛政2年(1790年)に26歳で死去した。
一方、最初の妻・ミチとの間に生まれた次女・シノも、天明8年に19歳で死去した。
寛政2年、忠敬は仙台藩医である桑原隆朝の娘・ノブを新たな妻として迎え入れた。
このころ、長女のイネはすでに結婚して江戸に移っており、長男・景敬は成年を迎えていた。
忠敬は、景敬に家督を譲り、自分は隠居して新たな人生を歩みたいと思うようになっていった。
そして寛政2年、地頭所に隠居を願い出た。
しかし地頭の津田氏はこの願いを受け入れなかった。
これは、当時の津田氏は代替わりしたばかりのころだったため、まだ村方後見として忠敬の力を必要としていたからである。
地頭所には断られたが、忠敬の隠居への思いはなお強かった。
このとき忠敬が興味を持っていたのは、暦学であった。
忠敬は江戸や京都から暦学の本を取り寄せて勉強したり、天体観測を行ったりして日々を過ごし、店の仕事は実質的に景敬に任せるようにした。",忠敬は誰に家督を譲ろうとしていましたか?,景敬,Syntactic variation
913,324,伊能忠敬,"妻・ミチが死去してから間もなく、忠敬は内縁で2人目の妻を迎えた。
この妻については詳しいことは分かっておらず、名前も定かではない。
天明6年(1786年)に次男・秀蔵、天明8年(1788年)に三男・順次、寛政元年(1789年)に三女・コト(琴)が生まれ、妻は寛政2年(1790年)に26歳で死去した。
一方、最初の妻・ミチとの間に生まれた次女・シノも、天明8年に19歳で死去した。
寛政2年、忠敬は仙台藩医である桑原隆朝の娘・ノブを新たな妻として迎え入れた。
このころ、長女のイネはすでに結婚して江戸に移っており、長男・景敬は成年を迎えていた。
忠敬は、景敬に家督を譲り、自分は隠居して新たな人生を歩みたいと思うようになっていった。
そして寛政2年、地頭所に隠居を願い出た。
しかし地頭の津田氏はこの願いを受け入れなかった。
これは、当時の津田氏は代替わりしたばかりのころだったため、まだ村方後見として忠敬の力を必要としていたからである。
地頭所には断られたが、忠敬の隠居への思いはなお強かった。
このとき忠敬が興味を持っていたのは、暦学であった。
忠敬は江戸や京都から暦学の本を取り寄せて勉強したり、天体観測を行ったりして日々を過ごし、店の仕事は実質的に景敬に任せるようにした。",忠敬の3人目の妻の名前は?,ノブ,Lexical variation (world knowledge)
914,325,伊能忠敬,"寛政4年(1792年)、忠敬は、これまで地頭所に金銭を用立てすることによって財政的に貢献したという理由で、地頭所から三人扶持を与えられた。
ただしこれは、忠敬にまだ隠居してほしくないという地頭所の思惑も含まれていたと考えられている。
翌寛政5年(1793年)には、久保木清淵らとともに、3か月にわたって関西方面への旅に出かけた。
忠敬はこの旅についての旅行記を残している。
そしてそこには、各地で測った方位角や、天体観測で求めた緯度などが記されており、測量への関心がうかがえる。
また、久保木も『西遊日記』と呼ばれる旅行記を残している。
寛政6年(1794年)、忠敬はふたたび隠居の願いを出し、地頭所は12月にようやくこれを受け入れた。
忠敬は家督を長男の景敬に譲り、通称を勘解由(伊能家が代々使っていた隠居名)と改め、江戸で暦学の勉強をするための準備にとりかかった。
そのさなかの寛政7年(1795年)、妻・ノブは難産が原因で亡くなった。
なお、寛政6年に佐原の橋本町(現・本橋元町)の惣代より村役人および村方後見である伊能三郎右衛門宛てに町内への便所の設置を求める願書が出されており、ここに登場する三郎右衛門は忠敬から家督を譲られた景敬であるとされている。
ちなみに、現在の本橋元町にある公衆便所がこのとき設置された便所の後身に当たるという。",『西遊日記』の著者の氏名は?,久保木清淵,Multiple sentence reasoning
915,325,伊能忠敬,"寛政4年(1792年)、忠敬は、これまで地頭所に金銭を用立てすることによって財政的に貢献したという理由で、地頭所から三人扶持を与えられた。
ただしこれは、忠敬にまだ隠居してほしくないという地頭所の思惑も含まれていたと考えられている。
翌寛政5年(1793年)には、久保木清淵らとともに、3か月にわたって関西方面への旅に出かけた。
忠敬はこの旅についての旅行記を残している。
そしてそこには、各地で測った方位角や、天体観測で求めた緯度などが記されており、測量への関心がうかがえる。
また、久保木も『西遊日記』と呼ばれる旅行記を残している。
寛政6年(1794年)、忠敬はふたたび隠居の願いを出し、地頭所は12月にようやくこれを受け入れた。
忠敬は家督を長男の景敬に譲り、通称を勘解由(伊能家が代々使っていた隠居名)と改め、江戸で暦学の勉強をするための準備にとりかかった。
そのさなかの寛政7年(1795年)、妻・ノブは難産が原因で亡くなった。
なお、寛政6年に佐原の橋本町(現・本橋元町)の惣代より村役人および村方後見である伊能三郎右衛門宛てに町内への便所の設置を求める願書が出されており、ここに登場する三郎右衛門は忠敬から家督を譲られた景敬であるとされている。
ちなみに、現在の本橋元町にある公衆便所がこのとき設置された便所の後身に当たるという。",久保木清淵との関西方面への旅行期間はどれくらいありましたか?,3か月,Lexical variation (synonymy)
916,325,伊能忠敬,"寛政4年(1792年)、忠敬は、これまで地頭所に金銭を用立てすることによって財政的に貢献したという理由で、地頭所から三人扶持を与えられた。
ただしこれは、忠敬にまだ隠居してほしくないという地頭所の思惑も含まれていたと考えられている。
翌寛政5年(1793年)には、久保木清淵らとともに、3か月にわたって関西方面への旅に出かけた。
忠敬はこの旅についての旅行記を残している。
そしてそこには、各地で測った方位角や、天体観測で求めた緯度などが記されており、測量への関心がうかがえる。
また、久保木も『西遊日記』と呼ばれる旅行記を残している。
寛政6年(1794年)、忠敬はふたたび隠居の願いを出し、地頭所は12月にようやくこれを受け入れた。
忠敬は家督を長男の景敬に譲り、通称を勘解由(伊能家が代々使っていた隠居名)と改め、江戸で暦学の勉強をするための準備にとりかかった。
そのさなかの寛政7年(1795年)、妻・ノブは難産が原因で亡くなった。
なお、寛政6年に佐原の橋本町(現・本橋元町)の惣代より村役人および村方後見である伊能三郎右衛門宛てに町内への便所の設置を求める願書が出されており、ここに登場する三郎右衛門は忠敬から家督を譲られた景敬であるとされている。
ちなみに、現在の本橋元町にある公衆便所がこのとき設置された便所の後身に当たるという。",ノブの死因は何でしたか?,難産,Lexical variation (synonymy)
917,325,伊能忠敬,"寛政4年(1792年)、忠敬は、これまで地頭所に金銭を用立てすることによって財政的に貢献したという理由で、地頭所から三人扶持を与えられた。
ただしこれは、忠敬にまだ隠居してほしくないという地頭所の思惑も含まれていたと考えられている。
翌寛政5年(1793年)には、久保木清淵らとともに、3か月にわたって関西方面への旅に出かけた。
忠敬はこの旅についての旅行記を残している。
そしてそこには、各地で測った方位角や、天体観測で求めた緯度などが記されており、測量への関心がうかがえる。
また、久保木も『西遊日記』と呼ばれる旅行記を残している。
寛政6年(1794年)、忠敬はふたたび隠居の願いを出し、地頭所は12月にようやくこれを受け入れた。
忠敬は家督を長男の景敬に譲り、通称を勘解由(伊能家が代々使っていた隠居名)と改め、江戸で暦学の勉強をするための準備にとりかかった。
そのさなかの寛政7年(1795年)、妻・ノブは難産が原因で亡くなった。
なお、寛政6年に佐原の橋本町(現・本橋元町)の惣代より村役人および村方後見である伊能三郎右衛門宛てに町内への便所の設置を求める願書が出されており、ここに登場する三郎右衛門は忠敬から家督を譲られた景敬であるとされている。
ちなみに、現在の本橋元町にある公衆便所がこのとき設置された便所の後身に当たるという。",隠居して、忠敬は江戸の地で何を勉強しようと考えていましたか?,暦学,Lexical variation (synonymy)
918,326,伊能忠敬,"安永3年(1774年)の目録と比較すると、忠敬は伊能家を再興し、かなりの財産を築いたことが分かる。
このときの伊能家の資産については正確な数字は明らかでないが、寛政12年に村人が「3万両ぐらいだろう」と答えた記録が残っている。
この資産は30億-35億円程に相当する。",3万両は現代ではいくらに相当しますか?,30億-35億円程,Multiple sentence reasoning
919,327,伊能忠敬,"ただし、伊能家の状況は必ずしも順風満帆ではなかったとする説もある。
伊能家(三郎右衛門家)が得意としてきた酒造業の実績を示す酒造高は天明の大飢饉後の天明8年(1788年)には1480石を誇っていたが、享和3年(1803年)には600石に減少しており、忠敬没後の天保10年(1839年)には株仲間の記録に伊能家の名前は存在していない、すなわち廃業状態にあったことを示している。
これは伊能家だけではなく、競合する永沢家も含めて天明期の仲間35家のうち22家が天保期に姿を消し、代わりに天明期に存在が確認できなかった14家の新興酒造家が名前を連ねている状況から、江戸幕府の度重なる酒株政策の変更に伊能家を含めた旧来の酒造家が対応しきれなかったことが背景にあるとみられている。
また、貨幣経済の浸透は旗本などの中小領主たちに先納金・御用金・領主貸などの手段による貨幣の確保に向かわせることになった。
先納金は年貢米を貨幣で前借することであるが、実際には貨幣による年貢徴収の口実とされて結果的には年貢米の輸送減少をもたらし、御用金や領主貸は伊能家のような地方商人への負担となった。
また、農村の疲弊は伊能家から村単位への貸付の増加になって現れており、その中にはこれらの村が御用金や先納金を納めるための貸付もあったとみられている。
さらに伊能家の土地所持高を見ると、享保5年(1720年)には52石7斗あまりだったのが、忠敬の相続後である明和3年(1766年)には84石1斗あまり、隠居後の享和2年(1802年)には145石1斗あまりと、忠敬当主時代に急激に増加しているのである。
これは金融業における質流れの増加とともに忠敬が酒造や輸送業に限界を感じ、土地の集積へと軸足を移そうとしていたことの表れとされる。
実際に隠居後の忠敬が佐原に送った書状には「店賃と田の収益ばかりになっても仕方がない」「もし、古酒の勘定もよくなく、未回収金が過分になったら酒造も見合わせてやめるように」などと記しており、特に後継者であった景敬が没した文化9年(1812年)以降には、酒造業や運送業、領主貸を縮小する意向を示している。
しかし、地主としての土地経営も小作人となった農民との衝突を招くなど困難な状況が続いており、忠敬隠居後の文化年間に入ると土地集積の対象を山林にも広げている。",伊能家の酒造石は、1788年と1803年を比較するとどちらの年が少ないですか?,1803年,Logical reasoning
920,327,伊能忠敬,"ただし、伊能家の状況は必ずしも順風満帆ではなかったとする説もある。
伊能家(三郎右衛門家)が得意としてきた酒造業の実績を示す酒造高は天明の大飢饉後の天明8年(1788年)には1480石を誇っていたが、享和3年(1803年)には600石に減少しており、忠敬没後の天保10年(1839年)には株仲間の記録に伊能家の名前は存在していない、すなわち廃業状態にあったことを示している。
これは伊能家だけではなく、競合する永沢家も含めて天明期の仲間35家のうち22家が天保期に姿を消し、代わりに天明期に存在が確認できなかった14家の新興酒造家が名前を連ねている状況から、江戸幕府の度重なる酒株政策の変更に伊能家を含めた旧来の酒造家が対応しきれなかったことが背景にあるとみられている。
また、貨幣経済の浸透は旗本などの中小領主たちに先納金・御用金・領主貸などの手段による貨幣の確保に向かわせることになった。
先納金は年貢米を貨幣で前借することであるが、実際には貨幣による年貢徴収の口実とされて結果的には年貢米の輸送減少をもたらし、御用金や領主貸は伊能家のような地方商人への負担となった。
また、農村の疲弊は伊能家から村単位への貸付の増加になって現れており、その中にはこれらの村が御用金や先納金を納めるための貸付もあったとみられている。
さらに伊能家の土地所持高を見ると、享保5年(1720年)には52石7斗あまりだったのが、忠敬の相続後である明和3年(1766年)には84石1斗あまり、隠居後の享和2年(1802年)には145石1斗あまりと、忠敬当主時代に急激に増加しているのである。
これは金融業における質流れの増加とともに忠敬が酒造や輸送業に限界を感じ、土地の集積へと軸足を移そうとしていたことの表れとされる。
実際に隠居後の忠敬が佐原に送った書状には「店賃と田の収益ばかりになっても仕方がない」「もし、古酒の勘定もよくなく、未回収金が過分になったら酒造も見合わせてやめるように」などと記しており、特に後継者であった景敬が没した文化9年(1812年)以降には、酒造業や運送業、領主貸を縮小する意向を示している。
しかし、地主としての土地経営も小作人となった農民との衝突を招くなど困難な状況が続いており、忠敬隠居後の文化年間に入ると土地集積の対象を山林にも広げている。",伊能家の土地所持高は、享保5年、明和3年、享和2年の中でどの年が最も多いですか?,享和2年,Logical reasoning
921,327,伊能忠敬,"ただし、伊能家の状況は必ずしも順風満帆ではなかったとする説もある。
伊能家(三郎右衛門家)が得意としてきた酒造業の実績を示す酒造高は天明の大飢饉後の天明8年(1788年)には1480石を誇っていたが、享和3年(1803年)には600石に減少しており、忠敬没後の天保10年(1839年)には株仲間の記録に伊能家の名前は存在していない、すなわち廃業状態にあったことを示している。
これは伊能家だけではなく、競合する永沢家も含めて天明期の仲間35家のうち22家が天保期に姿を消し、代わりに天明期に存在が確認できなかった14家の新興酒造家が名前を連ねている状況から、江戸幕府の度重なる酒株政策の変更に伊能家を含めた旧来の酒造家が対応しきれなかったことが背景にあるとみられている。
また、貨幣経済の浸透は旗本などの中小領主たちに先納金・御用金・領主貸などの手段による貨幣の確保に向かわせることになった。
先納金は年貢米を貨幣で前借することであるが、実際には貨幣による年貢徴収の口実とされて結果的には年貢米の輸送減少をもたらし、御用金や領主貸は伊能家のような地方商人への負担となった。
また、農村の疲弊は伊能家から村単位への貸付の増加になって現れており、その中にはこれらの村が御用金や先納金を納めるための貸付もあったとみられている。
さらに伊能家の土地所持高を見ると、享保5年(1720年)には52石7斗あまりだったのが、忠敬の相続後である明和3年(1766年)には84石1斗あまり、隠居後の享和2年(1802年)には145石1斗あまりと、忠敬当主時代に急激に増加しているのである。
これは金融業における質流れの増加とともに忠敬が酒造や輸送業に限界を感じ、土地の集積へと軸足を移そうとしていたことの表れとされる。
実際に隠居後の忠敬が佐原に送った書状には「店賃と田の収益ばかりになっても仕方がない」「もし、古酒の勘定もよくなく、未回収金が過分になったら酒造も見合わせてやめるように」などと記しており、特に後継者であった景敬が没した文化9年(1812年)以降には、酒造業や運送業、領主貸を縮小する意向を示している。
しかし、地主としての土地経営も小作人となった農民との衝突を招くなど困難な状況が続いており、忠敬隠居後の文化年間に入ると土地集積の対象を山林にも広げている。",1720年、1766年の伊能家の土地所持高を比較すると、どちらの年が少ないですか?,1720年,Logical reasoning
922,328,伊能忠敬,"佐原の町は昔から大雨が降ると利根川堤防が決壊し、大きな被害を受けていた。
いったん洪水が起きてしまうと田畑の形が変わってしまうため、測量して境界線を引き直さなければならない。
忠敬は江戸に出る前から測量や地図作成の技術をある程度身につけていたが、それはこうした地で名主などの重要な役に就いていたという経験によるところが大きい。
さらに、前述したように、祖先の伊能景利は隠居してから膨大な記録をまとめるという仕事に取り組み、また、忠敬の家から川を挟んで向かい側に住んでいた楫取魚彦も、隠居後に江戸へ出て国学者・歌人として活動した。
忠敬もこの2人の生き方から大きな影響を受けたと考えられている。",忠敬の人生に大きな影響を与えたとされる国学者は誰?,楫取魚彦,Multiple sentence reasoning
923,328,伊能忠敬,"佐原の町は昔から大雨が降ると利根川堤防が決壊し、大きな被害を受けていた。
いったん洪水が起きてしまうと田畑の形が変わってしまうため、測量して境界線を引き直さなければならない。
忠敬は江戸に出る前から測量や地図作成の技術をある程度身につけていたが、それはこうした地で名主などの重要な役に就いていたという経験によるところが大きい。
さらに、前述したように、祖先の伊能景利は隠居してから膨大な記録をまとめるという仕事に取り組み、また、忠敬の家から川を挟んで向かい側に住んでいた楫取魚彦も、隠居後に江戸へ出て国学者・歌人として活動した。
忠敬もこの2人の生き方から大きな影響を受けたと考えられている。",佐原の町が昔から受けていた水害は、どこの川が関係していますか?,利根川,Lexical variation (synonymy)
924,329,伊能忠敬,"寛政7年(1795年)、50歳の忠敬は江戸へ行き、深川黒江町に家を構えた。
ちょうどそのころ、江戸では今まで使われていた暦を改める動きが起こっていた。
当時の日本は宝暦4年(1754年)に作られた宝暦暦が使われていたが、この暦は日食や月食の予報をたびたび外していたため、評判が悪かった。
そこで幕府は松平信明、堀田正敦を中心として、改暦に取り組んだ。
しかし幕府の天文方には改暦作業を行えるような優れた人材がいなかったため、民間で特に高い評価を受けていた麻田剛立一門の高橋至時と間重富に任務にあたらせることにした。
至時は寛政7年(1795年)4月、重富は同年6月に出府した。",忠敬が江戸に出て来た当時の年齢は?,50歳,Lexical variation (synonymy)
925,329,伊能忠敬,"寛政7年(1795年)、50歳の忠敬は江戸へ行き、深川黒江町に家を構えた。
ちょうどそのころ、江戸では今まで使われていた暦を改める動きが起こっていた。
当時の日本は宝暦4年(1754年)に作られた宝暦暦が使われていたが、この暦は日食や月食の予報をたびたび外していたため、評判が悪かった。
そこで幕府は松平信明、堀田正敦を中心として、改暦に取り組んだ。
しかし幕府の天文方には改暦作業を行えるような優れた人材がいなかったため、民間で特に高い評価を受けていた麻田剛立一門の高橋至時と間重富に任務にあたらせることにした。
至時は寛政7年(1795年)4月、重富は同年6月に出府した。",1754年に作られた日本の暦とは?,宝暦暦,Lexical variation (world knowledge)
926,329,伊能忠敬,"寛政7年(1795年)、50歳の忠敬は江戸へ行き、深川黒江町に家を構えた。
ちょうどそのころ、江戸では今まで使われていた暦を改める動きが起こっていた。
当時の日本は宝暦4年(1754年)に作られた宝暦暦が使われていたが、この暦は日食や月食の予報をたびたび外していたため、評判が悪かった。
そこで幕府は松平信明、堀田正敦を中心として、改暦に取り組んだ。
しかし幕府の天文方には改暦作業を行えるような優れた人材がいなかったため、民間で特に高い評価を受けていた麻田剛立一門の高橋至時と間重富に任務にあたらせることにした。
至時は寛政7年(1795年)4月、重富は同年6月に出府した。",寛政7年当時に日本で使用されていた暦とは何?,宝暦暦,Lexical variation (synonymy)
927,330,伊能忠敬,"忠敬が江戸に出たのは同年の5月のため、2人の出府と時期が重なる。
改暦の動きは秘密裏に行われていたが、この時期の符合から、忠敬は事前に2人が江戸に来ることを知っていたとも考えられている。
その情報元として、渡辺一郎は、忠敬の3人目の妻・ノブの父親である桑原隆朝を挙げている。
桑原は改暦を推し進めていた堀田正敦と強いつながりがあった。
そのため桑原は、堀田から聞いた改暦の話を忠敬に伝えていたのではないかという説がある。",渡辺一郎によると、改暦の話を忠敬に伝えたのは誰だったの?,桑原隆朝,Multiple sentence reasoning
928,331,伊能忠敬,"同年、忠敬は高橋至時の弟子となった。
50歳の忠敬に対し、師匠の至時は31歳だった。
弟子入りしたきっかけについては、昔の中国の暦『授時暦』が実際の天文現象と合わないことに気づいた忠敬がその理由を江戸の学者たちに質問したが誰も答えられず、唯一回答できたのが至時だったからだという話が伝えられている。
そして至時に必死に懇願して入門を認めさせたとのことであるが、至時が多忙な改暦作業のなかで入門を許した理由についても、渡辺は、桑原と堀田正敦の影響を指摘している。
一方で今野武雄は、麻田剛立の弟子で大名貸の升屋小右衛門とのつながりを推測している。",忠敬が弟子入りした学者は誰でしたか?,高橋至時,Lexical variation (synonymy)
929,331,伊能忠敬,"同年、忠敬は高橋至時の弟子となった。
50歳の忠敬に対し、師匠の至時は31歳だった。
弟子入りしたきっかけについては、昔の中国の暦『授時暦』が実際の天文現象と合わないことに気づいた忠敬がその理由を江戸の学者たちに質問したが誰も答えられず、唯一回答できたのが至時だったからだという話が伝えられている。
そして至時に必死に懇願して入門を認めさせたとのことであるが、至時が多忙な改暦作業のなかで入門を許した理由についても、渡辺は、桑原と堀田正敦の影響を指摘している。
一方で今野武雄は、麻田剛立の弟子で大名貸の升屋小右衛門とのつながりを推測している。",忠敬が弟子入りした時の高橋至時の年齢は?,31歳,Multiple sentence reasoning
930,332,伊能忠敬,"弟子入りした忠敬は、19歳年下の師・至時に師弟の礼をとり、熱心に勉学に励んだ。
忠敬は寝る間を惜しみ天体観測や測量の勉強をしていたため、「推歩先生」(推歩とは暦学のこと)というあだ名で呼ばれていた。
至時は弟子に対しては、まずは古くからの暦法『授時暦』で基礎を学ばせ、次にティコ・ブラーエなどの西洋の天文学を取り入れている『暦象考成上下編』、さらに続けて、ケプラーの理論を取り入れた『暦象考成後編』と、順を追って学ばせることにしていた。
しかし忠敬は、すでに『授時暦』についてはある程度の知識があったため、『授時暦』と『暦象考成上下編』は短期間で理解できるようになった。
寛政8年(1796年)9月からおよそ1年半の間、至時は改暦作業のため京都に行くことになり、その間は間重富が指導についた。
同年11月に重富から至時に宛てた手紙の中では、「伊能も後編の推歩がそろそろ出来候。月食も出来候」と記されており、すでに『暦象考成後編』を学んでいたことが分かる。",熱心に暦学を学んだ忠敬のニックネームは何でしたか?,「推歩先生」,Lexical variation (synonymy)
931,332,伊能忠敬,"弟子入りした忠敬は、19歳年下の師・至時に師弟の礼をとり、熱心に勉学に励んだ。
忠敬は寝る間を惜しみ天体観測や測量の勉強をしていたため、「推歩先生」(推歩とは暦学のこと)というあだ名で呼ばれていた。
至時は弟子に対しては、まずは古くからの暦法『授時暦』で基礎を学ばせ、次にティコ・ブラーエなどの西洋の天文学を取り入れている『暦象考成上下編』、さらに続けて、ケプラーの理論を取り入れた『暦象考成後編』と、順を追って学ばせることにしていた。
しかし忠敬は、すでに『授時暦』についてはある程度の知識があったため、『授時暦』と『暦象考成上下編』は短期間で理解できるようになった。
寛政8年(1796年)9月からおよそ1年半の間、至時は改暦作業のため京都に行くことになり、その間は間重富が指導についた。
同年11月に重富から至時に宛てた手紙の中では、「伊能も後編の推歩がそろそろ出来候。月食も出来候」と記されており、すでに『暦象考成後編』を学んでいたことが分かる。",至時は弟子に対して、『授時暦』の次に何を学ばせていましたか?,『暦象考成上下編』,Lexical variation (world knowledge)
932,332,伊能忠敬,"弟子入りした忠敬は、19歳年下の師・至時に師弟の礼をとり、熱心に勉学に励んだ。
忠敬は寝る間を惜しみ天体観測や測量の勉強をしていたため、「推歩先生」(推歩とは暦学のこと)というあだ名で呼ばれていた。
至時は弟子に対しては、まずは古くからの暦法『授時暦』で基礎を学ばせ、次にティコ・ブラーエなどの西洋の天文学を取り入れている『暦象考成上下編』、さらに続けて、ケプラーの理論を取り入れた『暦象考成後編』と、順を追って学ばせることにしていた。
しかし忠敬は、すでに『授時暦』についてはある程度の知識があったため、『授時暦』と『暦象考成上下編』は短期間で理解できるようになった。
寛政8年(1796年)9月からおよそ1年半の間、至時は改暦作業のため京都に行くことになり、その間は間重富が指導についた。
同年11月に重富から至時に宛てた手紙の中では、「伊能も後編の推歩がそろそろ出来候。月食も出来候」と記されており、すでに『暦象考成後編』を学んでいたことが分かる。",至時の留守中に、忠敬を指導した人は誰ですか?,間重富,Lexical variation (synonymy)
933,333,ヨハネの手紙三,"『ヨハネの手紙三』(ヨハネのてがみさん)は新約聖書の正典を構成する27文書の一つで、公同書簡に分類される3通のヨハネ書簡の最後のものである。
ガイオという人物に宛てて、他のキリスト教徒を受け入れ、親切にすることを説いたこの書簡は15節しかなく、旧約・新約聖書の中でも短さの点で一、二を争う。
1世紀後半から2世紀初め頃に成立したと考えられているが、その短さや教理的要素の少なさもあって、キリスト教文献での直接的言及は3世紀まで見られず、正典と広く承認されるまでに時間を要した。",3通のヨハネ書簡の3番目にあたるものを何と言いますか?,『ヨハネの手紙三』,Lexical variation (synonymy)
934,333,ヨハネの手紙三,"『ヨハネの手紙三』(ヨハネのてがみさん)は新約聖書の正典を構成する27文書の一つで、公同書簡に分類される3通のヨハネ書簡の最後のものである。
ガイオという人物に宛てて、他のキリスト教徒を受け入れ、親切にすることを説いたこの書簡は15節しかなく、旧約・新約聖書の中でも短さの点で一、二を争う。
1世紀後半から2世紀初め頃に成立したと考えられているが、その短さや教理的要素の少なさもあって、キリスト教文献での直接的言及は3世紀まで見られず、正典と広く承認されるまでに時間を要した。",ヨハネ書簡は全部で何通あるの?,3通,Syntactic variation
935,333,ヨハネの手紙三,"『ヨハネの手紙三』(ヨハネのてがみさん)は新約聖書の正典を構成する27文書の一つで、公同書簡に分類される3通のヨハネ書簡の最後のものである。
ガイオという人物に宛てて、他のキリスト教徒を受け入れ、親切にすることを説いたこの書簡は15節しかなく、旧約・新約聖書の中でも短さの点で一、二を争う。
1世紀後半から2世紀初め頃に成立したと考えられているが、その短さや教理的要素の少なさもあって、キリスト教文献での直接的言及は3世紀まで見られず、正典と広く承認されるまでに時間を要した。",『ヨハネの手紙三』は誰に宛てられた手紙なの?,ガイオ,Multiple sentence reasoning
936,333,ヨハネの手紙三,"『ヨハネの手紙三』(ヨハネのてがみさん)は新約聖書の正典を構成する27文書の一つで、公同書簡に分類される3通のヨハネ書簡の最後のものである。
ガイオという人物に宛てて、他のキリスト教徒を受け入れ、親切にすることを説いたこの書簡は15節しかなく、旧約・新約聖書の中でも短さの点で一、二を争う。
1世紀後半から2世紀初め頃に成立したと考えられているが、その短さや教理的要素の少なさもあって、キリスト教文献での直接的言及は3世紀まで見られず、正典と広く承認されるまでに時間を要した。",旧約・新約聖書の中でも短さの点で一、二を争う『ヨハネの手紙三』は何節から成っている?,15節,Syntactic variation
937,334,ヨハネの手紙三,"定評あるギリシア語校訂版のネストレ・アーラント28版での題名はΙΩΑΝΝΟΥΕΠΙΣΤΟΛΗΤΡΙΤΗである。
『ヨハネの手紙三』という呼称は新共同訳聖書によるもので、カール・ギュツラフによる最初の日本語訳『約翰下書』以来、様々な題名で呼ばれてきた。
何らかの団体によって訳された聖書(およびそれと訳名が一致する個人訳)での名称としては、『ヨハネの第三の書』(大正改訳)、『ヨハネの第三の手紙』(口語訳、バルバロ訳、フランシスコ会訳、岩波委員会訳)、『ヨハンネスの手紙III』(共同訳)、『ヨハネの手紙第三』(新改訳、塚本虎二訳)、『イオアンの第三書』(日本正教会訳)などがある。
以下では便宜上、第三ヨハネ書ないし第三書と略す。
ほか2つのヨハネ書簡の略し方もこれに準ずる。",『ヨハネの手紙三』は日本では一番初めに何と約された?,『約翰下書』,Lexical variation (synonymy)
938,334,ヨハネの手紙三,"定評あるギリシア語校訂版のネストレ・アーラント28版での題名はΙΩΑΝΝΟΥΕΠΙΣΤΟΛΗΤΡΙΤΗである。
『ヨハネの手紙三』という呼称は新共同訳聖書によるもので、カール・ギュツラフによる最初の日本語訳『約翰下書』以来、様々な題名で呼ばれてきた。
何らかの団体によって訳された聖書(およびそれと訳名が一致する個人訳)での名称としては、『ヨハネの第三の書』(大正改訳)、『ヨハネの第三の手紙』(口語訳、バルバロ訳、フランシスコ会訳、岩波委員会訳)、『ヨハンネスの手紙III』(共同訳)、『ヨハネの手紙第三』(新改訳、塚本虎二訳)、『イオアンの第三書』(日本正教会訳)などがある。
以下では便宜上、第三ヨハネ書ないし第三書と略す。
ほか2つのヨハネ書簡の略し方もこれに準ずる。",『ヨハネの手紙三』を『約翰下書』と訳した人物の名は?,カール・ギュツラフ,Syntactic variation
939,334,ヨハネの手紙三,"定評あるギリシア語校訂版のネストレ・アーラント28版での題名はΙΩΑΝΝΟΥΕΠΙΣΤΟΛΗΤΡΙΤΗである。
『ヨハネの手紙三』という呼称は新共同訳聖書によるもので、カール・ギュツラフによる最初の日本語訳『約翰下書』以来、様々な題名で呼ばれてきた。
何らかの団体によって訳された聖書(およびそれと訳名が一致する個人訳)での名称としては、『ヨハネの第三の書』(大正改訳)、『ヨハネの第三の手紙』(口語訳、バルバロ訳、フランシスコ会訳、岩波委員会訳)、『ヨハンネスの手紙III』(共同訳)、『ヨハネの手紙第三』(新改訳、塚本虎二訳)、『イオアンの第三書』(日本正教会訳)などがある。
以下では便宜上、第三ヨハネ書ないし第三書と略す。
ほか2つのヨハネ書簡の略し方もこれに準ずる。",『ヨハネの手紙三』を最も多くの団体が共通に訳したのは何?,『ヨハネの第三の手紙』,Logical reasoning
940,335,ヨハネの手紙三,"公同書簡は本来、公同の教会に宛てて書かれたことからその名があるが、第三ヨハネ書は著者自らが「長老」と名乗り、ガイオという個人に宛ててこの手紙を書いている。
便宜上は公同書簡に分類されるとはいえ、本文からはこの手紙が完全に個人的な手紙であることが読み取れる。
「長老」は、地域内の信徒の家で営まれた小規模な「家の教会」を巡回して福音を説いていた「兄弟たち」の歓待や支援をしているガイオを賞賛し、彼に対し、ある「家の教会」を取り仕切って「兄弟たち」を拒絶しているディオトレフェスには従わず、引き続き善を行うようにと激励している。
初期のキリスト教文献はこの書簡についての言及を何も含んでおらず、3世紀半ばになってようやく言及された。
その背景には、この書簡が非常に短いこと、使徒の著作であると承認されるのに時間を要したこと、その内容が個人的であることなどがあったと考えられている。",公同の教会に宛てて書いた手紙のことを一般的に何と呼びますか?,公同書簡,Syntactic variation
941,335,ヨハネの手紙三,"公同書簡は本来、公同の教会に宛てて書かれたことからその名があるが、第三ヨハネ書は著者自らが「長老」と名乗り、ガイオという個人に宛ててこの手紙を書いている。
便宜上は公同書簡に分類されるとはいえ、本文からはこの手紙が完全に個人的な手紙であることが読み取れる。
「長老」は、地域内の信徒の家で営まれた小規模な「家の教会」を巡回して福音を説いていた「兄弟たち」の歓待や支援をしているガイオを賞賛し、彼に対し、ある「家の教会」を取り仕切って「兄弟たち」を拒絶しているディオトレフェスには従わず、引き続き善を行うようにと激励している。
初期のキリスト教文献はこの書簡についての言及を何も含んでおらず、3世紀半ばになってようやく言及された。
その背景には、この書簡が非常に短いこと、使徒の著作であると承認されるのに時間を要したこと、その内容が個人的であることなどがあったと考えられている。",第三ヨハネ書の著者は教会においてどういった立場の人でしたか?,「長老」,Lexical variation (synonymy)
942,335,ヨハネの手紙三,"公同書簡は本来、公同の教会に宛てて書かれたことからその名があるが、第三ヨハネ書は著者自らが「長老」と名乗り、ガイオという個人に宛ててこの手紙を書いている。
便宜上は公同書簡に分類されるとはいえ、本文からはこの手紙が完全に個人的な手紙であることが読み取れる。
「長老」は、地域内の信徒の家で営まれた小規模な「家の教会」を巡回して福音を説いていた「兄弟たち」の歓待や支援をしているガイオを賞賛し、彼に対し、ある「家の教会」を取り仕切って「兄弟たち」を拒絶しているディオトレフェスには従わず、引き続き善を行うようにと激励している。
初期のキリスト教文献はこの書簡についての言及を何も含んでおらず、3世紀半ばになってようやく言及された。
その背景には、この書簡が非常に短いこと、使徒の著作であると承認されるのに時間を要したこと、その内容が個人的であることなどがあったと考えられている。",書簡の短さや書簡内容が個人的なものであった理由から、第三ヨハネ書に対するキリスト教文献の言及が始まったのはいつ?,3世紀半ば,Multiple sentence reasoning
943,336,ヨハネの手紙三,"伝承上は使徒ヨハネの著作とされるが、現代では少なからぬ論者が疑問視している。
とはいえ、第三ヨハネ書の言葉遣いは他のヨハネ書簡や『ヨハネによる福音書』と共通するものを含んでおり、若干の異説はあるが、1世紀末頃から2世紀初頭に他の2書簡とともに同じ人物、あるいは少なくとも同じ共同体に属する構成員(たち)によって作成されたと考えられている。
執筆地は未詳であるが、伝統的にはエフェソと想定されている。
この書簡は現存最古の部類に属する新約聖書の写本の多くに見出され、大きな異文などは存在しない。
神学的内容は希薄とされ、新約聖書の中で重視されてきたとは言いがたいが、信徒同士が親切にしあうことの大切さや尊大に振舞うことへの戒めが説かれているとみなされており、教会制度の過渡期の様子を伝えているという歴史的側面からの評価もなされている。",第三ヨハネ書を書いたのは伝承上では誰となっているか?,使徒ヨハネ,Lexical variation (synonymy)
944,336,ヨハネの手紙三,"伝承上は使徒ヨハネの著作とされるが、現代では少なからぬ論者が疑問視している。
とはいえ、第三ヨハネ書の言葉遣いは他のヨハネ書簡や『ヨハネによる福音書』と共通するものを含んでおり、若干の異説はあるが、1世紀末頃から2世紀初頭に他の2書簡とともに同じ人物、あるいは少なくとも同じ共同体に属する構成員(たち)によって作成されたと考えられている。
執筆地は未詳であるが、伝統的にはエフェソと想定されている。
この書簡は現存最古の部類に属する新約聖書の写本の多くに見出され、大きな異文などは存在しない。
神学的内容は希薄とされ、新約聖書の中で重視されてきたとは言いがたいが、信徒同士が親切にしあうことの大切さや尊大に振舞うことへの戒めが説かれているとみなされており、教会制度の過渡期の様子を伝えているという歴史的側面からの評価もなされている。",第三ヨハネ書の執筆地はどことされていますか?,エフェソ,Syntactic variation
945,336,ヨハネの手紙三,"伝承上は使徒ヨハネの著作とされるが、現代では少なからぬ論者が疑問視している。
とはいえ、第三ヨハネ書の言葉遣いは他のヨハネ書簡や『ヨハネによる福音書』と共通するものを含んでおり、若干の異説はあるが、1世紀末頃から2世紀初頭に他の2書簡とともに同じ人物、あるいは少なくとも同じ共同体に属する構成員(たち)によって作成されたと考えられている。
執筆地は未詳であるが、伝統的にはエフェソと想定されている。
この書簡は現存最古の部類に属する新約聖書の写本の多くに見出され、大きな異文などは存在しない。
神学的内容は希薄とされ、新約聖書の中で重視されてきたとは言いがたいが、信徒同士が親切にしあうことの大切さや尊大に振舞うことへの戒めが説かれているとみなされており、教会制度の過渡期の様子を伝えているという歴史的側面からの評価もなされている。",第三ヨハネ書、ヨハネ書簡、『ヨハネによる福音書』に共通しているものは何でしょう?,言葉遣い,Syntactic variation
946,336,ヨハネの手紙三,"伝承上は使徒ヨハネの著作とされるが、現代では少なからぬ論者が疑問視している。
とはいえ、第三ヨハネ書の言葉遣いは他のヨハネ書簡や『ヨハネによる福音書』と共通するものを含んでおり、若干の異説はあるが、1世紀末頃から2世紀初頭に他の2書簡とともに同じ人物、あるいは少なくとも同じ共同体に属する構成員(たち)によって作成されたと考えられている。
執筆地は未詳であるが、伝統的にはエフェソと想定されている。
この書簡は現存最古の部類に属する新約聖書の写本の多くに見出され、大きな異文などは存在しない。
神学的内容は希薄とされ、新約聖書の中で重視されてきたとは言いがたいが、信徒同士が親切にしあうことの大切さや尊大に振舞うことへの戒めが説かれているとみなされており、教会制度の過渡期の様子を伝えているという歴史的側面からの評価もなされている。",第三ヨハネ書は歴史的側面からの評価として、どのような様子を伝えていますか?,教会制度の過渡期,Syntactic variation
947,337,ヨハネの手紙三,"ヨハネ書簡と呼ばれる3通の書簡は、実際には著者名が一切書かれておらず、第三書の本文でも、著者は単に「長老」とだけ名乗っている。
この著者問題は、他の2通のヨハネ書簡および『ヨハネによる福音書』の著者との関連で議論されてきた。
全ての書簡が同一人物によるのか、また違う場合にはどれが同一人物によるのかなどについて様々な議論があり、確定していない。
とはいえ、少なからぬ専門家が3つの書簡全てを同一人物の作品と見る説を採っている。
伝承通り3通全てを使徒ヨハネに帰するローマ・カトリックのフェデリコ・バルバロやフランシスコ会聖書研究所、福音派の『新聖書辞典』や『新実用聖書注解』は当然その立場であり、使徒ヨハネを著者とする伝承を受け入れていない聖書学者にも、『総説新約聖書』でヨハネ書簡を担当した中村和夫、上智学院の『新カトリック大事典』などでヨハネ書簡を担当した小林稔などのようにこの立場を採る者たちがいる。
アンカー・バイブルでヨハネ書簡を担当したレイモンド・E・ブラウンは、「多くの学者」(manyscholars)が3書簡全てを同一著者に帰することに否定的であると述べつつ、自分は3書簡全てを同一著者に帰すると述べていた。
しかし、後には「多くの学者」が3書簡を同一の著者の作品と見ていると述べた。",3通からなるヨハネ書簡の著者は、同一人物の誰とみなされていますか?,使徒ヨハネ,Multiple sentence reasoning
948,337,ヨハネの手紙三,"ヨハネ書簡と呼ばれる3通の書簡は、実際には著者名が一切書かれておらず、第三書の本文でも、著者は単に「長老」とだけ名乗っている。
この著者問題は、他の2通のヨハネ書簡および『ヨハネによる福音書』の著者との関連で議論されてきた。
全ての書簡が同一人物によるのか、また違う場合にはどれが同一人物によるのかなどについて様々な議論があり、確定していない。
とはいえ、少なからぬ専門家が3つの書簡全てを同一人物の作品と見る説を採っている。
伝承通り3通全てを使徒ヨハネに帰するローマ・カトリックのフェデリコ・バルバロやフランシスコ会聖書研究所、福音派の『新聖書辞典』や『新実用聖書注解』は当然その立場であり、使徒ヨハネを著者とする伝承を受け入れていない聖書学者にも、『総説新約聖書』でヨハネ書簡を担当した中村和夫、上智学院の『新カトリック大事典』などでヨハネ書簡を担当した小林稔などのようにこの立場を採る者たちがいる。
アンカー・バイブルでヨハネ書簡を担当したレイモンド・E・ブラウンは、「多くの学者」(manyscholars)が3書簡全てを同一著者に帰することに否定的であると述べつつ、自分は3書簡全てを同一著者に帰すると述べていた。
しかし、後には「多くの学者」が3書簡を同一の著者の作品と見ていると述べた。",上智学院でヨハネ書簡を担当した日本人は何という人?,小林稔,Lexical variation (synonymy)
949,337,ヨハネの手紙三,"ヨハネ書簡と呼ばれる3通の書簡は、実際には著者名が一切書かれておらず、第三書の本文でも、著者は単に「長老」とだけ名乗っている。
この著者問題は、他の2通のヨハネ書簡および『ヨハネによる福音書』の著者との関連で議論されてきた。
全ての書簡が同一人物によるのか、また違う場合にはどれが同一人物によるのかなどについて様々な議論があり、確定していない。
とはいえ、少なからぬ専門家が3つの書簡全てを同一人物の作品と見る説を採っている。
伝承通り3通全てを使徒ヨハネに帰するローマ・カトリックのフェデリコ・バルバロやフランシスコ会聖書研究所、福音派の『新聖書辞典』や『新実用聖書注解』は当然その立場であり、使徒ヨハネを著者とする伝承を受け入れていない聖書学者にも、『総説新約聖書』でヨハネ書簡を担当した中村和夫、上智学院の『新カトリック大事典』などでヨハネ書簡を担当した小林稔などのようにこの立場を採る者たちがいる。
アンカー・バイブルでヨハネ書簡を担当したレイモンド・E・ブラウンは、「多くの学者」(manyscholars)が3書簡全てを同一著者に帰することに否定的であると述べつつ、自分は3書簡全てを同一著者に帰すると述べていた。
しかし、後には「多くの学者」が3書簡を同一の著者の作品と見ていると述べた。",ヨハネ書簡3通全てを使徒ヨハネの著と考えている聖書研究所はどこ?,フランシスコ会聖書研究所,Lexical variation (synonymy)
950,338,ヨハネの手紙三,"使徒ヨハネと見ることに批判的な学者からは、もしも第三ヨハネ書が使徒ヨハネによって書かれたのだとすれば、ディオトレフェスが彼に反抗したことは奇妙であるとされている。
というのは、使徒たちは初期キリスト教会にあっては高く尊敬されていたからである。
これに対して福音派の『新聖書辞典』では、使徒ヨハネの著書とする観点から、まさにヨハネの使徒権を否定したものとして、ディオトレフェスの振舞いが「暴挙」と位置づけられている。
同様に福音派の『新聖書注解』では、ディオトレフェスの異常さこそが問題であって、彼の振る舞いが使徒ヨハネの著作であることを否定する根拠にはならないと主張されている。",ディオトレフェスの使徒ヨハネに対する振舞いが「暴挙」としているのは何辞典ですか?,『新聖書辞典』,Syntactic variation
951,339,ヨハネの手紙三,"さて、ヒエラポリスのパピアスによって140年頃に書かれ、エウセビオスによって引用された断片からは、書簡の著者に関して使徒ヨハネとは別の可能性が指摘されている。
その断片で長老ヨハネという人物について言及されているからであるが、この人物について知られていることはパピアスの乏しい言及以外には何もないので、第三書の著者とこの詳細不明の人物と結びつける根拠は何もない。
それでもヒエロニムスがこの「長老ヨハネ」を第二・第三ヨハネ書の著者と位置づけていたことで、近代以降にもこの見方を採る者たちがいる。
その延長線で、中村和夫、NTD新約聖書註解シリーズでヨハネ書簡を担当したヨハネス・シュナイダーらのように、3書簡すべてを長老ヨハネの作品とする者もいる。
3書簡を執筆したのは使徒ヨハネその人かもしれないし、長老ヨハネのような他の人物かもしれないが、チャールズ・ドッドは「もしも我々がこれらの書簡の匿名の著者を...いくらか知られている人物と結び付けようとするなら、ほとんどうまくいかないものと思われる」と述べていた。",「長老ヨハネ」を第二・第三ヨハネ書の著者と位置づけたのは誰によってですか?,ヒエロニムス,Syntactic variation
952,339,ヨハネの手紙三,"さて、ヒエラポリスのパピアスによって140年頃に書かれ、エウセビオスによって引用された断片からは、書簡の著者に関して使徒ヨハネとは別の可能性が指摘されている。
その断片で長老ヨハネという人物について言及されているからであるが、この人物について知られていることはパピアスの乏しい言及以外には何もないので、第三書の著者とこの詳細不明の人物と結びつける根拠は何もない。
それでもヒエロニムスがこの「長老ヨハネ」を第二・第三ヨハネ書の著者と位置づけていたことで、近代以降にもこの見方を採る者たちがいる。
その延長線で、中村和夫、NTD新約聖書註解シリーズでヨハネ書簡を担当したヨハネス・シュナイダーらのように、3書簡すべてを長老ヨハネの作品とする者もいる。
3書簡を執筆したのは使徒ヨハネその人かもしれないし、長老ヨハネのような他の人物かもしれないが、チャールズ・ドッドは「もしも我々がこれらの書簡の匿名の著者を...いくらか知られている人物と結び付けようとするなら、ほとんどうまくいかないものと思われる」と述べていた。",ヨハネス・シュナイダーは何シリーズでヨハネ書簡を担当した?,NTD新約聖書註解シリーズ,Syntactic variation
953,340,ヨハネの手紙三,"第一ヨハネ書を別人の作とし、第二書と第三書のみ同一人物に帰する見解もある。
前述のように、古くはヒエロニムスがこの見解を紹介していたが、現代日本では『新約聖書略解』でヨハネ書簡を担当した宮内彰、『新共同訳新約聖書略解』で同書簡を担当した土戸清などがこの立場である。
第二書と第三書には多くの類似点がある。
どちらも当時の他人宛の手紙の様式で書かれており、著者は「プレスビュテロス」とだけ名乗っており、直訳では「老人」(elderlyman)を意味する。
そして、どちらの書簡も歓待と教会内の対立のテーマを扱っている。
それらは長さの点でもきわめて類似しているが、おそらくそれはどちらもパピルス1枚に収まるようにしたためたことによるのだろう。",現代、第一ヨハネ書を別人の作とし、第二書と第三書のみ同一人物に帰する見解をしている日本人は宮内彰ともう1人は誰?,土戸清,Multiple sentence reasoning
954,340,ヨハネの手紙三,"第一ヨハネ書を別人の作とし、第二書と第三書のみ同一人物に帰する見解もある。
前述のように、古くはヒエロニムスがこの見解を紹介していたが、現代日本では『新約聖書略解』でヨハネ書簡を担当した宮内彰、『新共同訳新約聖書略解』で同書簡を担当した土戸清などがこの立場である。
第二書と第三書には多くの類似点がある。
どちらも当時の他人宛の手紙の様式で書かれており、著者は「プレスビュテロス」とだけ名乗っており、直訳では「老人」(elderlyman)を意味する。
そして、どちらの書簡も歓待と教会内の対立のテーマを扱っている。
それらは長さの点でもきわめて類似しているが、おそらくそれはどちらもパピルス1枚に収まるようにしたためたことによるのだろう。",ヨハネ書簡の第二書と第三書で名乗られていた著者の名前は?,「プレスビュテロス」,Multiple sentence reasoning
955,341,ヨハネの手紙三,"3通のヨハネ書簡はいずれもほとんど同じ時期に書き上げられたとみなされている。
その時期は若干の異説もあるものの、おおむね1世紀末から2世紀初頭と見積もられている。
たとえば、福音派の『新聖書辞典』では80年代末から90年代初頭に作成されたという見解が有力説として挙げられている。
福音派の『新聖書注解』でも90年頃とされており、同じく福音派の尾山令仁も90年から91年頃としている。
ローマ・カトリックの側ではフランシスコ会訳聖書がヨハネ福音書よりも少し先に成立したと考え、90年よりも少し前の時期を想定している。",ヨハネ書簡は3通とも同じ時期に書かれたとされているが、有力説を挙げているのは何辞典の見解によるものか?,『新聖書辞典』,Syntactic variation
956,342,ヨハネの手紙三,"これに対して、同じカトリックでもフェデリコ・バルバロは、ヨハネ福音書やヨハネの黙示録(バルバロは90年から96年と想定)よりも後の成立であろうとみなしていた。
また、岩波委員会訳聖書でヨハネ書簡を担当し、それらを使徒ヨハネの作とはみなしていない大貫隆の場合、ポリュカルポスの言及なども勘案して110年前後としている。
この見解は小林稔も踏襲している。
ブラウンは現存するヨハネ福音書が原著者の版に最終編集者が手を加えて成立させたという立場を採っており、その原著者の版(90年頃)の10年ほど後、しかし、最終編集者の版(おそらく100年を過ぎた頃)が出る前に3書簡が書かれたと想定した。
『ハーパー聖書注解』でも「100年頃とするのが大方の見解」とされている。
フランスのクセジュ叢書で新約聖書を担当したレジス・ビュルネは90年から110年の間とし、土戸清もほぼ同じ期間を想定している。",ヨハネ書簡がヨハネ福音書やヨハネの黙示録よりも後に書かれたとみなしたのは誰ですか?,フェデリコ・バルバロ,Syntactic variation
957,342,ヨハネの手紙三,"これに対して、同じカトリックでもフェデリコ・バルバロは、ヨハネ福音書やヨハネの黙示録(バルバロは90年から96年と想定)よりも後の成立であろうとみなしていた。
また、岩波委員会訳聖書でヨハネ書簡を担当し、それらを使徒ヨハネの作とはみなしていない大貫隆の場合、ポリュカルポスの言及なども勘案して110年前後としている。
この見解は小林稔も踏襲している。
ブラウンは現存するヨハネ福音書が原著者の版に最終編集者が手を加えて成立させたという立場を採っており、その原著者の版(90年頃)の10年ほど後、しかし、最終編集者の版(おそらく100年を過ぎた頃)が出る前に3書簡が書かれたと想定した。
『ハーパー聖書注解』でも「100年頃とするのが大方の見解」とされている。
フランスのクセジュ叢書で新約聖書を担当したレジス・ビュルネは90年から110年の間とし、土戸清もほぼ同じ期間を想定している。",ヨハネ書簡の執筆時期を土戸清の予想と同じである人物は誰でしょうか?,レジス・ビュルネ,Multiple sentence reasoning
958,342,ヨハネの手紙三,"これに対して、同じカトリックでもフェデリコ・バルバロは、ヨハネ福音書やヨハネの黙示録(バルバロは90年から96年と想定)よりも後の成立であろうとみなしていた。
また、岩波委員会訳聖書でヨハネ書簡を担当し、それらを使徒ヨハネの作とはみなしていない大貫隆の場合、ポリュカルポスの言及なども勘案して110年前後としている。
この見解は小林稔も踏襲している。
ブラウンは現存するヨハネ福音書が原著者の版に最終編集者が手を加えて成立させたという立場を採っており、その原著者の版(90年頃)の10年ほど後、しかし、最終編集者の版(おそらく100年を過ぎた頃)が出る前に3書簡が書かれたと想定した。
『ハーパー聖書注解』でも「100年頃とするのが大方の見解」とされている。
フランスのクセジュ叢書で新約聖書を担当したレジス・ビュルネは90年から110年の間とし、土戸清もほぼ同じ期間を想定している。",大貫隆はヨハネ書簡の執筆時期を何年としているのか?,110年前後,Syntactic variation
959,342,ヨハネの手紙三,"これに対して、同じカトリックでもフェデリコ・バルバロは、ヨハネ福音書やヨハネの黙示録(バルバロは90年から96年と想定)よりも後の成立であろうとみなしていた。
また、岩波委員会訳聖書でヨハネ書簡を担当し、それらを使徒ヨハネの作とはみなしていない大貫隆の場合、ポリュカルポスの言及なども勘案して110年前後としている。
この見解は小林稔も踏襲している。
ブラウンは現存するヨハネ福音書が原著者の版に最終編集者が手を加えて成立させたという立場を採っており、その原著者の版(90年頃)の10年ほど後、しかし、最終編集者の版(おそらく100年を過ぎた頃)が出る前に3書簡が書かれたと想定した。
『ハーパー聖書注解』でも「100年頃とするのが大方の見解」とされている。
フランスのクセジュ叢書で新約聖書を担当したレジス・ビュルネは90年から110年の間とし、土戸清もほぼ同じ期間を想定している。",大貫隆がヨハネ書簡の執筆が110年前後だとするのと同じ考えをしている日本人は誰ですか?,小林稔,Multiple sentence reasoning
960,343,ヨハネの手紙三,"ヨハネ書簡には執筆地を示すものは何もないが、それらの初期の引用者であるポリュカルポス、パピアス、エイレナイオスらの作品が小アジアで書かれたことを考えるなら、ヨハネ書簡も小アジアで書かれたのだろうという程度の推測は成り立つ。
それに対し、教会の伝承では、ヨハネ書簡の執筆地は小アジアの中でもエフェソと限定されており、ローマ・カトリックのバルバロ、フランシスコ会聖書研究所、福音派の『新聖書辞典』、尾山令仁などはいずれもそれを堅持している。",ヨハネ書簡の執筆地はエフェソと限定している日本人は何という人ですか?,尾山令仁,Lexical variation (synonymy)
961,344,ヨハネの手紙三,"新約正典の中で節が最も少ないのは第二ヨハネ書であるが、単語数で見れば、第三ヨハネ書が新約正典中で最短である。
ブラウンはネストレ・アーラント21版に基づく算定として、短い順に第三書を219語、第二書を245語、『フィレモンへの手紙』を355語、『ユダの手紙』を457語としている(文字数は第二書が1126字、第三書が1105字)。
ティンデル聖書注解でヨハネ書簡を担当したジョン・ストット、「インタープリテーション」シリーズでヨハネ書簡を担当したD・M・スミス、大貫隆のように、第二書、第三書をともに聖書中で最短の書と位置づける者もいる。",ヨハネ書簡の中で節が最も少ないのは何になるのか?,第二ヨハネ書,Syntactic variation
962,344,ヨハネの手紙三,"新約正典の中で節が最も少ないのは第二ヨハネ書であるが、単語数で見れば、第三ヨハネ書が新約正典中で最短である。
ブラウンはネストレ・アーラント21版に基づく算定として、短い順に第三書を219語、第二書を245語、『フィレモンへの手紙』を355語、『ユダの手紙』を457語としている(文字数は第二書が1126字、第三書が1105字)。
ティンデル聖書注解でヨハネ書簡を担当したジョン・ストット、「インタープリテーション」シリーズでヨハネ書簡を担当したD・M・スミス、大貫隆のように、第二書、第三書をともに聖書中で最短の書と位置づける者もいる。",ブラウンが算定した単語数の短い書簡順の中で、3番目に短い書は何?,『フィレモンへの手紙』,Logical reasoning
963,344,ヨハネの手紙三,"新約正典の中で節が最も少ないのは第二ヨハネ書であるが、単語数で見れば、第三ヨハネ書が新約正典中で最短である。
ブラウンはネストレ・アーラント21版に基づく算定として、短い順に第三書を219語、第二書を245語、『フィレモンへの手紙』を355語、『ユダの手紙』を457語としている(文字数は第二書が1126字、第三書が1105字)。
ティンデル聖書注解でヨハネ書簡を担当したジョン・ストット、「インタープリテーション」シリーズでヨハネ書簡を担当したD・M・スミス、大貫隆のように、第二書、第三書をともに聖書中で最短の書と位置づける者もいる。",第二書、第三書両方を最短の書と位置付けた日本人は誰?,大貫隆,Lexical variation (synonymy)
964,344,ヨハネの手紙三,"新約正典の中で節が最も少ないのは第二ヨハネ書であるが、単語数で見れば、第三ヨハネ書が新約正典中で最短である。
ブラウンはネストレ・アーラント21版に基づく算定として、短い順に第三書を219語、第二書を245語、『フィレモンへの手紙』を355語、『ユダの手紙』を457語としている(文字数は第二書が1126字、第三書が1105字)。
ティンデル聖書注解でヨハネ書簡を担当したジョン・ストット、「インタープリテーション」シリーズでヨハネ書簡を担当したD・M・スミス、大貫隆のように、第二書、第三書をともに聖書中で最短の書と位置づける者もいる。",「インタープリテーション」シリーズでのヨハネ書簡担当者は誰?,D・M・スミス,Lexical variation (synonymy)
965,345,ヨハネの手紙三,"いずれにせよ、すでに「執筆年代」の節で述べたことと重なるが、ヨハネ書簡のうちで最も早くに言及されたのは第一書で、ポリュカルポスによる言及は一連のヨハネ書簡の推定成立年代の下限としても利用されている。
それに対し、第三ヨハネ書への言及はそれからも長い間見られない。
たとえば、エイレナイオスはその『異端駁論(英語版)』(180年頃)において、第一書と第二書から引用しているが、第一書と第二書を区別していないし、第三書は引用していない。
また、いわゆる『ムラトリ正典目録』(2世紀末から3世紀初頭)では、ヨハネ書簡は「2通」とされている。
具体的にどの書簡かは明言されておらず、これを第三書への初期の言及とみなすバルバロのような論者もいなかったわけではないが、一般には第一書と第二書を指し、第三書は言及されていないものと受け止められている。",ヨハネ書簡の中で最初に言及された書は何か?,第一書,Syntactic variation
966,345,ヨハネの手紙三,"いずれにせよ、すでに「執筆年代」の節で述べたことと重なるが、ヨハネ書簡のうちで最も早くに言及されたのは第一書で、ポリュカルポスによる言及は一連のヨハネ書簡の推定成立年代の下限としても利用されている。
それに対し、第三ヨハネ書への言及はそれからも長い間見られない。
たとえば、エイレナイオスはその『異端駁論(英語版)』(180年頃)において、第一書と第二書から引用しているが、第一書と第二書を区別していないし、第三書は引用していない。
また、いわゆる『ムラトリ正典目録』(2世紀末から3世紀初頭)では、ヨハネ書簡は「2通」とされている。
具体的にどの書簡かは明言されておらず、これを第三書への初期の言及とみなすバルバロのような論者もいなかったわけではないが、一般には第一書と第二書を指し、第三書は言及されていないものと受け止められている。",ヨハネ書簡の第一書と第二書だけを引用した『異端駁論(英語版)』は誰による著書か?,エイレナイオス,Syntactic variation
967,345,ヨハネの手紙三,"いずれにせよ、すでに「執筆年代」の節で述べたことと重なるが、ヨハネ書簡のうちで最も早くに言及されたのは第一書で、ポリュカルポスによる言及は一連のヨハネ書簡の推定成立年代の下限としても利用されている。
それに対し、第三ヨハネ書への言及はそれからも長い間見られない。
たとえば、エイレナイオスはその『異端駁論(英語版)』(180年頃)において、第一書と第二書から引用しているが、第一書と第二書を区別していないし、第三書は引用していない。
また、いわゆる『ムラトリ正典目録』(2世紀末から3世紀初頭)では、ヨハネ書簡は「2通」とされている。
具体的にどの書簡かは明言されておらず、これを第三書への初期の言及とみなすバルバロのような論者もいなかったわけではないが、一般には第一書と第二書を指し、第三書は言及されていないものと受け止められている。",ヨハネ書簡の中で長期間に渡り言及されなかった書は何か?,第三ヨハネ書,Lexical variation (synonymy)
968,345,ヨハネの手紙三,"いずれにせよ、すでに「執筆年代」の節で述べたことと重なるが、ヨハネ書簡のうちで最も早くに言及されたのは第一書で、ポリュカルポスによる言及は一連のヨハネ書簡の推定成立年代の下限としても利用されている。
それに対し、第三ヨハネ書への言及はそれからも長い間見られない。
たとえば、エイレナイオスはその『異端駁論(英語版)』(180年頃)において、第一書と第二書から引用しているが、第一書と第二書を区別していないし、第三書は引用していない。
また、いわゆる『ムラトリ正典目録』(2世紀末から3世紀初頭)では、ヨハネ書簡は「2通」とされている。
具体的にどの書簡かは明言されておらず、これを第三書への初期の言及とみなすバルバロのような論者もいなかったわけではないが、一般には第一書と第二書を指し、第三書は言及されていないものと受け止められている。",ヨハネ書簡は「2通」だとしていた書物は何でしょう?,『ムラトリ正典目録』,Syntactic variation
969,346,ヨハネの手紙三,"第三書が3世紀以前に引用されていたことは確認されていない。
西方系では3世紀に入っても、ノウァティアヌス、キプリアヌスらは第三書に言及していない。
他方、東方系ではオリゲネス、エウセビオスらが真作あるいは公認書として第一書に言及する一方、「疑わしい書」として第二書・第三書に言及している。
第三ヨハネ書を含む現在の27文書が新約正典とされたのは、アレクサンドリアのアタナシオスの『第三十九復活祭書簡』(367年)が最初とされている。
この決定はヒッポ会議(393年)、カルタゴ会議(397年)などで追認された。
第三書の短さは、その言及が他の正典文書よりも遅れたことを説明する一因である。
つまり、初期のキリスト教著述家たちには、単にそこから引用する理由がなかったというだけかもしれないのである。
言及の遅れに関しては、他にも私信という側面の強さや使徒の著作であるとなかなか承認されなかったことなどの影響が挙げられている。",ヨハネ書簡の第一書を公認書とした一方で、「疑わしい書」となったのは何か?,第二書・第三書,Syntactic variation
970,346,ヨハネの手紙三,"第三書が3世紀以前に引用されていたことは確認されていない。
西方系では3世紀に入っても、ノウァティアヌス、キプリアヌスらは第三書に言及していない。
他方、東方系ではオリゲネス、エウセビオスらが真作あるいは公認書として第一書に言及する一方、「疑わしい書」として第二書・第三書に言及している。
第三ヨハネ書を含む現在の27文書が新約正典とされたのは、アレクサンドリアのアタナシオスの『第三十九復活祭書簡』(367年)が最初とされている。
この決定はヒッポ会議(393年)、カルタゴ会議(397年)などで追認された。
第三書の短さは、その言及が他の正典文書よりも遅れたことを説明する一因である。
つまり、初期のキリスト教著述家たちには、単にそこから引用する理由がなかったというだけかもしれないのである。
言及の遅れに関しては、他にも私信という側面の強さや使徒の著作であるとなかなか承認されなかったことなどの影響が挙げられている。",第三ヨハネ書を含む現在の27文書が新約正典とされた中で、最後に追認されたのは何会議によるものでしょうか?,カルタゴ会議,Logical reasoning
971,346,ヨハネの手紙三,"第三書が3世紀以前に引用されていたことは確認されていない。
西方系では3世紀に入っても、ノウァティアヌス、キプリアヌスらは第三書に言及していない。
他方、東方系ではオリゲネス、エウセビオスらが真作あるいは公認書として第一書に言及する一方、「疑わしい書」として第二書・第三書に言及している。
第三ヨハネ書を含む現在の27文書が新約正典とされたのは、アレクサンドリアのアタナシオスの『第三十九復活祭書簡』(367年)が最初とされている。
この決定はヒッポ会議(393年)、カルタゴ会議(397年)などで追認された。
第三書の短さは、その言及が他の正典文書よりも遅れたことを説明する一因である。
つまり、初期のキリスト教著述家たちには、単にそこから引用する理由がなかったというだけかもしれないのである。
言及の遅れに関しては、他にも私信という側面の強さや使徒の著作であるとなかなか承認されなかったことなどの影響が挙げられている。",第三ヨハネ書の言及が遅れた理由の一つに、誰の著作であった為に承認されるのに時間がかかったといえますか?,使徒,Lexical variation (synonymy)
972,347,ヨハネの手紙三,"いずれにせよ、現存する最古の部類に属するギリシア語のいわゆる「大文字写本」の中でも、一部破損の見られる写本で断片しか残されていないものの、シナイ写本、アレクサンドリア写本、バチカン写本はヨハネ書簡を3通全て収録している。
写本は多種多様であるが、それらの間に有意な異文は存在せず、本来の原文を確定させる上での困難はほとんどない。",ヨハネ書簡を3通全て収録している写本はシナイ写本、アレクサンドリア写本の他に何がある?,バチカン写本,Syntactic variation
973,348,ヨハネの手紙三,"他方、シリアの教会では第三書の承認が遅れ、5世紀以降になった。
5世紀初頭に新約部分が成立したシリア語訳聖書(ペシタ訳)には、ヨハネ書簡は第一書しか含まれていない。
それに対し、508年に成立したシリア語訳、フィロクセノス訳には3書簡全てが含まれ、616年の改訂版(ハルケル訳)でも踏襲された。",第三書の承認が5世紀以降になった教会はどこ?,シリア,Syntactic variation
974,348,ヨハネの手紙三,"他方、シリアの教会では第三書の承認が遅れ、5世紀以降になった。
5世紀初頭に新約部分が成立したシリア語訳聖書(ペシタ訳)には、ヨハネ書簡は第一書しか含まれていない。
それに対し、508年に成立したシリア語訳、フィロクセノス訳には3書簡全てが含まれ、616年の改訂版(ハルケル訳)でも踏襲された。",シリア語訳聖書に含まれていたのはヨハネ書簡の第何書だったの?,第一書,Syntactic variation
975,348,ヨハネの手紙三,"他方、シリアの教会では第三書の承認が遅れ、5世紀以降になった。
5世紀初頭に新約部分が成立したシリア語訳聖書(ペシタ訳)には、ヨハネ書簡は第一書しか含まれていない。
それに対し、508年に成立したシリア語訳、フィロクセノス訳には3書簡全てが含まれ、616年の改訂版(ハルケル訳)でも踏襲された。",ヨハネ書簡の3通全てが含まれた改訂版の聖書は何年に成立したの?,616年,Lexical variation (synonymy)
976,349,ヨハネの手紙三,"中世ヨーロッパにおいては、正典として受容された後も、第一ヨハネ書に比べ、第二書・第三書は低い評価が与えられることがあった。
宗教改革期には、マルティン・ルターが新約聖書の文書を3つに分類し、第一書に『ローマの信徒への手紙』などとともに最高の評価を与えたのに対し、第二書・第三書はそれより劣る評価になった。
ジャン・カルヴァンは公同書簡の注解では、第二書と第三書を割愛した。これは当時の慣例に従ったものとされている。",ヨハネ書簡の3通の中で、比較的高い評価を得ているのはどれでしょう?,第一ヨハネ書,Lexical variation (world knowledge)
977,349,ヨハネの手紙三,"中世ヨーロッパにおいては、正典として受容された後も、第一ヨハネ書に比べ、第二書・第三書は低い評価が与えられることがあった。
宗教改革期には、マルティン・ルターが新約聖書の文書を3つに分類し、第一書に『ローマの信徒への手紙』などとともに最高の評価を与えたのに対し、第二書・第三書はそれより劣る評価になった。
ジャン・カルヴァンは公同書簡の注解では、第二書と第三書を割愛した。これは当時の慣例に従ったものとされている。",マルティン・ルターが『ローマの信徒への手紙』と同等に高評価をつけたのはヨハネ書簡の中のどれ?,第一書,Lexical variation (synonymy)
978,349,ヨハネの手紙三,"中世ヨーロッパにおいては、正典として受容された後も、第一ヨハネ書に比べ、第二書・第三書は低い評価が与えられることがあった。
宗教改革期には、マルティン・ルターが新約聖書の文書を3つに分類し、第一書に『ローマの信徒への手紙』などとともに最高の評価を与えたのに対し、第二書・第三書はそれより劣る評価になった。
ジャン・カルヴァンは公同書簡の注解では、第二書と第三書を割愛した。これは当時の慣例に従ったものとされている。",公同書簡の注解で第二書と第三書を割愛したのは誰?,ジャン・カルヴァン,Syntactic variation
979,350,ヨハネの手紙三,"現代においても、第三ヨハネ書を積極的に評価する意見ばかりではない。
岩波新書で聖書の入門書をものした小塩力は、第二・第三ヨハネ書などについて「信仰思想的な価値は、少しく落ちると見るべき」という理由で内容紹介を割愛した。
また、第二・第三ヨハネ書を主題とする研究をまとめたジュディス・リュウは、大学院生時代にそれらを主題としていることを述べると、しばしば何故なのかと驚かれたものだと述懐した。
他方、文章に明記されていることから教訓を導くとすれば、「信者たちは互いに親切にし合うべき」ことを説いた可能性が指摘されている。
また、ディオトレフェスの尊大な振舞いや利己心から、自らの内面への戒めを読み取ることの大事さを説く者や教会からそのような者が現れて分裂を引き起こさないように絶えず気をつけるべきことを説く者もおり、福音派の『新聖書辞典』では、教会に対するいつの時代にも普遍的な警告を発している書とされている。",現代において第三ヨハネ書をあまり評価しなかった日本人は誰?,小塩力,Multiple sentence reasoning
980,350,ヨハネの手紙三,"現代においても、第三ヨハネ書を積極的に評価する意見ばかりではない。
岩波新書で聖書の入門書をものした小塩力は、第二・第三ヨハネ書などについて「信仰思想的な価値は、少しく落ちると見るべき」という理由で内容紹介を割愛した。
また、第二・第三ヨハネ書を主題とする研究をまとめたジュディス・リュウは、大学院生時代にそれらを主題としていることを述べると、しばしば何故なのかと驚かれたものだと述懐した。
他方、文章に明記されていることから教訓を導くとすれば、「信者たちは互いに親切にし合うべき」ことを説いた可能性が指摘されている。
また、ディオトレフェスの尊大な振舞いや利己心から、自らの内面への戒めを読み取ることの大事さを説く者や教会からそのような者が現れて分裂を引き起こさないように絶えず気をつけるべきことを説く者もおり、福音派の『新聖書辞典』では、教会に対するいつの時代にも普遍的な警告を発している書とされている。",大学院生時代に第二・第三ヨハネ書を主題とする研究をした人の名前は?,ジュディス・リュウ,Syntactic variation
981,351,ヨハネの手紙三,"ただし、第三ヨハネ書はそこに反映されている神学を議論するには短すぎるものであり、ジュディス・リュウは「教理的な内容を欠いている」と位置づけた。
新約正典中で「イエス」も「キリスト」も直接的に出てこないのは本書が唯一である。
それでも、短い中に「真理」が頻出することなどを、他のヨハネ文書の神学とも共通する点とみなす者たちはいる。
ほか、「愛」を引き合いに出すことも共通点として挙げられる。",第三ヨハネ書が他のヨハネ文書の神学とも共通する点として挙げられるキーワードは「真理」と何ですか?,「愛」,Multiple sentence reasoning
982,352,ヨハネの手紙三,"別の角度からの評価もなされている。
日本でも1930年代には、神学的にはあまり価値がないが、それよりも歴史的にその意義の大きさが認められるようになっているという位置付けが見られた。
つまり、巡回伝道者の影響が大きかった時期から、地域ごとの教会に定着した監督者の影響力が強くなっていく時期の過渡的な様子を伝えているということである。
キリスト新聞社の『新共同訳聖書辞典』(1995年)も、第三書の価値を2世紀初頭小アジアの教会の状況を伝えていることに見出しており、小林稔も第三書に教会制度の過渡期における葛藤あるいは緊張を見出している。",日本で第三書の価値を歴史的な角度から評価し出したのはいつからですか?,1930年代,Lexical variation (synonymy)
983,353,モンテ・カッシーノの戦い,モンテ・カッシーノの戦い(モンテ・カッシーノのたたかい、英:BattleofMonteCassino)は、第二次世界大戦中、1944年1月17日から5月19日にかけてイタリアのモンテ・カッシーノで行われた戦いである。連合軍のイタリア戦線におけるグスタフ・ラインの突破およびローマ解放のために企画された。,モンテ・カッシーノの戦いは、1944年の何月何日から何月何日にかけて行われた戦闘であるの?,1月17日から5月19日,Syntactic variation
984,353,モンテ・カッシーノの戦い,モンテ・カッシーノの戦い(モンテ・カッシーノのたたかい、英:BattleofMonteCassino)は、第二次世界大戦中、1944年1月17日から5月19日にかけてイタリアのモンテ・カッシーノで行われた戦いである。連合軍のイタリア戦線におけるグスタフ・ラインの突破およびローマ解放のために企画された。,モンテ・カッシーノの戦いは、どの戦争中に行われた戦闘でありますか?,第二次世界大戦,Syntactic variation
985,353,モンテ・カッシーノの戦い,モンテ・カッシーノの戦い(モンテ・カッシーノのたたかい、英:BattleofMonteCassino)は、第二次世界大戦中、1944年1月17日から5月19日にかけてイタリアのモンテ・カッシーノで行われた戦いである。連合軍のイタリア戦線におけるグスタフ・ラインの突破およびローマ解放のために企画された。,モンテ・カッシーノの戦いが行われた場所は、どこか?,モンテ・カッシーノ,Syntactic variation
986,353,モンテ・カッシーノの戦い,モンテ・カッシーノの戦い(モンテ・カッシーノのたたかい、英:BattleofMonteCassino)は、第二次世界大戦中、1944年1月17日から5月19日にかけてイタリアのモンテ・カッシーノで行われた戦いである。連合軍のイタリア戦線におけるグスタフ・ラインの突破およびローマ解放のために企画された。,モンテ・カッシーノの戦いは、第二次世界大戦中のどの戦線で行われた戦闘か?,イタリア戦線,Multiple sentence reasoning
987,354,モンテ・カッシーノの戦い,1944年初頭、グスタフ・ラインの西半分は、ラーピド川・リーリ川・ガリリャーノ川およびその周囲の尾根や山頂を守るドイツ軍により支えられていた。その中にあって、モンテ・カッシーノ頂上にある修道院(529年ごろ建立された歴史的建築物)には守備兵は配置されておらず、修道院城壁下の急斜面に防御陣地が築かれていた。,1944年初頭、グスタフ・ラインの西半分は、どの国のにより支えられていたの?,ドイツ,Syntactic variation
988,354,モンテ・カッシーノの戦い,1944年初頭、グスタフ・ラインの西半分は、ラーピド川・リーリ川・ガリリャーノ川およびその周囲の尾根や山頂を守るドイツ軍により支えられていた。その中にあって、モンテ・カッシーノ頂上にある修道院(529年ごろ建立された歴史的建築物)には守備兵は配置されておらず、修道院城壁下の急斜面に防御陣地が築かれていた。,1944年初頭、ドイツ軍の守備隊が配置されていた川として挙げられているのは、リーリ川、ガリリャーノ川とどの川ですか?,ラーピド川,Lexical variation (world knowledge)
989,355,モンテ・カッシーノの戦い,1943年9月、連合軍イタリア方面総司令官ハロルド・アレクサンダー指揮の第15軍集団はイタリア・サレルノ上陸作戦(アヴァランチ作戦)ののち、イタリアの“背骨”を形成しているアペニン山脈の東西両側からそれぞれ北方へ進撃した。西側戦線では、マーク・ウェイン・クラーク中将指揮のアメリカ第5軍がナポリからイタリアの“ブーツ”を北上し、東側戦線では、バーナード・モントゴメリー大将のイギリス第8軍がアドリア海沿岸を進軍した。,当時、連合軍イタリア方面総司令官には、誰がついていたか?,ハロルド・アレクサンダー,Lexical variation (world knowledge)
990,355,モンテ・カッシーノの戦い,1943年9月、連合軍イタリア方面総司令官ハロルド・アレクサンダー指揮の第15軍集団はイタリア・サレルノ上陸作戦(アヴァランチ作戦)ののち、イタリアの“背骨”を形成しているアペニン山脈の東西両側からそれぞれ北方へ進撃した。西側戦線では、マーク・ウェイン・クラーク中将指揮のアメリカ第5軍がナポリからイタリアの“ブーツ”を北上し、東側戦線では、バーナード・モントゴメリー大将のイギリス第8軍がアドリア海沿岸を進軍した。,第15軍集団がアペニン山脈の東西両側から北方への進撃を開始したのは、いつのことか?,1943年9月,Lexical variation (world knowledge)
991,355,モンテ・カッシーノの戦い,1943年9月、連合軍イタリア方面総司令官ハロルド・アレクサンダー指揮の第15軍集団はイタリア・サレルノ上陸作戦(アヴァランチ作戦)ののち、イタリアの“背骨”を形成しているアペニン山脈の東西両側からそれぞれ北方へ進撃した。西側戦線では、マーク・ウェイン・クラーク中将指揮のアメリカ第5軍がナポリからイタリアの“ブーツ”を北上し、東側戦線では、バーナード・モントゴメリー大将のイギリス第8軍がアドリア海沿岸を進軍した。,西側戦線で進撃を開始した連合軍側の勢力は、誰が率いていたか?,マーク・ウェイン・クラーク,Lexical variation (world knowledge)
992,355,モンテ・カッシーノの戦い,1943年9月、連合軍イタリア方面総司令官ハロルド・アレクサンダー指揮の第15軍集団はイタリア・サレルノ上陸作戦(アヴァランチ作戦)ののち、イタリアの“背骨”を形成しているアペニン山脈の東西両側からそれぞれ北方へ進撃した。西側戦線では、マーク・ウェイン・クラーク中将指揮のアメリカ第5軍がナポリからイタリアの“ブーツ”を北上し、東側戦線では、バーナード・モントゴメリー大将のイギリス第8軍がアドリア海沿岸を進軍した。,この文書では、どの軍側の動きについて説明しているか?,連合軍,Multiple sentence reasoning
993,356,モンテ・カッシーノの戦い,第5軍は、困難な地形、悪天候および熟練したドイツ軍の抵抗により、進軍が遅れていた。ドイツ軍は、最大のダメージを与えるよう設計・準備された陣地から戦闘を仕掛けては退き、ローマ南方の守備陣地グスタフ・ラインを建設するための時間を稼いだ。当初、ローマは1943年9月には陥落すると見込まれていたが、それは楽観的すぎた。,様々な要素により、進軍が遅れていたのは、第何軍なの?,第5軍,Lexical variation (world knowledge)
994,356,モンテ・カッシーノの戦い,第5軍は、困難な地形、悪天候および熟練したドイツ軍の抵抗により、進軍が遅れていた。ドイツ軍は、最大のダメージを与えるよう設計・準備された陣地から戦闘を仕掛けては退き、ローマ南方の守備陣地グスタフ・ラインを建設するための時間を稼いだ。当初、ローマは1943年9月には陥落すると見込まれていたが、それは楽観的すぎた。,ローマ陥落のため、ドイツ軍と戦ったのは、第何軍ですか?,第5軍,Lexical variation (world knowledge)
995,356,モンテ・カッシーノの戦い,第5軍は、困難な地形、悪天候および熟練したドイツ軍の抵抗により、進軍が遅れていた。ドイツ軍は、最大のダメージを与えるよう設計・準備された陣地から戦闘を仕掛けては退き、ローマ南方の守備陣地グスタフ・ラインを建設するための時間を稼いだ。当初、ローマは1943年9月には陥落すると見込まれていたが、それは楽観的すぎた。,ドイツ軍が敷いたローマ南方の守備陣地は、何と呼ばれたか?,グスタフ・ライン,Lexical variation (synonymy)
996,356,モンテ・カッシーノの戦い,第5軍は、困難な地形、悪天候および熟練したドイツ軍の抵抗により、進軍が遅れていた。ドイツ軍は、最大のダメージを与えるよう設計・準備された陣地から戦闘を仕掛けては退き、ローマ南方の守備陣地グスタフ・ラインを建設するための時間を稼いだ。当初、ローマは1943年9月には陥落すると見込まれていたが、それは楽観的すぎた。,第5軍の目的は、どこを手に入れることだったか?,ローマ,Lexical variation (world knowledge)
997,357,モンテ・カッシーノの戦い,アドリア海沿岸のイギリス第8軍はグスタフ・ライン東側を突破し、オルトーナを占領していたが、その進軍は12月末には猛吹雪の始まりで停滞し、複雑な地形のため航空支援も不可能であった。このためルート5号線を使用した東からローマへ向かう進軍ルートは非現実的であると判断され、高速道路6号線および7号線ルートのみが可能性として残された。,グスタフ・ライン東側を突破したが、進軍の途中に猛吹雪に遭い、停滞していたのは、何軍なの?,イギリス第8軍,Lexical variation (world knowledge)
998,357,モンテ・カッシーノの戦い,アドリア海沿岸のイギリス第8軍はグスタフ・ライン東側を突破し、オルトーナを占領していたが、その進軍は12月末には猛吹雪の始まりで停滞し、複雑な地形のため航空支援も不可能であった。このためルート5号線を使用した東からローマへ向かう進軍ルートは非現実的であると判断され、高速道路6号線および7号線ルートのみが可能性として残された。,オルトーナを占領したイギリス第8軍の進軍において、邪魔になったのは何か?,猛吹雪,Lexical variation (world knowledge)
999,357,モンテ・カッシーノの戦い,アドリア海沿岸のイギリス第8軍はグスタフ・ライン東側を突破し、オルトーナを占領していたが、その進軍は12月末には猛吹雪の始まりで停滞し、複雑な地形のため航空支援も不可能であった。このためルート5号線を使用した東からローマへ向かう進軍ルートは非現実的であると判断され、高速道路6号線および7号線ルートのみが可能性として残された。,イギリス第8軍の目的地は、どこだったか?,ローマ,Lexical variation (world knowledge)
1000,357,モンテ・カッシーノの戦い,アドリア海沿岸のイギリス第8軍はグスタフ・ライン東側を突破し、オルトーナを占領していたが、その進軍は12月末には猛吹雪の始まりで停滞し、複雑な地形のため航空支援も不可能であった。このためルート5号線を使用した東からローマへ向かう進軍ルートは非現実的であると判断され、高速道路6号線および7号線ルートのみが可能性として残された。,5号線と6号線、7号線のうち、可能性のある進軍ルートではなかったのは、どちらか?,5号線,Lexical variation (world knowledge)
1001,358,モンテ・カッシーノの戦い,しかし高速道路6号線と7号線ルートのうち高速道路7号線(古代ローマのアッピア街道)は西海岸に沿ってローマ南方ポンティーノ湿地帯に通じており、そこは既にドイツ軍により水没させられていた。高速6号線はリーリ川の渓谷を通過しており、この谷の南側入り口はカッシーノの町後方の多数の丘で構成されていた。いくつかの丘の頂上はドイツ軍守備兵が連合軍の動きを観測するのに最適の場所であり、北への進軍を阻止し、連合軍部隊への直接砲撃を可能としていた。,高速道路7号線は、どこに通じていたの?,ポンティーノ湿地帯,Syntactic variation
1002,358,モンテ・カッシーノの戦い,しかし高速道路6号線と7号線ルートのうち高速道路7号線(古代ローマのアッピア街道)は西海岸に沿ってローマ南方ポンティーノ湿地帯に通じており、そこは既にドイツ軍により水没させられていた。高速6号線はリーリ川の渓谷を通過しており、この谷の南側入り口はカッシーノの町後方の多数の丘で構成されていた。いくつかの丘の頂上はドイツ軍守備兵が連合軍の動きを観測するのに最適の場所であり、北への進軍を阻止し、連合軍部隊への直接砲撃を可能としていた。,高速6号線と高速道路7号線のうち、より進軍可能性のあるルートは、どのルートでしたか?,高速6号線,Multiple sentence reasoning
1003,358,モンテ・カッシーノの戦い,しかし高速道路6号線と7号線ルートのうち高速道路7号線(古代ローマのアッピア街道)は西海岸に沿ってローマ南方ポンティーノ湿地帯に通じており、そこは既にドイツ軍により水没させられていた。高速6号線はリーリ川の渓谷を通過しており、この谷の南側入り口はカッシーノの町後方の多数の丘で構成されていた。いくつかの丘の頂上はドイツ軍守備兵が連合軍の動きを観測するのに最適の場所であり、北への進軍を阻止し、連合軍部隊への直接砲撃を可能としていた。,高速6号線と高速道路7号線のうち、進軍できない状態となっていたのは、どのルートか?,高速道路7号線,Multiple sentence reasoning
1004,358,モンテ・カッシーノの戦い,しかし高速道路6号線と7号線ルートのうち高速道路7号線(古代ローマのアッピア街道)は西海岸に沿ってローマ南方ポンティーノ湿地帯に通じており、そこは既にドイツ軍により水没させられていた。高速6号線はリーリ川の渓谷を通過しており、この谷の南側入り口はカッシーノの町後方の多数の丘で構成されていた。いくつかの丘の頂上はドイツ軍守備兵が連合軍の動きを観測するのに最適の場所であり、北への進軍を阻止し、連合軍部隊への直接砲撃を可能としていた。,高速6号線はどの川の渓谷を通過するルートだったか?,リーリ川,Syntactic variation
1005,359,モンテ・カッシーノの戦い,ドイツ軍と修道院の間では、修道院の歴史的重要性に鑑み、修道士たちが残っている限り修道院を軍事目的で利用しないことで合意した。1943年12月、イタリア方面総司令官アルベルト・ケッセルリンク空軍元帥は修道院内へのドイツ軍部隊の配置・陣地化を行わないよう命じ、そのことを連合軍に適宜通知した,ドイツ軍は、何の歴史的価値を認め、軍事目的としては使用しないことを約束したの?,修道院,Lexical variation (world knowledge)
1006,359,モンテ・カッシーノの戦い,ドイツ軍と修道院の間では、修道院の歴史的重要性に鑑み、修道士たちが残っている限り修道院を軍事目的で利用しないことで合意した。1943年12月、イタリア方面総司令官アルベルト・ケッセルリンク空軍元帥は修道院内へのドイツ軍部隊の配置・陣地化を行わないよう命じ、そのことを連合軍に適宜通知した,1943年12月にアルベルト・ケッセルリンクが下した命令は、何を行ってはいけないとのことでしたか?,修道院内へのドイツ軍部隊の配置・陣地化,Lexical variation (world knowledge)
1007,359,モンテ・カッシーノの戦い,ドイツ軍と修道院の間では、修道院の歴史的重要性に鑑み、修道士たちが残っている限り修道院を軍事目的で利用しないことで合意した。1943年12月、イタリア方面総司令官アルベルト・ケッセルリンク空軍元帥は修道院内へのドイツ軍部隊の配置・陣地化を行わないよう命じ、そのことを連合軍に適宜通知した,アルベルト・ケッセルリンクは、どの方面におにおける総司令官についていたか?,イタリア方面,Lexical variation (world knowledge)
1008,359,モンテ・カッシーノの戦い,ドイツ軍と修道院の間では、修道院の歴史的重要性に鑑み、修道士たちが残っている限り修道院を軍事目的で利用しないことで合意した。1943年12月、イタリア方面総司令官アルベルト・ケッセルリンク空軍元帥は修道院内へのドイツ軍部隊の配置・陣地化を行わないよう命じ、そのことを連合軍に適宜通知した,ドイツ軍部隊が修道院内に陣を敷いたりしないことが、連合軍側にも伝えられたのは、いつのことか?,1943年12月,Lexical variation (world knowledge)
1009,360,モンテ・カッシーノの戦い,第一次攻撃は1月17日に行われた。沿岸のイギリス第10軍団(第56および第5師団)はガリリャーノ川を強行渡河した(約2日後にはイギリス軍第46師団が彼らの右翼から続いた)。ドイツ軍第14装甲軍団長でグスタフ・ライン南西部の守備責任者フリードリーン・フォン・ゼンガー・ウント・エッターリンはドイツ軍第94歩兵師団の守備能力に大きな懸念を抱き、それをうけたケッセルリンクはローマからドイツ軍第29および第90装甲擲弾兵師団を増援に向かわせた。,第一次攻撃が行われたのは、いつだったの?,1月17日,Syntactic variation
1010,360,モンテ・カッシーノの戦い,第一次攻撃は1月17日に行われた。沿岸のイギリス第10軍団(第56および第5師団)はガリリャーノ川を強行渡河した(約2日後にはイギリス軍第46師団が彼らの右翼から続いた)。ドイツ軍第14装甲軍団長でグスタフ・ライン南西部の守備責任者フリードリーン・フォン・ゼンガー・ウント・エッターリンはドイツ軍第94歩兵師団の守備能力に大きな懸念を抱き、それをうけたケッセルリンクはローマからドイツ軍第29および第90装甲擲弾兵師団を増援に向かわせた。,イギリス第10軍団は、どの川は強行渡河しましたか?,ガリリャーノ川,Syntactic variation
1011,360,モンテ・カッシーノの戦い,第一次攻撃は1月17日に行われた。沿岸のイギリス第10軍団(第56および第5師団)はガリリャーノ川を強行渡河した(約2日後にはイギリス軍第46師団が彼らの右翼から続いた)。ドイツ軍第14装甲軍団長でグスタフ・ライン南西部の守備責任者フリードリーン・フォン・ゼンガー・ウント・エッターリンはドイツ軍第94歩兵師団の守備能力に大きな懸念を抱き、それをうけたケッセルリンクはローマからドイツ軍第29および第90装甲擲弾兵師団を増援に向かわせた。,ローマからグスタフ・ライン南西部の守備地帯へ増援に送られた部隊は、ドイツ軍第29装甲擲弾兵師団と第何装甲擲弾兵師団だったか?,第90装甲擲弾兵師団,Lexical variation (world knowledge)
1012,360,モンテ・カッシーノの戦い,第一次攻撃は1月17日に行われた。沿岸のイギリス第10軍団(第56および第5師団)はガリリャーノ川を強行渡河した(約2日後にはイギリス軍第46師団が彼らの右翼から続いた)。ドイツ軍第14装甲軍団長でグスタフ・ライン南西部の守備責任者フリードリーン・フォン・ゼンガー・ウント・エッターリンはドイツ軍第94歩兵師団の守備能力に大きな懸念を抱き、それをうけたケッセルリンクはローマからドイツ軍第29および第90装甲擲弾兵師団を増援に向かわせた。,グスタフ・ライン南西部守備は、誰に任せられていたか?,フリードリーン・フォン・ゼンガー・ウント・エッターリン,Lexical variation (world knowledge)
1013,361,モンテ・カッシーノの戦い,"1月21日までにローマから2個師団が到着し、ドイツ軍南側陣地は安定した。ただ一つだけではあるが、ケッセルリンクの予備戦力を南に引きずり出したと言う点においてのみ、作戦は機能した。イギリス第10軍団の3個師団は第一回戦闘で4,000名の損害を受けた。",ドイツ軍陣営が安定したのは、どこからの増援軍が到着したからですか?,ローマ,Lexical variation (world knowledge)
1014,361,モンテ・カッシーノの戦い,"1月21日までにローマから2個師団が到着し、ドイツ軍南側陣地は安定した。ただ一つだけではあるが、ケッセルリンクの予備戦力を南に引きずり出したと言う点においてのみ、作戦は機能した。イギリス第10軍団の3個師団は第一回戦闘で4,000名の損害を受けた。",ローマからの支援軍が到着したのは、いつのこと?,1月21日,Lexical variation (world knowledge)
1015,361,モンテ・カッシーノの戦い,"1月21日までにローマから2個師団が到着し、ドイツ軍南側陣地は安定した。ただ一つだけではあるが、ケッセルリンクの予備戦力を南に引きずり出したと言う点においてのみ、作戦は機能した。イギリス第10軍団の3個師団は第一回戦闘で4,000名の損害を受けた。",ローマからの応援軍は、何個師団で構成されていたか?,2個師団,Lexical variation (world knowledge)
1016,361,モンテ・カッシーノの戦い,"1月21日までにローマから2個師団が到着し、ドイツ軍南側陣地は安定した。ただ一つだけではあるが、ケッセルリンクの予備戦力を南に引きずり出したと言う点においてのみ、作戦は機能した。イギリス第10軍団の3個師団は第一回戦闘で4,000名の損害を受けた。",何名にも至るイギリス第10軍団の兵士たちが命を失ったか?,"4,000名",Lexical variation (world knowledge)
1017,362,モンテ・カッシーノの戦い,1月20日、アメリカ軍第36師団による中央攻勢は日没の3時間後に開始された。事前準備が不足しており、まだ地雷やブービートラップが十分に除去されていなかったため、川への接近には危険が伴った。,アメリカ軍第36師団による中央攻勢が行われ始めたのは、何月何日のことなの?,1月20日,Lexical variation (synonymy)
1018,362,モンテ・カッシーノの戦い,1月20日、アメリカ軍第36師団による中央攻勢は日没の3時間後に開始された。事前準備が不足しており、まだ地雷やブービートラップが十分に除去されていなかったため、川への接近には危険が伴った。,1月20日には、どの国の一個師団が中央攻勢を行い始めましたか?,アメリカ,Lexical variation (synonymy)
1019,362,モンテ・カッシーノの戦い,1月20日、アメリカ軍第36師団による中央攻勢は日没の3時間後に開始された。事前準備が不足しており、まだ地雷やブービートラップが十分に除去されていなかったため、川への接近には危険が伴った。,事前準備が不足していたというのは、ブービートラップと何の除去があまりなされていなかったことを言っていますか?,地雷,Lexical variation (world knowledge)
1020,362,モンテ・カッシーノの戦い,1月20日、アメリカ軍第36師団による中央攻勢は日没の3時間後に開始された。事前準備が不足しており、まだ地雷やブービートラップが十分に除去されていなかったため、川への接近には危険が伴った。,川への接近において邪魔になったのは、地雷と何?,ブービートラップ,Lexical variation (world knowledge)
1021,363,モンテ・カッシーノの戦い,第143連隊の1個大隊はサン・アンゲロの南から、第141連隊(この中に日系二世部隊第100大隊が含まれる)の2個中隊は北からラーピド川渡河に成功したが、彼らは孤立しており、連合軍機甲部隊は渡河出来ないまま、ドイツ軍第15装甲擲弾兵師団の戦車および自走砲の反撃に対し非常に危険な状態におかれていた。,この渡河作戦には、第143連隊の1個大隊、第141連隊の2個中隊とどの部隊が動員されたか?,連合軍機甲部隊,Lexical variation (world knowledge)
1022,363,モンテ・カッシーノの戦い,第143連隊の1個大隊はサン・アンゲロの南から、第141連隊(この中に日系二世部隊第100大隊が含まれる)の2個中隊は北からラーピド川渡河に成功したが、彼らは孤立しており、連合軍機甲部隊は渡河出来ないまま、ドイツ軍第15装甲擲弾兵師団の戦車および自走砲の反撃に対し非常に危険な状態におかれていた。,連合軍機甲部隊は渡河に失敗し、しかもドイツ軍のどの部隊からの攻撃に危険な状態に陥ていたか?,第15装甲擲弾兵師団,Lexical variation (world knowledge)
1023,363,モンテ・カッシーノの戦い,第143連隊の1個大隊はサン・アンゲロの南から、第141連隊(この中に日系二世部隊第100大隊が含まれる)の2個中隊は北からラーピド川渡河に成功したが、彼らは孤立しており、連合軍機甲部隊は渡河出来ないまま、ドイツ軍第15装甲擲弾兵師団の戦車および自走砲の反撃に対し非常に危険な状態におかれていた。,連合軍の渡河作戦は、サン・アンゲロとどこから渡河する作戦だったか?,ラーピド川,Lexical variation (world knowledge)
1024,363,モンテ・カッシーノの戦い,第143連隊の1個大隊はサン・アンゲロの南から、第141連隊(この中に日系二世部隊第100大隊が含まれる)の2個中隊は北からラーピド川渡河に成功したが、彼らは孤立しており、連合軍機甲部隊は渡河出来ないまま、ドイツ軍第15装甲擲弾兵師団の戦車および自走砲の反撃に対し非常に危険な状態におかれていた。,この文書では、どの軍の作戦実行とそれに伴う危険な状況について説明しているか?,連合軍,Lexical variation (world knowledge)
1025,364,モンテ・カッシーノの戦い,次の攻撃は1月24日に開始された。アメリカ第2軍団はチャールズ・ウォルコット・ライダー少将指揮のアメリカ軍第34歩兵師団が先鋒、フランス植民地部隊が右翼となり、カッシーノ北の氾濫したラーピド川渓谷を渡河、左へ転進し高地からモンテ・カッシーノを攻撃することを企図し、山の背後へ進撃した。,この文書では、いつから始まった攻撃のことについて説明しているの?,1月24日,Multiple sentence reasoning
1026,364,モンテ・カッシーノの戦い,次の攻撃は1月24日に開始された。アメリカ第2軍団はチャールズ・ウォルコット・ライダー少将指揮のアメリカ軍第34歩兵師団が先鋒、フランス植民地部隊が右翼となり、カッシーノ北の氾濫したラーピド川渓谷を渡河、左へ転進し高地からモンテ・カッシーノを攻撃することを企図し、山の背後へ進撃した。,1月24日からの攻撃において、先鋒に立った部隊は誰が指揮をとっていましたか?,チャールズ・ウォルコット・ライダー,Multiple sentence reasoning
1027,364,モンテ・カッシーノの戦い,次の攻撃は1月24日に開始された。アメリカ第2軍団はチャールズ・ウォルコット・ライダー少将指揮のアメリカ軍第34歩兵師団が先鋒、フランス植民地部隊が右翼となり、カッシーノ北の氾濫したラーピド川渓谷を渡河、左へ転進し高地からモンテ・カッシーノを攻撃することを企図し、山の背後へ進撃した。,1月24日からの攻撃で先鋒に立った部隊は、どの部隊か?,アメリカ軍第34歩兵師団,Multiple sentence reasoning
1028,364,モンテ・カッシーノの戦い,次の攻撃は1月24日に開始された。アメリカ第2軍団はチャールズ・ウォルコット・ライダー少将指揮のアメリカ軍第34歩兵師団が先鋒、フランス植民地部隊が右翼となり、カッシーノ北の氾濫したラーピド川渓谷を渡河、左へ転進し高地からモンテ・カッシーノを攻撃することを企図し、山の背後へ進撃した。,この文書で説明する攻撃は、どの部隊が中心になり行った攻撃であるか?,アメリカ第2軍団,Lexical variation (world knowledge)
1029,365,モンテ・カッシーノの戦い,"2月11日、モンテ・カッシーノおよびカッシーノに対する3日間に渡る最後の攻撃が不首尾に終わったのち、アメリカ軍は撤退した。アメリカ第2軍団は2週間半の激戦のあと、戦闘を中止した。山地にあった第34師団の奮戦は戦争中にあらゆる兵士が行った戦いの中でももっとも素晴らしいものの一つに数えられる。その見返りとして彼らは歩兵大隊の80%を失い、2,200名の死傷者を出した。",アメリカ軍が撤退したのは、いつのことなの?,2月11日,Syntactic variation
1030,365,モンテ・カッシーノの戦い,"2月11日、モンテ・カッシーノおよびカッシーノに対する3日間に渡る最後の攻撃が不首尾に終わったのち、アメリカ軍は撤退した。アメリカ第2軍団は2週間半の激戦のあと、戦闘を中止した。山地にあった第34師団の奮戦は戦争中にあらゆる兵士が行った戦いの中でももっとも素晴らしいものの一つに数えられる。その見返りとして彼らは歩兵大隊の80%を失い、2,200名の死傷者を出した。",アメリカ第2軍団が戦闘を中止したのは、戦闘開始から何週間半にも至る時間が経った後のことでしたか?,2週間半,Lexical variation (world knowledge)
1031,365,モンテ・カッシーノの戦い,"2月11日、モンテ・カッシーノおよびカッシーノに対する3日間に渡る最後の攻撃が不首尾に終わったのち、アメリカ軍は撤退した。アメリカ第2軍団は2週間半の激戦のあと、戦闘を中止した。山地にあった第34師団の奮戦は戦争中にあらゆる兵士が行った戦いの中でももっとも素晴らしいものの一つに数えられる。その見返りとして彼らは歩兵大隊の80%を失い、2,200名の死傷者を出した。",第34師団の歩兵大隊の兵力損失は、何%にも至ったか?,80%,Lexical variation (world knowledge)
1032,365,モンテ・カッシーノの戦い,"2月11日、モンテ・カッシーノおよびカッシーノに対する3日間に渡る最後の攻撃が不首尾に終わったのち、アメリカ軍は撤退した。アメリカ第2軍団は2週間半の激戦のあと、戦闘を中止した。山地にあった第34師団の奮戦は戦争中にあらゆる兵士が行った戦いの中でももっとも素晴らしいものの一つに数えられる。その見返りとして彼らは歩兵大隊の80%を失い、2,200名の死傷者を出した。",第34師団から出た死傷者は、何名にも至ったか?,"2,200名",Syntactic variation
